{
  "type": "FeatureCollection",
  "features": [
    {
      "type": "Feature",
      "properties": {
        "id": 385176803,
        "nombre": "Terraza Pasteur",
        "categoria": "centro_comercial",
        "subcategoria": "",
        "tags": {
          "name": "Terraza Pasteur",
          "shop": "mall"
        }
      },
      "geometry": {
        "type": "Point",
        "coordinates": [
          -74.0701012,
          4.6096182
        ]
      }
    },
    {
      "type": "Feature",
      "properties": {
        "id": 507020954,
        "nombre": "Centro Comercial Capri Express",
        "categoria": "centro_comercial",
        "subcategoria": "",
        "tags": {
          "name": "Centro Comercial Capri Express",
          "shop": "convenience"
        }
      },
      "geometry": {
        "type": "Point",
        "coordinates": [
          -74.038467,
          4.729187
        ]
      }
    },
    {
      "type": "Feature",
      "properties": {
        "id": 1230755893,
        "nombre": "Centro Comercial Puerto Lopez",
        "categoria": "centro_comercial",
        "subcategoria": "",
        "tags": {
          "addr:full": "CARRERA 38 No. 10 - 90",
          "name": "Centro Comercial Puerto Lopez",
          "shop": "mall"
        }
      },
      "geometry": {
        "type": "Point",
        "coordinates": [
          -74.1025076,
          4.616968
        ]
      }
    },
    {
      "type": "Feature",
      "properties": {
        "id": 3342849162,
        "nombre": "Mundoarte",
        "categoria": "centro_comercial",
        "subcategoria": "",
        "tags": {
          "name": "Mundoarte",
          "shop": "mall"
        }
      },
      "geometry": {
        "type": "Point",
        "coordinates": [
          -74.0688212,
          4.640656
        ]
      }
    },
    {
      "type": "Feature",
      "properties": {
        "id": 3420374491,
        "nombre": "La Ponderosa",
        "categoria": "centro_comercial",
        "subcategoria": "",
        "tags": {
          "name": "La Ponderosa",
          "shop": "mall"
        }
      },
      "geometry": {
        "type": "Point",
        "coordinates": [
          -74.0670522,
          4.6268029
        ]
      }
    },
    {
      "type": "Feature",
      "properties": {
        "id": 5015574130,
        "nombre": "Centro Commercial artesanal Plaza Bolívar",
        "categoria": "centro_comercial",
        "subcategoria": "",
        "tags": {
          "name": "Centro Commercial artesanal Plaza Bolívar",
          "name:es": "Centro Commercial artesanal Plaza Bolívar",
          "shop": "mall",
          "toilets": "no"
        }
      },
      "geometry": {
        "type": "Point",
        "coordinates": [
          -74.0744443,
          4.599491
        ]
      }
    },
    {
      "type": "Feature",
      "properties": {
        "id": 5018101424,
        "nombre": "Centro Commercial Danaranjo",
        "categoria": "centro_comercial",
        "subcategoria": "",
        "tags": {
          "name": "Centro Commercial Danaranjo",
          "shop": "mall"
        }
      },
      "geometry": {
        "type": "Point",
        "coordinates": [
          -74.0758577,
          4.6019514
        ]
      }
    },
    {
      "type": "Feature",
      "properties": {
        "id": 5173162632,
        "nombre": "Feria Artesanal Chapinero",
        "categoria": "centro_comercial",
        "subcategoria": "",
        "tags": {
          "addr:street": "Avenida Carrera 14",
          "name": "Feria Artesanal Chapinero",
          "shop": "mall",
          "source": "Kaart Ground Survey 2017"
        }
      },
      "geometry": {
        "type": "Point",
        "coordinates": [
          -74.0659963,
          4.6406615
        ]
      }
    },
    {
      "type": "Feature",
      "properties": {
        "id": 5173588245,
        "nombre": "Centro Comercial Chapinero 57",
        "categoria": "centro_comercial",
        "subcategoria": "",
        "tags": {
          "addr:street": "Avenida Carrera 13",
          "name": "Centro Comercial Chapinero 57",
          "shop": "mall",
          "source": "Kaart Ground Survey 2017"
        }
      },
      "geometry": {
        "type": "Point",
        "coordinates": [
          -74.0642893,
          4.6442894
        ]
      }
    },
    {
      "type": "Feature",
      "properties": {
        "id": 5173738337,
        "nombre": "Plaza 54 Centro Commercial",
        "categoria": "centro_comercial",
        "subcategoria": "",
        "tags": {
          "addr:city": "Bogotá D.C.",
          "addr:street": "Avenida Carrera 24",
          "name": "Plaza 54 Centro Commercial",
          "shop": "mall",
          "source": "Kaart Ground Survey 2017"
        }
      },
      "geometry": {
        "type": "Point",
        "coordinates": [
          -74.0739796,
          4.6427478
        ]
      }
    },
    {
      "type": "Feature",
      "properties": {
        "id": 5188989855,
        "nombre": "Via libre",
        "categoria": "centro_comercial",
        "subcategoria": "",
        "tags": {
          "description": "Tiendas de ropa Tatuajes y piercings",
          "name": "Via libre",
          "shop": "mall"
        }
      },
      "geometry": {
        "type": "Point",
        "coordinates": [
          -74.0695942,
          4.6037313
        ]
      }
    },
    {
      "type": "Feature",
      "properties": {
        "id": 5204790586,
        "nombre": "Puerto Locura",
        "categoria": "centro_comercial",
        "subcategoria": "",
        "tags": {
          "addr:housenumber": "11-73",
          "addr:street": "Avenida Carrera 10",
          "name": "Puerto Locura",
          "shop": "mall",
          "source": "Kaart Ground Survey 2017"
        }
      },
      "geometry": {
        "type": "Point",
        "coordinates": [
          -74.0780205,
          4.6004137
        ]
      }
    },
    {
      "type": "Feature",
      "properties": {
        "id": 5204790587,
        "nombre": "Kayrox",
        "categoria": "centro_comercial",
        "subcategoria": "",
        "tags": {
          "addr:housenumber": "11-73",
          "addr:street": "Avenida Carrera 10",
          "name": "Kayrox",
          "shop": "mall",
          "source": "Kaart Ground Survey 2017"
        }
      },
      "geometry": {
        "type": "Point",
        "coordinates": [
          -74.078083,
          4.6003086
        ]
      }
    },
    {
      "type": "Feature",
      "properties": {
        "id": 5204790589,
        "nombre": "Puerto Lindo",
        "categoria": "centro_comercial",
        "subcategoria": "",
        "tags": {
          "addr:street": "Avenida Carrera 10",
          "name": "Puerto Lindo",
          "shop": "mall",
          "source": "Kaart Ground Survey 2017"
        }
      },
      "geometry": {
        "type": "Point",
        "coordinates": [
          -74.0782103,
          4.6000682
        ]
      }
    },
    {
      "type": "Feature",
      "properties": {
        "id": 5204954704,
        "nombre": "Los Angeles",
        "categoria": "centro_comercial",
        "subcategoria": "",
        "tags": {
          "addr:street": "Avenida Calle 19",
          "name": "Los Angeles",
          "shop": "mall",
          "source": "Kaart Ground Survey 2017"
        }
      },
      "geometry": {
        "type": "Point",
        "coordinates": [
          -74.0697442,
          4.603776
        ]
      }
    },
    {
      "type": "Feature",
      "properties": {
        "id": 5215027363,
        "nombre": "Centro comercial Caracas",
        "categoria": "centro_comercial",
        "subcategoria": "",
        "tags": {
          "addr:street": "Avenida Caracas- Calle 51 Sur",
          "amenity": "pharmacy",
          "healthcare": "pharmacy",
          "name": "Centro comercial Caracas",
          "source": "Kaart Ground Survey 2017"
        }
      },
      "geometry": {
        "type": "Point",
        "coordinates": [
          -74.1219969,
          4.5580301
        ]
      }
    },
    {
      "type": "Feature",
      "properties": {
        "id": 5228832782,
        "nombre": "Zara Home",
        "categoria": "centro_comercial",
        "subcategoria": "",
        "tags": {
          "addr:housenumber": "12-51",
          "addr:street": "Calle 82",
          "name": "Zara Home",
          "shop": "mall",
          "source": "Kaart Ground Survey 2017"
        }
      },
      "geometry": {
        "type": "Point",
        "coordinates": [
          -74.0547609,
          4.6666532
        ]
      }
    },
    {
      "type": "Feature",
      "properties": {
        "id": 6153703194,
        "nombre": "San German",
        "categoria": "centro_comercial",
        "subcategoria": "",
        "tags": {
          "name": "San German",
          "shop": "mall"
        }
      },
      "geometry": {
        "type": "Point",
        "coordinates": [
          -74.0909656,
          4.7254372
        ]
      }
    },
    {
      "type": "Feature",
      "properties": {
        "id": 6831033082,
        "nombre": "Maxienvases CyC",
        "categoria": "centro_comercial",
        "subcategoria": "",
        "tags": {
          "addr:housenumber": "12-27",
          "addr:street": "Carrera 13A",
          "name": "Maxienvases CyC",
          "shop": "mall"
        }
      },
      "geometry": {
        "type": "Point",
        "coordinates": [
          -74.0800827,
          4.6029321
        ]
      }
    },
    {
      "type": "Feature",
      "properties": {
        "id": 6960761040,
        "nombre": "Centro Comercial Pax Plaza",
        "categoria": "centro_comercial",
        "subcategoria": "",
        "tags": {
          "addr:street": "Carrera 10",
          "name": "Centro Comercial Pax Plaza",
          "shop": "mall"
        }
      },
      "geometry": {
        "type": "Point",
        "coordinates": [
          -74.0775087,
          4.601228
        ]
      }
    },
    {
      "type": "Feature",
      "properties": {
        "id": 6960761177,
        "nombre": "Centro Comercial Caravana",
        "categoria": "centro_comercial",
        "subcategoria": "",
        "tags": {
          "name": "Centro Comercial Caravana",
          "shop": "mall"
        }
      },
      "geometry": {
        "type": "Point",
        "coordinates": [
          -74.0770367,
          4.6008043
        ]
      }
    },
    {
      "type": "Feature",
      "properties": {
        "id": 6960761178,
        "nombre": "Centro Comercial Candelaria",
        "categoria": "centro_comercial",
        "subcategoria": "",
        "tags": {
          "addr:street": "Carrera 10",
          "name": "Centro Comercial Candelaria",
          "shop": "mall",
          "source": "Kaart Ground Survey 2017"
        }
      },
      "geometry": {
        "type": "Point",
        "coordinates": [
          -74.0771768,
          4.6008938
        ]
      }
    },
    {
      "type": "Feature",
      "properties": {
        "id": 8298490442,
        "nombre": "Meridiano 13 del Este",
        "categoria": "centro_comercial",
        "subcategoria": "",
        "tags": {
          "addr:city": "Localidad Fontibón",
          "addr:housenumber": "77-51",
          "addr:postcode": "110931",
          "addr:street": "Calle 18",
          "name": "Meridiano 13 del Este",
          "operator": "Activos Capital",
          "phone": "+57 324 3238965",
          "shop": "mall",
          "website": "https://www.meridiano13deleste.com/"
        }
      },
      "geometry": {
        "type": "Point",
        "coordinates": [
          -74.1304265,
          4.6544071
        ]
      }
    },
    {
      "type": "Feature",
      "properties": {
        "id": 9092918260,
        "nombre": "Centro comercial San Miguel",
        "categoria": "centro_comercial",
        "subcategoria": "",
        "tags": {
          "name": "Centro comercial San Miguel",
          "shop": "mall"
        }
      },
      "geometry": {
        "type": "Point",
        "coordinates": [
          -74.1007541,
          4.8099529
        ]
      }
    },
    {
      "type": "Feature",
      "properties": {
        "id": 9576459334,
        "nombre": "Zona de comercio Ministerio de Hacienda",
        "categoria": "centro_comercial",
        "subcategoria": "",
        "tags": {
          "name": "Zona de comercio Ministerio de Hacienda",
          "shop": "mall"
        }
      },
      "geometry": {
        "type": "Point",
        "coordinates": [
          -74.0785856,
          4.5934422
        ]
      }
    },
    {
      "type": "Feature",
      "properties": {
        "id": 9842151083,
        "nombre": "Centro Comercial Expo 38",
        "categoria": "centro_comercial",
        "subcategoria": "",
        "tags": {
          "addr:city": "Localidad Puente Aranda",
          "addr:housenumber": "12-47",
          "addr:street": "Carrera 38",
          "name": "Centro Comercial Expo 38",
          "opening_hours": "Mo-Su 08:00-22:00",
          "operator": "Privado",
          "payment:cash": "yes",
          "payment:debit_cards": "yes",
          "payment:mastercard": "yes",
          "payment:visa": "yes",
          "shop": "mall"
        }
      },
      "geometry": {
        "type": "Point",
        "coordinates": [
          -74.0997225,
          4.6194913
        ]
      }
    },
    {
      "type": "Feature",
      "properties": {
        "id": 10806584937,
        "nombre": "Ronda Del Río",
        "categoria": "centro_comercial",
        "subcategoria": "",
        "tags": {
          "name": "Ronda Del Río",
          "shop": "mall"
        }
      },
      "geometry": {
        "type": "Point",
        "coordinates": [
          -74.1338751,
          4.7250739
        ]
      }
    },
    {
      "type": "Feature",
      "properties": {
        "id": 10974833952,
        "nombre": "Centro Comercial Marimar",
        "categoria": "centro_comercial",
        "subcategoria": "",
        "tags": {
          "name": "Centro Comercial Marimar",
          "shop": "mall"
        }
      },
      "geometry": {
        "type": "Point",
        "coordinates": [
          -74.1030923,
          4.6154339
        ]
      }
    },
    {
      "type": "Feature",
      "properties": {
        "id": 12616534459,
        "nombre": "Centro Comercial Paseo San Rafael",
        "categoria": "centro_comercial",
        "subcategoria": "",
        "tags": {
          "addr:housenumber": "55-30",
          "addr:street": "Calle 134",
          "name": "Centro Comercial Paseo San Rafael",
          "opening_hours": "Mo-Fr 08:00-21:00; Sa, Su 08:00-22:00",
          "phone": "+57 601 6434737",
          "shop": "mall",
          "website": "https://paseosanrafael.com/"
        }
      },
      "geometry": {
        "type": "Point",
        "coordinates": [
          -74.0623637,
          4.7227566
        ]
      }
    },
    {
      "type": "Feature",
      "properties": {
        "id": 12979005260,
        "nombre": "Gran Estación Costado Esfera",
        "categoria": "centro_comercial",
        "subcategoria": "",
        "tags": {
          "name": "Gran Estación Costado Esfera",
          "shop": "mall",
          "website": "https://granestacion.com.co/"
        }
      },
      "geometry": {
        "type": "Point",
        "coordinates": [
          -74.1030231,
          4.64628
        ]
      }
    },
    {
      "type": "Feature",
      "properties": {
        "id": 13110506149,
        "nombre": "Centro Comercial Terranova",
        "categoria": "centro_comercial",
        "subcategoria": "",
        "tags": {
          "name": "Centro Comercial Terranova",
          "shop": "mall"
        }
      },
      "geometry": {
        "type": "Point",
        "coordinates": [
          -74.0780739,
          4.8468925
        ]
      }
    },
    {
      "type": "Feature",
      "properties": {
        "id": 13436096076,
        "nombre": "Centro Comerical Campo David",
        "categoria": "centro_comercial",
        "subcategoria": "",
        "tags": {
          "addr:city": "Bogotá",
          "addr:street": "Avenida Caracas",
          "name": "Centro Comerical Campo David",
          "shop": "mall"
        }
      },
      "geometry": {
        "type": "Point",
        "coordinates": [
          -74.0851888,
          4.595519
        ]
      }
    },
    {
      "type": "Feature",
      "properties": {
        "id": 13753482908,
        "nombre": "Centro commercial Hacienda Santa Barbara",
        "categoria": "centro_comercial",
        "subcategoria": "",
        "tags": {
          "name": "Centro commercial Hacienda Santa Barbara",
          "shop": "mall"
        }
      },
      "geometry": {
        "type": "Point",
        "coordinates": [
          -74.0324833,
          4.6927307
        ]
      }
    },
    {
      "type": "Feature",
      "properties": {
        "id": 23502427,
        "nombre": "Zona In",
        "categoria": "centro_comercial",
        "subcategoria": "",
        "tags": {
          "building": "retail",
          "name": "Zona In",
          "shop": "mall"
        }
      },
      "geometry": {
        "type": "Point",
        "coordinates": [
          -74.1157909,
          4.6341744
        ]
      }
    },
    {
      "type": "Feature",
      "properties": {
        "id": 24084318,
        "nombre": "Centro Comercial Metrópolis",
        "categoria": "centro_comercial",
        "subcategoria": "",
        "tags": {
          "building": "yes",
          "layer": "1",
          "name": "Centro Comercial Metrópolis",
          "shop": "mall"
        }
      },
      "geometry": {
        "type": "Point",
        "coordinates": [
          -74.0820629,
          4.6803388
        ]
      }
    },
    {
      "type": "Feature",
      "properties": {
        "id": 24156077,
        "nombre": "Dorado Plaza",
        "categoria": "centro_comercial",
        "subcategoria": "",
        "tags": {
          "building": "yes",
          "name": "Dorado Plaza",
          "shop": "mall"
        }
      },
      "geometry": {
        "type": "Point",
        "coordinates": [
          -74.1196222,
          4.6761943
        ]
      }
    },
    {
      "type": "Feature",
      "properties": {
        "id": 24156089,
        "nombre": "Centro Comercial Nuestro Bogotá",
        "categoria": "centro_comercial",
        "subcategoria": "",
        "tags": {
          "building": "yes",
          "name": "Centro Comercial Nuestro Bogotá",
          "shop": "mall"
        }
      },
      "geometry": {
        "type": "Point",
        "coordinates": [
          -74.1163421,
          4.6835023
        ]
      }
    },
    {
      "type": "Feature",
      "properties": {
        "id": 24313862,
        "nombre": "CC Galerias",
        "categoria": "centro_comercial",
        "subcategoria": "",
        "tags": {
          "addr:city": "Bogotá D.C.",
          "addr:street": "Calle 53B",
          "building": "yes",
          "name": "CC Galerias",
          "shop": "mall",
          "source": "Kaart Ground Survey 2017"
        }
      },
      "geometry": {
        "type": "Point",
        "coordinates": [
          -74.0748026,
          4.6427118
        ]
      }
    },
    {
      "type": "Feature",
      "properties": {
        "id": 24421901,
        "nombre": "Mallplaza NQS",
        "categoria": "centro_comercial",
        "subcategoria": "",
        "tags": {
          "addr:city": "Bogotá D.C.",
          "alt_name": "Mallplaza NQS",
          "building": "yes",
          "check_date": "2026-02-21",
          "name": "Mallplaza NQS",
          "old_name": "Centro Comercial Calima Bogotá",
          "opening_hours": "Mo-Sa 07:00-20:00",
          "operator": "Mallplaza",
          "shop": "mall",
          "website": "https://mallplazanqs.com/",
          "wikidata": "Q5761065",
          "wikimedia_commons": "Category:Centro comercial Mallplaza NQS",
          "wikipedia": "es:Mallplaza NQS"
        }
      },
      "geometry": {
        "type": "Point",
        "coordinates": [
          -74.08599,
          4.6181534
        ]
      }
    },
    {
      "type": "Feature",
      "properties": {
        "id": 24436904,
        "nombre": "Colina 138",
        "categoria": "centro_comercial",
        "subcategoria": "",
        "tags": {
          "building": "yes",
          "name": "Colina 138",
          "shop": "mall"
        }
      },
      "geometry": {
        "type": "Point",
        "coordinates": [
          -74.0607603,
          4.7263651
        ]
      }
    },
    {
      "type": "Feature",
      "properties": {
        "id": 24524622,
        "nombre": "Centro Comercial El Gran San",
        "categoria": "centro_comercial",
        "subcategoria": "",
        "tags": {
          "addr:city": "Bogotá",
          "addr:housename": "Entre Calles 9 y 19 y carreras 10 y 11",
          "addr:street": "Carrera 10",
          "building": "yes",
          "name": "Centro Comercial El Gran San",
          "shop": "mall",
          "source": "Kaart Ground Survey 2017"
        }
      },
      "geometry": {
        "type": "Point",
        "coordinates": [
          -74.0793259,
          4.5989867
        ]
      }
    },
    {
      "type": "Feature",
      "properties": {
        "id": 24577218,
        "nombre": "Centro Comercial Atlantis",
        "categoria": "centro_comercial",
        "subcategoria": "",
        "tags": {
          "addr:housenumber": "13-05",
          "addr:street": "Calle 81",
          "alt_name": "Atlantis Plaza",
          "building": "retail",
          "building:levels": "6",
          "name": "Centro Comercial Atlantis",
          "opening_hours": "Mo-Su 08:00-21:00",
          "roof:levels": "1",
          "shop": "mall",
          "toilets": "yes",
          "wheelchair": "yes"
        }
      },
      "geometry": {
        "type": "Point",
        "coordinates": [
          -74.0558166,
          4.6660655
        ]
      }
    },
    {
      "type": "Feature",
      "properties": {
        "id": 24577224,
        "nombre": "Centro Comercial Andino",
        "categoria": "centro_comercial",
        "subcategoria": "",
        "tags": {
          "addr:city": "Bogotá D.C.",
          "addr:housenumber": "82-71",
          "addr:street": "Carrera 12",
          "building": "retail",
          "building:levels": "4",
          "name": "Centro Comercial Andino",
          "opening_hours": "Mo-Th 10:00-20:00; Fr-Sa 10:00-21:00; Su 12:00-18:00",
          "roof:levels": "0",
          "shop": "mall",
          "toilets": "yes",
          "website": "https://www.centroandino.com.co/",
          "wheelchair": "yes",
          "wikidata": "Q420862",
          "wikimedia_commons": "Category:Centro Andino",
          "wikipedia": "es:Centro comercial Andino"
        }
      },
      "geometry": {
        "type": "Point",
        "coordinates": [
          -74.0531221,
          4.666906
        ]
      }
    },
    {
      "type": "Feature",
      "properties": {
        "id": 24715701,
        "nombre": "Centro Comercial Avenida Chile",
        "categoria": "centro_comercial",
        "subcategoria": "",
        "tags": {
          "addr:city": "Bogotá D.C.",
          "addr:housenumber": "9",
          "addr:street": "Avenida Calle 72",
          "building": "retail",
          "building:levels": "3",
          "name": "Centro Comercial Avenida Chile",
          "shop": "mall",
          "toilets": "yes",
          "wheelchair": "limited"
        }
      },
      "geometry": {
        "type": "Point",
        "coordinates": [
          -74.0577257,
          4.6571978
        ]
      }
    },
    {
      "type": "Feature",
      "properties": {
        "id": 24827269,
        "nombre": "Centro Comercial Hacienda Santa Bárbara",
        "categoria": "centro_comercial",
        "subcategoria": "",
        "tags": {
          "addr:city": "Bogotá",
          "addr:housenumber": "115-60",
          "addr:street": "Avenida Carrera 7",
          "addr:suburb": "Usaquén",
          "brand": "Hacienda Santa Bárbara",
          "brand:wikidata": "Q5396740",
          "building": "commercial",
          "building:levels": "3",
          "contact:phone": "+57 601 612 0388",
          "contact:website": "https://www.haciendasantabarbara.com.co/",
          "heritage": "2",
          "historic": "building",
          "name": "Centro Comercial Hacienda Santa Bárbara",
          "name:en": "Hacienda Santa Bárbara Mall",
          "opening_hours": "Mo-Sa 10:00-21:00; Su 11:00-19:00",
          "parking": "yes",
          "shop": "mall",
          "wheelchair": "yes"
        }
      },
      "geometry": {
        "type": "Point",
        "coordinates": [
          -74.0324536,
          4.6929003
        ]
      }
    },
    {
      "type": "Feature",
      "properties": {
        "id": 25447617,
        "nombre": "Centro Comercial Hayuelos",
        "categoria": "centro_comercial",
        "subcategoria": "",
        "tags": {
          "addr:city": "Bogotá",
          "addr:street": "Calle 20 # 82-52",
          "building": "yes",
          "layer": "3",
          "name": "Centro Comercial Hayuelos",
          "shop": "mall",
          "source": "Kaart Ground Survey 2017",
          "toilets": "yes",
          "url": "https://www.hayueloscc.com/",
          "wheelchair": "yes"
        }
      },
      "geometry": {
        "type": "Point",
        "coordinates": [
          -74.1303495,
          4.6637775
        ]
      }
    },
    {
      "type": "Feature",
      "properties": {
        "id": 28551320,
        "nombre": "Centro Comercial Santafé",
        "categoria": "centro_comercial",
        "subcategoria": "",
        "tags": {
          "addr:city": "Bogotá D.C.",
          "addr:street": "Calle 185",
          "alt_name": "Centro Comercial Santafé Bogotá",
          "building": "commercial",
          "name": "Centro Comercial Santafé",
          "opening_hours": "Mo-Su 10:00-22:00",
          "operator": "Centro Comercial Santafé",
          "shop": "mall",
          "wheelchair": "yes",
          "wikidata": "Q420858",
          "wikimedia_commons": "Category:Centro Comercial Santafé (Bogotá)",
          "wikipedia": "es:Centro Comercial Santafé (Bogotá)"
        }
      },
      "geometry": {
        "type": "Point",
        "coordinates": [
          -74.0464164,
          4.7622408
        ]
      }
    },
    {
      "type": "Feature",
      "properties": {
        "id": 28715320,
        "nombre": "Unicentro de Occidente",
        "categoria": "centro_comercial",
        "subcategoria": "",
        "tags": {
          "building": "yes",
          "internet_access": "wlan",
          "name": "Unicentro de Occidente",
          "shop": "mall"
        }
      },
      "geometry": {
        "type": "Point",
        "coordinates": [
          -74.1144938,
          4.723293
        ]
      }
    },
    {
      "type": "Feature",
      "properties": {
        "id": 28918130,
        "nombre": "Unilago",
        "categoria": "centro_comercial",
        "subcategoria": "",
        "tags": {
          "addr:city": "Bogotá D.C.",
          "addr:housenumber": "78-5",
          "addr:postcode": "110221",
          "addr:street": "Avenida Carrera 15",
          "building": "yes",
          "name": "Unilago",
          "shop": "mall"
        }
      },
      "geometry": {
        "type": "Point",
        "coordinates": [
          -74.0583028,
          4.66504
        ]
      }
    },
    {
      "type": "Feature",
      "properties": {
        "id": 31256159,
        "nombre": "Centro Chía",
        "categoria": "centro_comercial",
        "subcategoria": "",
        "tags": {
          "building": "retail",
          "name": "Centro Chía",
          "shop": "mall",
          "source": "Kaart Ground Survey 2017",
          "source_ref": "http://eol.jsc.nasa.gov/scripts/sseop/QuickView.pl?directory=ESC&ID=ISS018-E-28724",
          "wikidata": "Q5761054",
          "wikipedia": "es:Centro Chía"
        }
      },
      "geometry": {
        "type": "Point",
        "coordinates": [
          -74.0363522,
          4.8657235
        ]
      }
    },
    {
      "type": "Feature",
      "properties": {
        "id": 32575655,
        "nombre": "Centro Comercial Boulevard Niza",
        "categoria": "centro_comercial",
        "subcategoria": "",
        "tags": {
          "building": "yes",
          "name": "Centro Comercial Boulevard Niza",
          "shop": "mall"
        }
      },
      "geometry": {
        "type": "Point",
        "coordinates": [
          -74.0713585,
          4.7122567
        ]
      }
    },
    {
      "type": "Feature",
      "properties": {
        "id": 32575664,
        "nombre": "Centro Comercial Niza",
        "categoria": "centro_comercial",
        "subcategoria": "",
        "tags": {
          "building": "yes",
          "name": "Centro Comercial Niza",
          "shop": "mall"
        }
      },
      "geometry": {
        "type": "Point",
        "coordinates": [
          -74.0731873,
          4.7114519
        ]
      }
    },
    {
      "type": "Feature",
      "properties": {
        "id": 33773395,
        "nombre": "Mazurén",
        "categoria": "centro_comercial",
        "subcategoria": "",
        "tags": {
          "addr:street": "Avenida Carrera 45",
          "building": "yes",
          "name": "Mazurén",
          "shop": "mall",
          "source": "Kaart Ground Survey 2017"
        }
      },
      "geometry": {
        "type": "Point",
        "coordinates": [
          -74.0499168,
          4.7359591
        ]
      }
    },
    {
      "type": "Feature",
      "properties": {
        "id": 35770790,
        "nombre": "Centro Comercial Salitre Plaza",
        "categoria": "centro_comercial",
        "subcategoria": "",
        "tags": {
          "addr:city": "Bogotá",
          "addr:housenumber": "24-39",
          "addr:street": "Carrera 68B",
          "building": "yes",
          "name": "Centro Comercial Salitre Plaza",
          "opening_hours": "08:00-20:00",
          "shop": "mall",
          "website": "https://www.salitreplaza.com.co/"
        }
      },
      "geometry": {
        "type": "Point",
        "coordinates": [
          -74.109948,
          4.6533572
        ]
      }
    },
    {
      "type": "Feature",
      "properties": {
        "id": 39743294,
        "nombre": "Centro Comercial Santa Ana",
        "categoria": "centro_comercial",
        "subcategoria": "",
        "tags": {
          "addr:street": "Avenida Carrera 9",
          "building": "yes",
          "building:levels": "4",
          "name": "Centro Comercial Santa Ana",
          "shop": "mall",
          "source": "Kaart Ground Survey 2017",
          "wheelchair": "yes"
        }
      },
      "geometry": {
        "type": "Point",
        "coordinates": [
          -74.036769,
          4.6908241
        ]
      }
    },
    {
      "type": "Feature",
      "properties": {
        "id": 39782490,
        "nombre": "Metro Recreo",
        "categoria": "centro_comercial",
        "subcategoria": "",
        "tags": {
          "building": "yes",
          "name": "Metro Recreo",
          "shop": "mall"
        }
      },
      "geometry": {
        "type": "Point",
        "coordinates": [
          -74.2008214,
          4.6326311
        ]
      }
    },
    {
      "type": "Feature",
      "properties": {
        "id": 40784872,
        "nombre": "San Andresito Norte",
        "categoria": "centro_comercial",
        "subcategoria": "",
        "tags": {
          "addr:city": "Bogotá D.C.",
          "addr:housenumber": "Calle 195 # 21-48",
          "addr:street": "Calle 195",
          "building": "yes",
          "name": "San Andresito Norte",
          "opening_hours": "Mo-Sa 08:00-20:00",
          "shop": "mall"
        }
      },
      "geometry": {
        "type": "Point",
        "coordinates": [
          -74.0415665,
          4.7725848
        ]
      }
    },
    {
      "type": "Feature",
      "properties": {
        "id": 40838986,
        "nombre": "San Andresito Norte",
        "categoria": "centro_comercial",
        "subcategoria": "",
        "tags": {
          "addr:street": "Avenida Carrera 45",
          "building": "yes",
          "name": "San Andresito Norte",
          "shop": "mall",
          "source": "Kaart Ground Survey 2017"
        }
      },
      "geometry": {
        "type": "Point",
        "coordinates": [
          -74.0419503,
          4.7732917
        ]
      }
    },
    {
      "type": "Feature",
      "properties": {
        "id": 40965721,
        "nombre": "Centro Comercial Panamá",
        "categoria": "centro_comercial",
        "subcategoria": "",
        "tags": {
          "addr:street": "Autopista Norte Carrera 45",
          "building": "yes",
          "name": "Centro Comercial Panamá",
          "shop": "mall",
          "source": "Kaart Ground Survey 2017"
        }
      },
      "geometry": {
        "type": "Point",
        "coordinates": [
          -74.0444653,
          4.7578641
        ]
      }
    },
    {
      "type": "Feature",
      "properties": {
        "id": 41013227,
        "nombre": "Centro Comercial Cedritos",
        "categoria": "centro_comercial",
        "subcategoria": "",
        "tags": {
          "addr:street": "Calle 151",
          "building": "yes",
          "name": "Centro Comercial Cedritos",
          "shop": "mall",
          "source": "Kaart Ground Survey 2017",
          "wheelchair": "yes"
        }
      },
      "geometry": {
        "type": "Point",
        "coordinates": [
          -74.0420362,
          4.7318981
        ]
      }
    },
    {
      "type": "Feature",
      "properties": {
        "id": 41877444,
        "nombre": "Centro Comercial Parque La Colina",
        "categoria": "centro_comercial",
        "subcategoria": "",
        "tags": {
          "addr:street": "Carrera 72",
          "building": "yes",
          "name": "Centro Comercial Parque La Colina",
          "shop": "mall",
          "source": "Kaart Ground Survey 2017"
        }
      },
      "geometry": {
        "type": "Point",
        "coordinates": [
          -74.066489,
          4.7327005
        ]
      }
    },
    {
      "type": "Feature",
      "properties": {
        "id": 45869319,
        "nombre": "Centro Comercial Centro Suba",
        "categoria": "centro_comercial",
        "subcategoria": "",
        "tags": {
          "addr:street": "Av Suba con Cra 91 (Calle 145 # 91-19)\n\nFrente a la estación de transmilenio Suba - Tv. 91",
          "building": "yes",
          "name": "Centro Comercial Centro Suba",
          "opening_hours": "Mo-Su 08:00-21:00",
          "phone": "+57 601 7447577",
          "shop": "mall",
          "toilets": "yes",
          "website": "https://www.centrosuba.com/"
        }
      },
      "geometry": {
        "type": "Point",
        "coordinates": [
          -74.0858451,
          4.7373616
        ]
      }
    },
    {
      "type": "Feature",
      "properties": {
        "id": 47165675,
        "nombre": "Titán Plaza",
        "categoria": "centro_comercial",
        "subcategoria": "",
        "tags": {
          "addr:housename": "Titán Plaza",
          "building": "public",
          "building:colour": "#ddd5bd",
          "building:levels": "3",
          "height": "15",
          "int_name": "Titán Plaza",
          "name": "Titán Plaza",
          "name:es": "Titán Plaza",
          "roof:colour": "#ac8e84",
          "shop": "mall",
          "website": "https://www.titanplaza.com/",
          "wheelchair": "yes"
        }
      },
      "geometry": {
        "type": "Point",
        "coordinates": [
          -74.0863525,
          4.6947762
        ]
      }
    },
    {
      "type": "Feature",
      "properties": {
        "id": 48002778,
        "nombre": "Centro Comercial Unisur",
        "categoria": "centro_comercial",
        "subcategoria": "",
        "tags": {
          "building": "yes",
          "name": "Centro Comercial Unisur",
          "shop": "mall"
        }
      },
      "geometry": {
        "type": "Point",
        "coordinates": [
          -74.206238,
          4.5842675
        ]
      }
    },
    {
      "type": "Feature",
      "properties": {
        "id": 54168221,
        "nombre": "Centro Comercial Centro Mayor",
        "categoria": "centro_comercial",
        "subcategoria": "",
        "tags": {
          "addr:city": "Bogotá",
          "addr:street": "Avenida Carrera 27",
          "building": "yes",
          "name": "Centro Comercial Centro Mayor",
          "operator": "Centro Comercial Centro Mayor",
          "shop": "mall",
          "wikidata": "Q420867",
          "wikimedia_commons": "Category:Centro Comercial Centro Mayor",
          "wikipedia": "es:Centro comercial Centro Mayor"
        }
      },
      "geometry": {
        "type": "Point",
        "coordinates": [
          -74.1242355,
          4.5917491
        ]
      }
    },
    {
      "type": "Feature",
      "properties": {
        "id": 57691880,
        "nombre": "Palatino",
        "categoria": "centro_comercial",
        "subcategoria": "",
        "tags": {
          "addr:city": "Bogotá D.C.",
          "addr:country": "CO",
          "addr:housenumber": "138-33",
          "addr:street": "Carrera 7",
          "building": "yes",
          "building:levels": "3",
          "check_date": "2024-11-04",
          "dog": "yes",
          "internet_access": "wlan",
          "internet_access:fee": "no",
          "name": "Palatino",
          "opening_hours": "Mo-Th 10:00-20:00; Fr-Sa 10:00-21:00; Su 11:00-19:00; PH 11:00-19:00",
          "shop": "mall",
          "toilets": "yes",
          "website": "https://ccpalatino.com/",
          "wheelchair": "yes"
        }
      },
      "geometry": {
        "type": "Point",
        "coordinates": [
          -74.0293777,
          4.7156432
        ]
      }
    },
    {
      "type": "Feature",
      "properties": {
        "id": 58478712,
        "nombre": "Sorpresas",
        "categoria": "centro_comercial",
        "subcategoria": "",
        "tags": {
          "addr:street": "Avenida Carrera 19",
          "building": "yes",
          "name": "Sorpresas",
          "shop": "mall",
          "source": "Kaart Ground Survey 2017"
        }
      },
      "geometry": {
        "type": "Point",
        "coordinates": [
          -74.0460792,
          4.7211349
        ]
      }
    },
    {
      "type": "Feature",
      "properties": {
        "id": 62114869,
        "nombre": "Centro Comercial Milenio Plaza",
        "categoria": "centro_comercial",
        "subcategoria": "",
        "tags": {
          "building": "yes",
          "name": "Centro Comercial Milenio Plaza",
          "shop": "mall"
        }
      },
      "geometry": {
        "type": "Point",
        "coordinates": [
          -74.1690409,
          4.6307091
        ]
      }
    },
    {
      "type": "Feature",
      "properties": {
        "id": 68421453,
        "nombre": "Centro Comercial Pasadena",
        "categoria": "centro_comercial",
        "subcategoria": "",
        "tags": {
          "building": "yes",
          "building:colour": "white",
          "name": "Centro Comercial Pasadena",
          "roof:colour": "gray",
          "shop": "mall"
        }
      },
      "geometry": {
        "type": "Point",
        "coordinates": [
          -74.0622944,
          4.6943291
        ]
      }
    },
    {
      "type": "Feature",
      "properties": {
        "id": 68423487,
        "nombre": "CC Puentelargo",
        "categoria": "centro_comercial",
        "subcategoria": "",
        "tags": {
          "building": "yes",
          "name": "CC Puentelargo",
          "shop": "mall"
        }
      },
      "geometry": {
        "type": "Point",
        "coordinates": [
          -74.067059,
          4.6937699
        ]
      }
    },
    {
      "type": "Feature",
      "properties": {
        "id": 70560354,
        "nombre": "Centro Comercial Paseo San Rafael",
        "categoria": "centro_comercial",
        "subcategoria": "",
        "tags": {
          "addr:street": "Avenida Calle 134",
          "alt_name": "Centro Comercial Paseo SaN RafaeL",
          "building": "yes",
          "name": "Centro Comercial Paseo San Rafael",
          "name:en": "San Rafael Mall",
          "shop": "mall",
          "source": "Kaart Ground Survey 2017"
        }
      },
      "geometry": {
        "type": "Point",
        "coordinates": [
          -74.0621859,
          4.7231305
        ]
      }
    },
    {
      "type": "Feature",
      "properties": {
        "id": 75917649,
        "nombre": "C.C. Fiesta Suba",
        "categoria": "centro_comercial",
        "subcategoria": "",
        "tags": {
          "building": "commercial",
          "landuse": "commercial",
          "name": "C.C. Fiesta Suba",
          "shop": "mall"
        }
      },
      "geometry": {
        "type": "Point",
        "coordinates": [
          -74.0927406,
          4.7446171
        ]
      }
    },
    {
      "type": "Feature",
      "properties": {
        "id": 79378114,
        "nombre": "Subazar",
        "categoria": "centro_comercial",
        "subcategoria": "",
        "tags": {
          "building": "yes",
          "name": "Subazar",
          "shop": "mall"
        }
      },
      "geometry": {
        "type": "Point",
        "coordinates": [
          -74.0851351,
          4.7387092
        ]
      }
    },
    {
      "type": "Feature",
      "properties": {
        "id": 79378189,
        "nombre": "Centro Comercial Hatochico",
        "categoria": "centro_comercial",
        "subcategoria": "",
        "tags": {
          "building": "yes",
          "name": "Centro Comercial Hatochico",
          "shop": "mall"
        }
      },
      "geometry": {
        "type": "Point",
        "coordinates": [
          -74.106752,
          4.7550677
        ]
      }
    },
    {
      "type": "Feature",
      "properties": {
        "id": 81344987,
        "nombre": "Master Center",
        "categoria": "centro_comercial",
        "subcategoria": "",
        "tags": {
          "building": "yes",
          "name": "Master Center",
          "operator": "Master Center",
          "shop": "mall"
        }
      },
      "geometry": {
        "type": "Point",
        "coordinates": [
          -74.0659049,
          4.6897162
        ]
      }
    },
    {
      "type": "Feature",
      "properties": {
        "id": 82159789,
        "nombre": "Plaza 80",
        "categoria": "centro_comercial",
        "subcategoria": "",
        "tags": {
          "building": "yes",
          "name": "Plaza 80",
          "shop": "mall"
        }
      },
      "geometry": {
        "type": "Point",
        "coordinates": [
          -74.0855749,
          4.6935954
        ]
      }
    },
    {
      "type": "Feature",
      "properties": {
        "id": 83886246,
        "nombre": "Tintal Plaza",
        "categoria": "centro_comercial",
        "subcategoria": "",
        "tags": {
          "addr:city": "Bogotá",
          "addr:housename": "Centro Comercial Tintal Plaza",
          "addr:street": "Avenida Ciudad de Cali con Avenida de las Américas",
          "building": "yes",
          "building:levels": "4",
          "landuse": "retail",
          "name": "Tintal Plaza",
          "shop": "mall",
          "source": "Local_Knowledge",
          "website": "https://tintalplaza.com/"
        }
      },
      "geometry": {
        "type": "Point",
        "coordinates": [
          -74.1562685,
          4.6426694
        ]
      }
    },
    {
      "type": "Feature",
      "properties": {
        "id": 85990591,
        "nombre": "Acuarela",
        "categoria": "centro_comercial",
        "subcategoria": "",
        "tags": {
          "addr:street": "Avenida Suba",
          "building": "yes",
          "name": "Acuarela",
          "operator": "SurtiMax",
          "shop": "mall",
          "source": "Kaart Ground Survey 2017"
        }
      },
      "geometry": {
        "type": "Point",
        "coordinates": [
          -74.0861818,
          4.7387643
        ]
      }
    },
    {
      "type": "Feature",
      "properties": {
        "id": 95935432,
        "nombre": "Sin Nombre",
        "categoria": "centro_comercial",
        "subcategoria": "",
        "tags": {
          "shop": "mall"
        }
      },
      "geometry": {
        "type": "Point",
        "coordinates": [
          -74.222819,
          4.7112173
        ]
      }
    },
    {
      "type": "Feature",
      "properties": {
        "id": 108050041,
        "nombre": "CC Plaza 140",
        "categoria": "centro_comercial",
        "subcategoria": "",
        "tags": {
          "addr:street": "Calle 140",
          "name": "CC Plaza 140",
          "shop": "mall",
          "source": "Kaart Ground Survey 2017"
        }
      },
      "geometry": {
        "type": "Point",
        "coordinates": [
          -74.0395331,
          4.7201755
        ]
      }
    },
    {
      "type": "Feature",
      "properties": {
        "id": 108050043,
        "nombre": "CC Paseo 140",
        "categoria": "centro_comercial",
        "subcategoria": "",
        "tags": {
          "addr:street": "Calle 140",
          "landuse": "retail",
          "name": "CC Paseo 140",
          "shop": "mall",
          "source": "Kaart Ground Survey 2017"
        }
      },
      "geometry": {
        "type": "Point",
        "coordinates": [
          -74.0390552,
          4.7207159
        ]
      }
    },
    {
      "type": "Feature",
      "properties": {
        "id": 108050046,
        "nombre": "CC Futuro 140",
        "categoria": "centro_comercial",
        "subcategoria": "",
        "tags": {
          "addr:street": "Calle 140",
          "building": "yes",
          "name": "CC Futuro 140",
          "shop": "mall",
          "source": "Kaart Ground Survey 2017"
        }
      },
      "geometry": {
        "type": "Point",
        "coordinates": [
          -74.037705,
          4.720156
        ]
      }
    },
    {
      "type": "Feature",
      "properties": {
        "id": 108050049,
        "nombre": "Centro Comercial La Puerta del Sol",
        "categoria": "centro_comercial",
        "subcategoria": "",
        "tags": {
          "addr:street": "Calle 140",
          "name": "Centro Comercial La Puerta del Sol",
          "shop": "mall",
          "source": "Kaart Ground Survey 2017"
        }
      },
      "geometry": {
        "type": "Point",
        "coordinates": [
          -74.0364569,
          4.7198105
        ]
      }
    },
    {
      "type": "Feature",
      "properties": {
        "id": 111449985,
        "nombre": "Sin Nombre",
        "categoria": "centro_comercial",
        "subcategoria": "",
        "tags": {
          "building": "yes",
          "shop": "mall"
        }
      },
      "geometry": {
        "type": "Point",
        "coordinates": [
          -74.0298724,
          4.7168645
        ]
      }
    },
    {
      "type": "Feature",
      "properties": {
        "id": 111449988,
        "nombre": "Belmira Plaza",
        "categoria": "centro_comercial",
        "subcategoria": "",
        "tags": {
          "name": "Belmira Plaza",
          "shop": "mall"
        }
      },
      "geometry": {
        "type": "Point",
        "coordinates": [
          -74.0295596,
          4.7167361
        ]
      }
    },
    {
      "type": "Feature",
      "properties": {
        "id": 111449994,
        "nombre": "C.C. Belmira Plaza",
        "categoria": "centro_comercial",
        "subcategoria": "",
        "tags": {
          "building": "yes",
          "name": "C.C. Belmira Plaza",
          "shop": "mall"
        }
      },
      "geometry": {
        "type": "Point",
        "coordinates": [
          -74.0291756,
          4.7166317
        ]
      }
    },
    {
      "type": "Feature",
      "properties": {
        "id": 113220020,
        "nombre": "C.C. Monteverde",
        "categoria": "centro_comercial",
        "subcategoria": "",
        "tags": {
          "addr:city": "Bogotá D.C.",
          "addr:street": "Calle 140",
          "landuse": "commercial",
          "name": "C.C. Monteverde",
          "shop": "mall",
          "source": "Kaart Ground Survey 2017"
        }
      },
      "geometry": {
        "type": "Point",
        "coordinates": [
          -74.0310896,
          4.7173855
        ]
      }
    },
    {
      "type": "Feature",
      "properties": {
        "id": 118401160,
        "nombre": "K-tronix",
        "categoria": "centro_comercial",
        "subcategoria": "",
        "tags": {
          "addr:housenumber": "94-10",
          "addr:street": "Carrera15",
          "building": "yes",
          "name": "K-tronix",
          "shop": "mall"
        }
      },
      "geometry": {
        "type": "Point",
        "coordinates": [
          -74.0505889,
          4.6798213
        ]
      }
    },
    {
      "type": "Feature",
      "properties": {
        "id": 119873437,
        "nombre": "AV 68",
        "categoria": "centro_comercial",
        "subcategoria": "",
        "tags": {
          "building": "yes",
          "name": "AV 68",
          "shop": "mall"
        }
      },
      "geometry": {
        "type": "Point",
        "coordinates": [
          -74.0728669,
          4.6876083
        ]
      }
    },
    {
      "type": "Feature",
      "properties": {
        "id": 121973852,
        "nombre": "Centro Comercial Los Pórticos",
        "categoria": "centro_comercial",
        "subcategoria": "",
        "tags": {
          "landuse": "commercial",
          "name": "Centro Comercial Los Pórticos",
          "shop": "mall"
        }
      },
      "geometry": {
        "type": "Point",
        "coordinates": [
          -74.0843051,
          4.7422322
        ]
      }
    },
    {
      "type": "Feature",
      "properties": {
        "id": 123723611,
        "nombre": "Centro Comercial San Francisco",
        "categoria": "centro_comercial",
        "subcategoria": "",
        "tags": {
          "name": "Centro Comercial San Francisco",
          "shop": "mall"
        }
      },
      "geometry": {
        "type": "Point",
        "coordinates": [
          -74.0920889,
          4.6964666
        ]
      }
    },
    {
      "type": "Feature",
      "properties": {
        "id": 123832979,
        "nombre": "C.C. Puentelargo",
        "categoria": "centro_comercial",
        "subcategoria": "",
        "tags": {
          "landuse": "commercial",
          "name": "C.C. Puentelargo",
          "shop": "mall"
        }
      },
      "geometry": {
        "type": "Point",
        "coordinates": [
          -74.0668743,
          4.6937819
        ]
      }
    },
    {
      "type": "Feature",
      "properties": {
        "id": 123832981,
        "nombre": "Centro Comercial Bahía 122",
        "categoria": "centro_comercial",
        "subcategoria": "",
        "tags": {
          "landuse": "commercial",
          "name": "Centro Comercial Bahía 122",
          "shop": "mall"
        }
      },
      "geometry": {
        "type": "Point",
        "coordinates": [
          -74.0711467,
          4.70861
        ]
      }
    },
    {
      "type": "Feature",
      "properties": {
        "id": 126627803,
        "nombre": "Sin Nombre",
        "categoria": "centro_comercial",
        "subcategoria": "",
        "tags": {
          "shop": "mall"
        }
      },
      "geometry": {
        "type": "Point",
        "coordinates": [
          -74.0524341,
          4.7292346
        ]
      }
    },
    {
      "type": "Feature",
      "properties": {
        "id": 129055162,
        "nombre": "Plaza 39",
        "categoria": "centro_comercial",
        "subcategoria": "",
        "tags": {
          "addr:street": "Avenida Carrera 7",
          "building": "yes",
          "name": "Plaza 39",
          "roof:material": "roof_tiles",
          "shop": "mall",
          "source": "Kaart Ground Survey 2017"
        }
      },
      "geometry": {
        "type": "Point",
        "coordinates": [
          -74.065911,
          4.6264266
        ]
      }
    },
    {
      "type": "Feature",
      "properties": {
        "id": 136095198,
        "nombre": "Centro Comercial Porto Alegre",
        "categoria": "centro_comercial",
        "subcategoria": "",
        "tags": {
          "addr:street": "Carrera 58A",
          "building": "yes",
          "name": "Centro Comercial Porto Alegre",
          "shop": "mall",
          "source": "Kaart Ground Survey 2017"
        }
      },
      "geometry": {
        "type": "Point",
        "coordinates": [
          -74.0652233,
          4.7277372
        ]
      }
    },
    {
      "type": "Feature",
      "properties": {
        "id": 154078917,
        "nombre": "Stuttgart",
        "categoria": "centro_comercial",
        "subcategoria": "",
        "tags": {
          "addr:street": "Avenida Calle 170",
          "building": "yes",
          "name": "Stuttgart",
          "shop": "mall",
          "source": "Kaart Ground Survey 2017"
        }
      },
      "geometry": {
        "type": "Point",
        "coordinates": [
          -74.0436659,
          4.7501977
        ]
      }
    },
    {
      "type": "Feature",
      "properties": {
        "id": 172466153,
        "nombre": "Plaza Imperial",
        "categoria": "centro_comercial",
        "subcategoria": "",
        "tags": {
          "building": "yes",
          "name": "Plaza Imperial",
          "shop": "mall"
        }
      },
      "geometry": {
        "type": "Point",
        "coordinates": [
          -74.0954395,
          4.7503379
        ]
      }
    },
    {
      "type": "Feature",
      "properties": {
        "id": 173543160,
        "nombre": "Centrol Comercial El Retiro",
        "categoria": "centro_comercial",
        "subcategoria": "",
        "tags": {
          "building": "yes",
          "name": "Centrol Comercial El Retiro",
          "name:es": "El Retiro",
          "shop": "mall"
        }
      },
      "geometry": {
        "type": "Point",
        "coordinates": [
          -74.0540308,
          4.665988
        ]
      }
    },
    {
      "type": "Feature",
      "properties": {
        "id": 174317409,
        "nombre": "Sin Nombre",
        "categoria": "centro_comercial",
        "subcategoria": "",
        "tags": {
          "addr:housenumber": "15A 65",
          "addr:street": "Carrera 106",
          "building": "yes",
          "email": "info@grupozfb.com",
          "phone": "4046644",
          "shop": "mall",
          "website": "https://www.grupozfb.com/"
        }
      },
      "geometry": {
        "type": "Point",
        "coordinates": [
          -74.1533563,
          4.6709118
        ]
      }
    },
    {
      "type": "Feature",
      "properties": {
        "id": 175278344,
        "nombre": "Fiesta Fontibón",
        "categoria": "centro_comercial",
        "subcategoria": "",
        "tags": {
          "amenity": "parking",
          "building": "commercial",
          "name": "Fiesta Fontibón",
          "parking": "rooftop",
          "shop": "mall"
        }
      },
      "geometry": {
        "type": "Point",
        "coordinates": [
          -74.1444709,
          4.6747948
        ]
      }
    },
    {
      "type": "Feature",
      "properties": {
        "id": 175761015,
        "nombre": "Sin Nombre",
        "categoria": "centro_comercial",
        "subcategoria": "",
        "tags": {
          "addr:street": "Autopista Norte",
          "building": "yes",
          "shop": "mall",
          "source": "Kaart Ground Survey 2017"
        }
      },
      "geometry": {
        "type": "Point",
        "coordinates": [
          -74.0495135,
          4.7296245
        ]
      }
    },
    {
      "type": "Feature",
      "properties": {
        "id": 176264568,
        "nombre": "Plaza 147",
        "categoria": "centro_comercial",
        "subcategoria": "",
        "tags": {
          "building": "yes",
          "building:levels": "2",
          "name": "Plaza 147",
          "shop": "mall"
        }
      },
      "geometry": {
        "type": "Point",
        "coordinates": [
          -74.0408704,
          4.7287653
        ]
      }
    },
    {
      "type": "Feature",
      "properties": {
        "id": 177612336,
        "nombre": "Outlet Las Americas",
        "categoria": "centro_comercial",
        "subcategoria": "",
        "tags": {
          "building": "yes",
          "name": "Outlet Las Americas",
          "shop": "mall"
        }
      },
      "geometry": {
        "type": "Point",
        "coordinates": [
          -74.1160515,
          4.6292195
        ]
      }
    },
    {
      "type": "Feature",
      "properties": {
        "id": 188914628,
        "nombre": "Centro Comercial Iserra 100",
        "categoria": "centro_comercial",
        "subcategoria": "",
        "tags": {
          "addr:street": "Avenida Suba",
          "building": "yes",
          "building:levels": "5",
          "building:material": "brick",
          "name": "Centro Comercial Iserra 100",
          "roof:colour": "silver",
          "shop": "mall",
          "source": "Kaart Ground Survey 2017"
        }
      },
      "geometry": {
        "type": "Point",
        "coordinates": [
          -74.0642047,
          4.6879766
        ]
      }
    },
    {
      "type": "Feature",
      "properties": {
        "id": 190270293,
        "nombre": "CC Prado Comercial",
        "categoria": "centro_comercial",
        "subcategoria": "",
        "tags": {
          "name": "CC Prado Comercial",
          "shop": "mall"
        }
      },
      "geometry": {
        "type": "Point",
        "coordinates": [
          -74.050021,
          4.7529533
        ]
      }
    },
    {
      "type": "Feature",
      "properties": {
        "id": 199522385,
        "nombre": "Centro Comercial Cafam Floresta",
        "categoria": "centro_comercial",
        "subcategoria": "",
        "tags": {
          "building": "commercial",
          "name": "Centro Comercial Cafam Floresta",
          "shop": "mall"
        }
      },
      "geometry": {
        "type": "Point",
        "coordinates": [
          -74.0740588,
          4.6863285
        ]
      }
    },
    {
      "type": "Feature",
      "properties": {
        "id": 220538492,
        "nombre": "Centro Comercial San Pedro",
        "categoria": "centro_comercial",
        "subcategoria": "",
        "tags": {
          "addr:city": "Bogota",
          "addr:housename": "San Pedro",
          "addr:housenumber": "55a",
          "addr:street": "Calle 187",
          "building": "yes",
          "name": "Centro Comercial San Pedro",
          "shop": "mall"
        }
      },
      "geometry": {
        "type": "Point",
        "coordinates": [
          -74.0499261,
          4.7669946
        ]
      }
    },
    {
      "type": "Feature",
      "properties": {
        "id": 222373348,
        "nombre": "Claro Telefonia Movil",
        "categoria": "centro_comercial",
        "subcategoria": "",
        "tags": {
          "name": "Claro Telefonia Movil",
          "shop": "mall"
        }
      },
      "geometry": {
        "type": "Point",
        "coordinates": [
          -74.167169,
          4.6208866
        ]
      }
    },
    {
      "type": "Feature",
      "properties": {
        "id": 224702675,
        "nombre": "Centro Comercial Primavera",
        "categoria": "centro_comercial",
        "subcategoria": "",
        "tags": {
          "building": "yes",
          "name": "Centro Comercial Primavera",
          "shop": "mall",
          "source": "Kaart Ground Survey 2017"
        }
      },
      "geometry": {
        "type": "Point",
        "coordinates": [
          -74.1034376,
          4.7048556
        ]
      }
    },
    {
      "type": "Feature",
      "properties": {
        "id": 239143445,
        "nombre": "SB Drive",
        "categoria": "centro_comercial",
        "subcategoria": "",
        "tags": {
          "addr:housenumber": "122-69",
          "addr:street": "Carrera 19",
          "building": "yes",
          "name": "SB Drive",
          "shop": "mall"
        }
      },
      "geometry": {
        "type": "Point",
        "coordinates": [
          -74.0495021,
          4.7027135
        ]
      }
    },
    {
      "type": "Feature",
      "properties": {
        "id": 239143446,
        "nombre": "SB Drive",
        "categoria": "centro_comercial",
        "subcategoria": "",
        "tags": {
          "building": "yes",
          "name": "SB Drive",
          "shop": "mall"
        }
      },
      "geometry": {
        "type": "Point",
        "coordinates": [
          -74.0495783,
          4.7027196
        ]
      }
    },
    {
      "type": "Feature",
      "properties": {
        "id": 253473074,
        "nombre": "Centro Comercial Outlet Factory",
        "categoria": "centro_comercial",
        "subcategoria": "",
        "tags": {
          "addr:street": "Carrera 65",
          "building": "mall",
          "name": "Centro Comercial Outlet Factory",
          "shop": "mall",
          "source": "Kaart Ground Survey 2017"
        }
      },
      "geometry": {
        "type": "Point",
        "coordinates": [
          -74.1176278,
          4.6300507
        ]
      }
    },
    {
      "type": "Feature",
      "properties": {
        "id": 253639901,
        "nombre": "EcoPlaza",
        "categoria": "centro_comercial",
        "subcategoria": "",
        "tags": {
          "addr:city": "Mosquera",
          "addr:street": "Carrera 3",
          "building": "retail",
          "layer": "1",
          "name": "EcoPlaza",
          "shop": "mall",
          "source": "Kaart Ground Survey 2017"
        }
      },
      "geometry": {
        "type": "Point",
        "coordinates": [
          -74.2217351,
          4.7132986
        ]
      }
    },
    {
      "type": "Feature",
      "properties": {
        "id": 253639904,
        "nombre": "CC El Trébol",
        "categoria": "centro_comercial",
        "subcategoria": "",
        "tags": {
          "building": "yes",
          "name": "CC El Trébol",
          "shop": "mall"
        }
      },
      "geometry": {
        "type": "Point",
        "coordinates": [
          -74.2228145,
          4.7112323
        ]
      }
    },
    {
      "type": "Feature",
      "properties": {
        "id": 263671525,
        "nombre": "Centro Comercial Venecia Plaza",
        "categoria": "centro_comercial",
        "subcategoria": "",
        "tags": {
          "addr:street": "Diagonal 46A Sur",
          "building": "yes",
          "name": "Centro Comercial Venecia Plaza",
          "shop": "mall",
          "source": "Kaart Ground Survey 2017"
        }
      },
      "geometry": {
        "type": "Point",
        "coordinates": [
          -74.1385479,
          4.5937298
        ]
      }
    },
    {
      "type": "Feature",
      "properties": {
        "id": 297842759,
        "nombre": "Centro Comercial Casablanca",
        "categoria": "centro_comercial",
        "subcategoria": "",
        "tags": {
          "building": "commercial",
          "name": "Centro Comercial Casablanca",
          "shop": "mall"
        }
      },
      "geometry": {
        "type": "Point",
        "coordinates": [
          -74.1680818,
          4.616895
        ]
      }
    },
    {
      "type": "Feature",
      "properties": {
        "id": 314052881,
        "nombre": "CC La Calera",
        "categoria": "centro_comercial",
        "subcategoria": "",
        "tags": {
          "building": "yes",
          "name": "CC La Calera",
          "shop": "mall"
        }
      },
      "geometry": {
        "type": "Point",
        "coordinates": [
          -73.9681824,
          4.7201765
        ]
      }
    },
    {
      "type": "Feature",
      "properties": {
        "id": 324802407,
        "nombre": "Centro Comercial 20 de Julio",
        "categoria": "centro_comercial",
        "subcategoria": "",
        "tags": {
          "building": "yes",
          "name": "Centro Comercial 20 de Julio",
          "shop": "mall"
        }
      },
      "geometry": {
        "type": "Point",
        "coordinates": [
          -74.0921933,
          4.5725974
        ]
      }
    },
    {
      "type": "Feature",
      "properties": {
        "id": 334433530,
        "nombre": "Sin Nombre",
        "categoria": "centro_comercial",
        "subcategoria": "",
        "tags": {
          "building": "warehouse",
          "shop": "mall"
        }
      },
      "geometry": {
        "type": "Point",
        "coordinates": [
          -74.1366333,
          4.5957426
        ]
      }
    },
    {
      "type": "Feature",
      "properties": {
        "id": 334433544,
        "nombre": "Textinsumos Plaza Comercial",
        "categoria": "centro_comercial",
        "subcategoria": "",
        "tags": {
          "building": "warehouse",
          "name": "Textinsumos Plaza Comercial",
          "shop": "mall"
        }
      },
      "geometry": {
        "type": "Point",
        "coordinates": [
          -74.1364471,
          4.5955369
        ]
      }
    },
    {
      "type": "Feature",
      "properties": {
        "id": 334438054,
        "nombre": "Sin Nombre",
        "categoria": "centro_comercial",
        "subcategoria": "",
        "tags": {
          "building": "retail",
          "shop": "mall"
        }
      },
      "geometry": {
        "type": "Point",
        "coordinates": [
          -74.1369104,
          4.5955903
        ]
      }
    },
    {
      "type": "Feature",
      "properties": {
        "id": 334968184,
        "nombre": "Gran Plaza Bosa",
        "categoria": "centro_comercial",
        "subcategoria": "",
        "tags": {
          "addr:city": "Bosa",
          "addr:housenumber": "79C-27",
          "addr:street": "Calle 65 Sur",
          "building": "yes",
          "name": "Gran Plaza Bosa",
          "operator": "Pactia SAS",
          "shop": "mall"
        }
      },
      "geometry": {
        "type": "Point",
        "coordinates": [
          -74.184516,
          4.6047342
        ]
      }
    },
    {
      "type": "Feature",
      "properties": {
        "id": 342404014,
        "nombre": "Diver Plaza",
        "categoria": "centro_comercial",
        "subcategoria": "",
        "tags": {
          "building": "yes",
          "name": "Diver Plaza",
          "shop": "mall"
        }
      },
      "geometry": {
        "type": "Point",
        "coordinates": [
          -74.1155357,
          4.7008896
        ]
      }
    },
    {
      "type": "Feature",
      "properties": {
        "id": 345612197,
        "nombre": "Sin Nombre",
        "categoria": "centro_comercial",
        "subcategoria": "",
        "tags": {
          "building": "yes",
          "building:levels": "3",
          "shop": "mall",
          "wikidata": "Q6156040",
          "wikimedia_commons": "Category:Unicentro",
          "wikipedia": "es:Unicentro"
        }
      },
      "geometry": {
        "type": "Point",
        "coordinates": [
          -74.0415937,
          4.7022416
        ]
      }
    },
    {
      "type": "Feature",
      "properties": {
        "id": 361137315,
        "nombre": "Bazar Alsacia",
        "categoria": "centro_comercial",
        "subcategoria": "",
        "tags": {
          "building": "yes",
          "name": "Bazar Alsacia",
          "shop": "mall"
        }
      },
      "geometry": {
        "type": "Point",
        "coordinates": [
          -74.1298664,
          4.6451304
        ]
      }
    },
    {
      "type": "Feature",
      "properties": {
        "id": 371507684,
        "nombre": "Centro Comercial Venecia",
        "categoria": "centro_comercial",
        "subcategoria": "",
        "tags": {
          "addr:city": "Bogotá D.C.",
          "addr:housenumber": "53",
          "building": "yes",
          "name": "Centro Comercial Venecia",
          "note": "Venta de ropa, Calzado, Celulares, Fen Shui, Tiendas Naturistas.",
          "shop": "mall"
        }
      },
      "geometry": {
        "type": "Point",
        "coordinates": [
          -74.1382754,
          4.5941391
        ]
      }
    },
    {
      "type": "Feature",
      "properties": {
        "id": 371668788,
        "nombre": "Venecia Estación",
        "categoria": "centro_comercial",
        "subcategoria": "",
        "tags": {
          "addr:city": "Bogotá D.C.",
          "addr:housenumber": "22",
          "building": "yes",
          "name": "Venecia Estación",
          "shop": "mall"
        }
      },
      "geometry": {
        "type": "Point",
        "coordinates": [
          -74.1385219,
          4.5931117
        ]
      }
    },
    {
      "type": "Feature",
      "properties": {
        "id": 374973356,
        "nombre": "Centro Comercial Trebolis",
        "categoria": "centro_comercial",
        "subcategoria": "",
        "tags": {
          "addr:housenumber": "93 D 97",
          "addr:street": "Calle 50 Sur",
          "building": "yes",
          "name": "Centro Comercial Trebolis",
          "shop": "mall"
        }
      },
      "geometry": {
        "type": "Point",
        "coordinates": [
          -74.1837781,
          4.6394985
        ]
      }
    },
    {
      "type": "Feature",
      "properties": {
        "id": 383220915,
        "nombre": "Paradero Centro Comercial Bulevar Niza",
        "categoria": "centro_comercial",
        "subcategoria": "",
        "tags": {
          "bench": "yes",
          "name": "Paradero Centro Comercial Bulevar Niza",
          "network": "SITP",
          "network:wikidata": "Q6129638",
          "operator": "SITP",
          "public_transport": "platform",
          "ref:sitp": "078A02",
          "shelter": "yes",
          "source": "BogoMap"
        }
      },
      "geometry": {
        "type": "Point",
        "coordinates": [
          -74.0689247,
          4.7113663
        ]
      }
    },
    {
      "type": "Feature",
      "properties": {
        "id": 383220916,
        "nombre": "Paradero Centro Comercial Niza",
        "categoria": "centro_comercial",
        "subcategoria": "",
        "tags": {
          "bench": "yes",
          "highway": "bus_stop",
          "name": "Paradero Centro Comercial Niza",
          "network": "co:dc:sitp",
          "operator": "SITP",
          "public_transport": "platform",
          "ref:sitp": "183A03",
          "shelter": "yes",
          "source": "BogoMap"
        }
      },
      "geometry": {
        "type": "Point",
        "coordinates": [
          -74.0734692,
          4.7109693
        ]
      }
    },
    {
      "type": "Feature",
      "properties": {
        "id": 384128510,
        "nombre": "Paradero Centro Comercial Galerías",
        "categoria": "centro_comercial",
        "subcategoria": "",
        "tags": {
          "bench": "yes",
          "highway": "bus_stop",
          "name": "Paradero Centro Comercial Galerías",
          "network": "co:dc:sitp",
          "operator": "SITP",
          "public_transport": "platform",
          "ref:sitp": "362A00",
          "shelter": "yes",
          "source": "BogoMap"
        }
      },
      "geometry": {
        "type": "Point",
        "coordinates": [
          -74.07415,
          4.6411885
        ]
      }
    },
    {
      "type": "Feature",
      "properties": {
        "id": 384248378,
        "nombre": "CC Miraflores",
        "categoria": "centro_comercial",
        "subcategoria": "",
        "tags": {
          "addr:city": "Soacha",
          "addr:housenumber": "33-78",
          "addr:postcode": "250051",
          "addr:street": "Carrera 34",
          "building": "yes",
          "layer": "-1",
          "name": "CC Miraflores",
          "opening_hours": "Mo-Su 07:00-22:00",
          "shop": "mall"
        }
      },
      "geometry": {
        "type": "Point",
        "coordinates": [
          -74.2169325,
          4.6066734
        ]
      }
    },
    {
      "type": "Feature",
      "properties": {
        "id": 384615619,
        "nombre": "Paradero Centro Comercial La Cabrera - 281A00",
        "categoria": "centro_comercial",
        "subcategoria": "",
        "tags": {
          "addr:postcode": "11001",
          "bench": "yes",
          "bin": "no",
          "check_date:shelter": "2022-12-14",
          "highway": "bus_stop",
          "lit": "no",
          "name": "Paradero Centro Comercial La Cabrera - 281A00",
          "network": "co:dc:sitp",
          "operator": "SITP",
          "public_transport": "platform",
          "ref:sitp": "281A00",
          "shelter": "yes",
          "source": "BogoMap",
          "tactile_paving": "yes"
        }
      },
      "geometry": {
        "type": "Point",
        "coordinates": [
          -74.0518616,
          4.6679858
        ]
      }
    },
    {
      "type": "Feature",
      "properties": {
        "id": 386566411,
        "nombre": "Centro Comercial Gran Plaza",
        "categoria": "centro_comercial",
        "subcategoria": "",
        "tags": {
          "addr:city": "Comuna 3 La Despensa",
          "addr:postcode": "250051",
          "addr:street": "Cl 31 Cr 7",
          "alt_name": "Centro Comercial Gran Plaza Soacha",
          "branch": "Soacha",
          "building": "yes",
          "name": "Centro Comercial Gran Plaza",
          "operator": "Centro Comercial Gran Plaza",
          "shop": "mall"
        }
      },
      "geometry": {
        "type": "Point",
        "coordinates": [
          -74.205992,
          4.5869684
        ]
      }
    },
    {
      "type": "Feature",
      "properties": {
        "id": 386566413,
        "nombre": "Centro Comercial Ventura Terreros",
        "categoria": "centro_comercial",
        "subcategoria": "",
        "tags": {
          "addr:city": "Comuna 5 San Mateo",
          "addr:housenumber": "38 - 89",
          "addr:postcode": "250054",
          "addr:street": "Carrera 1",
          "building": "yes",
          "description": "Construido por Ospinas e inaugurado en diciembre de 2017",
          "name": "Centro Comercial Ventura Terreros",
          "operator": "Centro Comercial Ventura Terreros",
          "shop": "mall",
          "website": "https://venturaterreros.com/"
        }
      },
      "geometry": {
        "type": "Point",
        "coordinates": [
          -74.1948575,
          4.5886327
        ]
      }
    },
    {
      "type": "Feature",
      "properties": {
        "id": 386566822,
        "nombre": "Centro Comercial del Parque",
        "categoria": "centro_comercial",
        "subcategoria": "",
        "tags": {
          "addr:postcode": "250051",
          "building": "yes",
          "name": "Centro Comercial del Parque",
          "shop": "mall"
        }
      },
      "geometry": {
        "type": "Point",
        "coordinates": [
          -74.219314,
          4.5811234
        ]
      }
    },
    {
      "type": "Feature",
      "properties": {
        "id": 409337340,
        "nombre": "Los Rosales de Suba",
        "categoria": "centro_comercial",
        "subcategoria": "",
        "tags": {
          "addr:housenumber": "154A-23",
          "addr:street": "Carrera 92",
          "building": "yes",
          "name": "Los Rosales de Suba",
          "shop": "mall",
          "source": "Kaart Ground Survey 2017"
        }
      },
      "geometry": {
        "type": "Point",
        "coordinates": [
          -74.0819167,
          4.7519027
        ]
      }
    },
    {
      "type": "Feature",
      "properties": {
        "id": 476673473,
        "nombre": "Centro comercial Caracas",
        "categoria": "centro_comercial",
        "subcategoria": "",
        "tags": {
          "addr:street": "Calle 51 Sur",
          "building": "yes",
          "name": "Centro comercial Caracas",
          "shop": "mall",
          "source": "Kaart Ground Survey 2017"
        }
      },
      "geometry": {
        "type": "Point",
        "coordinates": [
          -74.1220732,
          4.5582264
        ]
      }
    },
    {
      "type": "Feature",
      "properties": {
        "id": 498450718,
        "nombre": "Centro Comercial Ciudad Tintal",
        "categoria": "centro_comercial",
        "subcategoria": "",
        "tags": {
          "addr:city": "Bogotá",
          "addr:street": "Carrera 94",
          "building": "commercial",
          "layer": "1",
          "name": "Centro Comercial Ciudad Tintal",
          "nohousenumber": "yes",
          "opening_hours": "08:00-22:00",
          "shop": "mall",
          "toilets": "yes"
        }
      },
      "geometry": {
        "type": "Point",
        "coordinates": [
          -74.1598591,
          4.6527593
        ]
      }
    },
    {
      "type": "Feature",
      "properties": {
        "id": 498655627,
        "nombre": "Sin Nombre",
        "categoria": "centro_comercial",
        "subcategoria": "",
        "tags": {
          "shop": "mall"
        }
      },
      "geometry": {
        "type": "Point",
        "coordinates": [
          -74.1078913,
          4.7343035
        ]
      }
    },
    {
      "type": "Feature",
      "properties": {
        "id": 500223649,
        "nombre": "Centro Comercial Alpaso",
        "categoria": "centro_comercial",
        "subcategoria": "",
        "tags": {
          "building": "yes",
          "name": "Centro Comercial Alpaso",
          "shop": "mall"
        }
      },
      "geometry": {
        "type": "Point",
        "coordinates": [
          -74.0960858,
          4.7457773
        ]
      }
    },
    {
      "type": "Feature",
      "properties": {
        "id": 526583645,
        "nombre": "Sin Nombre",
        "categoria": "centro_comercial",
        "subcategoria": "",
        "tags": {
          "addr:city": "Chía",
          "addr:street": "Carrera 10",
          "building": "yes",
          "shop": "mall",
          "source": "Kaart Ground Survey 2017"
        }
      },
      "geometry": {
        "type": "Point",
        "coordinates": [
          -74.0628971,
          4.8512932
        ]
      }
    },
    {
      "type": "Feature",
      "properties": {
        "id": 526583646,
        "nombre": "Centro Comercial Asturias",
        "categoria": "centro_comercial",
        "subcategoria": "",
        "tags": {
          "addr:city": "Chía",
          "addr:street": "Carrera 10",
          "building": "yes",
          "name": "Centro Comercial Asturias",
          "shop": "mall",
          "source": "Kaart Ground Survey 2017"
        }
      },
      "geometry": {
        "type": "Point",
        "coordinates": [
          -74.063028,
          4.8509927
        ]
      }
    },
    {
      "type": "Feature",
      "properties": {
        "id": 526835126,
        "nombre": "Centro Comercial Punto 170",
        "categoria": "centro_comercial",
        "subcategoria": "",
        "tags": {
          "addr:street": "Calle 169B",
          "building": "yes",
          "level": "2",
          "name": "Centro Comercial Punto 170",
          "shop": "mall",
          "source": "Kaart Ground Survey 2017"
        }
      },
      "geometry": {
        "type": "Point",
        "coordinates": [
          -74.0587357,
          4.7536793
        ]
      }
    },
    {
      "type": "Feature",
      "properties": {
        "id": 527864259,
        "nombre": "Chia Central Park",
        "categoria": "centro_comercial",
        "subcategoria": "",
        "tags": {
          "addr:street": "Carrera 10",
          "building": "yes",
          "name": "Chia Central Park",
          "shop": "mall"
        }
      },
      "geometry": {
        "type": "Point",
        "coordinates": [
          -74.0606783,
          4.8572358
        ]
      }
    },
    {
      "type": "Feature",
      "properties": {
        "id": 527864877,
        "nombre": "Sin Nombre",
        "categoria": "centro_comercial",
        "subcategoria": "",
        "tags": {
          "addr:street": "Carrera 55",
          "building": "residential",
          "shop": "mall",
          "source": "Kaart Ground Survey 2017"
        }
      },
      "geometry": {
        "type": "Point",
        "coordinates": [
          -74.0547679,
          4.7540853
        ]
      }
    },
    {
      "type": "Feature",
      "properties": {
        "id": 527867207,
        "nombre": "Sin Nombre",
        "categoria": "centro_comercial",
        "subcategoria": "",
        "tags": {
          "addr:street": "Calle 171",
          "building": "residential",
          "shop": "mall",
          "source": "Kaart Ground Survey 2017"
        }
      },
      "geometry": {
        "type": "Point",
        "coordinates": [
          -74.0550376,
          4.7541339
        ]
      }
    },
    {
      "type": "Feature",
      "properties": {
        "id": 528229263,
        "nombre": "Centro Chía",
        "categoria": "centro_comercial",
        "subcategoria": "",
        "tags": {
          "building": "yes",
          "name": "Centro Chía",
          "shop": "mall",
          "source": "Kaart Ground Survey 2017"
        }
      },
      "geometry": {
        "type": "Point",
        "coordinates": [
          -74.0357411,
          4.8658695
        ]
      }
    },
    {
      "type": "Feature",
      "properties": {
        "id": 528263164,
        "nombre": "Halley",
        "categoria": "centro_comercial",
        "subcategoria": "",
        "tags": {
          "addr:city": "Bogotá D.C.",
          "addr:street": "Avenida Carrera 15",
          "building": "yes",
          "name": "Halley",
          "shop": "mall",
          "source": "Kaart Ground Survey 2017"
        }
      },
      "geometry": {
        "type": "Point",
        "coordinates": [
          -74.0426758,
          4.699582
        ]
      }
    },
    {
      "type": "Feature",
      "properties": {
        "id": 529085131,
        "nombre": "La veleñita",
        "categoria": "centro_comercial",
        "subcategoria": "",
        "tags": {
          "building": "yes",
          "name": "La veleñita",
          "shop": "mall"
        }
      },
      "geometry": {
        "type": "Point",
        "coordinates": [
          -74.1594041,
          4.6148405
        ]
      }
    },
    {
      "type": "Feature",
      "properties": {
        "id": 529085161,
        "nombre": "palenque",
        "categoria": "centro_comercial",
        "subcategoria": "",
        "tags": {
          "building": "yes",
          "name": "palenque",
          "shop": "mall"
        }
      },
      "geometry": {
        "type": "Point",
        "coordinates": [
          -74.1588917,
          4.614102
        ]
      }
    },
    {
      "type": "Feature",
      "properties": {
        "id": 529561785,
        "nombre": "Centro Comercial Senderos de la Colina",
        "categoria": "centro_comercial",
        "subcategoria": "",
        "tags": {
          "addr:street": "Carrera 54",
          "building": "yes",
          "name": "Centro Comercial Senderos de la Colina",
          "shop": "mall",
          "source": "Kaart Ground Survey 2017"
        }
      },
      "geometry": {
        "type": "Point",
        "coordinates": [
          -74.0561517,
          4.7338898
        ]
      }
    },
    {
      "type": "Feature",
      "properties": {
        "id": 530427767,
        "nombre": "Plaza Aventura",
        "categoria": "centro_comercial",
        "subcategoria": "",
        "tags": {
          "addr:street": "Avenida Carrera 58",
          "name": "Plaza Aventura",
          "shop": "mall",
          "source": "Kaart Ground Survey 2017"
        }
      },
      "geometry": {
        "type": "Point",
        "coordinates": [
          -74.068325,
          4.720239
        ]
      }
    },
    {
      "type": "Feature",
      "properties": {
        "id": 537042678,
        "nombre": "Nuga Best",
        "categoria": "centro_comercial",
        "subcategoria": "",
        "tags": {
          "addr:city": "Antonio Nariño",
          "addr:street": "Carrera 24",
          "building": "yes",
          "name": "Nuga Best",
          "shop": "mall",
          "source": "Kaart Ground Survey 2017"
        }
      },
      "geometry": {
        "type": "Point",
        "coordinates": [
          -74.1026639,
          4.5864051
        ]
      }
    },
    {
      "type": "Feature",
      "properties": {
        "id": 537188266,
        "nombre": "Centro Comercial Omni 19",
        "categoria": "centro_comercial",
        "subcategoria": "",
        "tags": {
          "addr:street": "Avenida Calle 19",
          "building": "yes",
          "name": "Centro Comercial Omni 19",
          "shop": "mall",
          "source": "Kaart Ground Survey 2017"
        }
      },
      "geometry": {
        "type": "Point",
        "coordinates": [
          -74.0726437,
          4.6056714
        ]
      }
    },
    {
      "type": "Feature",
      "properties": {
        "id": 537201543,
        "nombre": "Centro Comercial Metrocentro",
        "categoria": "centro_comercial",
        "subcategoria": "",
        "tags": {
          "addr:housenumber": "11-73",
          "addr:street": "Carrera 10",
          "building": "commercial",
          "name": "Centro Comercial Metrocentro",
          "source": "Kaart Ground Survey 2017"
        }
      },
      "geometry": {
        "type": "Point",
        "coordinates": [
          -74.0780502,
          4.6004695
        ]
      }
    },
    {
      "type": "Feature",
      "properties": {
        "id": 537446659,
        "nombre": "Sin Nombre",
        "categoria": "centro_comercial",
        "subcategoria": "",
        "tags": {
          "addr:street": "Carrera 2",
          "building": "yes",
          "shop": "mall",
          "source": "Kaart Ground Survey 2017"
        }
      },
      "geometry": {
        "type": "Point",
        "coordinates": [
          -74.0677248,
          4.6001999
        ]
      }
    },
    {
      "type": "Feature",
      "properties": {
        "id": 537468848,
        "nombre": "RampiCentro",
        "categoria": "centro_comercial",
        "subcategoria": "",
        "tags": {
          "addr:housenumber": "20-39",
          "addr:street": "Carrera 12",
          "building": "yes",
          "name": "RampiCentro",
          "shop": "mall",
          "source": "Kaart Ground Survey 2017"
        }
      },
      "geometry": {
        "type": "Point",
        "coordinates": [
          -74.0733709,
          4.6084701
        ]
      }
    },
    {
      "type": "Feature",
      "properties": {
        "id": 537774021,
        "nombre": "Centro Comercial 21",
        "categoria": "centro_comercial",
        "subcategoria": "",
        "tags": {
          "addr:street": "Carrera 10",
          "building": "yes",
          "name": "Centro Comercial 21",
          "shop": "mall",
          "source": "Kaart Ground Survey 2017"
        }
      },
      "geometry": {
        "type": "Point",
        "coordinates": [
          -74.0726342,
          4.6083701
        ]
      }
    },
    {
      "type": "Feature",
      "properties": {
        "id": 537774026,
        "nombre": "Centro Comercial",
        "categoria": "centro_comercial",
        "subcategoria": "",
        "tags": {
          "addr:street": "Carrera 10",
          "building": "commercial",
          "name": "Centro Comercial",
          "shop": "mall",
          "source": "Kaart Ground Survey 2017"
        }
      },
      "geometry": {
        "type": "Point",
        "coordinates": [
          -74.0753088,
          4.6039232
        ]
      }
    },
    {
      "type": "Feature",
      "properties": {
        "id": 537774031,
        "nombre": "Centro Comercial Neos Centro",
        "categoria": "centro_comercial",
        "subcategoria": "",
        "tags": {
          "addr:city": "Bogotá",
          "addr:street": "Carrera 10",
          "building": "mall",
          "name": "Centro Comercial Neos Centro",
          "opening_hours": "sunrise-sunset",
          "operator": "Centro Comercial Neos Centro",
          "shop": "mall",
          "source": "Kaart Ground Survey 2017",
          "wikidata": "Q110863401",
          "wikipedia": "es:Centro comercial Neos Centro"
        }
      },
      "geometry": {
        "type": "Point",
        "coordinates": [
          -74.0763564,
          4.6018203
        ]
      }
    },
    {
      "type": "Feature",
      "properties": {
        "id": 538085316,
        "nombre": "Centro Comercial Shopping Center",
        "categoria": "centro_comercial",
        "subcategoria": "",
        "tags": {
          "addr:street": "Avenida Calle 13",
          "building": "yes",
          "name": "Centro Comercial Shopping Center",
          "shop": "mall",
          "source": "Kaart Ground Survey 2017"
        }
      },
      "geometry": {
        "type": "Point",
        "coordinates": [
          -74.0810507,
          4.6052601
        ]
      }
    },
    {
      "type": "Feature",
      "properties": {
        "id": 538616659,
        "nombre": "Centro Comercial El Edén",
        "categoria": "centro_comercial",
        "subcategoria": "",
        "tags": {
          "building": "yes",
          "name": "Centro Comercial El Edén",
          "shop": "mall"
        }
      },
      "geometry": {
        "type": "Point",
        "coordinates": [
          -74.128339,
          4.6461028
        ]
      }
    },
    {
      "type": "Feature",
      "properties": {
        "id": 538833074,
        "nombre": "Metro 13",
        "categoria": "centro_comercial",
        "subcategoria": "",
        "tags": {
          "addr:housenumber": "14-43",
          "addr:street": "Avenida Calle 13",
          "building": "retail",
          "name": "Metro 13",
          "shop": "mall",
          "source": "Kaart Ground Survey 2017"
        }
      },
      "geometry": {
        "type": "Point",
        "coordinates": [
          -74.0805575,
          4.6037704
        ]
      }
    },
    {
      "type": "Feature",
      "properties": {
        "id": 539690732,
        "nombre": "Pasaje Gigantes",
        "categoria": "centro_comercial",
        "subcategoria": "",
        "tags": {
          "addr:housenumber": "15-79",
          "addr:street": "Calle 12",
          "building": "yes",
          "name": "Pasaje Gigantes",
          "shop": "mall",
          "source": "Kaart Ground Survey 2017"
        }
      },
      "geometry": {
        "type": "Point",
        "coordinates": [
          -74.082295,
          4.6037582
        ]
      }
    },
    {
      "type": "Feature",
      "properties": {
        "id": 539690747,
        "nombre": "Mundo Tech",
        "categoria": "centro_comercial",
        "subcategoria": "",
        "tags": {
          "addr:street": "Carrera 15",
          "building": "yes",
          "name": "Mundo Tech",
          "shop": "mall",
          "source": "Kaart Ground Survey 2017"
        }
      },
      "geometry": {
        "type": "Point",
        "coordinates": [
          -74.0806505,
          4.6038881
        ]
      }
    },
    {
      "type": "Feature",
      "properties": {
        "id": 539708559,
        "nombre": "San Andresito San Jose",
        "categoria": "centro_comercial",
        "subcategoria": "",
        "tags": {
          "addr:street": "Calle 9",
          "building": "yes",
          "name": "San Andresito San Jose",
          "shop": "mall",
          "source": "Kaart Ground Survey 2017"
        }
      },
      "geometry": {
        "type": "Point",
        "coordinates": [
          -74.0887087,
          4.6043424
        ]
      }
    },
    {
      "type": "Feature",
      "properties": {
        "id": 539708560,
        "nombre": "Centro Comercial Jaimor",
        "categoria": "centro_comercial",
        "subcategoria": "",
        "tags": {
          "addr:housenumber": "20-7c",
          "addr:street": "Calle 9",
          "building": "yes",
          "name": "Centro Comercial Jaimor",
          "shop": "mall",
          "source": "Kaart Ground Survey 2017"
        }
      },
      "geometry": {
        "type": "Point",
        "coordinates": [
          -74.0890764,
          4.6046062
        ]
      }
    },
    {
      "type": "Feature",
      "properties": {
        "id": 539721345,
        "nombre": "Centro Comercial IRIS",
        "categoria": "centro_comercial",
        "subcategoria": "",
        "tags": {
          "addr:city": "Bogota D.C.",
          "addr:street": "Carrera 24",
          "building": "office",
          "name": "Centro Comercial IRIS",
          "shop": "mall",
          "source": "Kaart Ground Survey 2017"
        }
      },
      "geometry": {
        "type": "Point",
        "coordinates": [
          -74.0904987,
          4.6067543
        ]
      }
    },
    {
      "type": "Feature",
      "properties": {
        "id": 539723319,
        "nombre": "Sin Nombre",
        "categoria": "centro_comercial",
        "subcategoria": "",
        "tags": {
          "addr:street": "Carrera 22",
          "building": "yes",
          "shop": "mall",
          "source": "Kaart Ground Survey 2017"
        }
      },
      "geometry": {
        "type": "Point",
        "coordinates": [
          -74.089299,
          4.6058218
        ]
      }
    },
    {
      "type": "Feature",
      "properties": {
        "id": 539731997,
        "nombre": "Puerto Vallarta Textiles",
        "categoria": "centro_comercial",
        "subcategoria": "",
        "tags": {
          "addr:street": "Calle 8A",
          "building": "residential",
          "name": "Puerto Vallarta Textiles",
          "shop": "mall",
          "source": "Kaart Ground Survey 2017"
        }
      },
      "geometry": {
        "type": "Point",
        "coordinates": [
          -74.088505,
          4.60355
        ]
      }
    },
    {
      "type": "Feature",
      "properties": {
        "id": 539735815,
        "nombre": "CC Nataly",
        "categoria": "centro_comercial",
        "subcategoria": "",
        "tags": {
          "addr:street": "Carrera 21",
          "building": "residential",
          "name": "CC Nataly",
          "shop": "mall",
          "source": "Kaart Ground Survey 2017"
        }
      },
      "geometry": {
        "type": "Point",
        "coordinates": [
          -74.0895502,
          4.6045857
        ]
      }
    },
    {
      "type": "Feature",
      "properties": {
        "id": 539735816,
        "nombre": "Real Plaza",
        "categoria": "centro_comercial",
        "subcategoria": "",
        "tags": {
          "addr:street": "Calle 10",
          "building": "yes",
          "name": "Real Plaza",
          "shop": "mall",
          "source": "Kaart Ground Survey 2017"
        }
      },
      "geometry": {
        "type": "Point",
        "coordinates": [
          -74.0884689,
          4.6059407
        ]
      }
    },
    {
      "type": "Feature",
      "properties": {
        "id": 540228634,
        "nombre": "Visto Centro de Comercio Mayorista",
        "categoria": "centro_comercial",
        "subcategoria": "",
        "tags": {
          "addr:city": "Bogotá",
          "addr:street": "Avenida Caracas",
          "building": "yes",
          "building:levels": "10",
          "name": "Visto Centro de Comercio Mayorista",
          "shop": "mall",
          "source": "Kaart Ground Survey 2017"
        }
      },
      "geometry": {
        "type": "Point",
        "coordinates": [
          -74.0817106,
          4.6004427
        ]
      }
    },
    {
      "type": "Feature",
      "properties": {
        "id": 540228664,
        "nombre": "Centro Comercial Bury",
        "categoria": "centro_comercial",
        "subcategoria": "",
        "tags": {
          "addr:street": "Carrera 20",
          "building": "yes",
          "name": "Centro Comercial Bury",
          "shop": "mall",
          "source": "Kaart Ground Survey 2017"
        }
      },
      "geometry": {
        "type": "Point",
        "coordinates": [
          -74.0889162,
          4.6038092
        ]
      }
    },
    {
      "type": "Feature",
      "properties": {
        "id": 540228665,
        "nombre": "Centro comercial Teo",
        "categoria": "centro_comercial",
        "subcategoria": "",
        "tags": {
          "addr:street": "Carrera 20",
          "building": "yes",
          "name": "Centro comercial Teo",
          "shop": "mall",
          "source": "Kaart Ground Survey 2017"
        }
      },
      "geometry": {
        "type": "Point",
        "coordinates": [
          -74.0889592,
          4.6040749
        ]
      }
    },
    {
      "type": "Feature",
      "properties": {
        "id": 540257216,
        "nombre": "Centro Comercial babilonia",
        "categoria": "centro_comercial",
        "subcategoria": "",
        "tags": {
          "addr:street": "Calle 9",
          "building": "yes",
          "name": "Centro Comercial babilonia",
          "shop": "mall",
          "source": "Kaart Ground Survey 2017"
        }
      },
      "geometry": {
        "type": "Point",
        "coordinates": [
          -74.089218,
          4.604264
        ]
      }
    },
    {
      "type": "Feature",
      "properties": {
        "id": 540262381,
        "nombre": "Puerta Grande San Jose",
        "categoria": "centro_comercial",
        "subcategoria": "",
        "tags": {
          "addr:street": "Carrera 22",
          "building": "yes",
          "name": "Puerta Grande San Jose",
          "shop": "mall",
          "source": "Kaart Ground Survey 2017"
        }
      },
      "geometry": {
        "type": "Point",
        "coordinates": [
          -74.0893737,
          4.6068801
        ]
      }
    },
    {
      "type": "Feature",
      "properties": {
        "id": 540268646,
        "nombre": "Centro Comercial Milas",
        "categoria": "centro_comercial",
        "subcategoria": "",
        "tags": {
          "addr:street": "Calle 10",
          "building": "yes",
          "name": "Centro Comercial Milas",
          "shop": "mall",
          "source": "Kaart Ground Survey 2017"
        }
      },
      "geometry": {
        "type": "Point",
        "coordinates": [
          -74.0888193,
          4.6060596
        ]
      }
    },
    {
      "type": "Feature",
      "properties": {
        "id": 540528802,
        "nombre": "Cipres Plaza Comercial",
        "categoria": "centro_comercial",
        "subcategoria": "",
        "tags": {
          "addr:street": "Carrera 50",
          "building": "commercial",
          "name": "Cipres Plaza Comercial",
          "shop": "mall",
          "source": "Kaart Ground Survey 2017"
        }
      },
      "geometry": {
        "type": "Point",
        "coordinates": [
          -74.1008062,
          4.6362445
        ]
      }
    },
    {
      "type": "Feature",
      "properties": {
        "id": 541137475,
        "nombre": "Sin Nombre",
        "categoria": "centro_comercial",
        "subcategoria": "",
        "tags": {
          "addr:street": "Calle 53 Sur",
          "building": "yes",
          "shop": "mall",
          "source": "Kaart Ground Survey 2017"
        }
      },
      "geometry": {
        "type": "Point",
        "coordinates": [
          -74.1296994,
          4.5670492
        ]
      }
    },
    {
      "type": "Feature",
      "properties": {
        "id": 541189419,
        "nombre": "Centro Comercial Multiplaza",
        "categoria": "centro_comercial",
        "subcategoria": "",
        "tags": {
          "addr:city": "Bogotá",
          "addr:street": "Avenida Calle 17",
          "building": "yes",
          "name": "Centro Comercial Multiplaza",
          "shop": "mall",
          "source": "Kaart Ground Survey 2017"
        }
      },
      "geometry": {
        "type": "Point",
        "coordinates": [
          -74.1260734,
          4.6523045
        ]
      }
    },
    {
      "type": "Feature",
      "properties": {
        "id": 541386220,
        "nombre": "Centro Comercial La Esquina",
        "categoria": "centro_comercial",
        "subcategoria": "",
        "tags": {
          "addr:city": "Bogotá",
          "addr:housenumber": "75-24",
          "addr:street": "Carrera 75",
          "building": "yes",
          "building:levels": "3",
          "name": "Centro Comercial La Esquina",
          "shop": "mall",
          "source": "Kaart Ground Survey 2017"
        }
      },
      "geometry": {
        "type": "Point",
        "coordinates": [
          -74.1201278,
          4.6660256
        ]
      }
    },
    {
      "type": "Feature",
      "properties": {
        "id": 542124899,
        "nombre": "Centro Comercial Ciudad Montes",
        "categoria": "centro_comercial",
        "subcategoria": "",
        "tags": {
          "addr:street": "Transversal 31",
          "building": "yes",
          "name": "Centro Comercial Ciudad Montes",
          "shop": "mall",
          "source": "Kaart Ground Survey 2017"
        }
      },
      "geometry": {
        "type": "Point",
        "coordinates": [
          -74.1094418,
          4.5983958
        ]
      }
    },
    {
      "type": "Feature",
      "properties": {
        "id": 543919587,
        "nombre": "Centro Comercial Punto 170",
        "categoria": "centro_comercial",
        "subcategoria": "",
        "tags": {
          "building": "yes",
          "level": "2",
          "name": "Centro Comercial Punto 170",
          "shop": "mall"
        }
      },
      "geometry": {
        "type": "Point",
        "coordinates": [
          -74.0587812,
          4.7533265
        ]
      }
    },
    {
      "type": "Feature",
      "properties": {
        "id": 546436579,
        "nombre": "Centro Comercial Parque Campestre",
        "categoria": "centro_comercial",
        "subcategoria": "",
        "tags": {
          "addr:city": "Soacha",
          "addr:housenumber": "16A-150",
          "addr:postcode": "250052",
          "addr:street": "Calle 6 Sur",
          "building": "yes",
          "name": "Centro Comercial Parque Campestre",
          "shop": "mall"
        }
      },
      "geometry": {
        "type": "Point",
        "coordinates": [
          -74.2303295,
          4.5817399
        ]
      }
    },
    {
      "type": "Feature",
      "properties": {
        "id": 546691704,
        "nombre": "Centro Empresarial Santa Cecilia",
        "categoria": "centro_comercial",
        "subcategoria": "",
        "tags": {
          "building": "yes",
          "name": "Centro Empresarial Santa Cecilia",
          "shop": "mall"
        }
      },
      "geometry": {
        "type": "Point",
        "coordinates": [
          -74.2203394,
          4.5815348
        ]
      }
    },
    {
      "type": "Feature",
      "properties": {
        "id": 549996412,
        "nombre": "Nueva Roma",
        "categoria": "centro_comercial",
        "subcategoria": "",
        "tags": {
          "building": "yes",
          "name": "Nueva Roma",
          "shop": "mall"
        }
      },
      "geometry": {
        "type": "Point",
        "coordinates": [
          -74.1720978,
          4.6073367
        ]
      }
    },
    {
      "type": "Feature",
      "properties": {
        "id": 550955121,
        "nombre": "Centro comercial Mi centro Funza",
        "categoria": "centro_comercial",
        "subcategoria": "",
        "tags": {
          "building": "yes",
          "name": "Centro comercial Mi centro Funza",
          "shop": "mall"
        }
      },
      "geometry": {
        "type": "Point",
        "coordinates": [
          -74.2097409,
          4.717555
        ]
      }
    },
    {
      "type": "Feature",
      "properties": {
        "id": 551338934,
        "nombre": "Sin Nombre",
        "categoria": "centro_comercial",
        "subcategoria": "",
        "tags": {
          "building": "yes",
          "shop": "mall"
        }
      },
      "geometry": {
        "type": "Point",
        "coordinates": [
          -74.1841438,
          4.606568
        ]
      }
    },
    {
      "type": "Feature",
      "properties": {
        "id": 551338951,
        "nombre": "Milenium Plaza",
        "categoria": "centro_comercial",
        "subcategoria": "",
        "tags": {
          "building": "yes",
          "name": "Milenium Plaza",
          "shop": "mall"
        }
      },
      "geometry": {
        "type": "Point",
        "coordinates": [
          -74.1876497,
          4.6051273
        ]
      }
    },
    {
      "type": "Feature",
      "properties": {
        "id": 553333722,
        "nombre": "Centro Comercial Soacha Parque",
        "categoria": "centro_comercial",
        "subcategoria": "",
        "tags": {
          "building": "yes",
          "name": "Centro Comercial Soacha Parque",
          "shop": "mall"
        }
      },
      "geometry": {
        "type": "Point",
        "coordinates": [
          -74.2190585,
          4.5808038
        ]
      }
    },
    {
      "type": "Feature",
      "properties": {
        "id": 553333727,
        "nombre": "Sanandresito Soacha",
        "categoria": "centro_comercial",
        "subcategoria": "",
        "tags": {
          "building": "yes",
          "name": "Sanandresito Soacha",
          "shop": "mall"
        }
      },
      "geometry": {
        "type": "Point",
        "coordinates": [
          -74.2179083,
          4.5800303
        ]
      }
    },
    {
      "type": "Feature",
      "properties": {
        "id": 553333731,
        "nombre": "San Remo",
        "categoria": "centro_comercial",
        "subcategoria": "",
        "tags": {
          "building": "yes",
          "name": "San Remo",
          "shop": "mall"
        }
      },
      "geometry": {
        "type": "Point",
        "coordinates": [
          -74.2185925,
          4.5805734
        ]
      }
    },
    {
      "type": "Feature",
      "properties": {
        "id": 553333733,
        "nombre": "Santa María Plaza",
        "categoria": "centro_comercial",
        "subcategoria": "",
        "tags": {
          "building": "yes",
          "name": "Santa María Plaza",
          "shop": "mall"
        }
      },
      "geometry": {
        "type": "Point",
        "coordinates": [
          -74.2189893,
          4.5798094
        ]
      }
    },
    {
      "type": "Feature",
      "properties": {
        "id": 557847984,
        "nombre": "Sin Nombre",
        "categoria": "centro_comercial",
        "subcategoria": "",
        "tags": {
          "building": "yes",
          "shop": "mall"
        }
      },
      "geometry": {
        "type": "Point",
        "coordinates": [
          -74.0845292,
          4.7521169
        ]
      }
    },
    {
      "type": "Feature",
      "properties": {
        "id": 601802990,
        "nombre": "Centro Comercial Punto 169",
        "categoria": "centro_comercial",
        "subcategoria": "",
        "tags": {
          "addr:city": "Bogotá D.C.",
          "building": "yes",
          "name": "Centro Comercial Punto 169",
          "shop": "mall"
        }
      },
      "geometry": {
        "type": "Point",
        "coordinates": [
          -74.0474784,
          4.7506688
        ]
      }
    },
    {
      "type": "Feature",
      "properties": {
        "id": 635048285,
        "nombre": "Plaza Claro",
        "categoria": "centro_comercial",
        "subcategoria": "",
        "tags": {
          "building": "commercial",
          "building:levels": "3",
          "building:material": "glass",
          "name": "Plaza Claro",
          "opening_hours": "PH,Mo-Su 08:00-23:00",
          "shop": "mall"
        }
      },
      "geometry": {
        "type": "Point",
        "coordinates": [
          -74.1064041,
          4.6513123
        ]
      }
    },
    {
      "type": "Feature",
      "properties": {
        "id": 637936743,
        "nombre": "Plaza de las Américas",
        "categoria": "centro_comercial",
        "subcategoria": "",
        "tags": {
          "name": "Plaza de las Américas",
          "shop": "mall"
        }
      },
      "geometry": {
        "type": "Point",
        "coordinates": [
          -74.1352459,
          4.6189676
        ]
      }
    },
    {
      "type": "Feature",
      "properties": {
        "id": 638354760,
        "nombre": "Centro Comercial Casablanca",
        "categoria": "centro_comercial",
        "subcategoria": "",
        "tags": {
          "addr:city": "Madrid",
          "addr:housenumber": "1A-91 Este",
          "addr:street": "Avenida Paseo de las Flores - Calle 7",
          "building": "yes",
          "name": "Centro Comercial Casablanca",
          "operator": "Centro Comercial Casablanca",
          "shop": "mall",
          "website": "https://www.casablancacentrocomercial.com/"
        }
      },
      "geometry": {
        "type": "Point",
        "coordinates": [
          -74.2568177,
          4.7270353
        ]
      }
    },
    {
      "type": "Feature",
      "properties": {
        "id": 641077184,
        "nombre": "Portal de Funza",
        "categoria": "centro_comercial",
        "subcategoria": "",
        "tags": {
          "addr:city": "Funza",
          "addr:street": "Carrera 13",
          "building": "yes",
          "name": "Portal de Funza",
          "shop": "mall"
        }
      },
      "geometry": {
        "type": "Point",
        "coordinates": [
          -74.213695,
          4.7156572
        ]
      }
    },
    {
      "type": "Feature",
      "properties": {
        "id": 645864440,
        "nombre": "Centro Comercial Punto 91",
        "categoria": "centro_comercial",
        "subcategoria": "",
        "tags": {
          "building": "yes",
          "name": "Centro Comercial Punto 91",
          "shop": "mall"
        }
      },
      "geometry": {
        "type": "Point",
        "coordinates": [
          -74.084499,
          4.7372895
        ]
      }
    },
    {
      "type": "Feature",
      "properties": {
        "id": 653630159,
        "nombre": "Mi Centro Porvenir",
        "categoria": "centro_comercial",
        "subcategoria": "",
        "tags": {
          "name": "Mi Centro Porvenir",
          "shop": "mall"
        }
      },
      "geometry": {
        "type": "Point",
        "coordinates": [
          -74.1885041,
          4.6368806
        ]
      }
    },
    {
      "type": "Feature",
      "properties": {
        "id": 653630160,
        "nombre": "Sin Nombre",
        "categoria": "centro_comercial",
        "subcategoria": "",
        "tags": {
          "building": "yes",
          "opening_hours": "08:00-22:00",
          "shop": "mall"
        }
      },
      "geometry": {
        "type": "Point",
        "coordinates": [
          -74.1884375,
          4.6367683
        ]
      }
    },
    {
      "type": "Feature",
      "properties": {
        "id": 653802770,
        "nombre": "Unicentro de Occidente",
        "categoria": "centro_comercial",
        "subcategoria": "",
        "tags": {
          "name": "Unicentro de Occidente",
          "shop": "mall"
        }
      },
      "geometry": {
        "type": "Point",
        "coordinates": [
          -74.1144752,
          4.7233302
        ]
      }
    },
    {
      "type": "Feature",
      "properties": {
        "id": 658012540,
        "nombre": "Centro Comercial Plaza Central",
        "categoria": "centro_comercial",
        "subcategoria": "",
        "tags": {
          "building": "yes",
          "layer": "1",
          "name": "Centro Comercial Plaza Central",
          "shop": "mall"
        }
      },
      "geometry": {
        "type": "Point",
        "coordinates": [
          -74.1153715,
          4.6319474
        ]
      }
    },
    {
      "type": "Feature",
      "properties": {
        "id": 658336131,
        "nombre": "Belaire Plaza",
        "categoria": "centro_comercial",
        "subcategoria": "",
        "tags": {
          "name": "Belaire Plaza",
          "shop": "mall"
        }
      },
      "geometry": {
        "type": "Point",
        "coordinates": [
          -74.0242671,
          4.7271285
        ]
      }
    },
    {
      "type": "Feature",
      "properties": {
        "id": 658336135,
        "nombre": "Caobos 147",
        "categoria": "centro_comercial",
        "subcategoria": "",
        "tags": {
          "name": "Caobos 147",
          "shop": "mall",
          "website": "https://www.cccaobos147.com/"
        }
      },
      "geometry": {
        "type": "Point",
        "coordinates": [
          -74.0450619,
          4.7291938
        ]
      }
    },
    {
      "type": "Feature",
      "properties": {
        "id": 658336142,
        "nombre": "Sin Nombre",
        "categoria": "centro_comercial",
        "subcategoria": "",
        "tags": {
          "building": "yes",
          "shop": "mall"
        }
      },
      "geometry": {
        "type": "Point",
        "coordinates": [
          -74.0450619,
          4.7291863
        ]
      }
    },
    {
      "type": "Feature",
      "properties": {
        "id": 660621662,
        "nombre": "Portal de la Sabana",
        "categoria": "centro_comercial",
        "subcategoria": "",
        "tags": {
          "name": "Portal de la Sabana",
          "shop": "mall"
        }
      },
      "geometry": {
        "type": "Point",
        "coordinates": [
          -74.1532878,
          4.6713178
        ]
      }
    },
    {
      "type": "Feature",
      "properties": {
        "id": 671307305,
        "nombre": "La Campiña",
        "categoria": "centro_comercial",
        "subcategoria": "",
        "tags": {
          "building": "yes",
          "name": "La Campiña",
          "shop": "mall"
        }
      },
      "geometry": {
        "type": "Point",
        "coordinates": [
          -74.0850664,
          4.7424426
        ]
      }
    },
    {
      "type": "Feature",
      "properties": {
        "id": 681695742,
        "nombre": "Centro Comercial Los Pinos",
        "categoria": "centro_comercial",
        "subcategoria": "",
        "tags": {
          "building": "yes",
          "name": "Centro Comercial Los Pinos",
          "opening_hours": "Mo-Sa 08:00-20:00",
          "payment:cash": "yes",
          "payment:credit_cards": "yes",
          "shop": "mall",
          "wheelchair": "yes"
        }
      },
      "geometry": {
        "type": "Point",
        "coordinates": [
          -74.2639167,
          4.7340463
        ]
      }
    },
    {
      "type": "Feature",
      "properties": {
        "id": 681695743,
        "nombre": "Centro Comercial Madrid",
        "categoria": "centro_comercial",
        "subcategoria": "",
        "tags": {
          "building": "yes",
          "name": "Centro Comercial Madrid",
          "opening_hours": "Mo-Su 09:00-21:00",
          "payment:cash": "yes",
          "payment:credit_cards": "yes",
          "shop": "mall",
          "wheelchair": "yes"
        }
      },
      "geometry": {
        "type": "Point",
        "coordinates": [
          -74.2627983,
          4.7330536
        ]
      }
    },
    {
      "type": "Feature",
      "properties": {
        "id": 681695744,
        "nombre": "Centro comercial La casona",
        "categoria": "centro_comercial",
        "subcategoria": "",
        "tags": {
          "building": "yes",
          "name": "Centro comercial La casona",
          "opening_hours": "Mo-Sa 08:00-20:00",
          "payment:cash": "yes",
          "payment:credit_cards": "yes",
          "shop": "mall",
          "wheelchair": "yes"
        }
      },
      "geometry": {
        "type": "Point",
        "coordinates": [
          -74.2624643,
          4.732246
        ]
      }
    },
    {
      "type": "Feature",
      "properties": {
        "id": 685135238,
        "nombre": "Calle Real de la Candelaria",
        "categoria": "centro_comercial",
        "subcategoria": "",
        "tags": {
          "building": "yes",
          "name": "Calle Real de la Candelaria",
          "shop": "mall"
        }
      },
      "geometry": {
        "type": "Point",
        "coordinates": [
          -74.0745838,
          4.5986952
        ]
      }
    },
    {
      "type": "Feature",
      "properties": {
        "id": 691700385,
        "nombre": "MultiDrive",
        "categoria": "centro_comercial",
        "subcategoria": "",
        "tags": {
          "building": "yes",
          "building:levels": "3",
          "building:material": "glass",
          "name": "MultiDrive",
          "shop": "mall"
        }
      },
      "geometry": {
        "type": "Point",
        "coordinates": [
          -74.0640391,
          4.7410045
        ]
      }
    },
    {
      "type": "Feature",
      "properties": {
        "id": 693115813,
        "nombre": "Centro Comercial Mediterraneo",
        "categoria": "centro_comercial",
        "subcategoria": "",
        "tags": {
          "building": "yes",
          "name": "Centro Comercial Mediterraneo",
          "shop": "mall"
        }
      },
      "geometry": {
        "type": "Point",
        "coordinates": [
          -74.036006,
          4.7385371
        ]
      }
    },
    {
      "type": "Feature",
      "properties": {
        "id": 697183242,
        "nombre": "Esfera",
        "categoria": "centro_comercial",
        "subcategoria": "",
        "tags": {
          "building": "yes",
          "building:material": "glass",
          "name": "Esfera",
          "roof:material": "glass",
          "roof:shape": "dome",
          "shop": "mall"
        }
      },
      "geometry": {
        "type": "Point",
        "coordinates": [
          -74.1035521,
          4.6465581
        ]
      }
    },
    {
      "type": "Feature",
      "properties": {
        "id": 698901574,
        "nombre": "North Point Mall",
        "categoria": "centro_comercial",
        "subcategoria": "",
        "tags": {
          "addr:city": "Bogotá D.C.",
          "addr:postcode": "110111",
          "addr:street": "Ak 7 #155-80",
          "building": "commercial",
          "name": "North Point Mall",
          "opening_hours": "Mo-Sa 07:00-21:00",
          "payment:cash": "yes",
          "payment:contactless": "yes",
          "payment:credit_cards": "yes",
          "payment:debit_cards": "yes",
          "shop": "mall",
          "wheelchair": "yes"
        }
      },
      "geometry": {
        "type": "Point",
        "coordinates": [
          -74.0235037,
          4.7307167
        ]
      }
    },
    {
      "type": "Feature",
      "properties": {
        "id": 700780503,
        "nombre": "Centro Comercial Gran Plaza El Ensueño",
        "categoria": "centro_comercial",
        "subcategoria": "",
        "tags": {
          "addr:housenumber": "51-21",
          "addr:street": "Calle 59 Sur",
          "amenity": "parking",
          "building": "yes",
          "layer": "-1",
          "name": "Centro Comercial Gran Plaza El Ensueño",
          "opening_hours": "Mo-Su 08:00-22:00",
          "operator": "PACTIA SAS",
          "parking": "underground",
          "shop": "mall",
          "toilets": "yes"
        }
      },
      "geometry": {
        "type": "Point",
        "coordinates": [
          -74.156804,
          4.5822105
        ]
      }
    },
    {
      "type": "Feature",
      "properties": {
        "id": 701888235,
        "nombre": "Metrosur",
        "categoria": "centro_comercial",
        "subcategoria": "",
        "tags": {
          "barrier": "fence",
          "landuse": "commercial",
          "name": "Metrosur",
          "shop": "mall"
        }
      },
      "geometry": {
        "type": "Point",
        "coordinates": [
          -74.1684781,
          4.5950021
        ]
      }
    },
    {
      "type": "Feature",
      "properties": {
        "id": 707127239,
        "nombre": "Social del Retrepo",
        "categoria": "centro_comercial",
        "subcategoria": "",
        "tags": {
          "building": "commercial",
          "name": "Social del Retrepo",
          "shop": "mall"
        }
      },
      "geometry": {
        "type": "Point",
        "coordinates": [
          -74.0991523,
          4.5887416
        ]
      }
    },
    {
      "type": "Feature",
      "properties": {
        "id": 753144790,
        "nombre": "Edificio Britalia Comercial & Empresarial",
        "categoria": "centro_comercial",
        "subcategoria": "",
        "tags": {
          "addr:city": "Bogotá D.C.",
          "addr:street": "Calle 163B",
          "building": "yes",
          "landuse": "commercial",
          "name": "Edificio Britalia Comercial & Empresarial",
          "shop": "mall"
        }
      },
      "geometry": {
        "type": "Point",
        "coordinates": [
          -74.0503029,
          4.7456609
        ]
      }
    },
    {
      "type": "Feature",
      "properties": {
        "id": 760591863,
        "nombre": "Santa Librada",
        "categoria": "centro_comercial",
        "subcategoria": "",
        "tags": {
          "building": "yes",
          "name": "Santa Librada",
          "shop": "mall"
        }
      },
      "geometry": {
        "type": "Point",
        "coordinates": [
          -74.1158433,
          4.5144484
        ]
      }
    },
    {
      "type": "Feature",
      "properties": {
        "id": 813092737,
        "nombre": "Centro Comercial Coruña",
        "categoria": "centro_comercial",
        "subcategoria": "",
        "tags": {
          "addr:housenumber": "#27",
          "addr:street": "Carrera 13A",
          "building": "yes",
          "name": "Centro Comercial Coruña",
          "shop": "mall"
        }
      },
      "geometry": {
        "type": "Point",
        "coordinates": [
          -74.0799674,
          4.6030699
        ]
      }
    },
    {
      "type": "Feature",
      "properties": {
        "id": 828137569,
        "nombre": "Centro Comercial Bima",
        "categoria": "centro_comercial",
        "subcategoria": "",
        "tags": {
          "building": "yes",
          "name": "Centro Comercial Bima",
          "shop": "mall"
        }
      },
      "geometry": {
        "type": "Point",
        "coordinates": [
          -74.0392392,
          4.8073143
        ]
      }
    },
    {
      "type": "Feature",
      "properties": {
        "id": 835174651,
        "nombre": "Centro Comercial San Victorino Capital",
        "categoria": "centro_comercial",
        "subcategoria": "",
        "tags": {
          "building": "yes",
          "name": "Centro Comercial San Victorino Capital",
          "shop": "mall"
        }
      },
      "geometry": {
        "type": "Point",
        "coordinates": [
          -74.0805629,
          4.5997653
        ]
      }
    },
    {
      "type": "Feature",
      "properties": {
        "id": 842890378,
        "nombre": "Centro Comercial Plaza 167",
        "categoria": "centro_comercial",
        "subcategoria": "",
        "tags": {
          "addr:city": "Bogotá D.C.",
          "addr:street": "Carrera 48",
          "building": "yes",
          "name": "Centro Comercial Plaza 167",
          "shop": "mall"
        }
      },
      "geometry": {
        "type": "Point",
        "coordinates": [
          -74.0488071,
          4.7486562
        ]
      }
    },
    {
      "type": "Feature",
      "properties": {
        "id": 846927614,
        "nombre": "Centro Empresarial Punto 72",
        "categoria": "centro_comercial",
        "subcategoria": "",
        "tags": {
          "building": "yes",
          "name": "Centro Empresarial Punto 72",
          "shop": "mall"
        }
      },
      "geometry": {
        "type": "Point",
        "coordinates": [
          -74.1061549,
          4.6966918
        ]
      }
    },
    {
      "type": "Feature",
      "properties": {
        "id": 884243476,
        "nombre": "Centro Comercial Paseo Villa del Río",
        "categoria": "centro_comercial",
        "subcategoria": "",
        "tags": {
          "addr:street": "Transversal 62G",
          "building": "yes",
          "name": "Centro Comercial Paseo Villa del Río",
          "operator": "Desconocido",
          "payment:cash": "yes",
          "payment:credit_cards": "yes",
          "payment:debit_cards": "yes",
          "shop": "mall",
          "website": "https://www.paseovilladelrio.com/",
          "wikidata": "Q132083555"
        }
      },
      "geometry": {
        "type": "Point",
        "coordinates": [
          -74.1525917,
          4.5980063
        ]
      }
    },
    {
      "type": "Feature",
      "properties": {
        "id": 892865902,
        "nombre": "Sin Nombre",
        "categoria": "centro_comercial",
        "subcategoria": "",
        "tags": {
          "building": "yes",
          "shop": "mall"
        }
      },
      "geometry": {
        "type": "Point",
        "coordinates": [
          -74.1302516,
          4.6541308
        ]
      }
    },
    {
      "type": "Feature",
      "properties": {
        "id": 903182130,
        "nombre": "Sin Nombre",
        "categoria": "centro_comercial",
        "subcategoria": "",
        "tags": {
          "addr:postcode": "250051",
          "building": "yes",
          "layer": "1",
          "shop": "mall"
        }
      },
      "geometry": {
        "type": "Point",
        "coordinates": [
          -74.2211531,
          4.6116808
        ]
      }
    },
    {
      "type": "Feature",
      "properties": {
        "id": 906704696,
        "nombre": "Meridiano",
        "categoria": "centro_comercial",
        "subcategoria": "",
        "tags": {
          "building": "yes",
          "name": "Meridiano",
          "shop": "mall"
        }
      },
      "geometry": {
        "type": "Point",
        "coordinates": [
          -74.095777,
          4.803403
        ]
      }
    },
    {
      "type": "Feature",
      "properties": {
        "id": 926441667,
        "nombre": "Centro Comercial Mercurio",
        "categoria": "centro_comercial",
        "subcategoria": "",
        "tags": {
          "building": "commercial",
          "building:levels": "5",
          "height": "20",
          "name": "Centro Comercial Mercurio",
          "shop": "mall"
        }
      },
      "geometry": {
        "type": "Point",
        "coordinates": [
          -74.2045588,
          4.5888342
        ]
      }
    },
    {
      "type": "Feature",
      "properties": {
        "id": 945295214,
        "nombre": "Bochica",
        "categoria": "centro_comercial",
        "subcategoria": "",
        "tags": {
          "building": "yes",
          "name": "Bochica",
          "shop": "mall"
        }
      },
      "geometry": {
        "type": "Point",
        "coordinates": [
          -74.1133571,
          4.7122858
        ]
      }
    },
    {
      "type": "Feature",
      "properties": {
        "id": 1020359962,
        "nombre": "Sin Nombre",
        "categoria": "centro_comercial",
        "subcategoria": "",
        "tags": {
          "building": "yes",
          "shop": "mall"
        }
      },
      "geometry": {
        "type": "Point",
        "coordinates": [
          -74.0310896,
          4.7173855
        ]
      }
    },
    {
      "type": "Feature",
      "properties": {
        "id": 1025617186,
        "nombre": "CEntro Comercial el Caracol",
        "categoria": "centro_comercial",
        "subcategoria": "",
        "tags": {
          "addr:housenumber": "118-75",
          "addr:street": "Avenida Carrera 15",
          "building": "commercial",
          "name": "CEntro Comercial el Caracol"
        }
      },
      "geometry": {
        "type": "Point",
        "coordinates": [
          -74.0434044,
          4.6982253
        ]
      }
    },
    {
      "type": "Feature",
      "properties": {
        "id": 1099921979,
        "nombre": "LOS PINOS",
        "categoria": "centro_comercial",
        "subcategoria": "",
        "tags": {
          "building": "yes",
          "name": "LOS PINOS",
          "shop": "mall"
        }
      },
      "geometry": {
        "type": "Point",
        "coordinates": [
          -74.2639192,
          4.7337979
        ]
      }
    },
    {
      "type": "Feature",
      "properties": {
        "id": 1099921993,
        "nombre": "Sin Nombre",
        "categoria": "centro_comercial",
        "subcategoria": "",
        "tags": {
          "building": "proposed",
          "landuse": "grass",
          "shop": "mall"
        }
      },
      "geometry": {
        "type": "Point",
        "coordinates": [
          -74.2793969,
          4.7391346
        ]
      }
    },
    {
      "type": "Feature",
      "properties": {
        "id": 1114997170,
        "nombre": "San José Plaza Cáqueza",
        "categoria": "centro_comercial",
        "subcategoria": "",
        "tags": {
          "addr:street": "Carrera 4",
          "building": "yes",
          "name": "San José Plaza Cáqueza",
          "shop": "mall"
        }
      },
      "geometry": {
        "type": "Point",
        "coordinates": [
          -73.9462101,
          4.4050455
        ]
      }
    },
    {
      "type": "Feature",
      "properties": {
        "id": 1148478396,
        "nombre": "Centro Comercial Parque España",
        "categoria": "centro_comercial",
        "subcategoria": "",
        "tags": {
          "building": "yes",
          "name": "Centro Comercial Parque España",
          "shop": "mall"
        }
      },
      "geometry": {
        "type": "Point",
        "coordinates": [
          -74.0843048,
          4.6047106
        ]
      }
    },
    {
      "type": "Feature",
      "properties": {
        "id": 1149225064,
        "nombre": "Servitel Centro Comercial",
        "categoria": "centro_comercial",
        "subcategoria": "",
        "tags": {
          "addr:housenumber": "13-34/28",
          "addr:street": "Avenida Calle 13",
          "building": "commercial",
          "name": "Servitel Centro Comercial",
          "shop": "mall",
          "source": "Kaart Ground Survey 2017"
        }
      },
      "geometry": {
        "type": "Point",
        "coordinates": [
          -74.0791022,
          4.6034775
        ]
      }
    },
    {
      "type": "Feature",
      "properties": {
        "id": 1175164276,
        "nombre": "Centro Comercial Arizona",
        "categoria": "centro_comercial",
        "subcategoria": "",
        "tags": {
          "building": "yes",
          "level": "2",
          "name": "Centro Comercial Arizona",
          "shop": "mall"
        }
      },
      "geometry": {
        "type": "Point",
        "coordinates": [
          -74.0595181,
          4.749993
        ]
      }
    },
    {
      "type": "Feature",
      "properties": {
        "id": 1177944315,
        "nombre": "Plaza 80",
        "categoria": "centro_comercial",
        "subcategoria": "",
        "tags": {
          "building": "yes",
          "name": "Plaza 80",
          "shop": "mall"
        }
      },
      "geometry": {
        "type": "Point",
        "coordinates": [
          -74.085909,
          4.6932045
        ]
      }
    },
    {
      "type": "Feature",
      "properties": {
        "id": 1201500408,
        "nombre": "Centro Comercial Portobelo",
        "categoria": "centro_comercial",
        "subcategoria": "",
        "tags": {
          "barrier": "yes",
          "building": "yes",
          "name": "Centro Comercial Portobelo",
          "shop": "mall"
        }
      },
      "geometry": {
        "type": "Point",
        "coordinates": [
          -74.0495775,
          4.8535041
        ]
      }
    },
    {
      "type": "Feature",
      "properties": {
        "id": 1224674323,
        "nombre": "Balcones de Serrezuela",
        "categoria": "centro_comercial",
        "subcategoria": "",
        "tags": {
          "building": "yes",
          "name": "Balcones de Serrezuela",
          "shop": "mall"
        }
      },
      "geometry": {
        "type": "Point",
        "coordinates": [
          -74.2175452,
          4.7078878
        ]
      }
    },
    {
      "type": "Feature",
      "properties": {
        "id": 1224900424,
        "nombre": "CC Meridiano Novaterra",
        "categoria": "centro_comercial",
        "subcategoria": "",
        "tags": {
          "building": "yes",
          "name": "CC Meridiano Novaterra",
          "shop": "mall"
        }
      },
      "geometry": {
        "type": "Point",
        "coordinates": [
          -74.2389236,
          4.6979877
        ]
      }
    },
    {
      "type": "Feature",
      "properties": {
        "id": 1261912065,
        "nombre": "Centro Comercial Calera Hills",
        "categoria": "centro_comercial",
        "subcategoria": "",
        "tags": {
          "addr:city": "La Calera",
          "addr:street": "Avenida Carrera 2 # 9-40",
          "building": "yes",
          "name": "Centro Comercial Calera Hills",
          "shop": "mall"
        }
      },
      "geometry": {
        "type": "Point",
        "coordinates": [
          -73.9659391,
          4.7207547
        ]
      }
    },
    {
      "type": "Feature",
      "properties": {
        "id": 1261912067,
        "nombre": "Centro Comercial Calera Gardens",
        "categoria": "centro_comercial",
        "subcategoria": "",
        "tags": {
          "addr:city": "La Calera",
          "addr:street": "Avenida Carrera 2 # 9a-28",
          "building": "yes",
          "name": "Centro Comercial Calera Gardens",
          "shop": "mall"
        }
      },
      "geometry": {
        "type": "Point",
        "coordinates": [
          -73.9654015,
          4.7211402
        ]
      }
    },
    {
      "type": "Feature",
      "properties": {
        "id": 1262243143,
        "nombre": "Centro Comercial Potosí",
        "categoria": "centro_comercial",
        "subcategoria": "",
        "tags": {
          "addr:street": "RN50-09",
          "barrier": "yes",
          "name": "Centro Comercial Potosí",
          "not:building": "yes",
          "shop": "mall"
        }
      },
      "geometry": {
        "type": "Point",
        "coordinates": [
          -73.9497042,
          4.7935907
        ]
      }
    },
    {
      "type": "Feature",
      "properties": {
        "id": 1281179842,
        "nombre": "Centro Comercial Autopista 184",
        "categoria": "centro_comercial",
        "subcategoria": "",
        "tags": {
          "addr:street": "Avenida Carrera 45",
          "building": "yes",
          "name": "Centro Comercial Autopista 184",
          "shop": "mall",
          "source": "Kaart Ground Survey 2017"
        }
      },
      "geometry": {
        "type": "Point",
        "coordinates": [
          -74.0440672,
          4.7611203
        ]
      }
    },
    {
      "type": "Feature",
      "properties": {
        "id": 1281179843,
        "nombre": "Centro Comercial Autopista 184",
        "categoria": "centro_comercial",
        "subcategoria": "",
        "tags": {
          "addr:street": "Avenida Carrera 45",
          "building": "yes",
          "name": "Centro Comercial Autopista 184",
          "shop": "mall",
          "source": "Kaart Ground Survey 2017"
        }
      },
      "geometry": {
        "type": "Point",
        "coordinates": [
          -74.0438886,
          4.7611619
        ]
      }
    },
    {
      "type": "Feature",
      "properties": {
        "id": 1320128511,
        "nombre": "Bazaar",
        "categoria": "centro_comercial",
        "subcategoria": "",
        "tags": {
          "building": "yes",
          "name": "Bazaar",
          "shop": "mall"
        }
      },
      "geometry": {
        "type": "Point",
        "coordinates": [
          -74.0369447,
          4.8849823
        ]
      }
    },
    {
      "type": "Feature",
      "properties": {
        "id": 1329449023,
        "nombre": "Sin Nombre",
        "categoria": "centro_comercial",
        "subcategoria": "",
        "tags": {
          "description": "Futura área para centro comercial",
          "landuse": "proposed",
          "shop": "mall"
        }
      },
      "geometry": {
        "type": "Point",
        "coordinates": [
          -74.2129312,
          4.6006773
        ]
      }
    },
    {
      "type": "Feature",
      "properties": {
        "id": 1360460089,
        "nombre": "Centro Comercial Ciudad Tunal",
        "categoria": "centro_comercial",
        "subcategoria": "",
        "tags": {
          "addr:city": "Bogotá",
          "addr:street": "Calle 48C Sur",
          "building": "yes",
          "layer": "-1",
          "name": "Centro Comercial Ciudad Tunal",
          "opening_hours": "Mo-Su 09:00-21:00",
          "operator": "Centro Comercial Ciudad Tunal",
          "shop": "mall"
        }
      },
      "geometry": {
        "type": "Point",
        "coordinates": [
          -74.1303611,
          4.577925
        ]
      }
    },
    {
      "type": "Feature",
      "properties": {
        "id": 1375446080,
        "nombre": "Centro Comercial Altavista",
        "categoria": "centro_comercial",
        "subcategoria": "",
        "tags": {
          "addr:city": "Bogotá",
          "alt_name": "Altavista Centro Comercial",
          "landuse": "commercial",
          "name": "Centro Comercial Altavista",
          "operator": "Altavista",
          "shop": "mall"
        }
      },
      "geometry": {
        "type": "Point",
        "coordinates": [
          -74.1181438,
          4.5322859
        ]
      }
    },
    {
      "type": "Feature",
      "properties": {
        "id": 1385636083,
        "nombre": "Sabana Norte",
        "categoria": "centro_comercial",
        "subcategoria": "",
        "tags": {
          "building": "yes",
          "name": "Sabana Norte",
          "shop": "mall"
        }
      },
      "geometry": {
        "type": "Point",
        "coordinates": [
          -74.04372,
          4.8631497
        ]
      }
    },
    {
      "type": "Feature",
      "properties": {
        "id": 1391262977,
        "nombre": "La libertad",
        "categoria": "centro_comercial",
        "subcategoria": "",
        "tags": {
          "building": "yes",
          "name": "La libertad",
          "shop": "mall"
        }
      },
      "geometry": {
        "type": "Point",
        "coordinates": [
          -74.0612471,
          4.8608521
        ]
      }
    },
    {
      "type": "Feature",
      "properties": {
        "id": 1391262978,
        "nombre": "La Valvanera",
        "categoria": "centro_comercial",
        "subcategoria": "",
        "tags": {
          "building": "yes",
          "name": "La Valvanera",
          "shop": "mall"
        }
      },
      "geometry": {
        "type": "Point",
        "coordinates": [
          -74.0613684,
          4.8610759
        ]
      }
    },
    {
      "type": "Feature",
      "properties": {
        "id": 1391263001,
        "nombre": "Santa Lucía",
        "categoria": "centro_comercial",
        "subcategoria": "",
        "tags": {
          "building": "yes",
          "name": "Santa Lucía",
          "shop": "mall"
        }
      },
      "geometry": {
        "type": "Point",
        "coordinates": [
          -74.060434,
          4.8607905
        ]
      }
    },
    {
      "type": "Feature",
      "properties": {
        "id": 1391263003,
        "nombre": "La Fuente",
        "categoria": "centro_comercial",
        "subcategoria": "",
        "tags": {
          "building": "yes",
          "name": "La Fuente",
          "shop": "mall"
        }
      },
      "geometry": {
        "type": "Point",
        "coordinates": [
          -74.0608217,
          4.8606722
        ]
      }
    },
    {
      "type": "Feature",
      "properties": {
        "id": 1393655405,
        "nombre": "Cetro Comercial Baleares Plaza",
        "categoria": "centro_comercial",
        "subcategoria": "",
        "tags": {
          "building": "yes",
          "name": "Cetro Comercial Baleares Plaza",
          "shop": "mall"
        }
      },
      "geometry": {
        "type": "Point",
        "coordinates": [
          -74.1296238,
          4.6658248
        ]
      }
    },
    {
      "type": "Feature",
      "properties": {
        "id": 1412371886,
        "nombre": "Centro Comercial Gran Estación",
        "categoria": "centro_comercial",
        "subcategoria": "",
        "tags": {
          "addr:city": "Bogotá",
          "addr:street": "Avenida Eldorado",
          "building": "mall",
          "building:levels": "3",
          "layer": "1",
          "name": "Centro Comercial Gran Estación",
          "shop": "mall",
          "wikidata": "Q420856",
          "wikimedia_commons": "Category:Gran Estación mall",
          "wikipedia": "es:Gran Estación"
        }
      },
      "geometry": {
        "type": "Point",
        "coordinates": [
          -74.1019767,
          4.6470809
        ]
      }
    },
    {
      "type": "Feature",
      "properties": {
        "id": 1422913596,
        "nombre": "Restaurantes",
        "categoria": "centro_comercial",
        "subcategoria": "",
        "tags": {
          "building": "yes",
          "name": "Restaurantes",
          "shop": "mall"
        }
      },
      "geometry": {
        "type": "Point",
        "coordinates": [
          -74.2228937,
          4.6059429
        ]
      }
    },
    {
      "type": "Feature",
      "properties": {
        "id": 1422913598,
        "nombre": "Locales orientales",
        "categoria": "centro_comercial",
        "subcategoria": "",
        "tags": {
          "building": "yes",
          "name": "Locales orientales",
          "shop": "mall"
        }
      },
      "geometry": {
        "type": "Point",
        "coordinates": [
          -74.2225682,
          4.6053351
        ]
      }
    },
    {
      "type": "Feature",
      "properties": {
        "id": 1422913599,
        "nombre": "Locales occidentales",
        "categoria": "centro_comercial",
        "subcategoria": "",
        "tags": {
          "building": "yes",
          "name": "Locales occidentales",
          "shop": "mall"
        }
      },
      "geometry": {
        "type": "Point",
        "coordinates": [
          -74.2229112,
          4.6054843
        ]
      }
    },
    {
      "type": "Feature",
      "properties": {
        "id": 1447300413,
        "nombre": "CC Santiago Apostol",
        "categoria": "centro_comercial",
        "subcategoria": "",
        "tags": {
          "building": "yes",
          "name": "CC Santiago Apostol",
          "shop": "mall"
        }
      },
      "geometry": {
        "type": "Point",
        "coordinates": [
          -74.1439335,
          4.8722435
        ]
      }
    },
    {
      "type": "Feature",
      "properties": {
        "id": 1510390050,
        "nombre": "CC Terracota",
        "categoria": "centro_comercial",
        "subcategoria": "",
        "tags": {
          "building": "yes",
          "name": "CC Terracota",
          "shop": "mall"
        }
      },
      "geometry": {
        "type": "Point",
        "coordinates": [
          -74.1036323,
          4.8069954
        ]
      }
    },
    {
      "type": "Feature",
      "properties": {
        "id": 1533048346,
        "nombre": "Centro Comercial Fontanar",
        "categoria": "centro_comercial",
        "subcategoria": "",
        "tags": {
          "building": "yes",
          "name": "Centro Comercial Fontanar",
          "shop": "mall"
        }
      },
      "geometry": {
        "type": "Point",
        "coordinates": [
          -74.0350868,
          4.8840738
        ]
      }
    },
    {
      "type": "Feature",
      "properties": {
        "id": 1533314948,
        "nombre": "CC Plaza Madero",
        "categoria": "centro_comercial",
        "subcategoria": "",
        "tags": {
          "building": "yes",
          "name": "CC Plaza Madero",
          "shop": "mall"
        }
      },
      "geometry": {
        "type": "Point",
        "coordinates": [
          -74.0569652,
          4.8628683
        ]
      }
    },
    {
      "type": "Feature",
      "properties": {
        "id": 5147441,
        "nombre": "Unicentro",
        "categoria": "centro_comercial",
        "subcategoria": "",
        "tags": {
          "alt_name": "Unicentro Bogotá",
          "name": "Unicentro",
          "shop": "mall",
          "type": "multipolygon"
        }
      },
      "geometry": {
        "type": "Point",
        "coordinates": [
          -74.041289,
          4.7021563
        ]
      }
    },
    {
      "type": "Feature",
      "properties": {
        "id": 7592518,
        "nombre": "Centro Comercial Los Aleros",
        "categoria": "centro_comercial",
        "subcategoria": "",
        "tags": {
          "building": "yes",
          "name": "Centro Comercial Los Aleros",
          "shop": "mall",
          "source": "Kaart Ground Survey 2017",
          "type": "multipolygon"
        }
      },
      "geometry": {
        "type": "Point",
        "coordinates": [
          -74.0513888,
          4.8635101
        ]
      }
    },
    {
      "type": "Feature",
      "properties": {
        "id": 17651327,
        "nombre": "Centro Comercial Plaza de las Americas",
        "categoria": "centro_comercial",
        "subcategoria": "",
        "tags": {
          "addr:city": "Bogotá, Cundinamarca",
          "addr:housenumber": "6 Sur-94",
          "addr:postcode": "110831",
          "addr:street": "Carrera 71D",
          "building": "commercial",
          "building:levels": "2",
          "height": "20",
          "name": "Centro Comercial Plaza de las Americas",
          "shop": "mall",
          "smoking": "no",
          "type": "multipolygon",
          "wheelchair": "yes"
        }
      },
      "geometry": {
        "type": "Point",
        "coordinates": [
          -74.1354106,
          4.6189355
        ]
      }
    },
    {
      "type": "Feature",
      "properties": {
        "id": 19132887,
        "nombre": "Plaza Mayor",
        "categoria": "centro_comercial",
        "subcategoria": "",
        "tags": {
          "building": "yes",
          "name": "Plaza Mayor",
          "shop": "mall",
          "type": "multipolygon"
        }
      },
      "geometry": {
        "type": "Point",
        "coordinates": [
          -74.0399061,
          4.8655954
        ]
      }
    },
    {
      "type": "Feature",
      "properties": {
        "id": 19135828,
        "nombre": "Centro Comercial Portal 80",
        "categoria": "centro_comercial",
        "subcategoria": "",
        "tags": {
          "addr:city": "Bogotá",
          "addr:street": "Calle 80",
          "building": "yes",
          "name": "Centro Comercial Portal 80",
          "shop": "mall",
          "type": "multipolygon",
          "wikidata": "Q124073113",
          "wikipedia": "es:Centro Comercial Portal 80"
        }
      },
      "geometry": {
        "type": "Point",
        "coordinates": [
          -74.1121586,
          4.7108458
        ]
      }
    },
    {
      "type": "Feature",
      "properties": {
        "id": 19251168,
        "nombre": "Sin Nombre",
        "categoria": "centro_comercial",
        "subcategoria": "",
        "tags": {
          "addr:city": "Bogotá",
          "addr:street": "Calle 48C Sur",
          "layer": "-1",
          "operator": "Centro Comercial Ciudad Tunal",
          "shop": "mall",
          "type": "multipolygon"
        }
      },
      "geometry": {
        "type": "Point",
        "coordinates": [
          -74.1303611,
          4.577925
        ]
      }
    },
    {
      "type": "Feature",
      "properties": {
        "id": 19472194,
        "nombre": "Jardín Centro Comercial",
        "categoria": "centro_comercial",
        "subcategoria": "",
        "tags": {
          "addr:housenumber": "13-71",
          "addr:postcode": "250051",
          "addr:street": "Carrera 36A",
          "building": "yes",
          "name": "Jardín Centro Comercial",
          "shop": "mall",
          "type": "multipolygon"
        }
      },
      "geometry": {
        "type": "Point",
        "coordinates": [
          -74.2227764,
          4.6055379
        ]
      }
    },
    {
      "type": "Feature",
      "properties": {
        "id": 19658477,
        "nombre": "Plaza Chía",
        "categoria": "centro_comercial",
        "subcategoria": "",
        "tags": {
          "building": "yes",
          "name": "Plaza Chía",
          "shop": "mall",
          "type": "multipolygon"
        }
      },
      "geometry": {
        "type": "Point",
        "coordinates": [
          -74.0544985,
          4.8631295
        ]
      }
    },
    {
      "type": "Feature",
      "properties": {
        "id": 19658478,
        "nombre": "CC Vivenza",
        "categoria": "centro_comercial",
        "subcategoria": "",
        "tags": {
          "building": "yes",
          "name": "CC Vivenza",
          "shop": "mall",
          "type": "multipolygon"
        }
      },
      "geometry": {
        "type": "Point",
        "coordinates": [
          -74.0641004,
          4.8505559
        ]
      }
    },
    {
      "type": "Feature",
      "properties": {
        "id": 20508793,
        "nombre": "Torre Barcelona",
        "categoria": "centro_comercial",
        "subcategoria": "",
        "tags": {
          "building": "yes",
          "name": "Torre Barcelona",
          "shop": "mall",
          "type": "multipolygon"
        }
      },
      "geometry": {
        "type": "Point",
        "coordinates": [
          -74.0388247,
          4.8655168
        ]
      }
    }
  ]
}