{
  "type": "FeatureCollection",
  "features": [
    {
      "type": "Feature",
      "properties": {
        "id": 267030959,
        "nombre": "IED Jorge Eliécer Gaitán",
        "categoria": "educacion",
        "subcategoria": "school",
        "tags": {
          "amenity": "school",
          "designation": "Sede jardín",
          "name": "IED Jorge Eliécer Gaitán"
        }
      },
      "geometry": {
        "type": "Point",
        "coordinates": [
          -74.0803677,
          4.6647366
        ]
      }
    },
    {
      "type": "Feature",
      "properties": {
        "id": 277319528,
        "nombre": "GFC Secundaria",
        "categoria": "educacion",
        "subcategoria": "school",
        "tags": {
          "addr:full": "CL 23 81 D 11",
          "amenity": "school",
          "created_by": "Potlatch 0.10f",
          "name": "GFC Secundaria"
        }
      },
      "geometry": {
        "type": "Point",
        "coordinates": [
          -74.1258214,
          4.6658928
        ]
      }
    },
    {
      "type": "Feature",
      "properties": {
        "id": 335617687,
        "nombre": "IED Alqueria",
        "categoria": "educacion",
        "subcategoria": "school",
        "tags": {
          "addr:full": "CALLE 37 B SUR No. 68 D - 93",
          "amenity": "school",
          "name": "IED Alqueria"
        }
      },
      "geometry": {
        "type": "Point",
        "coordinates": [
          -74.1362911,
          4.6049208
        ]
      }
    },
    {
      "type": "Feature",
      "properties": {
        "id": 339855018,
        "nombre": "Colegio Distrital Antonio Nariño - Sede A",
        "categoria": "educacion",
        "subcategoria": "school",
        "tags": {
          "addr:full": "CARRERA 77 A No. 67 - 17",
          "amenity": "school",
          "name": "Colegio Distrital Antonio Nariño - Sede A"
        }
      },
      "geometry": {
        "type": "Point",
        "coordinates": [
          -74.103266,
          4.6851743
        ]
      }
    },
    {
      "type": "Feature",
      "properties": {
        "id": 366378244,
        "nombre": "Liceo Edad de Oro",
        "categoria": "educacion",
        "subcategoria": "school",
        "tags": {
          "amenity": "school",
          "name": "Liceo Edad de Oro"
        }
      },
      "geometry": {
        "type": "Point",
        "coordinates": [
          -74.0404486,
          4.8822459
        ]
      }
    },
    {
      "type": "Feature",
      "properties": {
        "id": 420295684,
        "nombre": "CIDCA",
        "categoria": "educacion",
        "subcategoria": "college",
        "tags": {
          "amenity": "college",
          "name": "CIDCA"
        }
      },
      "geometry": {
        "type": "Point",
        "coordinates": [
          -74.0637719,
          4.6472932
        ]
      }
    },
    {
      "type": "Feature",
      "properties": {
        "id": 485359853,
        "nombre": "Escuela de Gastronomia",
        "categoria": "educacion",
        "subcategoria": "college",
        "tags": {
          "amenity": "college",
          "name": "Escuela de Gastronomia",
          "wheelchair": "no"
        }
      },
      "geometry": {
        "type": "Point",
        "coordinates": [
          -74.0312714,
          4.7025862
        ]
      }
    },
    {
      "type": "Feature",
      "properties": {
        "id": 500961783,
        "nombre": "British Council",
        "categoria": "educacion",
        "subcategoria": "school",
        "tags": {
          "amenity": "school",
          "check_date": "2025-03-14",
          "name": "British Council"
        }
      },
      "geometry": {
        "type": "Point",
        "coordinates": [
          -74.0542796,
          4.6605596
        ]
      }
    },
    {
      "type": "Feature",
      "properties": {
        "id": 510582398,
        "nombre": "Gimnasio Alemán",
        "categoria": "educacion",
        "subcategoria": "school",
        "tags": {
          "amenity": "school",
          "name": "Gimnasio Alemán"
        }
      },
      "geometry": {
        "type": "Point",
        "coordinates": [
          -74.0296633,
          4.8082788
        ]
      }
    },
    {
      "type": "Feature",
      "properties": {
        "id": 515506865,
        "nombre": "Liceo Catolico",
        "categoria": "educacion",
        "subcategoria": "school",
        "tags": {
          "amenity": "school",
          "name": "Liceo Catolico"
        }
      },
      "geometry": {
        "type": "Point",
        "coordinates": [
          -74.0622986,
          4.667026
        ]
      }
    },
    {
      "type": "Feature",
      "properties": {
        "id": 517085863,
        "nombre": "Mi Segundo Hogar",
        "categoria": "educacion",
        "subcategoria": "school",
        "tags": {
          "amenity": "school",
          "name": "Mi Segundo Hogar"
        }
      },
      "geometry": {
        "type": "Point",
        "coordinates": [
          -74.1420079,
          4.6114784
        ]
      }
    },
    {
      "type": "Feature",
      "properties": {
        "id": 538259678,
        "nombre": "Colegio Anibal Fernandez de Soto",
        "categoria": "educacion",
        "subcategoria": "school",
        "tags": {
          "amenity": "school",
          "name": "Colegio Anibal Fernandez de Soto"
        }
      },
      "geometry": {
        "type": "Point",
        "coordinates": [
          -74.0573832,
          4.7231642
        ]
      }
    },
    {
      "type": "Feature",
      "properties": {
        "id": 545466678,
        "nombre": "Sin Nombre",
        "categoria": "educacion",
        "subcategoria": "school",
        "tags": {
          "amenity": "school"
        }
      },
      "geometry": {
        "type": "Point",
        "coordinates": [
          -73.9226143,
          4.5271328
        ]
      }
    },
    {
      "type": "Feature",
      "properties": {
        "id": 557378049,
        "nombre": "Colegio San Gabriel",
        "categoria": "educacion",
        "subcategoria": "school",
        "tags": {
          "amenity": "school",
          "name": "Colegio San Gabriel"
        }
      },
      "geometry": {
        "type": "Point",
        "coordinates": [
          -74.1274945,
          4.6672608
        ]
      }
    },
    {
      "type": "Feature",
      "properties": {
        "id": 558665098,
        "nombre": "Cantorin",
        "categoria": "educacion",
        "subcategoria": "school",
        "tags": {
          "amenity": "school",
          "name": "Cantorin"
        }
      },
      "geometry": {
        "type": "Point",
        "coordinates": [
          -74.1202707,
          4.6715314
        ]
      }
    },
    {
      "type": "Feature",
      "properties": {
        "id": 558665099,
        "nombre": "Genios en Pañales",
        "categoria": "educacion",
        "subcategoria": "school",
        "tags": {
          "amenity": "school",
          "name": "Genios en Pañales"
        }
      },
      "geometry": {
        "type": "Point",
        "coordinates": [
          -74.1239014,
          4.6640291
        ]
      }
    },
    {
      "type": "Feature",
      "properties": {
        "id": 558665101,
        "nombre": "Osito de Miel",
        "categoria": "educacion",
        "subcategoria": "school",
        "tags": {
          "amenity": "school",
          "name": "Osito de Miel"
        }
      },
      "geometry": {
        "type": "Point",
        "coordinates": [
          -74.1237812,
          4.6633618
        ]
      }
    },
    {
      "type": "Feature",
      "properties": {
        "id": 568709694,
        "nombre": "Taller Infantil Mi Mundo",
        "categoria": "educacion",
        "subcategoria": "school",
        "tags": {
          "amenity": "school",
          "name": "Taller Infantil Mi Mundo"
        }
      },
      "geometry": {
        "type": "Point",
        "coordinates": [
          -74.1279659,
          4.6636797
        ]
      }
    },
    {
      "type": "Feature",
      "properties": {
        "id": 578601342,
        "nombre": "Universidad de los Andes -Práctica Médica",
        "categoria": "educacion",
        "subcategoria": "university",
        "tags": {
          "amenity": "university",
          "name": "Universidad de los Andes -Práctica Médica",
          "wheelchair": "no"
        }
      },
      "geometry": {
        "type": "Point",
        "coordinates": [
          -74.0335483,
          4.69416
        ]
      }
    },
    {
      "type": "Feature",
      "properties": {
        "id": 582316509,
        "nombre": "Colegio Marillac",
        "categoria": "educacion",
        "subcategoria": "school",
        "tags": {
          "amenity": "school",
          "name": "Colegio Marillac",
          "wheelchair": "no"
        }
      },
      "geometry": {
        "type": "Point",
        "coordinates": [
          -74.072818,
          4.6591071
        ]
      }
    },
    {
      "type": "Feature",
      "properties": {
        "id": 582318846,
        "nombre": "Colegio Distrital Alemania Solidaria Sede C",
        "categoria": "educacion",
        "subcategoria": "school",
        "tags": {
          "amenity": "school",
          "name": "Colegio Distrital Alemania Solidaria Sede C",
          "wheelchair": "no"
        }
      },
      "geometry": {
        "type": "Point",
        "coordinates": [
          -74.075114,
          4.6600909
        ]
      }
    },
    {
      "type": "Feature",
      "properties": {
        "id": 582533014,
        "nombre": "Colegio Jean Piaget",
        "categoria": "educacion",
        "subcategoria": "school",
        "tags": {
          "amenity": "school",
          "name": "Colegio Jean Piaget"
        }
      },
      "geometry": {
        "type": "Point",
        "coordinates": [
          -74.1223275,
          4.663203
        ]
      }
    },
    {
      "type": "Feature",
      "properties": {
        "id": 582533297,
        "nombre": "Gimnasio Camelot",
        "categoria": "educacion",
        "subcategoria": "school",
        "tags": {
          "amenity": "school",
          "name": "Gimnasio Camelot"
        }
      },
      "geometry": {
        "type": "Point",
        "coordinates": [
          -74.1272091,
          4.6678706
        ]
      }
    },
    {
      "type": "Feature",
      "properties": {
        "id": 604129221,
        "nombre": "passport",
        "categoria": "educacion",
        "subcategoria": "university",
        "tags": {
          "amenity": "university",
          "name": "passport"
        }
      },
      "geometry": {
        "type": "Point",
        "coordinates": [
          -74.0573312,
          4.6825047
        ]
      }
    },
    {
      "type": "Feature",
      "properties": {
        "id": 606763444,
        "nombre": "Instituto Ferrini",
        "categoria": "educacion",
        "subcategoria": "school",
        "tags": {
          "amenity": "school",
          "name": "Instituto Ferrini"
        }
      },
      "geometry": {
        "type": "Point",
        "coordinates": [
          -74.0412126,
          4.7177889
        ]
      }
    },
    {
      "type": "Feature",
      "properties": {
        "id": 611312681,
        "nombre": "Bilingual School",
        "categoria": "educacion",
        "subcategoria": "school",
        "tags": {
          "amenity": "school",
          "name": "Bilingual School"
        }
      },
      "geometry": {
        "type": "Point",
        "coordinates": [
          -74.1029547,
          4.5969515
        ]
      }
    },
    {
      "type": "Feature",
      "properties": {
        "id": 616522533,
        "nombre": "Instituto Educativo Distrital Antonio Villavicencio sede B",
        "categoria": "educacion",
        "subcategoria": "school",
        "tags": {
          "amenity": "school",
          "name": "Instituto Educativo Distrital Antonio Villavicencio sede B"
        }
      },
      "geometry": {
        "type": "Point",
        "coordinates": [
          -74.1404349,
          4.7090276
        ]
      }
    },
    {
      "type": "Feature",
      "properties": {
        "id": 616950234,
        "nombre": "Centro Educativo Scalas",
        "categoria": "educacion",
        "subcategoria": "college",
        "tags": {
          "amenity": "college",
          "name": "Centro Educativo Scalas"
        }
      },
      "geometry": {
        "type": "Point",
        "coordinates": [
          -74.1061219,
          4.6904935
        ]
      }
    },
    {
      "type": "Feature",
      "properties": {
        "id": 616950236,
        "nombre": "Sin Nombre",
        "categoria": "educacion",
        "subcategoria": "school",
        "tags": {
          "amenity": "school"
        }
      },
      "geometry": {
        "type": "Point",
        "coordinates": [
          -74.1033014,
          4.6891185
        ]
      }
    },
    {
      "type": "Feature",
      "properties": {
        "id": 616950278,
        "nombre": "Chamberlain",
        "categoria": "educacion",
        "subcategoria": "school",
        "tags": {
          "amenity": "school",
          "name": "Chamberlain"
        }
      },
      "geometry": {
        "type": "Point",
        "coordinates": [
          -74.1406143,
          4.7111496
        ]
      }
    },
    {
      "type": "Feature",
      "properties": {
        "id": 650338201,
        "nombre": "I e d salitre",
        "categoria": "educacion",
        "subcategoria": "school",
        "tags": {
          "amenity": "school",
          "name": "I e d salitre",
          "name:es": "I e d salitre",
          "shop": "travel_agency"
        }
      },
      "geometry": {
        "type": "Point",
        "coordinates": [
          -73.9934666,
          4.6775703
        ]
      }
    },
    {
      "type": "Feature",
      "properties": {
        "id": 650340249,
        "nombre": "Escuela Meusa",
        "categoria": "educacion",
        "subcategoria": "school",
        "tags": {
          "amenity": "school",
          "name": "Escuela Meusa"
        }
      },
      "geometry": {
        "type": "Point",
        "coordinates": [
          -73.9368613,
          4.8526263
        ]
      }
    },
    {
      "type": "Feature",
      "properties": {
        "id": 662223738,
        "nombre": "Gimnasio Semillitas",
        "categoria": "educacion",
        "subcategoria": "school",
        "tags": {
          "amenity": "school",
          "name": "Gimnasio Semillitas"
        }
      },
      "geometry": {
        "type": "Point",
        "coordinates": [
          -74.103554,
          4.6689401
        ]
      }
    },
    {
      "type": "Feature",
      "properties": {
        "id": 673003720,
        "nombre": "Mi Segundo Hogar",
        "categoria": "educacion",
        "subcategoria": "school",
        "tags": {
          "amenity": "school",
          "name": "Mi Segundo Hogar"
        }
      },
      "geometry": {
        "type": "Point",
        "coordinates": [
          -74.1420599,
          4.6114322
        ]
      }
    },
    {
      "type": "Feature",
      "properties": {
        "id": 703340973,
        "nombre": "Domingo Sabio Meusa",
        "categoria": "educacion",
        "subcategoria": "school",
        "tags": {
          "amenity": "school",
          "divipola": "25758",
          "fixme": "Revisar: este punto fue creado por importación directa",
          "is_in": "Colombia; Cundinamarca ; Sopó",
          "name": "Domingo Sabio Meusa",
          "note": "GEOPUNTO, PUNTO DE INTERES, f58d20761f0fc62c7c361f1500e82bf7",
          "source": "OCHA Colombia 2010"
        }
      },
      "geometry": {
        "type": "Point",
        "coordinates": [
          -73.9344905,
          4.8507168
        ]
      }
    },
    {
      "type": "Feature",
      "properties": {
        "id": 726531379,
        "nombre": "Sin Nombre",
        "categoria": "educacion",
        "subcategoria": "school",
        "tags": {
          "amenity": "school"
        }
      },
      "geometry": {
        "type": "Point",
        "coordinates": [
          -74.0409497,
          4.8650337
        ]
      }
    },
    {
      "type": "Feature",
      "properties": {
        "id": 760376907,
        "nombre": "Sin Nombre",
        "categoria": "educacion",
        "subcategoria": "school",
        "tags": {
          "amenity": "school"
        }
      },
      "geometry": {
        "type": "Point",
        "coordinates": [
          -74.1614467,
          4.6011107
        ]
      }
    },
    {
      "type": "Feature",
      "properties": {
        "id": 760376916,
        "nombre": "Gimansio Bautista",
        "categoria": "educacion",
        "subcategoria": "school",
        "tags": {
          "amenity": "school",
          "name": "Gimansio Bautista"
        }
      },
      "geometry": {
        "type": "Point",
        "coordinates": [
          -74.1396673,
          4.6083442
        ]
      }
    },
    {
      "type": "Feature",
      "properties": {
        "id": 803671489,
        "nombre": "Colegio El Triunfo",
        "categoria": "educacion",
        "subcategoria": "school",
        "tags": {
          "amenity": "school",
          "name": "Colegio El Triunfo"
        }
      },
      "geometry": {
        "type": "Point",
        "coordinates": [
          -74.123797,
          4.5224935
        ]
      }
    },
    {
      "type": "Feature",
      "properties": {
        "id": 835477161,
        "nombre": "Jose Joaquin Vargas",
        "categoria": "educacion",
        "subcategoria": "school",
        "tags": {
          "amenity": "school",
          "name": "Jose Joaquin Vargas"
        }
      },
      "geometry": {
        "type": "Point",
        "coordinates": [
          -74.105391,
          4.6894223
        ]
      }
    },
    {
      "type": "Feature",
      "properties": {
        "id": 835477980,
        "nombre": "scalas",
        "categoria": "educacion",
        "subcategoria": "school",
        "tags": {
          "amenity": "school",
          "name": "scalas"
        }
      },
      "geometry": {
        "type": "Point",
        "coordinates": [
          -74.1063888,
          4.6902457
        ]
      }
    },
    {
      "type": "Feature",
      "properties": {
        "id": 835482162,
        "nombre": "Bogota Andino",
        "categoria": "educacion",
        "subcategoria": "school",
        "tags": {
          "amenity": "school",
          "name": "Bogota Andino"
        }
      },
      "geometry": {
        "type": "Point",
        "coordinates": [
          -74.1047365,
          4.6864818
        ]
      }
    },
    {
      "type": "Feature",
      "properties": {
        "id": 900078812,
        "nombre": "Rafael Pombo",
        "categoria": "educacion",
        "subcategoria": "school",
        "tags": {
          "amenity": "school",
          "name": "Rafael Pombo"
        }
      },
      "geometry": {
        "type": "Point",
        "coordinates": [
          -74.2935654,
          4.5485554
        ]
      }
    },
    {
      "type": "Feature",
      "properties": {
        "id": 908484495,
        "nombre": "Kids Country House",
        "categoria": "educacion",
        "subcategoria": "school",
        "tags": {
          "addr:street": "Carrera 82",
          "amenity": "school",
          "name": "Kids Country House",
          "source": "Kaart Ground Survey 2017"
        }
      },
      "geometry": {
        "type": "Point",
        "coordinates": [
          -74.1245047,
          4.6677581
        ]
      }
    },
    {
      "type": "Feature",
      "properties": {
        "id": 921106581,
        "nombre": "Liceo la Coruña",
        "categoria": "educacion",
        "subcategoria": "school",
        "tags": {
          "amenity": "school",
          "name": "Liceo la Coruña"
        }
      },
      "geometry": {
        "type": "Point",
        "coordinates": [
          -74.1514048,
          4.577514
        ]
      }
    },
    {
      "type": "Feature",
      "properties": {
        "id": 921760114,
        "nombre": "IED San Carlos sede A",
        "categoria": "educacion",
        "subcategoria": "school",
        "tags": {
          "amenity": "school",
          "name": "IED San Carlos sede A"
        }
      },
      "geometry": {
        "type": "Point",
        "coordinates": [
          -74.1311917,
          4.5653386
        ]
      }
    },
    {
      "type": "Feature",
      "properties": {
        "id": 921773216,
        "nombre": "IED Rufino José Cuervo - Sede B",
        "categoria": "educacion",
        "subcategoria": "school",
        "tags": {
          "amenity": "school",
          "name": "IED Rufino José Cuervo - Sede B"
        }
      },
      "geometry": {
        "type": "Point",
        "coordinates": [
          -74.1229721,
          4.5559015
        ]
      }
    },
    {
      "type": "Feature",
      "properties": {
        "id": 937898317,
        "nombre": "LaSalle College",
        "categoria": "educacion",
        "subcategoria": "school",
        "tags": {
          "amenity": "school",
          "name": "LaSalle College"
        }
      },
      "geometry": {
        "type": "Point",
        "coordinates": [
          -74.0578906,
          4.6616245
        ]
      }
    },
    {
      "type": "Feature",
      "properties": {
        "id": 956648574,
        "nombre": "IED El Salitre Suba",
        "categoria": "educacion",
        "subcategoria": "school",
        "tags": {
          "amenity": "school",
          "name": "IED El Salitre Suba"
        }
      },
      "geometry": {
        "type": "Point",
        "coordinates": [
          -74.0882217,
          4.7528265
        ]
      }
    },
    {
      "type": "Feature",
      "properties": {
        "id": 959901878,
        "nombre": "Colegio Biligüe Nueva Alejandria Sede A",
        "categoria": "educacion",
        "subcategoria": "school",
        "tags": {
          "amenity": "school",
          "name": "Colegio Biligüe Nueva Alejandria Sede A"
        }
      },
      "geometry": {
        "type": "Point",
        "coordinates": [
          -74.117884,
          4.6701463
        ]
      }
    },
    {
      "type": "Feature",
      "properties": {
        "id": 968822776,
        "nombre": "Spanish World Institute",
        "categoria": "educacion",
        "subcategoria": "school",
        "tags": {
          "amenity": "school",
          "name": "Spanish World Institute"
        }
      },
      "geometry": {
        "type": "Point",
        "coordinates": [
          -74.0606715,
          4.6420703
        ]
      }
    },
    {
      "type": "Feature",
      "properties": {
        "id": 997736680,
        "nombre": "UNICIENCIA Sede Artes",
        "categoria": "educacion",
        "subcategoria": "university",
        "tags": {
          "amenity": "university",
          "name": "UNICIENCIA Sede Artes"
        }
      },
      "geometry": {
        "type": "Point",
        "coordinates": [
          -74.0623842,
          4.6607725
        ]
      }
    },
    {
      "type": "Feature",
      "properties": {
        "id": 998988969,
        "nombre": "Colegio Colombo Irlandes",
        "categoria": "educacion",
        "subcategoria": "school",
        "tags": {
          "addr:postcode": "250002",
          "amenity": "school",
          "name": "Colegio Colombo Irlandes"
        }
      },
      "geometry": {
        "type": "Point",
        "coordinates": [
          -74.0581081,
          4.8702265
        ]
      }
    },
    {
      "type": "Feature",
      "properties": {
        "id": 1062669633,
        "nombre": "Lapicito Magico",
        "categoria": "educacion",
        "subcategoria": "school",
        "tags": {
          "addr:city": "Bogotá",
          "addr:street": "Carrera 75",
          "amenity": "school",
          "name": "Lapicito Magico",
          "source": "Kaart Ground Survey 2017"
        }
      },
      "geometry": {
        "type": "Point",
        "coordinates": [
          -74.121681,
          4.6645887
        ]
      }
    },
    {
      "type": "Feature",
      "properties": {
        "id": 1110053369,
        "nombre": "Mariscal Sucre",
        "categoria": "educacion",
        "subcategoria": "school",
        "tags": {
          "amenity": "school",
          "name": "Mariscal Sucre"
        }
      },
      "geometry": {
        "type": "Point",
        "coordinates": [
          -74.0612203,
          4.6306999
        ]
      }
    },
    {
      "type": "Feature",
      "properties": {
        "id": 1110067651,
        "nombre": "Nuestra Señora del Rosario",
        "categoria": "educacion",
        "subcategoria": "school",
        "tags": {
          "amenity": "school",
          "name": "Nuestra Señora del Rosario"
        }
      },
      "geometry": {
        "type": "Point",
        "coordinates": [
          -74.2121185,
          4.7153795
        ]
      }
    },
    {
      "type": "Feature",
      "properties": {
        "id": 1110067653,
        "nombre": "Colegio Parroquial Santiago Apóstol",
        "categoria": "educacion",
        "subcategoria": "school",
        "tags": {
          "amenity": "school",
          "name": "Colegio Parroquial Santiago Apóstol"
        }
      },
      "geometry": {
        "type": "Point",
        "coordinates": [
          -74.2117323,
          4.7153795
        ]
      }
    },
    {
      "type": "Feature",
      "properties": {
        "id": 1119187080,
        "nombre": "Colegio Salesiano de Leon XIII",
        "categoria": "educacion",
        "subcategoria": "school",
        "tags": {
          "amenity": "school",
          "name": "Colegio Salesiano de Leon XIII",
          "wikidata": "Q5142888",
          "wikipedia": "es:Colegio Salesiano de León XIII"
        }
      },
      "geometry": {
        "type": "Point",
        "coordinates": [
          -74.0746229,
          4.5947348
        ]
      }
    },
    {
      "type": "Feature",
      "properties": {
        "id": 1119603209,
        "nombre": "Corporación Universitaria Iberoamericana",
        "categoria": "educacion",
        "subcategoria": "university",
        "tags": {
          "amenity": "university",
          "name": "Corporación Universitaria Iberoamericana"
        }
      },
      "geometry": {
        "type": "Point",
        "coordinates": [
          -74.0573703,
          4.6499469
        ]
      }
    },
    {
      "type": "Feature",
      "properties": {
        "id": 1137809689,
        "nombre": "Instituto Marsella",
        "categoria": "educacion",
        "subcategoria": "school",
        "tags": {
          "alt_name": "INSMAR",
          "amenity": "school",
          "name": "Instituto Marsella"
        }
      },
      "geometry": {
        "type": "Point",
        "coordinates": [
          -74.1307044,
          4.632297
        ]
      }
    },
    {
      "type": "Feature",
      "properties": {
        "id": 1191103597,
        "nombre": "Esc. Primaria",
        "categoria": "educacion",
        "subcategoria": "school",
        "tags": {
          "amenity": "school",
          "name": "Esc. Primaria"
        }
      },
      "geometry": {
        "type": "Point",
        "coordinates": [
          -73.9464867,
          4.5615719
        ]
      }
    },
    {
      "type": "Feature",
      "properties": {
        "id": 1193341431,
        "nombre": "Alafas del Norte",
        "categoria": "educacion",
        "subcategoria": "school",
        "tags": {
          "amenity": "school",
          "name": "Alafas del Norte"
        }
      },
      "geometry": {
        "type": "Point",
        "coordinates": [
          -74.0994622,
          4.7334409
        ]
      }
    },
    {
      "type": "Feature",
      "properties": {
        "id": 1193388491,
        "nombre": "Colegio de Nuestra Señora de la Consolación",
        "categoria": "educacion",
        "subcategoria": "school",
        "tags": {
          "amenity": "school",
          "denomination": "catholic",
          "name": "Colegio de Nuestra Señora de la Consolación",
          "religion": "christian"
        }
      },
      "geometry": {
        "type": "Point",
        "coordinates": [
          -74.0616126,
          4.655913
        ]
      }
    },
    {
      "type": "Feature",
      "properties": {
        "id": 1194231093,
        "nombre": "IED Colegio Silveria Espinosa de Rendón Sede C",
        "categoria": "educacion",
        "subcategoria": "school",
        "tags": {
          "addr:housename": "Calle 5b 60",
          "addr:housenumber": "29",
          "amenity": "school",
          "name": "IED Colegio Silveria Espinosa de Rendón Sede C"
        }
      },
      "geometry": {
        "type": "Point",
        "coordinates": [
          -74.1170475,
          4.6269178
        ]
      }
    },
    {
      "type": "Feature",
      "properties": {
        "id": 1194584978,
        "nombre": "Gimnasio romano mixto",
        "categoria": "educacion",
        "subcategoria": "college",
        "tags": {
          "amenity": "college",
          "name": "Gimnasio romano mixto"
        }
      },
      "geometry": {
        "type": "Point",
        "coordinates": [
          -74.1004827,
          4.7353689
        ]
      }
    },
    {
      "type": "Feature",
      "properties": {
        "id": 1230755814,
        "nombre": "Colegio Distrital Nueva Castilla",
        "categoria": "educacion",
        "subcategoria": "school",
        "tags": {
          "addr:full": "CARRERA 78 No. 8 - 43",
          "amenity": "school",
          "name": "Colegio Distrital Nueva Castilla"
        }
      },
      "geometry": {
        "type": "Point",
        "coordinates": [
          -74.1415994,
          4.6385011
        ]
      }
    },
    {
      "type": "Feature",
      "properties": {
        "id": 1230755855,
        "nombre": "COLEGIO DISTRITAL NIDIA QUINTERO DE TURBAY - SEDE B",
        "categoria": "educacion",
        "subcategoria": "school",
        "tags": {
          "addr:full": "DIAGONAL 74 B No. 87 - 40",
          "amenity": "school",
          "name": "COLEGIO DISTRITAL NIDIA QUINTERO DE TURBAY - SEDE B"
        }
      },
      "geometry": {
        "type": "Point",
        "coordinates": [
          -74.1051734,
          4.6994763
        ]
      }
    },
    {
      "type": "Feature",
      "properties": {
        "id": 1230755951,
        "nombre": "Colegio Distrital Manuela Ayala",
        "categoria": "educacion",
        "subcategoria": "school",
        "tags": {
          "addr:full": "CARRERA 28 B No. 65 - 80",
          "amenity": "school",
          "name": "Colegio Distrital Manuela Ayala"
        }
      },
      "geometry": {
        "type": "Point",
        "coordinates": [
          -74.0730576,
          4.6590446
        ]
      }
    },
    {
      "type": "Feature",
      "properties": {
        "id": 1230755969,
        "nombre": "Colegio Distrital Tabora - Sede B",
        "categoria": "educacion",
        "subcategoria": "school",
        "tags": {
          "addr:full": "CALLE 74 B No. 73 A - 20",
          "amenity": "school",
          "name": "Colegio Distrital Tabora - Sede B"
        }
      },
      "geometry": {
        "type": "Point",
        "coordinates": [
          -74.0952502,
          4.6905486
        ]
      }
    },
    {
      "type": "Feature",
      "properties": {
        "id": 1230755990,
        "nombre": "COLEGIO DISTRITAL PROVINCIA DE QUEBEC - SEDE A",
        "categoria": "educacion",
        "subcategoria": "school",
        "tags": {
          "addr:full": "CALLE 74 C SUR No. 14 - 40 ESTE",
          "amenity": "school",
          "name": "COLEGIO DISTRITAL PROVINCIA DE QUEBEC - SEDE A",
          "puesto_votacion": "LA FLORA",
          "source": "Registraduría 2010"
        }
      },
      "geometry": {
        "type": "Point",
        "coordinates": [
          -74.0909716,
          4.5161836
        ]
      }
    },
    {
      "type": "Feature",
      "properties": {
        "id": 1230755996,
        "nombre": "IED Silveria Espinosa Rendon - Sede C",
        "categoria": "educacion",
        "subcategoria": "school",
        "tags": {
          "addr:street": "CALLE 5 B No. 60 - 29",
          "amenity": "school",
          "name": "IED Silveria Espinosa Rendon - Sede C"
        }
      },
      "geometry": {
        "type": "Point",
        "coordinates": [
          -74.1193248,
          4.624287
        ]
      }
    },
    {
      "type": "Feature",
      "properties": {
        "id": 1230756078,
        "nombre": "Colegio Distrital Cristobal Colón",
        "categoria": "educacion",
        "subcategoria": "college",
        "tags": {
          "addr:full": "CALLE 165 No. 8 A - 03",
          "amenity": "college",
          "name": "Colegio Distrital Cristobal Colón",
          "puesto_votacion": "LA CITA",
          "source": "Registraduría 2010"
        }
      },
      "geometry": {
        "type": "Point",
        "coordinates": [
          -74.0171487,
          4.7370531
        ]
      }
    },
    {
      "type": "Feature",
      "properties": {
        "id": 1230756114,
        "nombre": "Colegio Distrital Aquileo Parra",
        "categoria": "educacion",
        "subcategoria": "college",
        "tags": {
          "addr:full": "CARRERA 18 A No. 187 - 71",
          "amenity": "college",
          "name": "Colegio Distrital Aquileo Parra",
          "puesto_votacion": "EL VERBENAL II SECTOR",
          "source": "Registraduría 2010"
        }
      },
      "geometry": {
        "type": "Point",
        "coordinates": [
          -74.0323905,
          4.7646219
        ]
      }
    },
    {
      "type": "Feature",
      "properties": {
        "id": 1230756159,
        "nombre": "Colegio Distrital El Quindío - Sede B",
        "categoria": "educacion",
        "subcategoria": "school",
        "tags": {
          "addr:full": "CALLE 46 G SUR No. 16 A - 01 ESTE",
          "amenity": "school",
          "name": "Colegio Distrital El Quindío - Sede B"
        }
      },
      "geometry": {
        "type": "Point",
        "coordinates": [
          -74.0829018,
          4.5375232
        ]
      }
    },
    {
      "type": "Feature",
      "properties": {
        "id": 1230756166,
        "nombre": "COLEGIO NUESTRA SEÑORA DE LA PRESENTACIÓN",
        "categoria": "educacion",
        "subcategoria": "school",
        "tags": {
          "addr:full": "CALLE 19 No. 19 - 27",
          "amenity": "school",
          "name": "COLEGIO NUESTRA SEÑORA DE LA PRESENTACIÓN"
        }
      },
      "geometry": {
        "type": "Point",
        "coordinates": [
          -74.0810315,
          4.6124326
        ]
      }
    },
    {
      "type": "Feature",
      "properties": {
        "id": 1230756183,
        "nombre": "COLEGIO DISTRITAL ÁLVARO GÓMEZ HURTADO",
        "categoria": "educacion",
        "subcategoria": "school",
        "tags": {
          "addr:full": "CARRERA 100 A No. 128 B - 02",
          "amenity": "school",
          "name": "COLEGIO DISTRITAL ÁLVARO GÓMEZ HURTADO"
        }
      },
      "geometry": {
        "type": "Point",
        "coordinates": [
          -74.0967365,
          4.7313405
        ]
      }
    },
    {
      "type": "Feature",
      "properties": {
        "id": 1230756230,
        "nombre": "COLEGIO DISTRITAL SANTA ROSA - SEDE A",
        "categoria": "educacion",
        "subcategoria": "school",
        "tags": {
          "addr:full": "CALLE 102 A No. 70 - 40",
          "amenity": "school",
          "name": "COLEGIO DISTRITAL SANTA ROSA - SEDE A"
        }
      },
      "geometry": {
        "type": "Point",
        "coordinates": [
          -74.0746961,
          4.6967792
        ]
      }
    },
    {
      "type": "Feature",
      "properties": {
        "id": 1230756326,
        "nombre": "Colegio Distrital de Venezuela",
        "categoria": "educacion",
        "subcategoria": "school",
        "tags": {
          "addr:full": "CALLE 22 A No. 19 A - 46",
          "amenity": "school",
          "name": "Colegio Distrital de Venezuela"
        }
      },
      "geometry": {
        "type": "Point",
        "coordinates": [
          -74.0795449,
          4.6150914
        ]
      }
    },
    {
      "type": "Feature",
      "properties": {
        "id": 1230756367,
        "nombre": "Colegio Distrital La Paz",
        "categoria": "educacion",
        "subcategoria": "school",
        "tags": {
          "addr:full": "DIAGONAL 52 A SUR No. 5 B -48",
          "amenity": "school",
          "name": "Colegio Distrital La Paz"
        }
      },
      "geometry": {
        "type": "Point",
        "coordinates": [
          -74.1167825,
          4.5434637
        ]
      }
    },
    {
      "type": "Feature",
      "properties": {
        "id": 1230756394,
        "nombre": "Instituto Tecnico Distrital Francisco Jose de Caldas - Sede B",
        "categoria": "educacion",
        "subcategoria": "school",
        "tags": {
          "addr:full": "CALLE 64 F BIS No. 68 G - 16",
          "amenity": "school",
          "name": "Instituto Tecnico Distrital Francisco Jose de Caldas - Sede B"
        }
      },
      "geometry": {
        "type": "Point",
        "coordinates": [
          -74.0936353,
          4.6729415
        ]
      }
    },
    {
      "type": "Feature",
      "properties": {
        "id": 1230756491,
        "nombre": "Colegio Calasanz Femenino",
        "categoria": "educacion",
        "subcategoria": "school",
        "tags": {
          "addr:full": "CALLE 45 No. 45 - 51",
          "amenity": "school",
          "name": "Colegio Calasanz Femenino"
        }
      },
      "geometry": {
        "type": "Point",
        "coordinates": [
          -74.0911994,
          4.6474798
        ]
      }
    },
    {
      "type": "Feature",
      "properties": {
        "id": 1230756495,
        "nombre": "Colegio Distrital Marco Tulio Fernandez - Sede B",
        "categoria": "educacion",
        "subcategoria": "school",
        "tags": {
          "addr:full": "TRANSVERSAL 76 B No. 51 A - 57",
          "amenity": "school",
          "name": "Colegio Distrital Marco Tulio Fernandez - Sede B"
        }
      },
      "geometry": {
        "type": "Point",
        "coordinates": [
          -74.1127085,
          4.6741099
        ]
      }
    },
    {
      "type": "Feature",
      "properties": {
        "id": 1230756507,
        "nombre": "COLEGIO DISTRITAL NIDIA QUINTERO DE TURBAY - SEDE A",
        "categoria": "educacion",
        "subcategoria": "school",
        "tags": {
          "addr:full": "CALLE 75 No. 90 - 75",
          "amenity": "school",
          "name": "COLEGIO DISTRITAL NIDIA QUINTERO DE TURBAY - SEDE A"
        }
      },
      "geometry": {
        "type": "Point",
        "coordinates": [
          -74.1080323,
          4.7018619
        ]
      }
    },
    {
      "type": "Feature",
      "properties": {
        "id": 1230756551,
        "nombre": "Colegio Distrital Rodrigo de Triana - Sede B",
        "categoria": "educacion",
        "subcategoria": "school",
        "tags": {
          "addr:full": "CARRERA 90 A No. 39 - 12 SUR",
          "amenity": "school",
          "name": "Colegio Distrital Rodrigo de Triana - Sede B"
        }
      },
      "geometry": {
        "type": "Point",
        "coordinates": [
          -74.1695683,
          4.6407668
        ]
      }
    },
    {
      "type": "Feature",
      "properties": {
        "id": 1230756571,
        "nombre": "Colegio Distrital Cecilia de la Fuente Lleras - Sede B",
        "categoria": "educacion",
        "subcategoria": "school",
        "tags": {
          "addr:full": "CARRERA 8 No. 53 A - 44 SUR",
          "amenity": "school",
          "name": "Colegio Distrital Cecilia de la Fuente Lleras - Sede B"
        }
      },
      "geometry": {
        "type": "Point",
        "coordinates": [
          -74.1238687,
          4.5553684
        ]
      }
    },
    {
      "type": "Feature",
      "properties": {
        "id": 1230756580,
        "nombre": "Colegio Distrital Policarpa Salavarrieta",
        "categoria": "educacion",
        "subcategoria": "school",
        "tags": {
          "addr:full": "CALLE 77 No. 22 - 66/68",
          "amenity": "school",
          "name": "Colegio Distrital Policarpa Salavarrieta"
        }
      },
      "geometry": {
        "type": "Point",
        "coordinates": [
          -74.0628002,
          4.6665989
        ]
      }
    },
    {
      "type": "Feature",
      "properties": {
        "id": 1230756645,
        "nombre": "Colegio Distrital Florida Blanca - Sede B",
        "categoria": "educacion",
        "subcategoria": "school",
        "tags": {
          "addr:full": "CARRERA 89 No. 66 A - 14",
          "amenity": "school",
          "name": "Colegio Distrital Florida Blanca - Sede B"
        }
      },
      "geometry": {
        "type": "Point",
        "coordinates": [
          -74.1113822,
          4.6914386
        ]
      }
    },
    {
      "type": "Feature",
      "properties": {
        "id": 1230756713,
        "nombre": "Colegio Distrital Juán José Rondón",
        "categoria": "educacion",
        "subcategoria": "college",
        "tags": {
          "addr:full": "CARRERA 17 ESTE No. 87 B - 39 SUR",
          "amenity": "college",
          "name": "Colegio Distrital Juán José Rondón",
          "puesto_votacion": "JUAN JOSE RONDÓN",
          "source": "Registraduría 2010"
        }
      },
      "geometry": {
        "type": "Point",
        "coordinates": [
          -74.0874994,
          4.4991915
        ]
      }
    },
    {
      "type": "Feature",
      "properties": {
        "id": 1230756732,
        "nombre": "COLEGIO DISTRITAL HUNZA - SEDE B",
        "categoria": "educacion",
        "subcategoria": "school",
        "tags": {
          "addr:full": "CALLE 128 B No. 87 D - 05",
          "amenity": "school",
          "name": "COLEGIO DISTRITAL HUNZA - SEDE B"
        }
      },
      "geometry": {
        "type": "Point",
        "coordinates": [
          -74.0855518,
          4.726879
        ]
      }
    },
    {
      "type": "Feature",
      "properties": {
        "id": 1230756796,
        "nombre": "Colegio Hijas de Cristo Rey",
        "categoria": "educacion",
        "subcategoria": "school",
        "tags": {
          "addr:city": "Bogotá",
          "addr:full": "Calle 138 No. 58 D - 50",
          "addr:street": "Calle 138",
          "amenity": "school",
          "name": "Colegio Hijas de Cristo Rey"
        }
      },
      "geometry": {
        "type": "Point",
        "coordinates": [
          -74.0747609,
          4.7331234
        ]
      }
    },
    {
      "type": "Feature",
      "properties": {
        "id": 1230756864,
        "nombre": "COLEGIO DISTRITAL LA TOSCANA - SEDE A",
        "categoria": "educacion",
        "subcategoria": "school",
        "tags": {
          "addr:full": "CALLE 133 No. 131 - 45",
          "amenity": "school",
          "name": "COLEGIO DISTRITAL LA TOSCANA - SEDE A"
        }
      },
      "geometry": {
        "type": "Point",
        "coordinates": [
          -74.1135195,
          4.7434103
        ]
      }
    },
    {
      "type": "Feature",
      "properties": {
        "id": 1230756916,
        "nombre": "Colegio El Prado",
        "categoria": "educacion",
        "subcategoria": "school",
        "tags": {
          "addr:full": "CALLE 132 No. 50 - 40",
          "amenity": "school",
          "name": "Colegio El Prado"
        }
      },
      "geometry": {
        "type": "Point",
        "coordinates": [
          -74.0651216,
          4.7218839
        ]
      }
    },
    {
      "type": "Feature",
      "properties": {
        "id": 1230756959,
        "nombre": "Colegio Distrital Alemania Unificada - Sede A",
        "categoria": "educacion",
        "subcategoria": "school",
        "tags": {
          "addr:full": "CALLE 38 A SUR No. 2 N - 09",
          "amenity": "school",
          "name": "Colegio Distrital Alemania Unificada - Sede A"
        }
      },
      "geometry": {
        "type": "Point",
        "coordinates": [
          -74.1001281,
          4.5575972
        ]
      }
    },
    {
      "type": "Feature",
      "properties": {
        "id": 1230757017,
        "nombre": "Colegio Tecnológico de Suba",
        "categoria": "educacion",
        "subcategoria": "school",
        "tags": {
          "addr:full": "CALLE 130 No. 90 - 21",
          "amenity": "school",
          "name": "Colegio Tecnológico de Suba"
        }
      },
      "geometry": {
        "type": "Point",
        "coordinates": [
          -74.0862644,
          4.7287698
        ]
      }
    },
    {
      "type": "Feature",
      "properties": {
        "id": 1230757063,
        "nombre": "Colegio Americano",
        "categoria": "educacion",
        "subcategoria": "school",
        "tags": {
          "addr:full": "CARRERA 22 No. 46 - 15",
          "addr:housenumber": "45A-51",
          "addr:street": "Carrera 22",
          "amenity": "school",
          "name": "Colegio Americano",
          "puesto_votacion": "PALERMO",
          "source": "Registraduría 2010",
          "website": "https://www.colamericano.edu.co/"
        }
      },
      "geometry": {
        "type": "Point",
        "coordinates": [
          -74.0736312,
          4.6347261
        ]
      }
    },
    {
      "type": "Feature",
      "properties": {
        "id": 1230757126,
        "nombre": "IED Guillermo Cano Isaza",
        "categoria": "educacion",
        "subcategoria": "school",
        "tags": {
          "addr:full": "CARRERA 16 C No. 62 - 35 SUR",
          "addr:street": "Carrera 16C",
          "amenity": "school",
          "name": "IED Guillermo Cano Isaza",
          "source": "Kaart Ground Survey 2017"
        }
      },
      "geometry": {
        "type": "Point",
        "coordinates": [
          -74.1361412,
          4.5568865
        ]
      }
    },
    {
      "type": "Feature",
      "properties": {
        "id": 1230757146,
        "nombre": "Colegio Distrital Campestre Monteverde",
        "categoria": "educacion",
        "subcategoria": "school",
        "tags": {
          "addr:full": "CARRERA 5 C ESTE No. 98 A - 55",
          "addr:postcode": "110211",
          "amenity": "school",
          "name": "Colegio Distrital Campestre Monteverde"
        }
      },
      "geometry": {
        "type": "Point",
        "coordinates": [
          -74.0213732,
          4.6706236
        ]
      }
    },
    {
      "type": "Feature",
      "properties": {
        "id": 1230757151,
        "nombre": "Colegio Distrital Alemania",
        "categoria": "educacion",
        "subcategoria": "school",
        "tags": {
          "addr:full": "CARRERA 28 No. 63 - 64",
          "amenity": "school",
          "name": "Colegio Distrital Alemania"
        }
      },
      "geometry": {
        "type": "Point",
        "coordinates": [
          -74.0751659,
          4.6519471
        ]
      }
    },
    {
      "type": "Feature",
      "properties": {
        "id": 1230757157,
        "nombre": "IED Colegio Tabora - Sede A",
        "categoria": "educacion",
        "subcategoria": "college",
        "tags": {
          "addr:full": "CARRERA 77 B No. 74 A - 02",
          "amenity": "college",
          "name": "IED Colegio Tabora - Sede A",
          "puesto_votacion": "TABORA",
          "source": "Registraduría 2010"
        }
      },
      "geometry": {
        "type": "Point",
        "coordinates": [
          -74.0980751,
          4.6940904
        ]
      }
    },
    {
      "type": "Feature",
      "properties": {
        "id": 1230757199,
        "nombre": "Liceo Los Alcazares",
        "categoria": "educacion",
        "subcategoria": "school",
        "tags": {
          "addr:full": "CARRERA 26 No. 69 - 95",
          "amenity": "school",
          "name": "Liceo Los Alcazares"
        }
      },
      "geometry": {
        "type": "Point",
        "coordinates": [
          -74.069836,
          4.6608685
        ]
      }
    },
    {
      "type": "Feature",
      "properties": {
        "id": 1230757282,
        "nombre": "Colegio Distrital Heladia Mejia - Sede B",
        "categoria": "educacion",
        "subcategoria": "school",
        "tags": {
          "addr:full": "CALLE 64 No. 20 - 21",
          "amenity": "school",
          "name": "Colegio Distrital Heladia Mejia - Sede B"
        }
      },
      "geometry": {
        "type": "Point",
        "coordinates": [
          -74.0692926,
          4.6545981
        ]
      }
    },
    {
      "type": "Feature",
      "properties": {
        "id": 1230757290,
        "nombre": "Colegio Distrital Simón Rodríguez - Sede B",
        "categoria": "educacion",
        "subcategoria": "school",
        "tags": {
          "addr:full": "CALLE 65 No. 3 - 90",
          "amenity": "school",
          "name": "Colegio Distrital Simón Rodríguez - Sede B"
        }
      },
      "geometry": {
        "type": "Point",
        "coordinates": [
          -74.0559127,
          4.6470824
        ]
      }
    },
    {
      "type": "Feature",
      "properties": {
        "id": 1230757303,
        "nombre": "Colegio Distrital Manuela Ayala de Gaitan - Sede B",
        "categoria": "educacion",
        "subcategoria": "school",
        "tags": {
          "addr:full": "CARRERA 78 No. 69 A - 11",
          "amenity": "school",
          "name": "Colegio Distrital Manuela Ayala de Gaitan - Sede B"
        }
      },
      "geometry": {
        "type": "Point",
        "coordinates": [
          -74.1040171,
          4.6878699
        ]
      }
    },
    {
      "type": "Feature",
      "properties": {
        "id": 1230757309,
        "nombre": "Colegio Distrital La Floresta Sur",
        "categoria": "educacion",
        "subcategoria": "school",
        "tags": {
          "addr:full": "CARRERA 68 B BIS No. 1 - 09 SUR",
          "amenity": "school",
          "name": "Colegio Distrital La Floresta Sur"
        }
      },
      "geometry": {
        "type": "Point",
        "coordinates": [
          -74.1260272,
          4.6206966
        ]
      }
    },
    {
      "type": "Feature",
      "properties": {
        "id": 1230757358,
        "nombre": "Colegio Distrital Republica de Colombia - Sede A",
        "categoria": "educacion",
        "subcategoria": "school",
        "tags": {
          "addr:full": "CALLE 68 No. 69 - 10",
          "amenity": "school",
          "name": "Colegio Distrital Republica de Colombia - Sede A"
        }
      },
      "geometry": {
        "type": "Point",
        "coordinates": [
          -74.0914447,
          4.6775299
        ]
      }
    },
    {
      "type": "Feature",
      "properties": {
        "id": 1230757389,
        "nombre": "Colegio Distrital Cundinamarca",
        "categoria": "educacion",
        "subcategoria": "school",
        "tags": {
          "addr:full": "CALLE 19 C No. 33 - 38",
          "amenity": "school",
          "name": "Colegio Distrital Cundinamarca"
        }
      },
      "geometry": {
        "type": "Point",
        "coordinates": [
          -74.0909566,
          4.6209135
        ]
      }
    },
    {
      "type": "Feature",
      "properties": {
        "id": 1230757412,
        "nombre": "Colegio Distrital Villa Elisa",
        "categoria": "educacion",
        "subcategoria": "school",
        "tags": {
          "addr:full": "CALLE 132 C No. 92 A - 71",
          "amenity": "school",
          "name": "Colegio Distrital Villa Elisa"
        }
      },
      "geometry": {
        "type": "Point",
        "coordinates": [
          -74.0875561,
          4.7318896
        ]
      }
    },
    {
      "type": "Feature",
      "properties": {
        "id": 1230757495,
        "nombre": "Colegio Distrital Manuela Ayala de Gaitan - Sede A",
        "categoria": "educacion",
        "subcategoria": "school",
        "tags": {
          "addr:full": "CALLE 71 No. 75 - 11",
          "amenity": "school",
          "name": "Colegio Distrital Manuela Ayala de Gaitan - Sede A"
        }
      },
      "geometry": {
        "type": "Point",
        "coordinates": [
          -74.0994793,
          4.6882107
        ]
      }
    },
    {
      "type": "Feature",
      "properties": {
        "id": 1230757613,
        "nombre": "IED IBEP Batavia",
        "categoria": "educacion",
        "subcategoria": "school",
        "tags": {
          "addr:full": "CARRERA 114 No- 17 C - 07",
          "amenity": "school",
          "name": "IED IBEP Batavia"
        }
      },
      "geometry": {
        "type": "Point",
        "coordinates": [
          -74.1530145,
          4.6826742
        ]
      }
    },
    {
      "type": "Feature",
      "properties": {
        "id": 1230757667,
        "nombre": "IED Prado Veraniego I",
        "categoria": "educacion",
        "subcategoria": "school",
        "tags": {
          "addr:full": "CARRERA 53 A No. 128 - 51",
          "amenity": "school",
          "name": "IED Prado Veraniego I"
        }
      },
      "geometry": {
        "type": "Point",
        "coordinates": [
          -74.0713535,
          4.7150116
        ]
      }
    },
    {
      "type": "Feature",
      "properties": {
        "id": 1230757697,
        "nombre": "Colegio Distrital Santa Rosa - Sede B",
        "categoria": "educacion",
        "subcategoria": "school",
        "tags": {
          "addr:full": "CARRERA 68 B No. 94 - 12",
          "amenity": "school",
          "name": "Colegio Distrital Santa Rosa - Sede B"
        }
      },
      "geometry": {
        "type": "Point",
        "coordinates": [
          -74.0772186,
          4.6869338
        ]
      }
    },
    {
      "type": "Feature",
      "properties": {
        "id": 1230757798,
        "nombre": "COLEGIO DISTRITAL RUBÍ JAPÓN",
        "categoria": "educacion",
        "subcategoria": "school",
        "tags": {
          "addr:full": "CALLE 128 BIS No. 93 - 80",
          "amenity": "school",
          "name": "COLEGIO DISTRITAL RUBÍ JAPÓN"
        }
      },
      "geometry": {
        "type": "Point",
        "coordinates": [
          -74.0901338,
          4.7279215
        ]
      }
    },
    {
      "type": "Feature",
      "properties": {
        "id": 1230757867,
        "nombre": "IED Republica de Argentina - Sede B",
        "categoria": "educacion",
        "subcategoria": "school",
        "tags": {
          "addr:full": "CALLE 20 No. 4 - 68",
          "amenity": "school",
          "name": "IED Republica de Argentina - Sede B"
        }
      },
      "geometry": {
        "type": "Point",
        "coordinates": [
          -74.0681335,
          4.6043346
        ]
      }
    },
    {
      "type": "Feature",
      "properties": {
        "id": 1230757957,
        "nombre": "Escuela Nacional de Comercio - Sede B",
        "categoria": "educacion",
        "subcategoria": "school",
        "tags": {
          "addr:full": "CARRERA3 ESTE No 9 - 77",
          "amenity": "school",
          "name": "Escuela Nacional de Comercio - Sede B"
        }
      },
      "geometry": {
        "type": "Point",
        "coordinates": [
          -74.0698654,
          4.5927779
        ]
      }
    },
    {
      "type": "Feature",
      "properties": {
        "id": 1230757973,
        "nombre": "Colegio de la Contraloria",
        "categoria": "educacion",
        "subcategoria": "school",
        "tags": {
          "addr:housenumber": "37-34",
          "addr:street": "Calle 57B",
          "amenity": "school",
          "name": "Colegio de la Contraloria"
        }
      },
      "geometry": {
        "type": "Point",
        "coordinates": [
          -74.0820612,
          4.6482832
        ]
      }
    },
    {
      "type": "Feature",
      "properties": {
        "id": 1230757993,
        "nombre": "IED Alfonso Lopez Pumarejo - Sede B",
        "categoria": "educacion",
        "subcategoria": "school",
        "tags": {
          "addr:full": "CALLE 40 B SUR No. 57 - 26",
          "amenity": "school",
          "name": "IED Alfonso Lopez Pumarejo - Sede B"
        }
      },
      "geometry": {
        "type": "Point",
        "coordinates": [
          -74.1410388,
          4.603289
        ]
      }
    },
    {
      "type": "Feature",
      "properties": {
        "id": 1230758025,
        "nombre": "SENA",
        "categoria": "educacion",
        "subcategoria": "college",
        "tags": {
          "addr:full": "CARRERA 13 No. 65 - 10",
          "amenity": "college",
          "name": "SENA"
        }
      },
      "geometry": {
        "type": "Point",
        "coordinates": [
          -74.0595356,
          4.6595367
        ]
      }
    },
    {
      "type": "Feature",
      "properties": {
        "id": 1230758028,
        "nombre": "Colegio Distrital Nestor Forero Alcala - Sede A",
        "categoria": "educacion",
        "subcategoria": "school",
        "tags": {
          "addr:full": "CARRERA 70 C BIS No. 71 - 33",
          "amenity": "school",
          "name": "Colegio Distrital Nestor Forero Alcala - Sede A"
        }
      },
      "geometry": {
        "type": "Point",
        "coordinates": [
          -74.0930669,
          4.6834305
        ]
      }
    },
    {
      "type": "Feature",
      "properties": {
        "id": 1230758085,
        "nombre": "Colegio Institucion de Integracion Cultural IDIC",
        "categoria": "educacion",
        "subcategoria": "school",
        "tags": {
          "addr:full": "CALLE 5 C No. 31 C - 16",
          "amenity": "school",
          "name": "Colegio Institucion de Integracion Cultural IDIC"
        }
      },
      "geometry": {
        "type": "Point",
        "coordinates": [
          -74.10091,
          4.607924
        ]
      }
    },
    {
      "type": "Feature",
      "properties": {
        "id": 1230758091,
        "nombre": "IED  Toberin",
        "categoria": "educacion",
        "subcategoria": "school",
        "tags": {
          "addr:full": "CALLE 166 No. 16 C - 15",
          "amenity": "school",
          "name": "IED  Toberin"
        }
      },
      "geometry": {
        "type": "Point",
        "coordinates": [
          -74.0239417,
          4.7451131
        ]
      }
    },
    {
      "type": "Feature",
      "properties": {
        "id": 1230758099,
        "nombre": "Colegio Distrital Alemania Solidaria Sede B",
        "categoria": "educacion",
        "subcategoria": "school",
        "tags": {
          "addr:full": "CARRERA 29 C No. 71 C - 11",
          "amenity": "school",
          "name": "Colegio Distrital Alemania Solidaria Sede B"
        }
      },
      "geometry": {
        "type": "Point",
        "coordinates": [
          -74.0699077,
          4.6648797
        ]
      }
    },
    {
      "type": "Feature",
      "properties": {
        "id": 1230758107,
        "nombre": "Colegio Distrital Naciones Unidas - Sede A",
        "categoria": "educacion",
        "subcategoria": "school",
        "tags": {
          "addr:full": "CALLE 73 BIS No. 68 G - 27",
          "amenity": "school",
          "name": "Colegio Distrital Naciones Unidas - Sede A"
        }
      },
      "geometry": {
        "type": "Point",
        "coordinates": [
          -74.0869821,
          4.6806766
        ]
      }
    },
    {
      "type": "Feature",
      "properties": {
        "id": 1230758156,
        "nombre": "Colegio Distrital Jose Joaquin Casas",
        "categoria": "educacion",
        "subcategoria": "school",
        "tags": {
          "addr:full": "CARRERA 56 No. 15 - 41",
          "amenity": "school",
          "name": "Colegio Distrital Jose Joaquin Casas"
        }
      },
      "geometry": {
        "type": "Point",
        "coordinates": [
          -74.1089879,
          4.6318167
        ]
      }
    },
    {
      "type": "Feature",
      "properties": {
        "id": 1230758178,
        "nombre": "COLEGIO CENTRO PILOTO DE EDUCACIÓN",
        "categoria": "educacion",
        "subcategoria": "school",
        "tags": {
          "addr:full": "CARRERA 123 No. 129 D - 55 (NUEVA NOMENCLATURA)",
          "amenity": "school",
          "name": "COLEGIO CENTRO PILOTO DE EDUCACIÓN"
        }
      },
      "geometry": {
        "type": "Point",
        "coordinates": [
          -74.113389,
          4.7410481
        ]
      }
    },
    {
      "type": "Feature",
      "properties": {
        "id": 1230758278,
        "nombre": "Colegio Distrital Faustino Sarmiento - Sede A",
        "categoria": "educacion",
        "subcategoria": "school",
        "tags": {
          "addr:full": "TRANSVERSAL 60 No. 95 - 51",
          "amenity": "school",
          "name": "Colegio Distrital Faustino Sarmiento - Sede A"
        }
      },
      "geometry": {
        "type": "Point",
        "coordinates": [
          -74.0665199,
          4.6849644
        ]
      }
    },
    {
      "type": "Feature",
      "properties": {
        "id": 1230758398,
        "nombre": "Colegio Distrital Unión Colombia - Sede B",
        "categoria": "educacion",
        "subcategoria": "school",
        "tags": {
          "addr:full": "CALLE 189 No. 7 - 05",
          "amenity": "school",
          "name": "Colegio Distrital Unión Colombia - Sede B",
          "puesto_votacion": "LIJACÁ",
          "source": "Registraduría 2010"
        }
      },
      "geometry": {
        "type": "Point",
        "coordinates": [
          -74.0271744,
          4.7666767
        ]
      }
    },
    {
      "type": "Feature",
      "properties": {
        "id": 1230758542,
        "nombre": "COLEGIO PSICOPEDAGÓGICO BOLIVIA",
        "categoria": "educacion",
        "subcategoria": "school",
        "tags": {
          "addr:full": "CALLE 81 No. 106 A - 04/10",
          "amenity": "school",
          "name": "COLEGIO PSICOPEDAGÓGICO BOLIVIA"
        }
      },
      "geometry": {
        "type": "Point",
        "coordinates": [
          -74.1149546,
          4.7163506
        ]
      }
    },
    {
      "type": "Feature",
      "properties": {
        "id": 1230758602,
        "nombre": "IED Manuela Beltran",
        "categoria": "educacion",
        "subcategoria": "school",
        "tags": {
          "addr:full": "CARRERA 32 A No. 27 - 32",
          "amenity": "school",
          "name": "IED Manuela Beltran",
          "puesto_votacion": "RESIDENCIAS B.C.H.",
          "source": "Registraduría 2010"
        }
      },
      "geometry": {
        "type": "Point",
        "coordinates": [
          -74.0815777,
          4.6296664
        ]
      }
    },
    {
      "type": "Feature",
      "properties": {
        "id": 1230758732,
        "nombre": "Academia Superior de Artes de Bogota - ASAB",
        "categoria": "educacion",
        "subcategoria": "university",
        "tags": {
          "addr:full": "CARRERA 13 No. 14 - 69",
          "amenity": "university",
          "name": "Academia Superior de Artes de Bogota - ASAB"
        }
      },
      "geometry": {
        "type": "Point",
        "coordinates": [
          -74.0782055,
          4.6043305
        ]
      }
    },
    {
      "type": "Feature",
      "properties": {
        "id": 1230758825,
        "nombre": "Colegio Distrital Republica de Colombia - Sede B",
        "categoria": "educacion",
        "subcategoria": "school",
        "tags": {
          "addr:full": "CARRERA 69 C No. 69 - 20",
          "amenity": "school",
          "check_date": "2024-08-11",
          "name": "Colegio Distrital Republica de Colombia - Sede B"
        }
      },
      "geometry": {
        "type": "Point",
        "coordinates": [
          -74.0915857,
          4.6788469
        ]
      }
    },
    {
      "type": "Feature",
      "properties": {
        "id": 1230758876,
        "nombre": "Colegio Distrital El Jazmin - Sede B",
        "categoria": "educacion",
        "subcategoria": "school",
        "tags": {
          "addr:full": "CARRERA 41 B No. 4 C - 27",
          "amenity": "school",
          "name": "Colegio Distrital El Jazmin - Sede B"
        }
      },
      "geometry": {
        "type": "Point",
        "coordinates": [
          -74.1090756,
          4.616932
        ]
      }
    },
    {
      "type": "Feature",
      "properties": {
        "id": 1230758896,
        "nombre": "Fundacion Educativa Santa Maria",
        "categoria": "educacion",
        "subcategoria": "school",
        "tags": {
          "addr:full": "CARRERA 50 No. 90 - 50",
          "amenity": "school",
          "name": "Fundacion Educativa Santa Maria"
        }
      },
      "geometry": {
        "type": "Point",
        "coordinates": [
          -74.0753798,
          4.6843643
        ]
      }
    },
    {
      "type": "Feature",
      "properties": {
        "id": 1230758912,
        "nombre": "Instituto Tecnico Distrital Republica de Guatemala",
        "categoria": "educacion",
        "subcategoria": "school",
        "tags": {
          "addr:full": "CALLE 78 BIS No. 69 T - 45",
          "amenity": "school",
          "name": "Instituto Tecnico Distrital Republica de Guatemala"
        }
      },
      "geometry": {
        "type": "Point",
        "coordinates": [
          -74.0865207,
          4.6899103
        ]
      }
    },
    {
      "type": "Feature",
      "properties": {
        "id": 1230759026,
        "nombre": "COLEGIO DISTRITAL LISBOA - SEDE B",
        "categoria": "educacion",
        "subcategoria": "school",
        "tags": {
          "addr:full": "CARRERA 151 A No. 129 - 16",
          "amenity": "school",
          "name": "COLEGIO DISTRITAL LISBOA - SEDE B"
        }
      },
      "geometry": {
        "type": "Point",
        "coordinates": [
          -74.1218974,
          4.7436947
        ]
      }
    },
    {
      "type": "Feature",
      "properties": {
        "id": 1230759037,
        "nombre": "Colegio Cooperativo Los Alamos",
        "categoria": "educacion",
        "subcategoria": "school",
        "tags": {
          "addr:full": "CALLE 66 A No. 97 A - 15",
          "amenity": "school",
          "name": "Colegio Cooperativo Los Alamos"
        }
      },
      "geometry": {
        "type": "Point",
        "coordinates": [
          -74.1199357,
          4.6955339
        ]
      }
    },
    {
      "type": "Feature",
      "properties": {
        "id": 1230759140,
        "nombre": "IED Gustavo Morales Morales",
        "categoria": "educacion",
        "subcategoria": "school",
        "tags": {
          "addr:full": "CALLE 129 No. 55 - 55",
          "amenity": "school",
          "name": "IED Gustavo Morales Morales"
        }
      },
      "geometry": {
        "type": "Point",
        "coordinates": [
          -74.0722045,
          4.7187593
        ]
      }
    },
    {
      "type": "Feature",
      "properties": {
        "id": 1230759154,
        "nombre": "Colegio Distrital Nueva Constitucion",
        "categoria": "educacion",
        "subcategoria": "school",
        "tags": {
          "addr:full": "CARRERA 107 B No. 74 B - 31",
          "amenity": "school",
          "name": "Colegio Distrital Nueva Constitucion"
        }
      },
      "geometry": {
        "type": "Point",
        "coordinates": [
          -74.1222967,
          4.711307
        ]
      }
    },
    {
      "type": "Feature",
      "properties": {
        "id": 1230759488,
        "nombre": "Colegio Distrital 20 de Julio",
        "categoria": "educacion",
        "subcategoria": "school",
        "tags": {
          "addr:full": "CARRERA 7 No. 24 - 01 SUR",
          "amenity": "school",
          "name": "Colegio Distrital 20 de Julio"
        }
      },
      "geometry": {
        "type": "Point",
        "coordinates": [
          -74.094372,
          4.5719592
        ]
      }
    },
    {
      "type": "Feature",
      "properties": {
        "id": 1230759558,
        "nombre": "Colegio Distrital Los Libertadores",
        "categoria": "educacion",
        "subcategoria": "school",
        "tags": {
          "addr:full": "CARRERA 11 C ESTE No. 57 A - 12 SUR",
          "amenity": "school",
          "name": "Colegio Distrital Los Libertadores"
        }
      },
      "geometry": {
        "type": "Point",
        "coordinates": [
          -74.0897813,
          4.5345087
        ]
      }
    },
    {
      "type": "Feature",
      "properties": {
        "id": 1230759623,
        "nombre": "Colegio Distrital Juana Escobar - Sede C",
        "categoria": "educacion",
        "subcategoria": "school",
        "tags": {
          "addr:full": "CARRERA 12 C ESTE No. 57 A - 00 SUR",
          "amenity": "school",
          "name": "Colegio Distrital Juana Escobar - Sede C"
        }
      },
      "geometry": {
        "type": "Point",
        "coordinates": [
          -74.087995,
          4.5340303
        ]
      }
    },
    {
      "type": "Feature",
      "properties": {
        "id": 1230759735,
        "nombre": "Colegio Distrital Aulas Colombianas - Sede A",
        "categoria": "educacion",
        "subcategoria": "school",
        "tags": {
          "addr:full": "CARRERA 11 ESTE No. 00 - 21",
          "amenity": "school",
          "name": "Colegio Distrital Aulas Colombianas - Sede A"
        }
      },
      "geometry": {
        "type": "Point",
        "coordinates": [
          -74.0713102,
          4.57896
        ]
      }
    },
    {
      "type": "Feature",
      "properties": {
        "id": 1259982678,
        "nombre": "Integracion Moderna",
        "categoria": "educacion",
        "subcategoria": "school",
        "tags": {
          "amenity": "school",
          "name": "Integracion Moderna"
        }
      },
      "geometry": {
        "type": "Point",
        "coordinates": [
          -74.134634,
          4.6266928
        ]
      }
    },
    {
      "type": "Feature",
      "properties": {
        "id": 1260809244,
        "nombre": "Unidad Educativa Jean Piaget",
        "categoria": "educacion",
        "subcategoria": "school",
        "tags": {
          "amenity": "school",
          "name": "Unidad Educativa Jean Piaget"
        }
      },
      "geometry": {
        "type": "Point",
        "coordinates": [
          -74.1319535,
          4.6243133
        ]
      }
    },
    {
      "type": "Feature",
      "properties": {
        "id": 1270363269,
        "nombre": "Simón Benavides",
        "categoria": "educacion",
        "subcategoria": "school",
        "tags": {
          "amenity": "school",
          "name": "Simón Benavides"
        }
      },
      "geometry": {
        "type": "Point",
        "coordinates": [
          -74.1285984,
          4.6017098
        ]
      }
    },
    {
      "type": "Feature",
      "properties": {
        "id": 1352156875,
        "nombre": "Liceo Semillas del Saber",
        "categoria": "educacion",
        "subcategoria": "school",
        "tags": {
          "amenity": "school",
          "name": "Liceo Semillas del Saber"
        }
      },
      "geometry": {
        "type": "Point",
        "coordinates": [
          -74.1333142,
          4.5977968
        ]
      }
    },
    {
      "type": "Feature",
      "properties": {
        "id": 1362171223,
        "nombre": "Colegio Cristiano Integral",
        "categoria": "educacion",
        "subcategoria": "school",
        "tags": {
          "amenity": "school",
          "name": "Colegio Cristiano Integral"
        }
      },
      "geometry": {
        "type": "Point",
        "coordinates": [
          -74.2084236,
          4.7170821
        ]
      }
    },
    {
      "type": "Feature",
      "properties": {
        "id": 1459468404,
        "nombre": "Escuela Taller de Bogotá",
        "categoria": "educacion",
        "subcategoria": "school",
        "tags": {
          "addr:housenumber": "2-87",
          "addr:street": "Calle 13",
          "amenity": "school",
          "name": "Escuela Taller de Bogotá"
        }
      },
      "geometry": {
        "type": "Point",
        "coordinates": [
          -74.0705873,
          4.5974345
        ]
      }
    },
    {
      "type": "Feature",
      "properties": {
        "id": 1605481747,
        "nombre": "Instituto Henao y Arrubla",
        "categoria": "educacion",
        "subcategoria": "school",
        "tags": {
          "addr:city": "Engativá",
          "addr:housename": "Instituto Henao y Arrubla",
          "addr:street": "Cra 70G No. 74 - 13",
          "amenity": "school",
          "name": "Instituto Henao y Arrubla",
          "phone": "Tel: 5 47 87 36 / 5 47 87 21 - Cel: 313 203 42 88",
          "website": "https://institutohenaoyarrubla.edu.co/"
        }
      },
      "geometry": {
        "type": "Point",
        "coordinates": [
          -74.0915496,
          4.6879508
        ]
      }
    },
    {
      "type": "Feature",
      "properties": {
        "id": 1615986099,
        "nombre": "UNAB-EDUPOL",
        "categoria": "educacion",
        "subcategoria": "school",
        "tags": {
          "amenity": "school",
          "name": "UNAB-EDUPOL"
        }
      },
      "geometry": {
        "type": "Point",
        "coordinates": [
          -74.155655,
          4.7589419
        ]
      }
    },
    {
      "type": "Feature",
      "properties": {
        "id": 1756164269,
        "nombre": "IED VIsta Bella",
        "categoria": "educacion",
        "subcategoria": "school",
        "tags": {
          "amenity": "school",
          "name": "IED VIsta Bella",
          "type": "public"
        }
      },
      "geometry": {
        "type": "Point",
        "coordinates": [
          -74.0544673,
          4.7498934
        ]
      }
    },
    {
      "type": "Feature",
      "properties": {
        "id": 1830381730,
        "nombre": "Politecnico Grancolombiano",
        "categoria": "educacion",
        "subcategoria": "university",
        "tags": {
          "amenity": "university",
          "name": "Politecnico Grancolombiano"
        }
      },
      "geometry": {
        "type": "Point",
        "coordinates": [
          -74.093044,
          4.7445448
        ]
      }
    },
    {
      "type": "Feature",
      "properties": {
        "id": 1835921481,
        "nombre": "Colegio Bilingue San Gabriel Arcángel",
        "categoria": "educacion",
        "subcategoria": "school",
        "tags": {
          "amenity": "school",
          "name": "Colegio Bilingue San Gabriel Arcángel"
        }
      },
      "geometry": {
        "type": "Point",
        "coordinates": [
          -74.0975532,
          4.5782252
        ]
      }
    },
    {
      "type": "Feature",
      "properties": {
        "id": 1869489507,
        "nombre": "Jesús Maestro",
        "categoria": "educacion",
        "subcategoria": "school",
        "tags": {
          "amenity": "school",
          "name": "Jesús Maestro"
        }
      },
      "geometry": {
        "type": "Point",
        "coordinates": [
          -74.1558216,
          4.6904801
        ]
      }
    },
    {
      "type": "Feature",
      "properties": {
        "id": 1923617102,
        "nombre": "IED San José Suroriental",
        "categoria": "educacion",
        "subcategoria": "school",
        "tags": {
          "amenity": "school",
          "name": "IED San José Suroriental"
        }
      },
      "geometry": {
        "type": "Point",
        "coordinates": [
          -74.0839569,
          4.5464015
        ]
      }
    },
    {
      "type": "Feature",
      "properties": {
        "id": 1927499044,
        "nombre": "English School",
        "categoria": "educacion",
        "subcategoria": "school",
        "tags": {
          "amenity": "school",
          "name": "English School"
        }
      },
      "geometry": {
        "type": "Point",
        "coordinates": [
          -74.0389405,
          4.7504469
        ]
      }
    },
    {
      "type": "Feature",
      "properties": {
        "id": 1929478276,
        "nombre": "Escuela rural Delicias",
        "categoria": "educacion",
        "subcategoria": "school",
        "tags": {
          "amenity": "school",
          "email": "iedromeral@hotmail.com",
          "isced:level": "1",
          "name": "Escuela rural Delicias",
          "operator:type": "public"
        }
      },
      "geometry": {
        "type": "Point",
        "coordinates": [
          -74.2377509,
          4.4786043
        ]
      }
    },
    {
      "type": "Feature",
      "properties": {
        "id": 1939182585,
        "nombre": "Reyes Castiblanco",
        "categoria": "educacion",
        "subcategoria": "school",
        "tags": {
          "amenity": "school",
          "name": "Reyes Castiblanco"
        }
      },
      "geometry": {
        "type": "Point",
        "coordinates": [
          -74.0838711,
          4.5841827
        ]
      }
    },
    {
      "type": "Feature",
      "properties": {
        "id": 1948160634,
        "nombre": "Sin Nombre",
        "categoria": "educacion",
        "subcategoria": "school",
        "tags": {
          "amenity": "school"
        }
      },
      "geometry": {
        "type": "Point",
        "coordinates": [
          -74.1186322,
          4.6145075
        ]
      }
    },
    {
      "type": "Feature",
      "properties": {
        "id": 2011484607,
        "nombre": "Sin Nombre",
        "categoria": "educacion",
        "subcategoria": "school",
        "tags": {
          "amenity": "school"
        }
      },
      "geometry": {
        "type": "Point",
        "coordinates": [
          -74.0898851,
          4.676344
        ]
      }
    },
    {
      "type": "Feature",
      "properties": {
        "id": 2137362696,
        "nombre": "Colegio Maypore",
        "categoria": "educacion",
        "subcategoria": "school",
        "tags": {
          "access": "private",
          "amenity": "school",
          "name": "Colegio Maypore"
        }
      },
      "geometry": {
        "type": "Point",
        "coordinates": [
          -74.1669486,
          4.5806451
        ]
      }
    },
    {
      "type": "Feature",
      "properties": {
        "id": 2139339044,
        "nombre": "Sin Nombre",
        "categoria": "educacion",
        "subcategoria": "school",
        "tags": {
          "amenity": "school"
        }
      },
      "geometry": {
        "type": "Point",
        "coordinates": [
          -74.0998703,
          4.6882949
        ]
      }
    },
    {
      "type": "Feature",
      "properties": {
        "id": 2388763922,
        "nombre": "Colegio Diego Colon",
        "categoria": "educacion",
        "subcategoria": "school",
        "tags": {
          "amenity": "school",
          "building": "yes",
          "name": "Colegio Diego Colon"
        }
      },
      "geometry": {
        "type": "Point",
        "coordinates": [
          -74.134453,
          4.5820002
        ]
      }
    },
    {
      "type": "Feature",
      "properties": {
        "id": 2399534531,
        "nombre": "Academia ECO (Locución-Oratoria)",
        "categoria": "educacion",
        "subcategoria": "school",
        "tags": {
          "addr:housename": "Excalibur",
          "addr:housenumber": "106A-28",
          "addr:postcode": "111111",
          "addr:street": "Av. Suba",
          "amenity": "school",
          "description": "Educación Libre",
          "name": "Academia ECO (Locución-Oratoria)"
        }
      },
      "geometry": {
        "type": "Point",
        "coordinates": [
          -74.0673647,
          4.6941868
        ]
      }
    },
    {
      "type": "Feature",
      "properties": {
        "id": 2410324781,
        "nombre": "Colegio Gimnasio Americano",
        "categoria": "educacion",
        "subcategoria": "school",
        "tags": {
          "amenity": "school",
          "name": "Colegio Gimnasio Americano",
          "website": "https://www.colegiogimnasioamericano.edu.co/"
        }
      },
      "geometry": {
        "type": "Point",
        "coordinates": [
          -74.0624785,
          4.6585329
        ]
      }
    },
    {
      "type": "Feature",
      "properties": {
        "id": 2693008484,
        "nombre": "Gimnasio Antonio Nariño Bachillerato",
        "categoria": "educacion",
        "subcategoria": "college",
        "tags": {
          "amenity": "college",
          "name": "Gimnasio Antonio Nariño Bachillerato"
        }
      },
      "geometry": {
        "type": "Point",
        "coordinates": [
          -74.0886362,
          4.6274633
        ]
      }
    },
    {
      "type": "Feature",
      "properties": {
        "id": 2693008495,
        "nombre": "Gimnasio Antonio Nariño",
        "categoria": "educacion",
        "subcategoria": "school",
        "tags": {
          "amenity": "school",
          "name": "Gimnasio Antonio Nariño"
        }
      },
      "geometry": {
        "type": "Point",
        "coordinates": [
          -74.0892747,
          4.6275603
        ]
      }
    },
    {
      "type": "Feature",
      "properties": {
        "id": 2693027458,
        "nombre": "Academia de Artes Guerrero",
        "categoria": "educacion",
        "subcategoria": "school",
        "tags": {
          "addr:street": "Carrera 19",
          "amenity": "school",
          "name": "Academia de Artes Guerrero",
          "source": "Kaart Ground Survey 2017"
        }
      },
      "geometry": {
        "type": "Point",
        "coordinates": [
          -74.0718144,
          4.6331585
        ]
      }
    },
    {
      "type": "Feature",
      "properties": {
        "id": 2774270583,
        "nombre": "CAEPI",
        "categoria": "educacion",
        "subcategoria": "school",
        "tags": {
          "addr:city": "Carrera 10 # 134B 42",
          "amenity": "school",
          "name": "CAEPI"
        }
      },
      "geometry": {
        "type": "Point",
        "coordinates": [
          -74.0343965,
          4.7150764
        ]
      }
    },
    {
      "type": "Feature",
      "properties": {
        "id": 2859245462,
        "nombre": "Pre-universitario",
        "categoria": "educacion",
        "subcategoria": "school",
        "tags": {
          "addr:street": "Calle 45",
          "amenity": "school",
          "name": "Pre-universitario",
          "source": "Kaart Ground Survey 2017"
        }
      },
      "geometry": {
        "type": "Point",
        "coordinates": [
          -74.0788432,
          4.6347422
        ]
      }
    },
    {
      "type": "Feature",
      "properties": {
        "id": 3218079260,
        "nombre": "Jardin Mi Segundo Hogar ICBF",
        "categoria": "educacion",
        "subcategoria": "school",
        "tags": {
          "amenity": "school",
          "name": "Jardin Mi Segundo Hogar ICBF"
        }
      },
      "geometry": {
        "type": "Point",
        "coordinates": [
          -74.1474159,
          4.6897928
        ]
      }
    },
    {
      "type": "Feature",
      "properties": {
        "id": 3314756741,
        "nombre": "Instituto Cordoba",
        "categoria": "educacion",
        "subcategoria": "college",
        "tags": {
          "amenity": "college",
          "name": "Instituto Cordoba"
        }
      },
      "geometry": {
        "type": "Point",
        "coordinates": [
          -74.0949206,
          4.5676362
        ]
      }
    },
    {
      "type": "Feature",
      "properties": {
        "id": 3371276877,
        "nombre": "CRECER Mártires",
        "categoria": "educacion",
        "subcategoria": "school",
        "tags": {
          "amenity": "school",
          "image": "http://portel.bogota.gov.co/mad/imagenes_sitios/thumbi_AF_19_IS_86794.jpg",
          "name": "CRECER Mártires",
          "operator": "Centro de Integración Social para niños"
        }
      },
      "geometry": {
        "type": "Point",
        "coordinates": [
          -74.0982078,
          4.5948988
        ]
      }
    },
    {
      "type": "Feature",
      "properties": {
        "id": 3371276879,
        "nombre": "I.E.D. Eduardo Santos",
        "categoria": "educacion",
        "subcategoria": "school",
        "tags": {
          "amenity": "school",
          "name": "I.E.D. Eduardo Santos"
        }
      },
      "geometry": {
        "type": "Point",
        "coordinates": [
          -74.095855,
          4.5968179
        ]
      }
    },
    {
      "type": "Feature",
      "properties": {
        "id": 3418904324,
        "nombre": "Escuela Automovilistica",
        "categoria": "educacion",
        "subcategoria": "school",
        "tags": {
          "amenity": "school",
          "name": "Escuela Automovilistica"
        }
      },
      "geometry": {
        "type": "Point",
        "coordinates": [
          -74.0679568,
          4.6318555
        ]
      }
    },
    {
      "type": "Feature",
      "properties": {
        "id": 3420847897,
        "nombre": "Sin Nombre",
        "categoria": "educacion",
        "subcategoria": "college",
        "tags": {
          "addr:housenumber": "107 a 17",
          "addr:street": "Calle 70F",
          "amenity": "college"
        }
      },
      "geometry": {
        "type": "Point",
        "coordinates": [
          -74.1238783,
          4.7072532
        ]
      }
    },
    {
      "type": "Feature",
      "properties": {
        "id": 3420992031,
        "nombre": "Gimnasio Educativo Integral",
        "categoria": "educacion",
        "subcategoria": "college",
        "tags": {
          "amenity": "college",
          "name": "Gimnasio Educativo Integral"
        }
      },
      "geometry": {
        "type": "Point",
        "coordinates": [
          -74.2042791,
          4.5805498
        ]
      }
    },
    {
      "type": "Feature",
      "properties": {
        "id": 3420997331,
        "nombre": "Institución Educativa María Reina",
        "categoria": "educacion",
        "subcategoria": "college",
        "tags": {
          "amenity": "college",
          "name": "Institución Educativa María Reina"
        }
      },
      "geometry": {
        "type": "Point",
        "coordinates": [
          -74.2035254,
          4.5794554
        ]
      }
    },
    {
      "type": "Feature",
      "properties": {
        "id": 3421632484,
        "nombre": "Escuela Julio Cesar Beltrán (rural Usaba)",
        "categoria": "educacion",
        "subcategoria": "school",
        "tags": {
          "amenity": "school",
          "email": "iedromeral@hotmail.com",
          "isced:level": "1",
          "name": "Escuela Julio Cesar Beltrán (rural Usaba)",
          "operator:type": "public"
        }
      },
      "geometry": {
        "type": "Point",
        "coordinates": [
          -74.2280829,
          4.4697961
        ]
      }
    },
    {
      "type": "Feature",
      "properties": {
        "id": 3421907950,
        "nombre": "Fundación de prevención infantil  (Preventorio)",
        "categoria": "educacion",
        "subcategoria": "school",
        "tags": {
          "amenity": "school",
          "email": "internadopreventorioinfantil@gmail.com",
          "isced:level": "1",
          "name": "Fundación de prevención infantil  (Preventorio)",
          "operator:type": "private",
          "website": "https://fundaciondeprevencioninfantil.org/"
        }
      },
      "geometry": {
        "type": "Point",
        "coordinates": [
          -74.2675465,
          4.465777
        ]
      }
    },
    {
      "type": "Feature",
      "properties": {
        "id": 3445967378,
        "nombre": "Colegio Talentos",
        "categoria": "educacion",
        "subcategoria": "school",
        "tags": {
          "amenity": "school",
          "name": "Colegio Talentos"
        }
      },
      "geometry": {
        "type": "Point",
        "coordinates": [
          -74.0674212,
          4.714613
        ]
      }
    },
    {
      "type": "Feature",
      "properties": {
        "id": 3465608010,
        "nombre": "Sin Nombre",
        "categoria": "educacion",
        "subcategoria": "school",
        "tags": {
          "amenity": "school"
        }
      },
      "geometry": {
        "type": "Point",
        "coordinates": [
          -74.1515804,
          4.6351744
        ]
      }
    },
    {
      "type": "Feature",
      "properties": {
        "id": 3559669914,
        "nombre": "Centro Educativo Roberto Morros B.",
        "categoria": "educacion",
        "subcategoria": "school",
        "tags": {
          "amenity": "school",
          "name": "Centro Educativo Roberto Morros B."
        }
      },
      "geometry": {
        "type": "Point",
        "coordinates": [
          -74.1151185,
          4.6181709
        ]
      }
    },
    {
      "type": "Feature",
      "properties": {
        "id": 3740793595,
        "nombre": "Instituto El Ingenioso Hidalgo",
        "categoria": "educacion",
        "subcategoria": "school",
        "tags": {
          "addr:city": "Bogotá",
          "addr:housenumber": "88-48 Sur",
          "addr:postcode": "110541",
          "addr:street": "Carrera 3 C E",
          "amenity": "school",
          "building:levels": "11",
          "name": "Instituto El Ingenioso Hidalgo",
          "phone": "+571 7629142",
          "website": "https://tecnohidalgo2010.jimdo.com/",
          "wheelchair": "no"
        }
      },
      "geometry": {
        "type": "Point",
        "coordinates": [
          -74.1082925,
          4.5037932
        ]
      }
    },
    {
      "type": "Feature",
      "properties": {
        "id": 3750009420,
        "nombre": "Academia de conducir",
        "categoria": "educacion",
        "subcategoria": "school",
        "tags": {
          "amenity": "school",
          "name": "Academia de conducir"
        }
      },
      "geometry": {
        "type": "Point",
        "coordinates": [
          -74.1386883,
          4.5945649
        ]
      }
    },
    {
      "type": "Feature",
      "properties": {
        "id": 3755259505,
        "nombre": "Colegio Stella Matutina",
        "categoria": "educacion",
        "subcategoria": "school",
        "tags": {
          "amenity": "school",
          "name": "Colegio Stella Matutina"
        }
      },
      "geometry": {
        "type": "Point",
        "coordinates": [
          -74.061939,
          4.8567375
        ]
      }
    },
    {
      "type": "Feature",
      "properties": {
        "id": 3755392225,
        "nombre": "Gimnasio pedagógico Celestin Freinet",
        "categoria": "educacion",
        "subcategoria": "school",
        "tags": {
          "amenity": "school",
          "name": "Gimnasio pedagógico Celestin Freinet"
        }
      },
      "geometry": {
        "type": "Point",
        "coordinates": [
          -74.1170434,
          4.7111988
        ]
      }
    },
    {
      "type": "Feature",
      "properties": {
        "id": 3756641439,
        "nombre": "Danilo Cifuentes",
        "categoria": "educacion",
        "subcategoria": "school",
        "tags": {
          "amenity": "school",
          "name": "Danilo Cifuentes"
        }
      },
      "geometry": {
        "type": "Point",
        "coordinates": [
          -74.1000505,
          4.5704285
        ]
      }
    },
    {
      "type": "Feature",
      "properties": {
        "id": 3756641440,
        "nombre": "Primaria Danilo Cifuentes",
        "categoria": "educacion",
        "subcategoria": "school",
        "tags": {
          "amenity": "school",
          "name": "Primaria Danilo Cifuentes"
        }
      },
      "geometry": {
        "type": "Point",
        "coordinates": [
          -74.100214,
          4.5704021
        ]
      }
    },
    {
      "type": "Feature",
      "properties": {
        "id": 3756697085,
        "nombre": "Jardin del Bienestar Familiar",
        "categoria": "educacion",
        "subcategoria": "school",
        "tags": {
          "amenity": "school",
          "name": "Jardin del Bienestar Familiar"
        }
      },
      "geometry": {
        "type": "Point",
        "coordinates": [
          -74.0899716,
          4.733149
        ]
      }
    },
    {
      "type": "Feature",
      "properties": {
        "id": 3757633707,
        "nombre": "Liceo Central Américas",
        "categoria": "educacion",
        "subcategoria": "school",
        "tags": {
          "amenity": "school",
          "name": "Liceo Central Américas"
        }
      },
      "geometry": {
        "type": "Point",
        "coordinates": [
          -74.1781935,
          4.6304583
        ]
      }
    },
    {
      "type": "Feature",
      "properties": {
        "id": 3757633710,
        "nombre": "Liceo Central Américas - Preescolar",
        "categoria": "educacion",
        "subcategoria": "school",
        "tags": {
          "amenity": "school",
          "name": "Liceo Central Américas - Preescolar"
        }
      },
      "geometry": {
        "type": "Point",
        "coordinates": [
          -74.1783521,
          4.6304795
        ]
      }
    },
    {
      "type": "Feature",
      "properties": {
        "id": 3940044482,
        "nombre": "Clan Bosa la Libertad",
        "categoria": "educacion",
        "subcategoria": "school",
        "tags": {
          "amenity": "school",
          "name": "Clan Bosa la Libertad",
          "operator": "Institución Distrital"
        }
      },
      "geometry": {
        "type": "Point",
        "coordinates": [
          -74.1922461,
          4.6251473
        ]
      }
    },
    {
      "type": "Feature",
      "properties": {
        "id": 3974281330,
        "nombre": "Colegio Divino Maestro",
        "categoria": "educacion",
        "subcategoria": "school",
        "tags": {
          "amenity": "school",
          "name": "Colegio Divino Maestro"
        }
      },
      "geometry": {
        "type": "Point",
        "coordinates": [
          -74.0250528,
          4.7402494
        ]
      }
    },
    {
      "type": "Feature",
      "properties": {
        "id": 4040314032,
        "nombre": "Centro Educativo Wilfrido Lehner",
        "categoria": "educacion",
        "subcategoria": "school",
        "tags": {
          "amenity": "school",
          "name": "Centro Educativo Wilfrido Lehner"
        }
      },
      "geometry": {
        "type": "Point",
        "coordinates": [
          -74.1848206,
          4.5984365
        ]
      }
    },
    {
      "type": "Feature",
      "properties": {
        "id": 4056610494,
        "nombre": "Fondacion universitaria los libertadores",
        "categoria": "educacion",
        "subcategoria": "university",
        "tags": {
          "addr:housenumber": "63-63",
          "addr:street": "Cra 8",
          "amenity": "university",
          "name": "Fondacion universitaria los libertadores"
        }
      },
      "geometry": {
        "type": "Point",
        "coordinates": [
          -74.060841,
          4.648883
        ]
      }
    },
    {
      "type": "Feature",
      "properties": {
        "id": 4056991821,
        "nombre": "Konrad Lorenz",
        "categoria": "educacion",
        "subcategoria": "university",
        "tags": {
          "amenity": "university",
          "check_date": "2025-01-06",
          "name": "Konrad Lorenz"
        }
      },
      "geometry": {
        "type": "Point",
        "coordinates": [
          -74.0616495,
          4.6488476
        ]
      }
    },
    {
      "type": "Feature",
      "properties": {
        "id": 4104081406,
        "nombre": "Hogar Comunitario Angelitos de Dios",
        "categoria": "educacion",
        "subcategoria": "school",
        "tags": {
          "amenity": "school",
          "name": "Hogar Comunitario Angelitos de Dios"
        }
      },
      "geometry": {
        "type": "Point",
        "coordinates": [
          -74.1171432,
          4.7094239
        ]
      }
    },
    {
      "type": "Feature",
      "properties": {
        "id": 4113137166,
        "nombre": "1",
        "categoria": "educacion",
        "subcategoria": "school",
        "tags": {
          "amenity": "school",
          "name": "1"
        }
      },
      "geometry": {
        "type": "Point",
        "coordinates": [
          -74.1776089,
          4.6287517
        ]
      }
    },
    {
      "type": "Feature",
      "properties": {
        "id": 4117152427,
        "nombre": "Escuela Aeronautica de Colombia",
        "categoria": "educacion",
        "subcategoria": "school",
        "tags": {
          "amenity": "school",
          "name": "Escuela Aeronautica de Colombia"
        }
      },
      "geometry": {
        "type": "Point",
        "coordinates": [
          -74.0659061,
          4.638361
        ]
      }
    },
    {
      "type": "Feature",
      "properties": {
        "id": 4117152428,
        "nombre": "Multilingua",
        "categoria": "educacion",
        "subcategoria": "school",
        "tags": {
          "amenity": "school",
          "name": "Multilingua"
        }
      },
      "geometry": {
        "type": "Point",
        "coordinates": [
          -74.0660013,
          4.6383784
        ]
      }
    },
    {
      "type": "Feature",
      "properties": {
        "id": 4117589315,
        "nombre": "Centro de Psicologia Umb",
        "categoria": "educacion",
        "subcategoria": "university",
        "tags": {
          "amenity": "university",
          "name": "Centro de Psicologia Umb"
        }
      },
      "geometry": {
        "type": "Point",
        "coordinates": [
          -74.0672504,
          4.6284642
        ]
      }
    },
    {
      "type": "Feature",
      "properties": {
        "id": 4172138591,
        "nombre": "UniSinú Sede Bogotá",
        "categoria": "educacion",
        "subcategoria": "university",
        "tags": {
          "amenity": "university",
          "name": "UniSinú Sede Bogotá"
        }
      },
      "geometry": {
        "type": "Point",
        "coordinates": [
          -74.0304192,
          4.6947375
        ]
      }
    },
    {
      "type": "Feature",
      "properties": {
        "id": 4206677909,
        "nombre": "Teaching and Tutoring College de Colombia",
        "categoria": "educacion",
        "subcategoria": "school",
        "tags": {
          "addr:housenumber": "78-09",
          "addr:street": "Carrera 12A",
          "amenity": "school",
          "name": "Teaching and Tutoring College de Colombia"
        }
      },
      "geometry": {
        "type": "Point",
        "coordinates": [
          -74.0561626,
          4.6640852
        ]
      }
    },
    {
      "type": "Feature",
      "properties": {
        "id": 4231106080,
        "nombre": "Escuela del Rodeo",
        "categoria": "educacion",
        "subcategoria": "school",
        "tags": {
          "amenity": "school",
          "name": "Escuela del Rodeo"
        }
      },
      "geometry": {
        "type": "Point",
        "coordinates": [
          -74.2400042,
          4.8655537
        ]
      }
    },
    {
      "type": "Feature",
      "properties": {
        "id": 4281293992,
        "nombre": "Colegio Psicopedagogico Villaverde",
        "categoria": "educacion",
        "subcategoria": "school",
        "tags": {
          "amenity": "school",
          "name": "Colegio Psicopedagogico Villaverde",
          "opening_hours": "Mo-Fr 07:30-15:30"
        }
      },
      "geometry": {
        "type": "Point",
        "coordinates": [
          -74.1134263,
          4.504659
        ]
      }
    },
    {
      "type": "Feature",
      "properties": {
        "id": 4281294291,
        "nombre": "Jardin Social Monteblanco",
        "categoria": "educacion",
        "subcategoria": "school",
        "tags": {
          "amenity": "school",
          "name": "Jardin Social Monteblanco"
        }
      },
      "geometry": {
        "type": "Point",
        "coordinates": [
          -74.1164038,
          4.5009783
        ]
      }
    },
    {
      "type": "Feature",
      "properties": {
        "id": 4298856494,
        "nombre": "Jardin Integral",
        "categoria": "educacion",
        "subcategoria": "school",
        "tags": {
          "amenity": "school",
          "name": "Jardin Integral"
        }
      },
      "geometry": {
        "type": "Point",
        "coordinates": [
          -74.1271203,
          4.5971052
        ]
      }
    },
    {
      "type": "Feature",
      "properties": {
        "id": 4313586757,
        "nombre": "U. Catolica de Colombia",
        "categoria": "educacion",
        "subcategoria": "university",
        "tags": {
          "amenity": "university",
          "name": "U. Catolica de Colombia"
        }
      },
      "geometry": {
        "type": "Point",
        "coordinates": [
          -74.0670915,
          4.6337718
        ]
      }
    },
    {
      "type": "Feature",
      "properties": {
        "id": 4322628389,
        "nombre": "Colegio Mundo Activo",
        "categoria": "educacion",
        "subcategoria": "school",
        "tags": {
          "amenity": "school",
          "name": "Colegio Mundo Activo"
        }
      },
      "geometry": {
        "type": "Point",
        "coordinates": [
          -74.1927478,
          4.5875998
        ]
      }
    },
    {
      "type": "Feature",
      "properties": {
        "id": 4358905696,
        "nombre": "Colegio Monterrosales",
        "categoria": "educacion",
        "subcategoria": "school",
        "tags": {
          "amenity": "school",
          "name": "Colegio Monterrosales"
        }
      },
      "geometry": {
        "type": "Point",
        "coordinates": [
          -74.0198663,
          4.674184
        ]
      }
    },
    {
      "type": "Feature",
      "properties": {
        "id": 4362294591,
        "nombre": "Sin Nombre",
        "categoria": "educacion",
        "subcategoria": "school",
        "tags": {
          "amenity": "school",
          "name:en": "Corporación Escuela de Artes y Letras"
        }
      },
      "geometry": {
        "type": "Point",
        "coordinates": [
          -74.0620095,
          4.6572587
        ]
      }
    },
    {
      "type": "Feature",
      "properties": {
        "id": 4379937703,
        "nombre": "Learn More Than Spanish",
        "categoria": "educacion",
        "subcategoria": "school",
        "tags": {
          "addr:housenumber": "44",
          "addr:street": "Carrera 13",
          "amenity": "school",
          "name": "Learn More Than Spanish",
          "name:es": "Learn More Than Spanish",
          "website": "https://learnmorethanspanish.com/"
        }
      },
      "geometry": {
        "type": "Point",
        "coordinates": [
          -74.0574496,
          4.6630072
        ]
      }
    },
    {
      "type": "Feature",
      "properties": {
        "id": 4379949501,
        "nombre": "Nueva Lengua",
        "categoria": "educacion",
        "subcategoria": "school",
        "tags": {
          "addr:street": "Calle 69",
          "amenity": "school",
          "name": "Nueva Lengua",
          "name:es": "Nueva Lengua",
          "website": "https://www.nuevalengua.com/"
        }
      },
      "geometry": {
        "type": "Point",
        "coordinates": [
          -74.0615458,
          4.6545984
        ]
      }
    },
    {
      "type": "Feature",
      "properties": {
        "id": 4433580123,
        "nombre": "Sin Nombre",
        "categoria": "educacion",
        "subcategoria": "school",
        "tags": {
          "amenity": "school"
        }
      },
      "geometry": {
        "type": "Point",
        "coordinates": [
          -74.1193797,
          4.6203304
        ]
      }
    },
    {
      "type": "Feature",
      "properties": {
        "id": 4462624089,
        "nombre": "C E D Juan Rey",
        "categoria": "educacion",
        "subcategoria": "school",
        "tags": {
          "amenity": "school",
          "name": "C E D Juan Rey",
          "name:es": "C E D Juan Rey"
        }
      },
      "geometry": {
        "type": "Point",
        "coordinates": [
          -74.0895609,
          4.5222566
        ]
      }
    },
    {
      "type": "Feature",
      "properties": {
        "id": 4467925192,
        "nombre": "IED Benjamin Herrera Sede A",
        "categoria": "educacion",
        "subcategoria": "school",
        "tags": {
          "amenity": "school",
          "name": "IED Benjamin Herrera Sede A"
        }
      },
      "geometry": {
        "type": "Point",
        "coordinates": [
          -74.1248062,
          4.6027053
        ]
      }
    },
    {
      "type": "Feature",
      "properties": {
        "id": 4484768590,
        "nombre": "Michigan school",
        "categoria": "educacion",
        "subcategoria": "school",
        "tags": {
          "amenity": "school",
          "name": "Michigan school",
          "name:es": "Michigan school"
        }
      },
      "geometry": {
        "type": "Point",
        "coordinates": [
          -74.1103415,
          4.6681977
        ]
      }
    },
    {
      "type": "Feature",
      "properties": {
        "id": 4487809169,
        "nombre": "Escuela Primaria El Hato",
        "categoria": "educacion",
        "subcategoria": "school",
        "tags": {
          "amenity": "school",
          "name": "Escuela Primaria El Hato"
        }
      },
      "geometry": {
        "type": "Point",
        "coordinates": [
          -74.0093503,
          4.6425209
        ]
      }
    },
    {
      "type": "Feature",
      "properties": {
        "id": 4507303415,
        "nombre": "Personitas del shaddai j i",
        "categoria": "educacion",
        "subcategoria": "school",
        "tags": {
          "amenity": "school",
          "name": "Personitas del shaddai j i",
          "name:es": "Personitas del shaddai j i"
        }
      },
      "geometry": {
        "type": "Point",
        "coordinates": [
          -74.0996259,
          4.7583568
        ]
      }
    },
    {
      "type": "Feature",
      "properties": {
        "id": 4507303416,
        "nombre": "Lunita magica maternal",
        "categoria": "educacion",
        "subcategoria": "school",
        "tags": {
          "amenity": "school",
          "name": "Lunita magica maternal",
          "name:es": "Lunita magica maternal"
        }
      },
      "geometry": {
        "type": "Point",
        "coordinates": [
          -74.0994134,
          4.7579405
        ]
      }
    },
    {
      "type": "Feature",
      "properties": {
        "id": 4507305105,
        "nombre": "Despertar Liceo Infantil",
        "categoria": "educacion",
        "subcategoria": "school",
        "tags": {
          "amenity": "school",
          "name": "Despertar Liceo Infantil"
        }
      },
      "geometry": {
        "type": "Point",
        "coordinates": [
          -74.1190985,
          4.5547419
        ]
      }
    },
    {
      "type": "Feature",
      "properties": {
        "id": 4507305604,
        "nombre": "Colegio Neil Armstrong",
        "categoria": "educacion",
        "subcategoria": "school",
        "tags": {
          "amenity": "school",
          "name": "Colegio Neil Armstrong",
          "name:es": "Neil armstrong colegio"
        }
      },
      "geometry": {
        "type": "Point",
        "coordinates": [
          -74.0904395,
          4.7251575
        ]
      }
    },
    {
      "type": "Feature",
      "properties": {
        "id": 4507305704,
        "nombre": "Robert Owen",
        "categoria": "educacion",
        "subcategoria": "school",
        "tags": {
          "amenity": "school",
          "name": "Robert Owen"
        }
      },
      "geometry": {
        "type": "Point",
        "coordinates": [
          -74.1081212,
          4.5481966
        ]
      }
    },
    {
      "type": "Feature",
      "properties": {
        "id": 4586989494,
        "nombre": "Academia de Ballet Danza Studio",
        "categoria": "educacion",
        "subcategoria": "school",
        "tags": {
          "amenity": "school",
          "name": "Academia de Ballet Danza Studio"
        }
      },
      "geometry": {
        "type": "Point",
        "coordinates": [
          -74.0554396,
          4.7026998
        ]
      }
    },
    {
      "type": "Feature",
      "properties": {
        "id": 4606475734,
        "nombre": "Liceo America",
        "categoria": "educacion",
        "subcategoria": "school",
        "tags": {
          "amenity": "school",
          "name": "Liceo America"
        }
      },
      "geometry": {
        "type": "Point",
        "coordinates": [
          -74.2257467,
          4.5804853
        ]
      }
    },
    {
      "type": "Feature",
      "properties": {
        "id": 4616968489,
        "nombre": "Colegio Forjadores Del Futuro",
        "categoria": "educacion",
        "subcategoria": "school",
        "tags": {
          "addr:housenumber": "91 86",
          "addr:street": "calle 67S",
          "amenity": "school",
          "name": "Colegio Forjadores Del Futuro",
          "phone": "5797508"
        }
      },
      "geometry": {
        "type": "Point",
        "coordinates": [
          -74.1973603,
          4.629359
        ]
      }
    },
    {
      "type": "Feature",
      "properties": {
        "id": 4621598694,
        "nombre": "Liceo El Rosal",
        "categoria": "educacion",
        "subcategoria": "school",
        "tags": {
          "amenity": "school",
          "name": "Liceo El Rosal",
          "name:es": "Liceo El Rosal"
        }
      },
      "geometry": {
        "type": "Point",
        "coordinates": [
          -74.2608586,
          4.8547107
        ]
      }
    },
    {
      "type": "Feature",
      "properties": {
        "id": 4621598892,
        "nombre": "I E D San José",
        "categoria": "educacion",
        "subcategoria": "school",
        "tags": {
          "amenity": "school",
          "name": "I E D San José",
          "name:es": "I E D San José"
        }
      },
      "geometry": {
        "type": "Point",
        "coordinates": [
          -74.2596307,
          4.842209
        ]
      }
    },
    {
      "type": "Feature",
      "properties": {
        "id": 4666369892,
        "nombre": "Colegio Unidad Pedagógica",
        "categoria": "educacion",
        "subcategoria": "school",
        "tags": {
          "addr:housenumber": "Kilómetro 5",
          "addr:street": "vía Suba - Cota",
          "amenity": "school",
          "name": "Colegio Unidad Pedagógica",
          "name:es": "Colegio Unidad Pedagógica",
          "phone": "6857227",
          "website": "https://www.cup.edu.co/"
        }
      },
      "geometry": {
        "type": "Point",
        "coordinates": [
          -74.0848228,
          4.7759869
        ]
      }
    },
    {
      "type": "Feature",
      "properties": {
        "id": 4727967990,
        "nombre": "Colegio República Dominicana IED Sede A",
        "categoria": "educacion",
        "subcategoria": "school",
        "tags": {
          "amenity": "school",
          "name": "Colegio República Dominicana IED Sede A",
          "name:es": "IED República Dominicana Sede A",
          "religion": "christian",
          "source": "http://repdominicanaied.co/;https://elrenacimiento2021.wixsite.com/crd-jm"
        }
      },
      "geometry": {
        "type": "Point",
        "coordinates": [
          -74.1089258,
          4.7390257
        ]
      }
    },
    {
      "type": "Feature",
      "properties": {
        "id": 4746121702,
        "nombre": "Jardin Infantil El Chavo",
        "categoria": "educacion",
        "subcategoria": "school",
        "tags": {
          "amenity": "school",
          "name": "Jardin Infantil El Chavo"
        }
      },
      "geometry": {
        "type": "Point",
        "coordinates": [
          -74.1763239,
          4.6223583
        ]
      }
    },
    {
      "type": "Feature",
      "properties": {
        "id": 4828110621,
        "nombre": "Fundación Desayunitos",
        "categoria": "educacion",
        "subcategoria": "school",
        "tags": {
          "amenity": "school",
          "name": "Fundación Desayunitos",
          "name:es": "Fundación Desayunitos"
        }
      },
      "geometry": {
        "type": "Point",
        "coordinates": [
          -74.1305271,
          4.7187742
        ]
      }
    },
    {
      "type": "Feature",
      "properties": {
        "id": 4874448921,
        "nombre": "Nueva Fantasía Liceo",
        "categoria": "educacion",
        "subcategoria": "school",
        "tags": {
          "amenity": "school",
          "name": "Nueva Fantasía Liceo"
        }
      },
      "geometry": {
        "type": "Point",
        "coordinates": [
          -74.1201083,
          4.5563449
        ]
      }
    },
    {
      "type": "Feature",
      "properties": {
        "id": 4876474321,
        "nombre": "Liceo Lorenzo Gracian",
        "categoria": "educacion",
        "subcategoria": "school",
        "tags": {
          "amenity": "school",
          "name": "Liceo Lorenzo Gracian"
        }
      },
      "geometry": {
        "type": "Point",
        "coordinates": [
          -74.1106385,
          4.5748875
        ]
      }
    },
    {
      "type": "Feature",
      "properties": {
        "id": 4890953841,
        "nombre": "Creciendo Fundación",
        "categoria": "educacion",
        "subcategoria": "school",
        "tags": {
          "amenity": "school",
          "name": "Creciendo Fundación",
          "name:es": "Creciendo Fundación"
        }
      },
      "geometry": {
        "type": "Point",
        "coordinates": [
          -74.0842652,
          4.5819677
        ]
      }
    },
    {
      "type": "Feature",
      "properties": {
        "id": 4893113321,
        "nombre": "Punta y Taco - Dance School",
        "categoria": "educacion",
        "subcategoria": "school",
        "tags": {
          "amenity": "school",
          "name": "Punta y Taco - Dance School",
          "name:es": "Punta y Taco - Dance School"
        }
      },
      "geometry": {
        "type": "Point",
        "coordinates": [
          -74.0582506,
          4.6713219
        ]
      }
    },
    {
      "type": "Feature",
      "properties": {
        "id": 4898357421,
        "nombre": "Instituto triangulo kennedy",
        "categoria": "educacion",
        "subcategoria": "school",
        "tags": {
          "amenity": "school",
          "name": "Instituto triangulo kennedy",
          "name:es": "Instituto triangulo kennedy"
        }
      },
      "geometry": {
        "type": "Point",
        "coordinates": [
          -74.1529813,
          4.6235332
        ]
      }
    },
    {
      "type": "Feature",
      "properties": {
        "id": 5038000321,
        "nombre": "Colegio de bachillerato Patria",
        "categoria": "educacion",
        "subcategoria": "college",
        "tags": {
          "amenity": "college",
          "name": "Colegio de bachillerato Patria",
          "name:es": "Colegio de bachillerato Patria"
        }
      },
      "geometry": {
        "type": "Point",
        "coordinates": [
          -74.0435927,
          4.6836175
        ]
      }
    },
    {
      "type": "Feature",
      "properties": {
        "id": 5043691221,
        "nombre": "Agustin Codazzi",
        "categoria": "educacion",
        "subcategoria": "school",
        "tags": {
          "amenity": "school",
          "name": "Agustin Codazzi"
        }
      },
      "geometry": {
        "type": "Point",
        "coordinates": [
          -74.1325276,
          4.5958672
        ]
      }
    },
    {
      "type": "Feature",
      "properties": {
        "id": 5043793321,
        "nombre": "Escuela La Candelaria",
        "categoria": "educacion",
        "subcategoria": "school",
        "tags": {
          "amenity": "school",
          "name": "Escuela La Candelaria",
          "name:es": "Escuela La Candelaria"
        }
      },
      "geometry": {
        "type": "Point",
        "coordinates": [
          -74.0692786,
          4.6004654
        ]
      }
    },
    {
      "type": "Feature",
      "properties": {
        "id": 5061070621,
        "nombre": "Fundación Universidad Autónoma de Colombia",
        "categoria": "educacion",
        "subcategoria": "university",
        "tags": {
          "addr:city": "Bogotá D.C.",
          "amenity": "university",
          "contact:email": "info@fuac.edu.co",
          "contact:mobile": "+57 316 0233453",
          "name": "Fundación Universidad Autónoma de Colombia",
          "name:es": "Universidad Autonoma",
          "website": "https://soyautonoma.com/"
        }
      },
      "geometry": {
        "type": "Point",
        "coordinates": [
          -74.0719257,
          4.5985279
        ]
      }
    },
    {
      "type": "Feature",
      "properties": {
        "id": 5120401321,
        "nombre": "Gimnasio San Nicolas",
        "categoria": "educacion",
        "subcategoria": "school",
        "tags": {
          "amenity": "school",
          "name": "Gimnasio San Nicolas"
        }
      },
      "geometry": {
        "type": "Point",
        "coordinates": [
          -74.1198474,
          4.6027827
        ]
      }
    },
    {
      "type": "Feature",
      "properties": {
        "id": 5128351730,
        "nombre": "Montessori",
        "categoria": "educacion",
        "subcategoria": "school",
        "tags": {
          "addr:city": "Bogotá D.C.",
          "addr:street": "Carrera 18",
          "amenity": "school",
          "name": "Montessori",
          "source": "Kaart Ground Survey 2017"
        }
      },
      "geometry": {
        "type": "Point",
        "coordinates": [
          -74.0390481,
          4.762336
        ]
      }
    },
    {
      "type": "Feature",
      "properties": {
        "id": 5130851328,
        "nombre": "San Lucas",
        "categoria": "educacion",
        "subcategoria": "school",
        "tags": {
          "amenity": "school",
          "name": "San Lucas"
        }
      },
      "geometry": {
        "type": "Point",
        "coordinates": [
          -74.1052899,
          4.6025752
        ]
      }
    },
    {
      "type": "Feature",
      "properties": {
        "id": 5133412510,
        "nombre": "INCAP",
        "categoria": "educacion",
        "subcategoria": "college",
        "tags": {
          "addr:street": "Calle 64",
          "amenity": "college",
          "name": "INCAP",
          "source": "Kaart Ground Survey 2017"
        }
      },
      "geometry": {
        "type": "Point",
        "coordinates": [
          -74.0638164,
          4.6509611
        ]
      }
    },
    {
      "type": "Feature",
      "properties": {
        "id": 5133466918,
        "nombre": "San Jose",
        "categoria": "educacion",
        "subcategoria": "college",
        "tags": {
          "addr:street": "Avenida Carrera 14",
          "amenity": "college",
          "name": "San Jose",
          "source": "Kaart Ground Survey 2017"
        }
      },
      "geometry": {
        "type": "Point",
        "coordinates": [
          -74.0635306,
          4.6544223
        ]
      }
    },
    {
      "type": "Feature",
      "properties": {
        "id": 5133992656,
        "nombre": "Areandina",
        "categoria": "educacion",
        "subcategoria": "university",
        "tags": {
          "addr:street": "Calle 71",
          "amenity": "university",
          "name": "Areandina",
          "source": "Kaart Ground Survey 2017"
        }
      },
      "geometry": {
        "type": "Point",
        "coordinates": [
          -74.0613643,
          4.6573616
        ]
      }
    },
    {
      "type": "Feature",
      "properties": {
        "id": 5134028268,
        "nombre": "Sede administrativa Sergio Arboleda",
        "categoria": "educacion",
        "subcategoria": "university",
        "tags": {
          "addr:street": "Avenida Carrera 15",
          "amenity": "university",
          "name": "Sede administrativa Sergio Arboleda",
          "source": "Kaart Ground Survey 2017"
        }
      },
      "geometry": {
        "type": "Point",
        "coordinates": [
          -74.0600036,
          4.6617272
        ]
      }
    },
    {
      "type": "Feature",
      "properties": {
        "id": 5135616188,
        "nombre": "Mi Dulce Despertar",
        "categoria": "educacion",
        "subcategoria": "school",
        "tags": {
          "addr:city": "Bogotá D.C.",
          "addr:street": "Calle 121",
          "amenity": "school",
          "name": "Mi Dulce Despertar",
          "source": "Kaart Ground Survey 2017"
        }
      },
      "geometry": {
        "type": "Point",
        "coordinates": [
          -74.04072,
          4.7002204
        ]
      }
    },
    {
      "type": "Feature",
      "properties": {
        "id": 5135827992,
        "nombre": "LCI",
        "categoria": "educacion",
        "subcategoria": "university",
        "tags": {
          "addr:street": "Carrera 13",
          "amenity": "university",
          "name": "LCI",
          "source": "Kaart Ground Survey 2017"
        }
      },
      "geometry": {
        "type": "Point",
        "coordinates": [
          -74.0575156,
          4.6630649
        ]
      }
    },
    {
      "type": "Feature",
      "properties": {
        "id": 5141998425,
        "nombre": "UNINPAHU Sede cultural 10",
        "categoria": "educacion",
        "subcategoria": "university",
        "tags": {
          "amenity": "university",
          "name": "UNINPAHU Sede cultural 10"
        }
      },
      "geometry": {
        "type": "Point",
        "coordinates": [
          -74.0717364,
          4.6304627
        ]
      }
    },
    {
      "type": "Feature",
      "properties": {
        "id": 5145341646,
        "nombre": "Academia Central de Sistemas",
        "categoria": "educacion",
        "subcategoria": "school",
        "tags": {
          "addr:city": "Bogotá D.C.",
          "addr:street": "Avenida Carrera 14",
          "amenity": "school",
          "name": "Academia Central de Sistemas",
          "source": "Kaart Ground Survey 2017"
        }
      },
      "geometry": {
        "type": "Point",
        "coordinates": [
          -74.0631807,
          4.6551321
        ]
      }
    },
    {
      "type": "Feature",
      "properties": {
        "id": 5145582092,
        "nombre": "Arbor",
        "categoria": "educacion",
        "subcategoria": "school",
        "tags": {
          "addr:street": "Diagonal 115A",
          "amenity": "school",
          "name": "Arbor",
          "source": "Kaart Ground Survey 2017"
        }
      },
      "geometry": {
        "type": "Point",
        "coordinates": [
          -74.0715096,
          4.6987706
        ]
      }
    },
    {
      "type": "Feature",
      "properties": {
        "id": 5146266688,
        "nombre": "Ecolvip Ltda",
        "categoria": "educacion",
        "subcategoria": "college",
        "tags": {
          "addr:street": "Calle 74",
          "amenity": "college",
          "description": "Escuela de Vigilancia Privada",
          "name": "Ecolvip Ltda",
          "source": "Kaart Ground Survey 2017"
        }
      },
      "geometry": {
        "type": "Point",
        "coordinates": [
          -74.0643989,
          4.6635506
        ]
      }
    },
    {
      "type": "Feature",
      "properties": {
        "id": 5158019673,
        "nombre": "Epol",
        "categoria": "educacion",
        "subcategoria": "school",
        "tags": {
          "addr:street": "Carrera 60B Bis",
          "amenity": "school",
          "name": "Epol",
          "source": "Kaart Ground Survey 2017"
        }
      },
      "geometry": {
        "type": "Point",
        "coordinates": [
          -74.0684008,
          4.6812447
        ]
      }
    },
    {
      "type": "Feature",
      "properties": {
        "id": 5159823172,
        "nombre": "7 Seven",
        "categoria": "educacion",
        "subcategoria": "school",
        "tags": {
          "addr:street": "Calle 102A",
          "amenity": "school",
          "name": "7 Seven",
          "source": "Kaart Ground Survey 2017"
        }
      },
      "geometry": {
        "type": "Point",
        "coordinates": [
          -74.0581752,
          4.689263
        ]
      }
    },
    {
      "type": "Feature",
      "properties": {
        "id": 5161956694,
        "nombre": "Ipler",
        "categoria": "educacion",
        "subcategoria": "college",
        "tags": {
          "addr:street": "Calle 39 Bis",
          "amenity": "college",
          "name": "Ipler",
          "source": "Kaart Ground Survey 2017"
        }
      },
      "geometry": {
        "type": "Point",
        "coordinates": [
          -74.0803818,
          4.6273236
        ]
      }
    },
    {
      "type": "Feature",
      "properties": {
        "id": 5162080321,
        "nombre": "Templo DJ",
        "categoria": "educacion",
        "subcategoria": "college",
        "tags": {
          "addr:street": "Calle 35A",
          "amenity": "college",
          "name": "Templo DJ",
          "source": "Kaart Ground Survey 2017"
        }
      },
      "geometry": {
        "type": "Point",
        "coordinates": [
          -74.0784066,
          4.6252747
        ]
      }
    },
    {
      "type": "Feature",
      "properties": {
        "id": 5173575140,
        "nombre": "Jesus Rosso",
        "categoria": "educacion",
        "subcategoria": "college",
        "tags": {
          "addr:city": "Bogotá D.C.",
          "addr:street": "Avenida Calle 53",
          "amenity": "college",
          "name": "Jesus Rosso",
          "source": "Kaart Ground Survey 2017"
        }
      },
      "geometry": {
        "type": "Point",
        "coordinates": [
          -74.0697202,
          4.6411351
        ]
      }
    },
    {
      "type": "Feature",
      "properties": {
        "id": 5177258995,
        "nombre": "Formarte",
        "categoria": "educacion",
        "subcategoria": "college",
        "tags": {
          "addr:street": "Calle 52",
          "amenity": "college",
          "name": "Formarte",
          "source": "Kaart Ground Survey 2017"
        }
      },
      "geometry": {
        "type": "Point",
        "coordinates": [
          -74.0731117,
          4.6406638
        ]
      }
    },
    {
      "type": "Feature",
      "properties": {
        "id": 5187413328,
        "nombre": "Real De Colombia",
        "categoria": "educacion",
        "subcategoria": "school",
        "tags": {
          "addr:street": "Calle 73",
          "amenity": "school",
          "email": "colegiorealdecolombia2010@hotmail.com",
          "name": "Real De Colombia",
          "source": "Kaart Ground Survey 2017",
          "website": "http://www.colegiorealdecolombia.edu.co"
        }
      },
      "geometry": {
        "type": "Point",
        "coordinates": [
          -74.1230208,
          4.7107382
        ]
      }
    },
    {
      "type": "Feature",
      "properties": {
        "id": 5218340129,
        "nombre": "Corporación Iberoamericana de Estudios",
        "categoria": "educacion",
        "subcategoria": "college",
        "tags": {
          "addr:street": "Avenida Primero de Mayo",
          "amenity": "college",
          "name": "Corporación Iberoamericana de Estudios",
          "source": "Kaart Ground Survey 2017"
        }
      },
      "geometry": {
        "type": "Point",
        "coordinates": [
          -74.1106378,
          4.5911494
        ]
      }
    },
    {
      "type": "Feature",
      "properties": {
        "id": 5226954470,
        "nombre": "Fundación Universitaria Cafam - Unicafam",
        "categoria": "educacion",
        "subcategoria": "university",
        "tags": {
          "addr:city": "Bogotá D.C.",
          "addr:housenumber": "Av Cra 68",
          "addr:postcode": "111211",
          "addr:street": "No. 90-88 – Bloque 1 – Piso 1",
          "amenity": "university",
          "internet_access": "yes",
          "internet_access:fee": "customers",
          "name": "Fundación Universitaria Cafam - Unicafam",
          "source": "Kaart Ground Survey 2017",
          "website": "unicafam.edu.co"
        }
      },
      "geometry": {
        "type": "Point",
        "coordinates": [
          -74.0732018,
          4.6857088
        ]
      }
    },
    {
      "type": "Feature",
      "properties": {
        "id": 5228617696,
        "nombre": "Multipruebas",
        "categoria": "educacion",
        "subcategoria": "college",
        "tags": {
          "addr:street": "Avenida Calle 26",
          "amenity": "college",
          "description": "Pre universitario / Pre saber /Pre Unal",
          "name": "Multipruebas",
          "phone": "+57 601 4821515",
          "source": "Kaart Ground Survey 2017"
        }
      },
      "geometry": {
        "type": "Point",
        "coordinates": [
          -74.0833175,
          4.6301679
        ]
      }
    },
    {
      "type": "Feature",
      "properties": {
        "id": 5228617697,
        "nombre": "U Original",
        "categoria": "educacion",
        "subcategoria": "college",
        "tags": {
          "addr:street": "Avenida Calle 26",
          "amenity": "college",
          "description": "Pre universitario / Pre saber /Pre Unal",
          "name": "U Original",
          "phone": "+57 3204848320",
          "source": "Kaart Ground Survey 2017"
        }
      },
      "geometry": {
        "type": "Point",
        "coordinates": [
          -74.0832966,
          4.6301282
        ]
      }
    },
    {
      "type": "Feature",
      "properties": {
        "id": 5233553123,
        "nombre": "Jardím Infantil Britanico",
        "categoria": "educacion",
        "subcategoria": "school",
        "tags": {
          "addr:city": "bogotá D.C.",
          "addr:street": "Carrera 72B",
          "amenity": "school",
          "name": "Jardím Infantil Britanico",
          "source": "Kaart Ground Survey 2017"
        }
      },
      "geometry": {
        "type": "Point",
        "coordinates": [
          -74.1175937,
          4.6630772
        ]
      }
    },
    {
      "type": "Feature",
      "properties": {
        "id": 5243315989,
        "nombre": "Sin Nombre",
        "categoria": "educacion",
        "subcategoria": "school",
        "tags": {
          "addr:city": "Bogotá D.C.",
          "addr:street": "Calle 37 Sur",
          "amenity": "school",
          "fixme": "name",
          "phone": "+57 300 2136791",
          "source": "Kaart Ground Survey 2017"
        }
      },
      "geometry": {
        "type": "Point",
        "coordinates": [
          -74.1312182,
          4.6043816
        ]
      }
    },
    {
      "type": "Feature",
      "properties": {
        "id": 5246043024,
        "nombre": "Cenda",
        "categoria": "educacion",
        "subcategoria": "school",
        "tags": {
          "amenity": "school",
          "name": "Cenda"
        }
      },
      "geometry": {
        "type": "Point",
        "coordinates": [
          -74.0690432,
          4.6239384
        ]
      }
    },
    {
      "type": "Feature",
      "properties": {
        "id": 5249759121,
        "nombre": "C.B. BIEN - Fundación Kamariy",
        "categoria": "educacion",
        "subcategoria": "school",
        "tags": {
          "addr:street": "Carrera 18C",
          "amenity": "school",
          "name": "C.B. BIEN - Fundación Kamariy",
          "name:es": "C.B. BIEN - Fundación Kamariy",
          "opening_hours": "Mo-Fr 09:00-16:00",
          "phone": "+57 311 8538514"
        }
      },
      "geometry": {
        "type": "Point",
        "coordinates": [
          -74.143879,
          4.5533809
        ]
      }
    },
    {
      "type": "Feature",
      "properties": {
        "id": 5258746824,
        "nombre": "Colegio San Pablo",
        "categoria": "educacion",
        "subcategoria": "school",
        "tags": {
          "amenity": "school",
          "name": "Colegio San Pablo"
        }
      },
      "geometry": {
        "type": "Point",
        "coordinates": [
          -74.1116799,
          4.5544983
        ]
      }
    },
    {
      "type": "Feature",
      "properties": {
        "id": 5341470121,
        "nombre": "Liceo Ernesto Cardenal",
        "categoria": "educacion",
        "subcategoria": "college",
        "tags": {
          "addr:housenumber": "75-22 sur",
          "addr:street": "Carrera 80 P",
          "amenity": "college",
          "name": "Liceo Ernesto Cardenal"
        }
      },
      "geometry": {
        "type": "Point",
        "coordinates": [
          -74.2028192,
          4.6109776
        ]
      }
    },
    {
      "type": "Feature",
      "properties": {
        "id": 5349461526,
        "nombre": "IED Colegio Tibabuyes Universal Sede C",
        "categoria": "educacion",
        "subcategoria": "school",
        "tags": {
          "amenity": "school",
          "name": "IED Colegio Tibabuyes Universal Sede C"
        }
      },
      "geometry": {
        "type": "Point",
        "coordinates": [
          -74.0994439,
          4.7432105
        ]
      }
    },
    {
      "type": "Feature",
      "properties": {
        "id": 5362708550,
        "nombre": "Colegio Nuestra Señora del Rosario Campestre",
        "categoria": "educacion",
        "subcategoria": "school",
        "tags": {
          "addr:street": "Km 2 vía Cota Siberia",
          "amenity": "school",
          "name": "Colegio Nuestra Señora del Rosario Campestre",
          "phone": "+57 3144422464"
        }
      },
      "geometry": {
        "type": "Point",
        "coordinates": [
          -74.114668,
          4.7956191
        ]
      }
    },
    {
      "type": "Feature",
      "properties": {
        "id": 5495060470,
        "nombre": "Gimnasio los alamos",
        "categoria": "educacion",
        "subcategoria": "school",
        "tags": {
          "amenity": "school",
          "name": "Gimnasio los alamos"
        }
      },
      "geometry": {
        "type": "Point",
        "coordinates": [
          -74.1176048,
          4.7028507
        ]
      }
    },
    {
      "type": "Feature",
      "properties": {
        "id": 5495139910,
        "nombre": "liceo la española",
        "categoria": "educacion",
        "subcategoria": "school",
        "tags": {
          "amenity": "school",
          "name": "liceo la española"
        }
      },
      "geometry": {
        "type": "Point",
        "coordinates": [
          -74.0927864,
          4.7053247
        ]
      }
    },
    {
      "type": "Feature",
      "properties": {
        "id": 5495139911,
        "nombre": "MONTERREY",
        "categoria": "educacion",
        "subcategoria": "school",
        "tags": {
          "amenity": "school",
          "name": "MONTERREY"
        }
      },
      "geometry": {
        "type": "Point",
        "coordinates": [
          -74.0952236,
          4.7074805
        ]
      }
    },
    {
      "type": "Feature",
      "properties": {
        "id": 5495139912,
        "nombre": "CARRION",
        "categoria": "educacion",
        "subcategoria": "school",
        "tags": {
          "amenity": "school",
          "name": "CARRION"
        }
      },
      "geometry": {
        "type": "Point",
        "coordinates": [
          -74.0942222,
          4.7075266
        ]
      }
    },
    {
      "type": "Feature",
      "properties": {
        "id": 5764900735,
        "nombre": "Colegio Maza",
        "categoria": "educacion",
        "subcategoria": "school",
        "tags": {
          "amenity": "school",
          "name": "Colegio Maza"
        }
      },
      "geometry": {
        "type": "Point",
        "coordinates": [
          -73.9074808,
          4.5582224
        ]
      }
    },
    {
      "type": "Feature",
      "properties": {
        "id": 5768955617,
        "nombre": "Seminario",
        "categoria": "educacion",
        "subcategoria": "college",
        "tags": {
          "amenity": "college",
          "name": "Seminario"
        }
      },
      "geometry": {
        "type": "Point",
        "coordinates": [
          -74.0618473,
          4.7730558
        ]
      }
    },
    {
      "type": "Feature",
      "properties": {
        "id": 5854927485,
        "nombre": "Sin Nombre",
        "categoria": "educacion",
        "subcategoria": "school",
        "tags": {
          "addr:full": "Km 5 antigua via al Guavio. Serrezuela",
          "amenity": "school"
        }
      },
      "geometry": {
        "type": "Point",
        "coordinates": [
          -74.0167597,
          4.7623905
        ]
      }
    },
    {
      "type": "Feature",
      "properties": {
        "id": 5899567385,
        "nombre": "Mimositos",
        "categoria": "educacion",
        "subcategoria": "school",
        "tags": {
          "amenity": "school",
          "name": "Mimositos"
        }
      },
      "geometry": {
        "type": "Point",
        "coordinates": [
          -74.1374212,
          4.6357626
        ]
      }
    },
    {
      "type": "Feature",
      "properties": {
        "id": 6016404546,
        "nombre": "Gimnasio Santa Rosa de Lima",
        "categoria": "educacion",
        "subcategoria": "school",
        "tags": {
          "addr:city": "Bogotá",
          "addr:housenumber": "17-24",
          "addr:street": "Calle 33A",
          "amenity": "school",
          "denomination": "catholic",
          "name": "Gimnasio Santa Rosa de Lima",
          "religion": "christian"
        }
      },
      "geometry": {
        "type": "Point",
        "coordinates": [
          -74.072629,
          4.6222822
        ]
      }
    },
    {
      "type": "Feature",
      "properties": {
        "id": 6016441529,
        "nombre": "Centro Educativo Distrital Antonio Nariño",
        "categoria": "educacion",
        "subcategoria": "school",
        "tags": {
          "amenity": "school",
          "name": "Centro Educativo Distrital Antonio Nariño"
        }
      },
      "geometry": {
        "type": "Point",
        "coordinates": [
          -74.0833667,
          4.6289732
        ]
      }
    },
    {
      "type": "Feature",
      "properties": {
        "id": 6032137051,
        "nombre": "Sede Wayuu",
        "categoria": "educacion",
        "subcategoria": "university",
        "tags": {
          "amenity": "university",
          "name": "Sede Wayuu",
          "operator": "Fundación Universitaria Panamericana"
        }
      },
      "geometry": {
        "type": "Point",
        "coordinates": [
          -74.0732437,
          4.617823
        ]
      }
    },
    {
      "type": "Feature",
      "properties": {
        "id": 6032137070,
        "nombre": "Gimnasio Santa Rosa de Lima",
        "categoria": "educacion",
        "subcategoria": "school",
        "tags": {
          "addr:city": "Bogotá",
          "addr:housenumber": "33-05",
          "addr:street": "Carrera 17",
          "amenity": "school",
          "denomination": "catholic",
          "name": "Gimnasio Santa Rosa de Lima",
          "religion": "christian"
        }
      },
      "geometry": {
        "type": "Point",
        "coordinates": [
          -74.0726264,
          4.6218658
        ]
      }
    },
    {
      "type": "Feature",
      "properties": {
        "id": 6038219121,
        "nombre": "Colegio Mayor Creativista",
        "categoria": "educacion",
        "subcategoria": "school",
        "tags": {
          "amenity": "school",
          "name": "Colegio Mayor Creativista"
        }
      },
      "geometry": {
        "type": "Point",
        "coordinates": [
          -74.2063901,
          4.7089534
        ]
      }
    },
    {
      "type": "Feature",
      "properties": {
        "id": 6038276159,
        "nombre": "Colegio Cooperativo Comunal de Funza",
        "categoria": "educacion",
        "subcategoria": "school",
        "tags": {
          "amenity": "school",
          "name": "Colegio Cooperativo Comunal de Funza"
        }
      },
      "geometry": {
        "type": "Point",
        "coordinates": [
          -74.2120963,
          4.7184655
        ]
      }
    },
    {
      "type": "Feature",
      "properties": {
        "id": 6126688945,
        "nombre": "Fundacion Emmanuel",
        "categoria": "educacion",
        "subcategoria": "school",
        "tags": {
          "amenity": "school",
          "name": "Fundacion Emmanuel"
        }
      },
      "geometry": {
        "type": "Point",
        "coordinates": [
          -74.0918204,
          4.7231436
        ]
      }
    },
    {
      "type": "Feature",
      "properties": {
        "id": 6126696964,
        "nombre": "Gimnasio Santander",
        "categoria": "educacion",
        "subcategoria": "school",
        "tags": {
          "amenity": "school",
          "name": "Gimnasio Santander"
        }
      },
      "geometry": {
        "type": "Point",
        "coordinates": [
          -74.0910456,
          4.7226347
        ]
      }
    },
    {
      "type": "Feature",
      "properties": {
        "id": 6322023424,
        "nombre": "Sede escuela rural El Peñon",
        "categoria": "educacion",
        "subcategoria": "school",
        "tags": {
          "amenity": "school",
          "email": "iedsanmiguel@hotmail.com",
          "isced:level": "1",
          "name": "Sede escuela rural El Peñon",
          "operator:type": "public"
        }
      },
      "geometry": {
        "type": "Point",
        "coordinates": [
          -74.2929761,
          4.4263905
        ]
      }
    },
    {
      "type": "Feature",
      "properties": {
        "id": 6403359693,
        "nombre": "Esc. rural Agua Dulce",
        "categoria": "educacion",
        "subcategoria": "school",
        "tags": {
          "amenity": "school",
          "name": "Esc. rural Agua Dulce"
        }
      },
      "geometry": {
        "type": "Point",
        "coordinates": [
          -73.9683346,
          4.5628971
        ]
      }
    },
    {
      "type": "Feature",
      "properties": {
        "id": 6491894842,
        "nombre": "Colegio El Escorial",
        "categoria": "educacion",
        "subcategoria": "school",
        "tags": {
          "amenity": "school",
          "name": "Colegio El Escorial"
        }
      },
      "geometry": {
        "type": "Point",
        "coordinates": [
          -74.1106553,
          4.7043686
        ]
      }
    },
    {
      "type": "Feature",
      "properties": {
        "id": 6501137709,
        "nombre": "CIDCA",
        "categoria": "educacion",
        "subcategoria": "university",
        "tags": {
          "amenity": "university",
          "name": "CIDCA"
        }
      },
      "geometry": {
        "type": "Point",
        "coordinates": [
          -74.0722644,
          4.6267823
        ]
      }
    },
    {
      "type": "Feature",
      "properties": {
        "id": 6505023962,
        "nombre": "Uniminuto sede virtual y a distancia",
        "categoria": "educacion",
        "subcategoria": "university",
        "tags": {
          "addr:city": "Bogotá D.C.",
          "addr:housenumber": "66",
          "addr:postcode": "111051",
          "addr:street": "Carrera 73A",
          "amenity": "university",
          "name": "Uniminuto sede virtual y a distancia"
        }
      },
      "geometry": {
        "type": "Point",
        "coordinates": [
          -74.0914387,
          4.6957082
        ]
      }
    },
    {
      "type": "Feature",
      "properties": {
        "id": 6519194606,
        "nombre": "Gimnasio Granadino",
        "categoria": "educacion",
        "subcategoria": "school",
        "tags": {
          "addr:city": "Teusaquillo",
          "addr:housenumber": "38-14",
          "addr:street": "Calle 38",
          "amenity": "school",
          "name": "Gimnasio Granadino"
        }
      },
      "geometry": {
        "type": "Point",
        "coordinates": [
          -74.0705189,
          4.6266451
        ]
      }
    },
    {
      "type": "Feature",
      "properties": {
        "id": 6520145594,
        "nombre": "SENA",
        "categoria": "educacion",
        "subcategoria": "college",
        "tags": {
          "amenity": "college",
          "name": "SENA"
        }
      },
      "geometry": {
        "type": "Point",
        "coordinates": [
          -74.0983088,
          4.6887632
        ]
      }
    },
    {
      "type": "Feature",
      "properties": {
        "id": 6520199861,
        "nombre": "Sin Nombre",
        "categoria": "educacion",
        "subcategoria": "college",
        "tags": {
          "amenity": "college"
        }
      },
      "geometry": {
        "type": "Point",
        "coordinates": [
          -74.0700536,
          4.6262325
        ]
      }
    },
    {
      "type": "Feature",
      "properties": {
        "id": 6575366285,
        "nombre": "Gimnasio La Arboleda",
        "categoria": "educacion",
        "subcategoria": "college",
        "tags": {
          "amenity": "college",
          "name": "Gimnasio La Arboleda"
        }
      },
      "geometry": {
        "type": "Point",
        "coordinates": [
          -74.0886424,
          4.7849066
        ]
      }
    },
    {
      "type": "Feature",
      "properties": {
        "id": 6656254343,
        "nombre": "Medised - Institute of Technical Education",
        "categoria": "educacion",
        "subcategoria": "school",
        "tags": {
          "addr:housenumber": "99-40",
          "addr:street": "Calle 18",
          "amenity": "school",
          "name": "Medised - Institute of Technical Education",
          "phone": "(1) 7033485"
        }
      },
      "geometry": {
        "type": "Point",
        "coordinates": [
          -74.1436672,
          4.6734345
        ]
      }
    },
    {
      "type": "Feature",
      "properties": {
        "id": 6792964229,
        "nombre": "Instituto Psicopedagógico El Calpulli",
        "categoria": "educacion",
        "subcategoria": "school",
        "tags": {
          "addr:city": "Bogota",
          "amenity": "school",
          "name": "Instituto Psicopedagógico El Calpulli",
          "phone": "(1) 2676206"
        }
      },
      "geometry": {
        "type": "Point",
        "coordinates": [
          -74.155793,
          4.6881814
        ]
      }
    },
    {
      "type": "Feature",
      "properties": {
        "id": 6830763507,
        "nombre": "Ced Santa Inés",
        "categoria": "educacion",
        "subcategoria": "school",
        "tags": {
          "amenity": "school",
          "name": "Ced Santa Inés"
        }
      },
      "geometry": {
        "type": "Point",
        "coordinates": [
          -74.0837172,
          4.5975755
        ]
      }
    },
    {
      "type": "Feature",
      "properties": {
        "id": 6831374156,
        "nombre": "Academia Superior de Artes de Bogotá",
        "categoria": "educacion",
        "subcategoria": "university",
        "tags": {
          "addr:housenumber": "14-69",
          "addr:street": "Carrera 13",
          "amenity": "university",
          "name": "Academia Superior de Artes de Bogotá"
        }
      },
      "geometry": {
        "type": "Point",
        "coordinates": [
          -74.0786257,
          4.6046423
        ]
      }
    },
    {
      "type": "Feature",
      "properties": {
        "id": 6831374157,
        "nombre": "Facultad de Artes ASAB",
        "categoria": "educacion",
        "subcategoria": "university",
        "tags": {
          "addr:housenumber": "14-69",
          "addr:street": "Carrera 13",
          "amenity": "university",
          "name": "Facultad de Artes ASAB"
        }
      },
      "geometry": {
        "type": "Point",
        "coordinates": [
          -74.0781844,
          4.6045864
        ]
      }
    },
    {
      "type": "Feature",
      "properties": {
        "id": 6831374158,
        "nombre": "Palacio de la Merced",
        "categoria": "educacion",
        "subcategoria": "university",
        "tags": {
          "addr:housenumber": "13-95",
          "addr:street": "Carrera 13",
          "amenity": "university",
          "name": "Palacio de la Merced"
        }
      },
      "geometry": {
        "type": "Point",
        "coordinates": [
          -74.0781354,
          4.6046167
        ]
      }
    },
    {
      "type": "Feature",
      "properties": {
        "id": 6831374159,
        "nombre": "Facultad de Artes Asab",
        "categoria": "educacion",
        "subcategoria": "university",
        "tags": {
          "addr:housenumber": "14-69",
          "addr:street": "Carrera 13",
          "amenity": "university",
          "name": "Facultad de Artes Asab"
        }
      },
      "geometry": {
        "type": "Point",
        "coordinates": [
          -74.0781634,
          4.6044072
        ]
      }
    },
    {
      "type": "Feature",
      "properties": {
        "id": 6896442886,
        "nombre": "Jardín Caminos de la Vida",
        "categoria": "educacion",
        "subcategoria": "college",
        "tags": {
          "amenity": "college",
          "name": "Jardín Caminos de la Vida"
        }
      },
      "geometry": {
        "type": "Point",
        "coordinates": [
          -74.1795777,
          4.5887039
        ]
      }
    },
    {
      "type": "Feature",
      "properties": {
        "id": 7037202800,
        "nombre": "Colegio Nazaret",
        "categoria": "educacion",
        "subcategoria": "school",
        "tags": {
          "addr:city": "Bogotá D.C.",
          "addr:street": "Carrera 50",
          "amenity": "school",
          "name": "Colegio Nazaret"
        }
      },
      "geometry": {
        "type": "Point",
        "coordinates": [
          -74.0510016,
          4.7475121
        ]
      }
    },
    {
      "type": "Feature",
      "properties": {
        "id": 7382861867,
        "nombre": "Clases Particulares",
        "categoria": "educacion",
        "subcategoria": "school",
        "tags": {
          "addr:housenumber": "11-46",
          "addr:street": "Carrera 6A",
          "amenity": "school",
          "name": "Clases Particulares"
        }
      },
      "geometry": {
        "type": "Point",
        "coordinates": [
          -74.1749887,
          4.6918006
        ]
      }
    },
    {
      "type": "Feature",
      "properties": {
        "id": 7383135238,
        "nombre": "Liceo Miguel Angel",
        "categoria": "educacion",
        "subcategoria": "school",
        "tags": {
          "addr:housenumber": "3-6",
          "addr:street": "Calle 11",
          "amenity": "school",
          "name": "Liceo Miguel Angel"
        }
      },
      "geometry": {
        "type": "Point",
        "coordinates": [
          -74.1728385,
          4.6911165
        ]
      }
    },
    {
      "type": "Feature",
      "properties": {
        "id": 7657160703,
        "nombre": "The Dolphin",
        "categoria": "educacion",
        "subcategoria": "school",
        "tags": {
          "addr:city": "Bogotá D.C.",
          "addr:housenumber": "160-60",
          "addr:street": "Carrera 56",
          "amenity": "school",
          "name": "The Dolphin",
          "school": "entrance",
          "website": "https://liceodolphin.wixsite.com/dolphin"
        }
      },
      "geometry": {
        "type": "Point",
        "coordinates": [
          -74.0589382,
          4.7432771
        ]
      }
    },
    {
      "type": "Feature",
      "properties": {
        "id": 7841624212,
        "nombre": "Colegio Manuel Cepeda Vargas",
        "categoria": "educacion",
        "subcategoria": "school",
        "tags": {
          "addr:city": "Bosa-Kennedy",
          "addr:street": "Calle 56 Sur",
          "amenity": "school",
          "grades": "1 to 11",
          "name": "Colegio Manuel Cepeda Vargas"
        }
      },
      "geometry": {
        "type": "Point",
        "coordinates": [
          -74.1771185,
          4.6163409
        ]
      }
    },
    {
      "type": "Feature",
      "properties": {
        "id": 7967862663,
        "nombre": "Liceo Mayor El Poblado",
        "categoria": "educacion",
        "subcategoria": "school",
        "tags": {
          "amenity": "school",
          "name": "Liceo Mayor El Poblado"
        }
      },
      "geometry": {
        "type": "Point",
        "coordinates": [
          -74.2294495,
          4.7223186
        ]
      }
    },
    {
      "type": "Feature",
      "properties": {
        "id": 8079603190,
        "nombre": "IED Moralba",
        "categoria": "educacion",
        "subcategoria": "school",
        "tags": {
          "amenity": "school",
          "name": "IED Moralba"
        }
      },
      "geometry": {
        "type": "Point",
        "coordinates": [
          -74.0810401,
          4.5430558
        ]
      }
    },
    {
      "type": "Feature",
      "properties": {
        "id": 8421268518,
        "nombre": "Aeroclub de Colombia",
        "categoria": "educacion",
        "subcategoria": "school",
        "tags": {
          "addr:street": "UPZ Guaymaral",
          "amenity": "school",
          "name": "Aeroclub de Colombia",
          "phone": "(031) 6761498"
        }
      },
      "geometry": {
        "type": "Point",
        "coordinates": [
          -74.0583125,
          4.8134325
        ]
      }
    },
    {
      "type": "Feature",
      "properties": {
        "id": 8565538826,
        "nombre": "Sin Nombre",
        "categoria": "educacion",
        "subcategoria": "school",
        "tags": {
          "amenity": "school"
        }
      },
      "geometry": {
        "type": "Point",
        "coordinates": [
          -74.1842569,
          4.5818182
        ]
      }
    },
    {
      "type": "Feature",
      "properties": {
        "id": 8565600176,
        "nombre": "Sin Nombre",
        "categoria": "educacion",
        "subcategoria": "school",
        "tags": {
          "amenity": "school"
        }
      },
      "geometry": {
        "type": "Point",
        "coordinates": [
          -74.1765144,
          4.5740608
        ]
      }
    },
    {
      "type": "Feature",
      "properties": {
        "id": 8567332624,
        "nombre": "Sin Nombre",
        "categoria": "educacion",
        "subcategoria": "school",
        "tags": {
          "amenity": "school"
        }
      },
      "geometry": {
        "type": "Point",
        "coordinates": [
          -74.1766206,
          4.5740089
        ]
      }
    },
    {
      "type": "Feature",
      "properties": {
        "id": 8567332625,
        "nombre": "Sin Nombre",
        "categoria": "educacion",
        "subcategoria": "school",
        "tags": {
          "amenity": "school"
        }
      },
      "geometry": {
        "type": "Point",
        "coordinates": [
          -74.1746694,
          4.5739296
        ]
      }
    },
    {
      "type": "Feature",
      "properties": {
        "id": 8599554812,
        "nombre": "Sin Nombre",
        "categoria": "educacion",
        "subcategoria": "school",
        "tags": {
          "amenity": "school"
        }
      },
      "geometry": {
        "type": "Point",
        "coordinates": [
          -74.1795243,
          4.5808862
        ]
      }
    },
    {
      "type": "Feature",
      "properties": {
        "id": 8649154216,
        "nombre": "Institución educativa Fagua (Primaria)",
        "categoria": "educacion",
        "subcategoria": "school",
        "tags": {
          "addr:city": "Fagua",
          "addr:postcode": "250007",
          "addr:street": "Vía Tiquiza - Fagua",
          "amenity": "school",
          "grades": "1 to 11",
          "name": "Institución educativa Fagua (Primaria)",
          "operator": "Sandra milena",
          "operator:type": "public",
          "religion": "christian"
        }
      },
      "geometry": {
        "type": "Point",
        "coordinates": [
          -74.0620214,
          4.8870679
        ]
      }
    },
    {
      "type": "Feature",
      "properties": {
        "id": 8742660022,
        "nombre": "IED Colegio Filarmónico Jorge Mario Bergoglio",
        "categoria": "educacion",
        "subcategoria": "school",
        "tags": {
          "addr:city": "Bogotá",
          "addr:housenumber": "113C-51",
          "addr:postcode": "111141",
          "addr:street": "Calle 143A",
          "amenity": "school",
          "email": "colegiojorgemariobergoglio@educacionbogota.edu.co",
          "grades": "1-11",
          "name": "IED Colegio Filarmónico Jorge Mario Bergoglio",
          "operator": "Educacion Bogotá",
          "phone": "+573778513"
        }
      },
      "geometry": {
        "type": "Point",
        "coordinates": [
          -74.1034136,
          4.7487972
        ]
      }
    },
    {
      "type": "Feature",
      "properties": {
        "id": 8757054678,
        "nombre": "Colegio Distrital Hunza",
        "categoria": "educacion",
        "subcategoria": "school",
        "tags": {
          "amenity": "school",
          "name": "Colegio Distrital Hunza"
        }
      },
      "geometry": {
        "type": "Point",
        "coordinates": [
          -74.0832755,
          4.7233539
        ]
      }
    },
    {
      "type": "Feature",
      "properties": {
        "id": 8827805785,
        "nombre": "Colegio Santa Cruz",
        "categoria": "educacion",
        "subcategoria": "school",
        "tags": {
          "amenity": "school",
          "name": "Colegio Santa Cruz"
        }
      },
      "geometry": {
        "type": "Point",
        "coordinates": [
          -74.0976655,
          4.7022922
        ]
      }
    },
    {
      "type": "Feature",
      "properties": {
        "id": 8827953917,
        "nombre": "Sin Nombre",
        "categoria": "educacion",
        "subcategoria": "school",
        "tags": {
          "amenity": "school"
        }
      },
      "geometry": {
        "type": "Point",
        "coordinates": [
          -74.0944544,
          4.690861
        ]
      }
    },
    {
      "type": "Feature",
      "properties": {
        "id": 8943416340,
        "nombre": "Colegio Gimnasio Real De Colombia Sede A",
        "categoria": "educacion",
        "subcategoria": "school",
        "tags": {
          "addr:housenumber": "65 A Sur 1",
          "addr:street": "Carrera 17 M",
          "amenity": "school",
          "mobile": "+57 3142902217",
          "name": "Colegio Gimnasio Real De Colombia Sede A"
        }
      },
      "geometry": {
        "type": "Point",
        "coordinates": [
          -74.141753,
          4.5527065
        ]
      }
    },
    {
      "type": "Feature",
      "properties": {
        "id": 8943416341,
        "nombre": "Colegio Gimnasio Real De Colombia Sede B",
        "categoria": "educacion",
        "subcategoria": "school",
        "tags": {
          "addr:housenumber": "17 N 24 Sur",
          "addr:street": "Calle 66 A",
          "amenity": "school",
          "name": "Colegio Gimnasio Real De Colombia Sede B"
        }
      },
      "geometry": {
        "type": "Point",
        "coordinates": [
          -74.1428071,
          4.552137
        ]
      }
    },
    {
      "type": "Feature",
      "properties": {
        "id": 8980303888,
        "nombre": "RED Renata Colombia",
        "categoria": "educacion",
        "subcategoria": "college",
        "tags": {
          "amenity": "college",
          "email": "contactenos@renata.edu.co",
          "name": "RED Renata Colombia",
          "website": "https://www.renata.edu.co/"
        }
      },
      "geometry": {
        "type": "Point",
        "coordinates": [
          -74.0549769,
          4.6561129
        ]
      }
    },
    {
      "type": "Feature",
      "properties": {
        "id": 8986639970,
        "nombre": "Fundación Universitaria del Área Andina",
        "categoria": "educacion",
        "subcategoria": "university",
        "tags": {
          "addr:city": "Soacha",
          "amenity": "university",
          "description": "Centro de servicios universitarios",
          "name": "Fundación Universitaria del Área Andina"
        }
      },
      "geometry": {
        "type": "Point",
        "coordinates": [
          -74.2139286,
          4.5829246
        ]
      }
    },
    {
      "type": "Feature",
      "properties": {
        "id": 9159605081,
        "nombre": "Colegio Rincón Grande",
        "categoria": "educacion",
        "subcategoria": "school",
        "tags": {
          "amenity": "school",
          "name": "Colegio Rincón Grande"
        }
      },
      "geometry": {
        "type": "Point",
        "coordinates": [
          -73.969696,
          4.4359601
        ]
      }
    },
    {
      "type": "Feature",
      "properties": {
        "id": 9267104566,
        "nombre": "ESCUELA",
        "categoria": "educacion",
        "subcategoria": "school",
        "tags": {
          "amenity": "school",
          "name": "ESCUELA"
        }
      },
      "geometry": {
        "type": "Point",
        "coordinates": [
          -73.9227375,
          4.4995855
        ]
      }
    },
    {
      "type": "Feature",
      "properties": {
        "id": 9735513646,
        "nombre": "Universidad CUN",
        "categoria": "educacion",
        "subcategoria": "university",
        "tags": {
          "amenity": "university",
          "name": "Universidad CUN"
        }
      },
      "geometry": {
        "type": "Point",
        "coordinates": [
          -74.0724129,
          4.5984694
        ]
      }
    },
    {
      "type": "Feature",
      "properties": {
        "id": 9829427828,
        "nombre": "Instituto de Posgrados",
        "categoria": "educacion",
        "subcategoria": "university",
        "tags": {
          "amenity": "university",
          "name": "Instituto de Posgrados"
        }
      },
      "geometry": {
        "type": "Point",
        "coordinates": [
          -74.1012001,
          4.6659161
        ]
      }
    },
    {
      "type": "Feature",
      "properties": {
        "id": 9895983866,
        "nombre": "Universidad Piloto de Colombia",
        "categoria": "educacion",
        "subcategoria": "university",
        "tags": {
          "addr:city": "Bogotá D.C.",
          "addr:street": "Carrera 9",
          "amenity": "university",
          "name": "Universidad Piloto de Colombia",
          "name:en": "Pilot University of Colombia",
          "wikidata": "Q7194466",
          "wikimedia_commons": "Category:Universidad Piloto de Colombia",
          "wikipedia": "es:Universidad Piloto de Colombia"
        }
      },
      "geometry": {
        "type": "Point",
        "coordinates": [
          -74.0652511,
          4.6324893
        ]
      }
    },
    {
      "type": "Feature",
      "properties": {
        "id": 10104686418,
        "nombre": "Politécnico Santafé de Bogotá",
        "categoria": "educacion",
        "subcategoria": "college",
        "tags": {
          "amenity": "college",
          "name": "Politécnico Santafé de Bogotá"
        }
      },
      "geometry": {
        "type": "Point",
        "coordinates": [
          -74.0723743,
          4.6253017
        ]
      }
    },
    {
      "type": "Feature",
      "properties": {
        "id": 10243410923,
        "nombre": "Sede I.E.D. Pablo Neruda",
        "categoria": "educacion",
        "subcategoria": "school",
        "tags": {
          "amenity": "school",
          "email": "iedpabloneruda01@yahoo.com",
          "level": "2",
          "name": "Sede I.E.D. Pablo Neruda",
          "operator:type": "public"
        }
      },
      "geometry": {
        "type": "Point",
        "coordinates": [
          -74.2369636,
          4.5289611
        ]
      }
    },
    {
      "type": "Feature",
      "properties": {
        "id": 10243410925,
        "nombre": "Sede Jardin infantil deptal Pablo Neruda",
        "categoria": "educacion",
        "subcategoria": "school",
        "tags": {
          "amenity": "school",
          "email": "iedpabloneruda01@yahoo.com",
          "isced:level": "1",
          "name": "Sede Jardin infantil deptal Pablo Neruda",
          "operator:type": "public"
        }
      },
      "geometry": {
        "type": "Point",
        "coordinates": [
          -74.2373253,
          4.5282442
        ]
      }
    },
    {
      "type": "Feature",
      "properties": {
        "id": 10245146079,
        "nombre": "Sede I.E.D. Romeral",
        "categoria": "educacion",
        "subcategoria": "school",
        "tags": {
          "amenity": "school",
          "email": "iedromeral@hotmail.com",
          "isced:level": "2",
          "name": "Sede I.E.D. Romeral",
          "operator:type": "public",
          "website": "http://www.ieromeral-sibate-cundinamarca.edu.co/"
        }
      },
      "geometry": {
        "type": "Point",
        "coordinates": [
          -74.235584,
          4.4367351
        ]
      }
    },
    {
      "type": "Feature",
      "properties": {
        "id": 10245146081,
        "nombre": "Sede escuela rural Bradamonte",
        "categoria": "educacion",
        "subcategoria": "school",
        "tags": {
          "amenity": "school",
          "email": "iedromeral@hotmail.com",
          "isced:level": "1",
          "name": "Sede escuela rural Bradamonte",
          "operator:type": "public"
        }
      },
      "geometry": {
        "type": "Point",
        "coordinates": [
          -74.2567815,
          4.4064603
        ]
      }
    },
    {
      "type": "Feature",
      "properties": {
        "id": 10245146084,
        "nombre": "Sede escuela rural San Fortunato",
        "categoria": "educacion",
        "subcategoria": "school",
        "tags": {
          "amenity": "school",
          "email": "iedsanmiguel@hotmail.com",
          "isced:level": "1",
          "name": "Sede escuela rural San Fortunato",
          "operator:type": "public",
          "website": "http://iedsanmiguelsedesanfortunato.blogspot.com/"
        }
      },
      "geometry": {
        "type": "Point",
        "coordinates": [
          -74.2758079,
          4.4493794
        ]
      }
    },
    {
      "type": "Feature",
      "properties": {
        "id": 10245146085,
        "nombre": "Sede escuela rural Perico",
        "categoria": "educacion",
        "subcategoria": "school",
        "tags": {
          "amenity": "school",
          "email": "iedsanmiguel@hotmail.com",
          "isced:level": "1",
          "name": "Sede escuela rural Perico",
          "operator:type": "public"
        }
      },
      "geometry": {
        "type": "Point",
        "coordinates": [
          -74.2655558,
          4.4625031
        ]
      }
    },
    {
      "type": "Feature",
      "properties": {
        "id": 10245251768,
        "nombre": "Sede escuela rural Alto Charco",
        "categoria": "educacion",
        "subcategoria": "school",
        "tags": {
          "amenity": "school",
          "email": "iedsanmiguel@hotmail.com",
          "isced:level": "1",
          "name": "Sede escuela rural Alto Charco",
          "operator:type": "public"
        }
      },
      "geometry": {
        "type": "Point",
        "coordinates": [
          -74.2913919,
          4.4993101
        ]
      }
    },
    {
      "type": "Feature",
      "properties": {
        "id": 10245251769,
        "nombre": "Sede escuela rural La Unión",
        "categoria": "educacion",
        "subcategoria": "school",
        "tags": {
          "amenity": "school",
          "email": "iedgeneralsantander@yahoo.es",
          "isced:level": "1",
          "name": "Sede escuela rural La Unión",
          "operator:type": "public"
        }
      },
      "geometry": {
        "type": "Point",
        "coordinates": [
          -74.2689837,
          4.5079728
        ]
      }
    },
    {
      "type": "Feature",
      "properties": {
        "id": 10245251770,
        "nombre": "Liceo campestre Bosque Andino",
        "categoria": "educacion",
        "subcategoria": "school",
        "tags": {
          "amenity": "school",
          "email": "info@licamba.edu.co",
          "isced:level": "2",
          "name": "Liceo campestre Bosque Andino",
          "operator:type": "private",
          "website": "https://licamba.edu.co/"
        }
      },
      "geometry": {
        "type": "Point",
        "coordinates": [
          -74.267594,
          4.5079912
        ]
      }
    },
    {
      "type": "Feature",
      "properties": {
        "id": 10245251771,
        "nombre": "Colegio Leon de Greiff",
        "categoria": "educacion",
        "subcategoria": "school",
        "tags": {
          "amenity": "school",
          "contact:facebook": "https://www.facebook.com/profile.php?id=100063481123465",
          "email": "colegreiff@gmail.com",
          "isced:level": "2",
          "name": "Colegio Leon de Greiff",
          "operator:type": "private"
        }
      },
      "geometry": {
        "type": "Point",
        "coordinates": [
          -74.2533641,
          4.4785414
        ]
      }
    },
    {
      "type": "Feature",
      "properties": {
        "id": 10245454261,
        "nombre": "CDI Jardín infantil Los Amiguitos",
        "categoria": "educacion",
        "subcategoria": "school",
        "tags": {
          "amenity": "school",
          "contact:facebook": "https://www.facebook.com/LosAmiguitosSibate/",
          "isced:level": "0",
          "name": "CDI Jardín infantil Los Amiguitos",
          "operator:type": "public"
        }
      },
      "geometry": {
        "type": "Point",
        "coordinates": [
          -74.2600278,
          4.486457
        ]
      }
    },
    {
      "type": "Feature",
      "properties": {
        "id": 10245454262,
        "nombre": "Sede jardin infantil Dptal Gabriela Mistral",
        "categoria": "educacion",
        "subcategoria": "school",
        "tags": {
          "amenity": "school",
          "email": "atencion@iedgeneralsantander.edu.co",
          "isced:level": "0",
          "name": "Sede jardin infantil Dptal Gabriela Mistral",
          "operator:type": "public",
          "website": "https://sites.google.com/site/iedgsantandersibate/"
        }
      },
      "geometry": {
        "type": "Point",
        "coordinates": [
          -74.2627873,
          4.4881269
        ]
      }
    },
    {
      "type": "Feature",
      "properties": {
        "id": 10245454263,
        "nombre": "Sede concentración urbana General Santander",
        "categoria": "educacion",
        "subcategoria": "school",
        "tags": {
          "amenity": "school",
          "email": "atencion@iedgeneralsantander.edu.co",
          "isced:level": "1",
          "name": "Sede concentración urbana General Santander",
          "operator:type": "public",
          "website": "https://sites.google.com/site/iedgsantandersibate/"
        }
      },
      "geometry": {
        "type": "Point",
        "coordinates": [
          -74.2629678,
          4.4878887
        ]
      }
    },
    {
      "type": "Feature",
      "properties": {
        "id": 10245454265,
        "nombre": "Centro educativo Infancia de Jesus",
        "categoria": "educacion",
        "subcategoria": "school",
        "tags": {
          "amenity": "school",
          "email": "coord.acad.infancia.de.jesus@gmail.com",
          "isced:level": "2",
          "name": "Centro educativo Infancia de Jesus",
          "operator:type": "private",
          "website": "https://sian.net.co/infanciadejesus/"
        }
      },
      "geometry": {
        "type": "Point",
        "coordinates": [
          -74.2607601,
          4.4890665
        ]
      }
    },
    {
      "type": "Feature",
      "properties": {
        "id": 10245454266,
        "nombre": "Liceo Samper Uribe",
        "categoria": "educacion",
        "subcategoria": "school",
        "tags": {
          "amenity": "school",
          "contact:facebook": "https://www.facebook.com/profile.php?id=100065635353383",
          "email": "samperuribe-colegio@hotmail.com",
          "isced:level": "2",
          "name": "Liceo Samper Uribe",
          "operator:type": "private"
        }
      },
      "geometry": {
        "type": "Point",
        "coordinates": [
          -74.2611609,
          4.491447
        ]
      }
    },
    {
      "type": "Feature",
      "properties": {
        "id": 10245454267,
        "nombre": "Gimnasio Los Angeles",
        "categoria": "educacion",
        "subcategoria": "school",
        "tags": {
          "amenity": "school",
          "email": "gimnasiolosangelesibate@hotmail.com",
          "isced:level": "1",
          "name": "Gimnasio Los Angeles",
          "operator:type": "private",
          "website": "https://gimnasiolosangelesibate.edu.co/"
        }
      },
      "geometry": {
        "type": "Point",
        "coordinates": [
          -74.2567475,
          4.4939161
        ]
      }
    },
    {
      "type": "Feature",
      "properties": {
        "id": 10245457750,
        "nombre": "Colegio Parroquial La Asunción",
        "categoria": "educacion",
        "subcategoria": "school",
        "tags": {
          "amenity": "school",
          "email": "info@colegioasuncionsibate.com",
          "isced:level": "2",
          "name": "Colegio Parroquial La Asunción",
          "operator:type": "private",
          "website": "https://colegioasuncionsibate.com/"
        }
      },
      "geometry": {
        "type": "Point",
        "coordinates": [
          -74.2592341,
          4.4940547
        ]
      }
    },
    {
      "type": "Feature",
      "properties": {
        "id": 10245457751,
        "nombre": "Jardin infantil El Clan de Patolin",
        "categoria": "educacion",
        "subcategoria": "school",
        "tags": {
          "amenity": "school",
          "isced:level": "0",
          "name": "Jardin infantil El Clan de Patolin",
          "operator:type": "private",
          "website": "http://www.clandepatolin.edu.co/"
        }
      },
      "geometry": {
        "type": "Point",
        "coordinates": [
          -74.2594641,
          4.4945647
        ]
      }
    },
    {
      "type": "Feature",
      "properties": {
        "id": 10245457752,
        "nombre": "Liceo cristiano Kyrios",
        "categoria": "educacion",
        "subcategoria": "school",
        "tags": {
          "amenity": "school",
          "email": "Liceocristianokyrios@hotmail.com",
          "isced:level": "2",
          "name": "Liceo cristiano Kyrios",
          "operator:type": "private",
          "website": "https://liceocristianokyri.wixsite.com/liceocristianokyrios"
        }
      },
      "geometry": {
        "type": "Point",
        "coordinates": [
          -74.2606417,
          4.4946687
        ]
      }
    },
    {
      "type": "Feature",
      "properties": {
        "id": 10245457753,
        "nombre": "Gimnasio Bilingüe de Sibaté",
        "categoria": "educacion",
        "subcategoria": "school",
        "tags": {
          "amenity": "school",
          "email": "gimnasiobilinguedesibate@hotmail.com",
          "isced:level": "2",
          "name": "Gimnasio Bilingüe de Sibaté",
          "operator:type": "private",
          "website": "https://www.gbsibate.com/"
        }
      },
      "geometry": {
        "type": "Point",
        "coordinates": [
          -74.2610106,
          4.4957899
        ]
      }
    },
    {
      "type": "Feature",
      "properties": {
        "id": 10245457754,
        "nombre": "Liceo psicopedagogico Sibaté",
        "categoria": "educacion",
        "subcategoria": "school",
        "tags": {
          "amenity": "school",
          "email": "psicopedagogico2008@yahoo.es",
          "isced:level": "2",
          "name": "Liceo psicopedagogico Sibaté",
          "operator:type": "private"
        }
      },
      "geometry": {
        "type": "Point",
        "coordinates": [
          -74.2587799,
          4.4956116
        ]
      }
    },
    {
      "type": "Feature",
      "properties": {
        "id": 10290576509,
        "nombre": "El Reino de Cascanueces",
        "categoria": "educacion",
        "subcategoria": "college",
        "tags": {
          "amenity": "college",
          "name": "El Reino de Cascanueces",
          "opening_hours": "Su-Fr 07:00-05:00"
        }
      },
      "geometry": {
        "type": "Point",
        "coordinates": [
          -74.1676543,
          4.610968
        ]
      }
    },
    {
      "type": "Feature",
      "properties": {
        "id": 10699790705,
        "nombre": "Facultad de Ciencias de la Educación Universidad La Gran Colombia",
        "categoria": "educacion",
        "subcategoria": "school",
        "tags": {
          "amenity": "school",
          "check_date": "2025-05-13",
          "name": "Facultad de Ciencias de la Educación Universidad La Gran Colombia",
          "name:es": "Facultad de Ciencias de la Educación"
        }
      },
      "geometry": {
        "type": "Point",
        "coordinates": [
          -74.0728748,
          4.5998546
        ]
      }
    },
    {
      "type": "Feature",
      "properties": {
        "id": 10699837707,
        "nombre": "Bienestar Universitario UGC",
        "categoria": "educacion",
        "subcategoria": "school",
        "tags": {
          "amenity": "school",
          "name": "Bienestar Universitario UGC"
        }
      },
      "geometry": {
        "type": "Point",
        "coordinates": [
          -74.0716127,
          4.6031874
        ]
      }
    },
    {
      "type": "Feature",
      "properties": {
        "id": 10807813205,
        "nombre": "Universidad La Gran Colombia",
        "categoria": "educacion",
        "subcategoria": "school",
        "tags": {
          "amenity": "school",
          "name": "Universidad La Gran Colombia"
        }
      },
      "geometry": {
        "type": "Point",
        "coordinates": [
          -74.0763271,
          4.5999906
        ]
      }
    },
    {
      "type": "Feature",
      "properties": {
        "id": 10951915996,
        "nombre": "Colegio Sagrados Corazones",
        "categoria": "educacion",
        "subcategoria": "school",
        "tags": {
          "amenity": "school",
          "name": "Colegio Sagrados Corazones"
        }
      },
      "geometry": {
        "type": "Point",
        "coordinates": [
          -74.2310293,
          4.7039453
        ]
      }
    },
    {
      "type": "Feature",
      "properties": {
        "id": 10951926097,
        "nombre": "IBERO",
        "categoria": "educacion",
        "subcategoria": "university",
        "tags": {
          "amenity": "university",
          "contact:website": "https://ibero.edu.co",
          "name": "IBERO"
        }
      },
      "geometry": {
        "type": "Point",
        "coordinates": [
          -74.2303199,
          4.7043643
        ]
      }
    },
    {
      "type": "Feature",
      "properties": {
        "id": 11041577205,
        "nombre": "Sin Nombre",
        "categoria": "educacion",
        "subcategoria": "school",
        "tags": {
          "amenity": "school"
        }
      },
      "geometry": {
        "type": "Point",
        "coordinates": [
          -74.0300404,
          4.6750355
        ]
      }
    },
    {
      "type": "Feature",
      "properties": {
        "id": 11041577305,
        "nombre": "Sin Nombre",
        "categoria": "educacion",
        "subcategoria": "school",
        "tags": {
          "amenity": "school"
        }
      },
      "geometry": {
        "type": "Point",
        "coordinates": [
          -74.0308563,
          4.674969
        ]
      }
    },
    {
      "type": "Feature",
      "properties": {
        "id": 11041577605,
        "nombre": "Sin Nombre",
        "categoria": "educacion",
        "subcategoria": "school",
        "tags": {
          "amenity": "school"
        }
      },
      "geometry": {
        "type": "Point",
        "coordinates": [
          -74.0220649,
          4.6675191
        ]
      }
    },
    {
      "type": "Feature",
      "properties": {
        "id": 11041577805,
        "nombre": "Sin Nombre",
        "categoria": "educacion",
        "subcategoria": "school",
        "tags": {
          "amenity": "school"
        }
      },
      "geometry": {
        "type": "Point",
        "coordinates": [
          -74.0260962,
          4.6665348
        ]
      }
    },
    {
      "type": "Feature",
      "properties": {
        "id": 11042771805,
        "nombre": "Sin Nombre",
        "categoria": "educacion",
        "subcategoria": "college",
        "tags": {
          "amenity": "college"
        }
      },
      "geometry": {
        "type": "Point",
        "coordinates": [
          -74.0303297,
          4.6756405
        ]
      }
    },
    {
      "type": "Feature",
      "properties": {
        "id": 11042777705,
        "nombre": "Sin Nombre",
        "categoria": "educacion",
        "subcategoria": "college",
        "tags": {
          "amenity": "college"
        }
      },
      "geometry": {
        "type": "Point",
        "coordinates": [
          -74.0302472,
          4.6753741
        ]
      }
    },
    {
      "type": "Feature",
      "properties": {
        "id": 11112122306,
        "nombre": "Salsabogo",
        "categoria": "educacion",
        "subcategoria": "school",
        "tags": {
          "addr:housenumber": "3103417959",
          "addr:street": "Carrera 71D",
          "amenity": "school",
          "email": "infosalsabogo@gmail.com",
          "name": "Salsabogo",
          "opening_hours": "Su-Sa 09:00-21:00",
          "phone": "+57 310 3417959"
        }
      },
      "geometry": {
        "type": "Point",
        "coordinates": [
          -74.1371246,
          4.6229824
        ]
      }
    },
    {
      "type": "Feature",
      "properties": {
        "id": 11154772360,
        "nombre": "Instituto Cemoden",
        "categoria": "educacion",
        "subcategoria": "school",
        "tags": {
          "amenity": "school",
          "name": "Instituto Cemoden"
        }
      },
      "geometry": {
        "type": "Point",
        "coordinates": [
          -74.1268761,
          4.5985625
        ]
      }
    },
    {
      "type": "Feature",
      "properties": {
        "id": 11194154646,
        "nombre": "Corporacion Universitaria Unitec",
        "categoria": "educacion",
        "subcategoria": "university",
        "tags": {
          "amenity": "university",
          "name": "Corporacion Universitaria Unitec"
        }
      },
      "geometry": {
        "type": "Point",
        "coordinates": [
          -74.0574125,
          4.6619796
        ]
      }
    },
    {
      "type": "Feature",
      "properties": {
        "id": 11370155769,
        "nombre": "Sin Nombre",
        "categoria": "educacion",
        "subcategoria": "school",
        "tags": {
          "amenity": "school"
        }
      },
      "geometry": {
        "type": "Point",
        "coordinates": [
          -74.085347,
          4.6210261
        ]
      }
    },
    {
      "type": "Feature",
      "properties": {
        "id": 11384337069,
        "nombre": "Facultad de Ciencias Sociales y Humanas",
        "categoria": "educacion",
        "subcategoria": "school",
        "tags": {
          "amenity": "school",
          "name": "Facultad de Ciencias Sociales y Humanas"
        }
      },
      "geometry": {
        "type": "Point",
        "coordinates": [
          -74.0694723,
          4.5947782
        ]
      }
    },
    {
      "type": "Feature",
      "properties": {
        "id": 11736138387,
        "nombre": "Tabora sede A",
        "categoria": "educacion",
        "subcategoria": "school",
        "tags": {
          "amenity": "school",
          "name": "Tabora sede A"
        }
      },
      "geometry": {
        "type": "Point",
        "coordinates": [
          -74.0945113,
          4.6917705
        ]
      }
    },
    {
      "type": "Feature",
      "properties": {
        "id": 11736138388,
        "nombre": "Gimnasio El Lago",
        "categoria": "educacion",
        "subcategoria": "school",
        "tags": {
          "amenity": "school",
          "name": "Gimnasio El Lago"
        }
      },
      "geometry": {
        "type": "Point",
        "coordinates": [
          -74.0966786,
          4.6914421
        ]
      }
    },
    {
      "type": "Feature",
      "properties": {
        "id": 12038370778,
        "nombre": "Colegio Infantil Mi Dulce Hogar",
        "categoria": "educacion",
        "subcategoria": "school",
        "tags": {
          "amenity": "school",
          "grades": "0-5",
          "name": "Colegio Infantil Mi Dulce Hogar"
        }
      },
      "geometry": {
        "type": "Point",
        "coordinates": [
          -74.2693246,
          4.7344779
        ]
      }
    },
    {
      "type": "Feature",
      "properties": {
        "id": 12101420884,
        "nombre": "Colegio Distrital La Floresta Sur Sede B",
        "categoria": "educacion",
        "subcategoria": "school",
        "tags": {
          "amenity": "school",
          "name": "Colegio Distrital La Floresta Sur Sede B"
        }
      },
      "geometry": {
        "type": "Point",
        "coordinates": [
          -74.1270834,
          4.6224228
        ]
      }
    },
    {
      "type": "Feature",
      "properties": {
        "id": 12165639581,
        "nombre": "Innova Schools Cota",
        "categoria": "educacion",
        "subcategoria": "school",
        "tags": {
          "amenity": "school",
          "name": "Innova Schools Cota"
        }
      },
      "geometry": {
        "type": "Point",
        "coordinates": [
          -74.0924744,
          4.8095301
        ]
      }
    },
    {
      "type": "Feature",
      "properties": {
        "id": 12691894276,
        "nombre": "Laboratorios de Ingeniería",
        "categoria": "educacion",
        "subcategoria": "university",
        "tags": {
          "amenity": "university",
          "check_date": "2025-03-22",
          "name": "Laboratorios de Ingeniería"
        }
      },
      "geometry": {
        "type": "Point",
        "coordinates": [
          -74.0683271,
          4.6044429
        ]
      }
    },
    {
      "type": "Feature",
      "properties": {
        "id": 12691894279,
        "nombre": "Ingenieria Ambiental",
        "categoria": "educacion",
        "subcategoria": "university",
        "tags": {
          "amenity": "university",
          "check_date": "2025-03-22",
          "name": "Ingenieria Ambiental"
        }
      },
      "geometry": {
        "type": "Point",
        "coordinates": [
          -74.0696776,
          4.6028471
        ]
      }
    },
    {
      "type": "Feature",
      "properties": {
        "id": 12729259021,
        "nombre": "Gimnasio Campestre Escalemos",
        "categoria": "educacion",
        "subcategoria": "school",
        "tags": {
          "amenity": "school",
          "name": "Gimnasio Campestre Escalemos"
        }
      },
      "geometry": {
        "type": "Point",
        "coordinates": [
          -74.0571505,
          4.7514941
        ]
      }
    },
    {
      "type": "Feature",
      "properties": {
        "id": 12845107157,
        "nombre": "Corporación Universitaria de Colombia Ideas",
        "categoria": "educacion",
        "subcategoria": "university",
        "tags": {
          "addr:city": "Bogotá D.C.",
          "addr:housenumber": "10A-36",
          "addr:street": "Calle 69",
          "amenity": "university",
          "contact:website": "https://ideas.edu.co",
          "name": "Corporación Universitaria de Colombia Ideas"
        }
      },
      "geometry": {
        "type": "Point",
        "coordinates": [
          -74.0604362,
          4.6539408
        ]
      }
    },
    {
      "type": "Feature",
      "properties": {
        "id": 12878946197,
        "nombre": "Instituto San Ignacio de Loyola",
        "categoria": "educacion",
        "subcategoria": "school",
        "tags": {
          "addr:city": "Bogotá",
          "addr:street": "Calle 27 Sur",
          "amenity": "school",
          "denomination": "catholic",
          "name": "Instituto San Ignacio de Loyola",
          "religion": "christian"
        }
      },
      "geometry": {
        "type": "Point",
        "coordinates": [
          -74.1087865,
          4.5815292
        ]
      }
    },
    {
      "type": "Feature",
      "properties": {
        "id": 13076585113,
        "nombre": "UDR UNAD Soacha",
        "categoria": "educacion",
        "subcategoria": "university",
        "tags": {
          "amenity": "university",
          "name": "UDR UNAD Soacha",
          "operator": "Universidad Nacional Abierta y a Distancia",
          "operator:type": "public",
          "operator:wikidata": "Q5556466",
          "wikidata": "Q5556466",
          "wikimedia_commons": "Category:Universidad Nacional Abierta y a Distancia",
          "wikipedia": "es:Universidad Nacional Abierta y a Distancia"
        }
      },
      "geometry": {
        "type": "Point",
        "coordinates": [
          -74.2143727,
          4.6053102
        ]
      }
    },
    {
      "type": "Feature",
      "properties": {
        "id": 13140028442,
        "nombre": "Corporación Politécnico Colombo Andino",
        "categoria": "educacion",
        "subcategoria": "college",
        "tags": {
          "addr:city": "Bogotá D.C.",
          "addr:housenumber": "7C-62",
          "addr:street": "Calle 125",
          "amenity": "college",
          "name": "Corporación Politécnico Colombo Andino",
          "website": "https://www.polcolan.edu.co/"
        }
      },
      "geometry": {
        "type": "Point",
        "coordinates": [
          -74.0324331,
          4.7013782
        ]
      }
    },
    {
      "type": "Feature",
      "properties": {
        "id": 13158919590,
        "nombre": "Corporación Educación Superior Suramerica",
        "categoria": "educacion",
        "subcategoria": "college",
        "tags": {
          "addr:city": "Bogotá D.C.",
          "addr:housenumber": "46-57",
          "addr:street": "Carrera 14A",
          "amenity": "college",
          "contact:email": "mercadeoycomunicaciones @suramerica.edu.co",
          "contact:mobile": "+57 314 2939217",
          "contact:website": "https://suramerica.edu.co/",
          "name": "Corporación Educación Superior Suramerica"
        }
      },
      "geometry": {
        "type": "Point",
        "coordinates": [
          -74.0676676,
          4.6340187
        ]
      }
    },
    {
      "type": "Feature",
      "properties": {
        "id": 13226836703,
        "nombre": "Universitaria de Colombia Sede 2",
        "categoria": "educacion",
        "subcategoria": "university",
        "tags": {
          "addr:housenumber": "# 36-58",
          "addr:street": "Avenida Carrera 7",
          "amenity": "university",
          "name": "Universitaria de Colombia Sede 2",
          "operator:type": "private",
          "wheelchair": "yes"
        }
      },
      "geometry": {
        "type": "Point",
        "coordinates": [
          -74.0662535,
          4.6230177
        ]
      }
    },
    {
      "type": "Feature",
      "properties": {
        "id": 13227015009,
        "nombre": "UNICOC (Institución Universitaria Colegios de Colombia)",
        "categoria": "educacion",
        "subcategoria": "university",
        "tags": {
          "amenity": "university",
          "name": "UNICOC (Institución Universitaria Colegios de Colombia)"
        }
      },
      "geometry": {
        "type": "Point",
        "coordinates": [
          -74.030203,
          4.8467855
        ]
      }
    },
    {
      "type": "Feature",
      "properties": {
        "id": 13536421501,
        "nombre": "Colegio Veintiún. Ángeles Sede C",
        "categoria": "educacion",
        "subcategoria": "school",
        "tags": {
          "amenity": "school",
          "education": "school",
          "name": "Colegio Veintiún. Ángeles Sede C"
        }
      },
      "geometry": {
        "type": "Point",
        "coordinates": [
          -74.0757953,
          4.7380048
        ]
      }
    },
    {
      "type": "Feature",
      "properties": {
        "id": 13572536618,
        "nombre": "U.D.C.A.",
        "categoria": "educacion",
        "subcategoria": "university",
        "tags": {
          "amenity": "university",
          "name": "U.D.C.A."
        }
      },
      "geometry": {
        "type": "Point",
        "coordinates": [
          -74.0993587,
          4.681603
        ]
      }
    },
    {
      "type": "Feature",
      "properties": {
        "id": 13583994417,
        "nombre": "Sin Nombre",
        "categoria": "educacion",
        "subcategoria": "school",
        "tags": {
          "amenity": "school",
          "education": "school",
          "website": "https://commons.wikimedia.org/wiki/File:LLEGADA_AL_COLEGIO_JOSE_EFLIX_RESTREPO_SEDE_D.wav"
        }
      },
      "geometry": {
        "type": "Point",
        "coordinates": [
          -74.0872466,
          4.5746587
        ]
      }
    },
    {
      "type": "Feature",
      "properties": {
        "id": 13679989601,
        "nombre": "Sin Nombre",
        "categoria": "educacion",
        "subcategoria": "college",
        "tags": {
          "amenity": "college",
          "name:en": "JOIN UP"
        }
      },
      "geometry": {
        "type": "Point",
        "coordinates": [
          -74.0392785,
          4.8870619
        ]
      }
    },
    {
      "type": "Feature",
      "properties": {
        "id": 13847535601,
        "nombre": "Institución Educativa La Despensa Sede A",
        "categoria": "educacion",
        "subcategoria": "school",
        "tags": {
          "addr:housenumber": "58-32",
          "addr:street": "Avenida Carrera 7",
          "amenity": "school",
          "check_date": "2026-05-18",
          "education": "school",
          "name": "Institución Educativa La Despensa Sede A"
        }
      },
      "geometry": {
        "type": "Point",
        "coordinates": [
          -74.1872988,
          4.5955469
        ]
      }
    },
    {
      "type": "Feature",
      "properties": {
        "id": 14007457050,
        "nombre": "Children's Vision",
        "categoria": "educacion",
        "subcategoria": "school",
        "tags": {
          "amenity": "school",
          "education": "school",
          "name": "Children's Vision"
        }
      },
      "geometry": {
        "type": "Point",
        "coordinates": [
          -74.1192996,
          4.5869353
        ]
      }
    },
    {
      "type": "Feature",
      "properties": {
        "id": 24038285,
        "nombre": "IED Santa Lucía",
        "categoria": "educacion",
        "subcategoria": "school",
        "tags": {
          "amenity": "school",
          "barrier": "yes",
          "name": "IED Santa Lucía"
        }
      },
      "geometry": {
        "type": "Point",
        "coordinates": [
          -74.1183817,
          4.5743649
        ]
      }
    },
    {
      "type": "Feature",
      "properties": {
        "id": 24038291,
        "nombre": "IED Clemencia Holguin",
        "categoria": "educacion",
        "subcategoria": "school",
        "tags": {
          "addr:full": "CALLE 30 SUR No. 18 - 25",
          "amenity": "school",
          "name": "IED Clemencia Holguin"
        }
      },
      "geometry": {
        "type": "Point",
        "coordinates": [
          -74.1107001,
          4.5790529
        ]
      }
    },
    {
      "type": "Feature",
      "properties": {
        "id": 24249708,
        "nombre": "Sin Nombre",
        "categoria": "educacion",
        "subcategoria": "school",
        "tags": {
          "amenity": "school",
          "building": "yes"
        }
      },
      "geometry": {
        "type": "Point",
        "coordinates": [
          -74.0909228,
          4.6474006
        ]
      }
    },
    {
      "type": "Feature",
      "properties": {
        "id": 24249802,
        "nombre": "Escuela Superior de Administración Pública",
        "categoria": "educacion",
        "subcategoria": "university",
        "tags": {
          "amenity": "university",
          "building": "yes",
          "name": "Escuela Superior de Administración Pública"
        }
      },
      "geometry": {
        "type": "Point",
        "coordinates": [
          -74.0929166,
          4.6444006
        ]
      }
    },
    {
      "type": "Feature",
      "properties": {
        "id": 24429373,
        "nombre": "Servicio Nacional de Aprendizaje",
        "categoria": "educacion",
        "subcategoria": "college",
        "tags": {
          "amenity": "college",
          "name": "Servicio Nacional de Aprendizaje",
          "operator": "Servicio Nacional de Aprendizaje",
          "operator:short": "SENA",
          "operator:type": "public",
          "operator:wikidata": "Q6974078"
        }
      },
      "geometry": {
        "type": "Point",
        "coordinates": [
          -74.0632948,
          4.6430557
        ]
      }
    },
    {
      "type": "Feature",
      "properties": {
        "id": 24429673,
        "nombre": "Gimnasio Moderno",
        "categoria": "educacion",
        "subcategoria": "school",
        "tags": {
          "addr:city": "Bogotá D.C.",
          "addr:housename": "Carrera 9",
          "addr:housenumber": "74-99",
          "addr:street": "Carrera 9",
          "amenity": "school",
          "barrier": "fence",
          "name": "Gimnasio Moderno",
          "website": "https://gimnasiomoderno.edu.co/",
          "wikidata": "Q733808",
          "wikimedia_commons": "Category:Gimnasio Moderno",
          "wikipedia": "es:Gimnasio Moderno"
        }
      },
      "geometry": {
        "type": "Point",
        "coordinates": [
          -74.0559557,
          4.6592445
        ]
      }
    },
    {
      "type": "Feature",
      "properties": {
        "id": 24518550,
        "nombre": "Colegio Externado Nacional Camilo Torres",
        "categoria": "educacion",
        "subcategoria": "university",
        "tags": {
          "amenity": "university",
          "building": "yes",
          "created_by": "JOSM",
          "name": "Colegio Externado Nacional Camilo Torres"
        }
      },
      "geometry": {
        "type": "Point",
        "coordinates": [
          -74.0668577,
          4.620335
        ]
      }
    },
    {
      "type": "Feature",
      "properties": {
        "id": 24535994,
        "nombre": "Colegio Distrital Agustin Nieto Caballero",
        "categoria": "educacion",
        "subcategoria": "school",
        "tags": {
          "addr:full": "CARRERA 19 No. 11 - 17",
          "amenity": "school",
          "building": "yes",
          "name": "Colegio Distrital Agustin Nieto Caballero"
        }
      },
      "geometry": {
        "type": "Point",
        "coordinates": [
          -74.0862068,
          4.6060094
        ]
      }
    },
    {
      "type": "Feature",
      "properties": {
        "id": 24536000,
        "nombre": "Colegio San José",
        "categoria": "educacion",
        "subcategoria": "school",
        "tags": {
          "amenity": "school",
          "name": "Colegio San José"
        }
      },
      "geometry": {
        "type": "Point",
        "coordinates": [
          -74.0924761,
          4.6125111
        ]
      }
    },
    {
      "type": "Feature",
      "properties": {
        "id": 24546908,
        "nombre": "UniMonserrate-Unión Social",
        "categoria": "educacion",
        "subcategoria": "university",
        "tags": {
          "addr:city": "Bogotá D.C.",
          "addr:housenumber": "62",
          "addr:street": "Avenida Calle 68",
          "amenity": "university",
          "name": "UniMonserrate-Unión Social",
          "operator": "Universitaria Monserrate"
        }
      },
      "geometry": {
        "type": "Point",
        "coordinates": [
          -74.0834876,
          4.6727598
        ]
      }
    },
    {
      "type": "Feature",
      "properties": {
        "id": 24546972,
        "nombre": "Col. Nav. Sta Fe de Bogotá",
        "categoria": "educacion",
        "subcategoria": "school",
        "tags": {
          "amenity": "school",
          "check_date": "2025-04-06",
          "name": "Col. Nav. Sta Fe de Bogotá",
          "operator": "ARC"
        }
      },
      "geometry": {
        "type": "Point",
        "coordinates": [
          -74.0883703,
          4.6714942
        ]
      }
    },
    {
      "type": "Feature",
      "properties": {
        "id": 24559327,
        "nombre": "Sin Nombre",
        "categoria": "educacion",
        "subcategoria": "school",
        "tags": {
          "amenity": "school"
        }
      },
      "geometry": {
        "type": "Point",
        "coordinates": [
          -74.0805691,
          4.6644726
        ]
      }
    },
    {
      "type": "Feature",
      "properties": {
        "id": 26697056,
        "nombre": "INEM Francisco de Paula Santander",
        "categoria": "educacion",
        "subcategoria": "school",
        "tags": {
          "alt_name": "Colegio Distrital INEM Kennedy",
          "amenity": "school",
          "barrier": "fence",
          "name": "INEM Francisco de Paula Santander"
        }
      },
      "geometry": {
        "type": "Point",
        "coordinates": [
          -74.1559472,
          4.6255458
        ]
      }
    },
    {
      "type": "Feature",
      "properties": {
        "id": 28694342,
        "nombre": "Universidad ECCI",
        "categoria": "educacion",
        "subcategoria": "university",
        "tags": {
          "addr:street": "Avenida Calle 170",
          "amenity": "university",
          "name": "Universidad ECCI",
          "source": "Kaart Ground Survey 2017"
        }
      },
      "geometry": {
        "type": "Point",
        "coordinates": [
          -74.0514999,
          4.7540385
        ]
      }
    },
    {
      "type": "Feature",
      "properties": {
        "id": 30039442,
        "nombre": "Colegio Eucarístico Villa Guadalupe",
        "categoria": "educacion",
        "subcategoria": "school",
        "tags": {
          "amenity": "school",
          "name": "Colegio Eucarístico Villa Guadalupe"
        }
      },
      "geometry": {
        "type": "Point",
        "coordinates": [
          -74.0408138,
          4.751557
        ]
      }
    },
    {
      "type": "Feature",
      "properties": {
        "id": 30039525,
        "nombre": "Colegio Calasanz",
        "categoria": "educacion",
        "subcategoria": "school",
        "tags": {
          "amenity": "school",
          "name": "Colegio Calasanz",
          "website": "https://www.ccb.edu.co/"
        }
      },
      "geometry": {
        "type": "Point",
        "coordinates": [
          -74.042062,
          4.7543905
        ]
      }
    },
    {
      "type": "Feature",
      "properties": {
        "id": 32518829,
        "nombre": "Colegio Distrital Estados Unidos",
        "categoria": "educacion",
        "subcategoria": "school",
        "tags": {
          "amenity": "school",
          "name": "Colegio Distrital Estados Unidos"
        }
      },
      "geometry": {
        "type": "Point",
        "coordinates": [
          -74.1060745,
          4.5848978
        ]
      }
    },
    {
      "type": "Feature",
      "properties": {
        "id": 32565966,
        "nombre": "IED Guillermo León Valencia",
        "categoria": "educacion",
        "subcategoria": "school",
        "tags": {
          "amenity": "school",
          "name": "IED Guillermo León Valencia"
        }
      },
      "geometry": {
        "type": "Point",
        "coordinates": [
          -74.1021844,
          4.5884868
        ]
      }
    },
    {
      "type": "Feature",
      "properties": {
        "id": 32691533,
        "nombre": "Colegio Agustiniano Norte",
        "categoria": "educacion",
        "subcategoria": "school",
        "tags": {
          "amenity": "school",
          "barrier": "fence",
          "name": "Colegio Agustiniano Norte",
          "wikidata": "Q15211188",
          "wikipedia": "en:Colegio Agustiniano Norte"
        }
      },
      "geometry": {
        "type": "Point",
        "coordinates": [
          -74.0714977,
          4.7006656
        ]
      }
    },
    {
      "type": "Feature",
      "properties": {
        "id": 35325221,
        "nombre": "IED Brasilia",
        "categoria": "educacion",
        "subcategoria": "school",
        "tags": {
          "amenity": "school",
          "name": "IED Brasilia",
          "operator": "Secretaría de Educación de Bogotá"
        }
      },
      "geometry": {
        "type": "Point",
        "coordinates": [
          -74.1815938,
          4.6279618
        ]
      }
    },
    {
      "type": "Feature",
      "properties": {
        "id": 37805085,
        "nombre": "Colegio Nuevo Gimnasio",
        "categoria": "educacion",
        "subcategoria": "school",
        "tags": {
          "amenity": "school",
          "education": "school",
          "name": "Colegio Nuevo Gimnasio"
        }
      },
      "geometry": {
        "type": "Point",
        "coordinates": [
          -74.0548532,
          4.6654545
        ]
      }
    },
    {
      "type": "Feature",
      "properties": {
        "id": 38327884,
        "nombre": "Lycée Français Louis Pasteur",
        "categoria": "educacion",
        "subcategoria": "school",
        "tags": {
          "addr:city": "Bogotá D.C.",
          "addr:housename": "Lycée Français Louis Pasteur",
          "addr:housenumber": "7-22",
          "addr:postcode": "110221",
          "addr:street": "Calle 87",
          "alt_name": "Liceo Francés Louis Pasteur",
          "amenity": "school",
          "int_name": "Lycée Francais Louis Pasteur",
          "name": "Lycée Français Louis Pasteur",
          "name:etymology:wikidata": "Q529",
          "name:etymology:wikipedia": "es:Louis Pasteur",
          "name:fr": "French school Louis Pasteur",
          "opening_hours": "Mo-Fr 07:00-17:00",
          "phone": "+5717965040",
          "religion": "none",
          "website": "https://www.lfbogota.com/",
          "wheelchair": "limited",
          "wikidata": "Q3269073",
          "wikimedia_commons": "Category:Lycée français de Bogota",
          "wikipedia": "es:Liceo Francés de Bogotá"
        }
      },
      "geometry": {
        "type": "Point",
        "coordinates": [
          -74.0466731,
          4.6673281
        ]
      }
    },
    {
      "type": "Feature",
      "properties": {
        "id": 38632979,
        "nombre": "Politécnico Grancolombiano",
        "categoria": "educacion",
        "subcategoria": "university",
        "tags": {
          "addr:postcode": "11001",
          "amenity": "university",
          "contact:facebook": "poligran",
          "contact:instagram": "poligrancol",
          "contact:twitter": "poligran",
          "name": "Politécnico Grancolombiano",
          "website": "https://www.poli.edu.co/",
          "wikidata": "Q6081858",
          "wikimedia_commons": "Category:Politécnico Grancolombiano",
          "wikipedia": "es:Institución Universitaria Politécnico Grancolombiano"
        }
      },
      "geometry": {
        "type": "Point",
        "coordinates": [
          -74.0549287,
          4.6367954
        ]
      }
    },
    {
      "type": "Feature",
      "properties": {
        "id": 38827533,
        "nombre": "Colegio Jordán de Sajonia",
        "categoria": "educacion",
        "subcategoria": "school",
        "tags": {
          "addr:full": "Carrera 1 # 68 - 50",
          "addr:number": "68 - 50",
          "amenity": "school",
          "name": "Colegio Jordán de Sajonia",
          "wikidata": "Q5142833",
          "wikipedia": "en:Colegio Jordán de Sajonia"
        }
      },
      "geometry": {
        "type": "Point",
        "coordinates": [
          -74.052123,
          4.649096
        ]
      }
    },
    {
      "type": "Feature",
      "properties": {
        "id": 39045671,
        "nombre": "Liceo de Cervantes",
        "categoria": "educacion",
        "subcategoria": "school",
        "tags": {
          "addr:city": "Bogotá D.C.",
          "addr:housenumber": "83-29",
          "addr:postcode": "110221",
          "addr:street": "Carrera 8",
          "amenity": "school",
          "name": "Liceo de Cervantes",
          "website": "https://liceodecervantesretiro.edu.co/",
          "wheelchair": "limited",
          "wikidata": "Q5975133",
          "wikipedia": "es:Liceo de Cervantes"
        }
      },
      "geometry": {
        "type": "Point",
        "coordinates": [
          -74.0496122,
          4.6649978
        ]
      }
    },
    {
      "type": "Feature",
      "properties": {
        "id": 39800486,
        "nombre": "IED Rafael Uribe Uribe",
        "categoria": "educacion",
        "subcategoria": "school",
        "tags": {
          "amenity": "school",
          "name": "IED Rafael Uribe Uribe"
        }
      },
      "geometry": {
        "type": "Point",
        "coordinates": [
          -74.1286635,
          4.5793435
        ]
      }
    },
    {
      "type": "Feature",
      "properties": {
        "id": 39800514,
        "nombre": "IED Restrepo Millán",
        "categoria": "educacion",
        "subcategoria": "school",
        "tags": {
          "amenity": "school",
          "name": "IED Restrepo Millán"
        }
      },
      "geometry": {
        "type": "Point",
        "coordinates": [
          -74.1216682,
          4.5790256
        ]
      }
    },
    {
      "type": "Feature",
      "properties": {
        "id": 40739535,
        "nombre": "Pontificia Universidad Javeriana",
        "categoria": "educacion",
        "subcategoria": "university",
        "tags": {
          "addr:housenumber": "40-62",
          "addr:postcode": "11001",
          "addr:street": "Avenida Carrera 7",
          "amenity": "university",
          "contact:facebook": "unijaveriana",
          "education": "university",
          "name": "Pontificia Universidad Javeriana",
          "name:en": "Pontifical Xavierian University",
          "opening_hours": "Mo-Tu 15:00-18:00",
          "phone": "+57 601 3208320",
          "website": "https://www.javeriana.edu.co",
          "wikidata": "Q1517478",
          "wikimedia_commons": "Category:Universidad Javeriana",
          "wikipedia": "es:Pontificia Universidad Javeriana"
        }
      },
      "geometry": {
        "type": "Point",
        "coordinates": [
          -74.06372,
          4.6286109
        ]
      }
    },
    {
      "type": "Feature",
      "properties": {
        "id": 40783989,
        "nombre": "Liceo de Cervantes Norte",
        "categoria": "educacion",
        "subcategoria": "school",
        "tags": {
          "amenity": "school",
          "education": "school",
          "name": "Liceo de Cervantes Norte"
        }
      },
      "geometry": {
        "type": "Point",
        "coordinates": [
          -74.0462856,
          4.7359767
        ]
      }
    },
    {
      "type": "Feature",
      "properties": {
        "id": 41121362,
        "nombre": "IED Bravo Paez",
        "categoria": "educacion",
        "subcategoria": "school",
        "tags": {
          "amenity": "school",
          "name": "IED Bravo Paez"
        }
      },
      "geometry": {
        "type": "Point",
        "coordinates": [
          -74.119547,
          4.5802442
        ]
      }
    },
    {
      "type": "Feature",
      "properties": {
        "id": 41163579,
        "nombre": "Escuela Colombiana de Ingenieria",
        "categoria": "educacion",
        "subcategoria": "university",
        "tags": {
          "addr:city": "Bogota",
          "addr:housenumber": "205-59",
          "addr:street": "Avenida Carrera 45",
          "amenity": "university",
          "name": "Escuela Colombiana de Ingenieria",
          "phone": "+57 601 6683600",
          "website": "https://www.escuelaing.edu.co/es/",
          "wikidata": "Q5397459",
          "wikimedia_commons": "Category:Escuela Colombiana de Ingeniería",
          "wikipedia": "es:Escuela Colombiana de Ingeniería"
        }
      },
      "geometry": {
        "type": "Point",
        "coordinates": [
          -74.0443595,
          4.7822368
        ]
      }
    },
    {
      "type": "Feature",
      "properties": {
        "id": 41241829,
        "nombre": "Colegio La Palestina Sede A",
        "categoria": "educacion",
        "subcategoria": "school",
        "tags": {
          "amenity": "school",
          "name": "Colegio La Palestina Sede A"
        }
      },
      "geometry": {
        "type": "Point",
        "coordinates": [
          -74.0932611,
          4.6966831
        ]
      }
    },
    {
      "type": "Feature",
      "properties": {
        "id": 41278080,
        "nombre": "Colegio Alvaro Gomez Hurtado",
        "categoria": "educacion",
        "subcategoria": "school",
        "tags": {
          "addr:street": "Carrera 100A",
          "amenity": "school",
          "name": "Colegio Alvaro Gomez Hurtado",
          "source": "Kaart Ground Survey 2017"
        }
      },
      "geometry": {
        "type": "Point",
        "coordinates": [
          -74.0966481,
          4.7305324
        ]
      }
    },
    {
      "type": "Feature",
      "properties": {
        "id": 41587554,
        "nombre": "Colegio Nacional Nicolás Esguerra",
        "categoria": "educacion",
        "subcategoria": "school",
        "tags": {
          "addr:city": "Bogotá D.C.",
          "addr:housenumber": "68",
          "addr:street": "Calle 9C",
          "amenity": "school",
          "barrier": "yes",
          "education": "school",
          "name": "Colegio Nacional Nicolás Esguerra"
        }
      },
      "geometry": {
        "type": "Point",
        "coordinates": [
          -74.1225786,
          4.6330066
        ]
      }
    },
    {
      "type": "Feature",
      "properties": {
        "id": 41656167,
        "nombre": "Colegio La Palestina Sede B",
        "categoria": "educacion",
        "subcategoria": "school",
        "tags": {
          "amenity": "school",
          "name": "Colegio La Palestina Sede B"
        }
      },
      "geometry": {
        "type": "Point",
        "coordinates": [
          -74.0949267,
          4.699448
        ]
      }
    },
    {
      "type": "Feature",
      "properties": {
        "id": 41665413,
        "nombre": "Uniminuto",
        "categoria": "educacion",
        "subcategoria": "university",
        "tags": {
          "amenity": "university",
          "designation": "Minuto de Dios",
          "name": "Uniminuto"
        }
      },
      "geometry": {
        "type": "Point",
        "coordinates": [
          -74.0965829,
          4.7110823
        ]
      }
    },
    {
      "type": "Feature",
      "properties": {
        "id": 41665748,
        "nombre": "Colegio Distrital José Asunción Silva - Sede A",
        "categoria": "educacion",
        "subcategoria": "school",
        "tags": {
          "amenity": "school",
          "name": "Colegio Distrital José Asunción Silva - Sede A"
        }
      },
      "geometry": {
        "type": "Point",
        "coordinates": [
          -74.0982207,
          4.7129562
        ]
      }
    },
    {
      "type": "Feature",
      "properties": {
        "id": 41755270,
        "nombre": "Montessori British School",
        "categoria": "educacion",
        "subcategoria": "school",
        "tags": {
          "amenity": "school",
          "name": "Montessori British School"
        }
      },
      "geometry": {
        "type": "Point",
        "coordinates": [
          -74.0779613,
          4.7165414
        ]
      }
    },
    {
      "type": "Feature",
      "properties": {
        "id": 41826736,
        "nombre": "IED Compartir Suba Primaria",
        "categoria": "educacion",
        "subcategoria": "school",
        "tags": {
          "amenity": "school",
          "name": "IED Compartir Suba Primaria"
        }
      },
      "geometry": {
        "type": "Point",
        "coordinates": [
          -74.1043633,
          4.7530397
        ]
      }
    },
    {
      "type": "Feature",
      "properties": {
        "id": 41840956,
        "nombre": "IED Japón",
        "categoria": "educacion",
        "subcategoria": "school",
        "tags": {
          "amenity": "school",
          "name": "IED Japón"
        }
      },
      "geometry": {
        "type": "Point",
        "coordinates": [
          -74.1537736,
          4.6220013
        ]
      }
    },
    {
      "type": "Feature",
      "properties": {
        "id": 41840967,
        "nombre": "IED Fernando Soto Aparicio - Sede A",
        "categoria": "educacion",
        "subcategoria": "school",
        "tags": {
          "amenity": "school",
          "name": "IED Fernando Soto Aparicio - Sede A"
        }
      },
      "geometry": {
        "type": "Point",
        "coordinates": [
          -74.1475789,
          4.6191701
        ]
      }
    },
    {
      "type": "Feature",
      "properties": {
        "id": 41840990,
        "nombre": "IED OEA",
        "categoria": "educacion",
        "subcategoria": "school",
        "tags": {
          "amenity": "school",
          "name": "IED OEA"
        }
      },
      "geometry": {
        "type": "Point",
        "coordinates": [
          -74.1419049,
          4.6181472
        ]
      }
    },
    {
      "type": "Feature",
      "properties": {
        "id": 41840993,
        "nombre": "IED Alfonso López Pumarejo",
        "categoria": "educacion",
        "subcategoria": "school",
        "tags": {
          "amenity": "school",
          "barrier": "yes",
          "name": "IED Alfonso López Pumarejo"
        }
      },
      "geometry": {
        "type": "Point",
        "coordinates": [
          -74.1440375,
          4.6079817
        ]
      }
    },
    {
      "type": "Feature",
      "properties": {
        "id": 41923799,
        "nombre": "IED Rufino José Cuervo",
        "categoria": "educacion",
        "subcategoria": "school",
        "tags": {
          "amenity": "school",
          "name": "IED Rufino José Cuervo"
        }
      },
      "geometry": {
        "type": "Point",
        "coordinates": [
          -74.1248658,
          4.5597492
        ]
      }
    },
    {
      "type": "Feature",
      "properties": {
        "id": 41925621,
        "nombre": "Institución Educativa Distrital INEM Santiago Pérez",
        "categoria": "educacion",
        "subcategoria": "school",
        "tags": {
          "addr:city": "Bogotá",
          "addr:street": "Avenida Mariscal Sucre",
          "amenity": "school",
          "image": "https://upload.wikimedia.org/wikipedia/commons/a/a3/Colegio_INEM_El_Tunal_de_Bt%C3%A1.jpeg",
          "name": "Institución Educativa Distrital INEM Santiago Pérez",
          "operator": "Secretaría de Educación",
          "operator:type": "public",
          "religion": "christian",
          "start_date": "1972",
          "wikidata": "Q132608394",
          "wikimedia_commons": "File:Colegio INEM El Tunal de Btá.jpeg"
        }
      },
      "geometry": {
        "type": "Point",
        "coordinates": [
          -74.1323168,
          4.5753293
        ]
      }
    },
    {
      "type": "Feature",
      "properties": {
        "id": 41925830,
        "nombre": "IED Marco Fidel Suarez",
        "categoria": "educacion",
        "subcategoria": "school",
        "tags": {
          "addr:street": "Carrera 25",
          "amenity": "school",
          "barrier": "wall",
          "name": "IED Marco Fidel Suarez"
        }
      },
      "geometry": {
        "type": "Point",
        "coordinates": [
          -74.1352204,
          4.5779621
        ]
      }
    },
    {
      "type": "Feature",
      "properties": {
        "id": 41925924,
        "nombre": "IED Jose Maria Cordoba",
        "categoria": "educacion",
        "subcategoria": "school",
        "tags": {
          "amenity": "school",
          "name": "IED Jose Maria Cordoba"
        }
      },
      "geometry": {
        "type": "Point",
        "coordinates": [
          -74.1317649,
          4.5776897
        ]
      }
    },
    {
      "type": "Feature",
      "properties": {
        "id": 41925954,
        "nombre": "IED Ciudad de Bogotá",
        "categoria": "educacion",
        "subcategoria": "school",
        "tags": {
          "amenity": "school",
          "name": "IED Ciudad de Bogotá"
        }
      },
      "geometry": {
        "type": "Point",
        "coordinates": [
          -74.1381579,
          4.5769773
        ]
      }
    },
    {
      "type": "Feature",
      "properties": {
        "id": 41927931,
        "nombre": "Sin Nombre",
        "categoria": "educacion",
        "subcategoria": "school",
        "tags": {
          "amenity": "school"
        }
      },
      "geometry": {
        "type": "Point",
        "coordinates": [
          -74.1255024,
          4.5787878
        ]
      }
    },
    {
      "type": "Feature",
      "properties": {
        "id": 42005521,
        "nombre": "Colegio San Viator",
        "categoria": "educacion",
        "subcategoria": "school",
        "tags": {
          "amenity": "school",
          "name": "Colegio San Viator"
        }
      },
      "geometry": {
        "type": "Point",
        "coordinates": [
          -74.0423981,
          4.7879075
        ]
      }
    },
    {
      "type": "Feature",
      "properties": {
        "id": 42072105,
        "nombre": "Colegio Fe y Alegría",
        "categoria": "educacion",
        "subcategoria": "school",
        "tags": {
          "addr:street": "Avenida Ciudad de Cali",
          "amenity": "school",
          "education": "school",
          "name": "Colegio Fe y Alegría",
          "source": "Kaart Ground Survey 2017"
        }
      },
      "geometry": {
        "type": "Point",
        "coordinates": [
          -74.1602678,
          4.6376998
        ]
      }
    },
    {
      "type": "Feature",
      "properties": {
        "id": 42072990,
        "nombre": "Colegio Cafam Buenavista",
        "categoria": "educacion",
        "subcategoria": "school",
        "tags": {
          "amenity": "school",
          "name": "Colegio Cafam Buenavista"
        }
      },
      "geometry": {
        "type": "Point",
        "coordinates": [
          -74.1726267,
          4.6454976
        ]
      }
    },
    {
      "type": "Feature",
      "properties": {
        "id": 42134056,
        "nombre": "IED John F. Kennedy",
        "categoria": "educacion",
        "subcategoria": "school",
        "tags": {
          "amenity": "school",
          "name": "IED John F. Kennedy"
        }
      },
      "geometry": {
        "type": "Point",
        "coordinates": [
          -74.1508979,
          4.6196101
        ]
      }
    },
    {
      "type": "Feature",
      "properties": {
        "id": 42454064,
        "nombre": "Colegio Las Mercedes",
        "categoria": "educacion",
        "subcategoria": "school",
        "tags": {
          "amenity": "school",
          "name": "Colegio Las Mercedes",
          "operator": "Colegio Colsubsidio Las Mercedes"
        }
      },
      "geometry": {
        "type": "Point",
        "coordinates": [
          -74.1254718,
          4.7008382
        ]
      }
    },
    {
      "type": "Feature",
      "properties": {
        "id": 42506855,
        "nombre": "ESAP",
        "categoria": "educacion",
        "subcategoria": "university",
        "tags": {
          "amenity": "university",
          "name": "ESAP"
        }
      },
      "geometry": {
        "type": "Point",
        "coordinates": [
          -74.0928581,
          4.644093
        ]
      }
    },
    {
      "type": "Feature",
      "properties": {
        "id": 42527302,
        "nombre": "Sin Nombre",
        "categoria": "educacion",
        "subcategoria": "school",
        "tags": {
          "amenity": "school"
        }
      },
      "geometry": {
        "type": "Point",
        "coordinates": [
          -74.0277079,
          4.7594992
        ]
      }
    },
    {
      "type": "Feature",
      "properties": {
        "id": 42625330,
        "nombre": "Colegio Mayor José Celestino Mutis",
        "categoria": "educacion",
        "subcategoria": "school",
        "tags": {
          "addr:city": "Bogotá D.C.",
          "addr:housenumber": "KR 11 # 185 B - 88",
          "addr:postcode": "110141",
          "amenity": "school",
          "email": "colegiomutis@hotmail.com",
          "grades": "1-11",
          "name": "Colegio Mayor José Celestino Mutis",
          "phone": "+57 601 6703200",
          "religion": "none",
          "source": "https://mapas.bogota.gov.co/?l=4060&e=-74.03762149896106",
          "website": "http://www.mutisschool.edu.co/"
        }
      },
      "geometry": {
        "type": "Point",
        "coordinates": [
          -74.0320612,
          4.7633529
        ]
      }
    },
    {
      "type": "Feature",
      "properties": {
        "id": 42626515,
        "nombre": "Colegio San Carlos",
        "categoria": "educacion",
        "subcategoria": "school",
        "tags": {
          "addr:city": "Bogotá D.C.",
          "addr:housenumber": "9 - 45",
          "addr:street": "Calle 192",
          "amenity": "school",
          "barrier": "yes",
          "name": "Colegio San Carlos",
          "website": "https://www.sancarlos.edu.co/",
          "wikidata": "Q5142897",
          "wikimedia_commons": "Category:Colegio San Carlos (Bogota)",
          "wikipedia": "en:Colegio San Carlos"
        }
      },
      "geometry": {
        "type": "Point",
        "coordinates": [
          -74.035917,
          4.7684424
        ]
      }
    },
    {
      "type": "Feature",
      "properties": {
        "id": 42629349,
        "nombre": "Colegio Santa María",
        "categoria": "educacion",
        "subcategoria": "school",
        "tags": {
          "addr:city": "Bogotá D.C.",
          "addr:street": "Carrera 11 N. 185 B - 17",
          "amenity": "school",
          "denomination": "catholic",
          "education": "school",
          "grades": "Prejardín-12",
          "name": "Colegio Santa María",
          "religion": "christian",
          "website": "https://csm.edu.co/"
        }
      },
      "geometry": {
        "type": "Point",
        "coordinates": [
          -74.0345084,
          4.76298
        ]
      }
    },
    {
      "type": "Feature",
      "properties": {
        "id": 42629355,
        "nombre": "Colegio Infantil El Alegre Mundo de los Niños",
        "categoria": "educacion",
        "subcategoria": "college",
        "tags": {
          "amenity": "college",
          "education": "college",
          "name": "Colegio Infantil El Alegre Mundo de los Niños"
        }
      },
      "geometry": {
        "type": "Point",
        "coordinates": [
          -74.0321147,
          4.7627088
        ]
      }
    },
    {
      "type": "Feature",
      "properties": {
        "id": 42643872,
        "nombre": "Universidad de La Salle - Sede Norte",
        "categoria": "educacion",
        "subcategoria": "university",
        "tags": {
          "addr:city": "Bogotá D.C.",
          "addr:housenumber": "179-03",
          "addr:street": "Calle 179",
          "amenity": "university",
          "education": "university",
          "internet_access": "yes",
          "internet_access:fee": "no",
          "name": "Universidad de La Salle - Sede Norte",
          "operator": "Universidad de La Salle",
          "website": "https://www.lasalle.edu.co/nuestras-sedes#norte"
        }
      },
      "geometry": {
        "type": "Point",
        "coordinates": [
          -74.0280288,
          4.754672
        ]
      }
    },
    {
      "type": "Feature",
      "properties": {
        "id": 42644252,
        "nombre": "Colegio Claustro Moderno",
        "categoria": "educacion",
        "subcategoria": "school",
        "tags": {
          "amenity": "school",
          "name": "Colegio Claustro Moderno"
        }
      },
      "geometry": {
        "type": "Point",
        "coordinates": [
          -74.0227777,
          4.754253
        ]
      }
    },
    {
      "type": "Feature",
      "properties": {
        "id": 42718410,
        "nombre": "Colegio CAFAM",
        "categoria": "educacion",
        "subcategoria": "school",
        "tags": {
          "amenity": "school",
          "check_date": "2024-08-13",
          "name": "Colegio CAFAM"
        }
      },
      "geometry": {
        "type": "Point",
        "coordinates": [
          -74.0934859,
          4.6697158
        ]
      }
    },
    {
      "type": "Feature",
      "properties": {
        "id": 42757225,
        "nombre": "Colegio CEDID Ciudad Bolívar",
        "categoria": "educacion",
        "subcategoria": "school",
        "tags": {
          "addr:city": "Bogotá",
          "addr:street": "Diagonal 70 Sur",
          "amenity": "school",
          "barrier": "fence",
          "name": "Colegio CEDID Ciudad Bolívar",
          "operator": "Secretaría de Educación de Bogotá, D.C.",
          "operator:type": "public"
        }
      },
      "geometry": {
        "type": "Point",
        "coordinates": [
          -74.165813,
          4.5770723
        ]
      }
    },
    {
      "type": "Feature",
      "properties": {
        "id": 42831459,
        "nombre": "Colegio",
        "categoria": "educacion",
        "subcategoria": "school",
        "tags": {
          "amenity": "school",
          "name": "Colegio"
        }
      },
      "geometry": {
        "type": "Point",
        "coordinates": [
          -74.022301,
          4.7056546
        ]
      }
    },
    {
      "type": "Feature",
      "properties": {
        "id": 42907479,
        "nombre": "Colegio del Santo Angel",
        "categoria": "educacion",
        "subcategoria": "school",
        "tags": {
          "addr:street": "Calle 165 # 7-21",
          "amenity": "school",
          "barrier": "yes",
          "name": "Colegio del Santo Angel"
        }
      },
      "geometry": {
        "type": "Point",
        "coordinates": [
          -74.0240874,
          4.739768
        ]
      }
    },
    {
      "type": "Feature",
      "properties": {
        "id": 44854290,
        "nombre": "R.R. Oblatas al Divino Amor",
        "categoria": "educacion",
        "subcategoria": "school",
        "tags": {
          "amenity": "school",
          "name": "R.R. Oblatas al Divino Amor"
        }
      },
      "geometry": {
        "type": "Point",
        "coordinates": [
          -74.106431,
          4.6694648
        ]
      }
    },
    {
      "type": "Feature",
      "properties": {
        "id": 46604458,
        "nombre": "Margarita Bosco",
        "categoria": "educacion",
        "subcategoria": "school",
        "tags": {
          "amenity": "school",
          "name": "Margarita Bosco"
        }
      },
      "geometry": {
        "type": "Point",
        "coordinates": [
          -74.1056277,
          4.6771309
        ]
      }
    },
    {
      "type": "Feature",
      "properties": {
        "id": 47161250,
        "nombre": "Colegio Distrital Manuela Beltrán",
        "categoria": "educacion",
        "subcategoria": "school",
        "tags": {
          "amenity": "school",
          "name": "Colegio Distrital Manuela Beltrán"
        }
      },
      "geometry": {
        "type": "Point",
        "coordinates": [
          -74.0660845,
          4.644529
        ]
      }
    },
    {
      "type": "Feature",
      "properties": {
        "id": 47784814,
        "nombre": "Colegio Sans Façon",
        "categoria": "educacion",
        "subcategoria": "school",
        "tags": {
          "amenity": "school",
          "name": "Colegio Sans Façon"
        }
      },
      "geometry": {
        "type": "Point",
        "coordinates": [
          -74.0410078,
          4.7484195
        ]
      }
    },
    {
      "type": "Feature",
      "properties": {
        "id": 47825595,
        "nombre": "The English School",
        "categoria": "educacion",
        "subcategoria": "school",
        "tags": {
          "amenity": "school",
          "name": "The English School",
          "wikidata": "Q7732250",
          "wikipedia": "en:The English School (Colegio de Inglaterra)"
        }
      },
      "geometry": {
        "type": "Point",
        "coordinates": [
          -74.0389962,
          4.7515711
        ]
      }
    },
    {
      "type": "Feature",
      "properties": {
        "id": 48010381,
        "nombre": "IDIPRON",
        "categoria": "educacion",
        "subcategoria": "school",
        "tags": {
          "amenity": "school",
          "name": "IDIPRON"
        }
      },
      "geometry": {
        "type": "Point",
        "coordinates": [
          -74.1620695,
          4.5915092
        ]
      }
    },
    {
      "type": "Feature",
      "properties": {
        "id": 48095537,
        "nombre": "Colegio La Merced",
        "categoria": "educacion",
        "subcategoria": "school",
        "tags": {
          "amenity": "school",
          "barrier": "yes",
          "name": "Colegio La Merced"
        }
      },
      "geometry": {
        "type": "Point",
        "coordinates": [
          -74.1014244,
          4.6216444
        ]
      }
    },
    {
      "type": "Feature",
      "properties": {
        "id": 48205786,
        "nombre": "Instituto San Pablo Apostol Jerusalen",
        "categoria": "educacion",
        "subcategoria": "school",
        "tags": {
          "amenity": "school",
          "building": "school",
          "denomination": "catholic",
          "grades": "1-11",
          "name": "Instituto San Pablo Apostol Jerusalen",
          "operator": "Arquidiocesis de Bogotá",
          "operator:type": "private",
          "religion": "christian",
          "website": "https://www.ispaeducacion.edu.co/"
        }
      },
      "geometry": {
        "type": "Point",
        "coordinates": [
          -74.1646464,
          4.5719466
        ]
      }
    },
    {
      "type": "Feature",
      "properties": {
        "id": 48205788,
        "nombre": "Instituto San Pablo Apostol Sede Primaria",
        "categoria": "educacion",
        "subcategoria": "school",
        "tags": {
          "amenity": "school",
          "denomination": "catholic",
          "name": "Instituto San Pablo Apostol Sede Primaria",
          "operator": "Arquidiocesis de Bogotá",
          "operator:type": "private",
          "religion": "christian"
        }
      },
      "geometry": {
        "type": "Point",
        "coordinates": [
          -74.164942,
          4.5719329
        ]
      }
    },
    {
      "type": "Feature",
      "properties": {
        "id": 48205789,
        "nombre": "Escuela Tanque Laguna",
        "categoria": "educacion",
        "subcategoria": "school",
        "tags": {
          "amenity": "school",
          "name": "Escuela Tanque Laguna"
        }
      },
      "geometry": {
        "type": "Point",
        "coordinates": [
          -74.1652663,
          4.5719115
        ]
      }
    },
    {
      "type": "Feature",
      "properties": {
        "id": 48205790,
        "nombre": "Instituto San Pablo Apostol Sede Primaria 2",
        "categoria": "educacion",
        "subcategoria": "school",
        "tags": {
          "amenity": "school",
          "grades": "1-5",
          "name": "Instituto San Pablo Apostol Sede Primaria 2"
        }
      },
      "geometry": {
        "type": "Point",
        "coordinates": [
          -74.1638561,
          4.5720043
        ]
      }
    },
    {
      "type": "Feature",
      "properties": {
        "id": 48205792,
        "nombre": "Instituto San Pablo Apostol Potosi",
        "categoria": "educacion",
        "subcategoria": "school",
        "tags": {
          "access": "private",
          "amenity": "school",
          "building": "school",
          "name": "Instituto San Pablo Apostol Potosi"
        }
      },
      "geometry": {
        "type": "Point",
        "coordinates": [
          -74.169055,
          4.5671147
        ]
      }
    },
    {
      "type": "Feature",
      "properties": {
        "id": 48206590,
        "nombre": "Instituto Cerros del Sur",
        "categoria": "educacion",
        "subcategoria": "school",
        "tags": {
          "amenity": "school",
          "name": "Instituto Cerros del Sur"
        }
      },
      "geometry": {
        "type": "Point",
        "coordinates": [
          -74.1712105,
          4.5685302
        ]
      }
    },
    {
      "type": "Feature",
      "properties": {
        "id": 48206593,
        "nombre": "IED Arborizadora Alta",
        "categoria": "educacion",
        "subcategoria": "college",
        "tags": {
          "amenity": "college",
          "name": "IED Arborizadora Alta"
        }
      },
      "geometry": {
        "type": "Point",
        "coordinates": [
          -74.1600871,
          4.5681554
        ]
      }
    },
    {
      "type": "Feature",
      "properties": {
        "id": 48396612,
        "nombre": "IED Juan del Corral",
        "categoria": "educacion",
        "subcategoria": "school",
        "tags": {
          "amenity": "school",
          "name": "IED Juan del Corral"
        }
      },
      "geometry": {
        "type": "Point",
        "coordinates": [
          -74.0822003,
          4.6869546
        ]
      }
    },
    {
      "type": "Feature",
      "properties": {
        "id": 48718126,
        "nombre": "Siervas de Maria",
        "categoria": "educacion",
        "subcategoria": "school",
        "tags": {
          "amenity": "school",
          "name": "Siervas de Maria"
        }
      },
      "geometry": {
        "type": "Point",
        "coordinates": [
          -74.0684123,
          4.6645402
        ]
      }
    },
    {
      "type": "Feature",
      "properties": {
        "id": 49158513,
        "nombre": "IED Cundinamarca",
        "categoria": "educacion",
        "subcategoria": "school",
        "tags": {
          "amenity": "school",
          "barrier": "yes",
          "name": "IED Cundinamarca",
          "operator": "Secretaría de Educación de Bogotá",
          "operator:type": "public"
        }
      },
      "geometry": {
        "type": "Point",
        "coordinates": [
          -74.1694282,
          4.590626
        ]
      }
    },
    {
      "type": "Feature",
      "properties": {
        "id": 50148565,
        "nombre": "Colegio Santo Tomás de Aquino",
        "categoria": "educacion",
        "subcategoria": "school",
        "tags": {
          "amenity": "school",
          "int_name": "Santo Tomas de Aquino School",
          "name": "Colegio Santo Tomás de Aquino"
        }
      },
      "geometry": {
        "type": "Point",
        "coordinates": [
          -74.0493742,
          4.7173043
        ]
      }
    },
    {
      "type": "Feature",
      "properties": {
        "id": 50148568,
        "nombre": "Colegio campestre San José",
        "categoria": "educacion",
        "subcategoria": "school",
        "tags": {
          "addr:city": "Bogotá",
          "addr:country": "CO",
          "addr:housenumber": "20-80",
          "addr:postcode": "110121",
          "addr:street": "Calle 128B",
          "amenity": "school",
          "name": "Colegio campestre San José",
          "website": "https://ccsj.edu.co/",
          "wheelchair": "limited"
        }
      },
      "geometry": {
        "type": "Point",
        "coordinates": [
          -74.0500162,
          4.7139362
        ]
      }
    },
    {
      "type": "Feature",
      "properties": {
        "id": 50442659,
        "nombre": "Gimnasio Militar Fuerza Aérea Colombiana",
        "categoria": "educacion",
        "subcategoria": "school",
        "tags": {
          "amenity": "school",
          "name": "Gimnasio Militar Fuerza Aérea Colombiana"
        }
      },
      "geometry": {
        "type": "Point",
        "coordinates": [
          -74.1486201,
          4.6284039
        ]
      }
    },
    {
      "type": "Feature",
      "properties": {
        "id": 51894431,
        "nombre": "Colegio Instituto Técnico Juan del Corral Sede B",
        "categoria": "educacion",
        "subcategoria": "school",
        "tags": {
          "addr:full": "CARRERA. 58 No. 80 - 89",
          "amenity": "school",
          "name": "Colegio Instituto Técnico Juan del Corral Sede B",
          "operator": "Colegio Instituto Técnico Juan del Corral",
          "operator:type": "public"
        }
      },
      "geometry": {
        "type": "Point",
        "coordinates": [
          -74.0818849,
          4.6843225
        ]
      }
    },
    {
      "type": "Feature",
      "properties": {
        "id": 52134144,
        "nombre": "Liceo Femenino Mercedes Nariño",
        "categoria": "educacion",
        "subcategoria": "school",
        "tags": {
          "amenity": "school",
          "barrier": "yes",
          "name": "Liceo Femenino Mercedes Nariño"
        }
      },
      "geometry": {
        "type": "Point",
        "coordinates": [
          -74.1029903,
          4.5797559
        ]
      }
    },
    {
      "type": "Feature",
      "properties": {
        "id": 52134394,
        "nombre": "Fundación Universitaria San Mateo",
        "categoria": "educacion",
        "subcategoria": "university",
        "tags": {
          "amenity": "university",
          "name": "Fundación Universitaria San Mateo"
        }
      },
      "geometry": {
        "type": "Point",
        "coordinates": [
          -74.0738824,
          4.6150255
        ]
      }
    },
    {
      "type": "Feature",
      "properties": {
        "id": 52189297,
        "nombre": "Universidad El Bosque",
        "categoria": "educacion",
        "subcategoria": "university",
        "tags": {
          "amenity": "university",
          "education": "university",
          "internet_access": "yes",
          "name": "Universidad El Bosque",
          "operator": "Universidad el bosque",
          "operator:type": "private",
          "website": "https://www.unbosque.edu.co/",
          "wheelchair": "yes"
        }
      },
      "geometry": {
        "type": "Point",
        "coordinates": [
          -74.031351,
          4.7108262
        ]
      }
    },
    {
      "type": "Feature",
      "properties": {
        "id": 52445417,
        "nombre": "IED Marco Antonio Carreño Silva Sede A",
        "categoria": "educacion",
        "subcategoria": "school",
        "tags": {
          "amenity": "school",
          "name": "IED Marco Antonio Carreño Silva Sede A"
        }
      },
      "geometry": {
        "type": "Point",
        "coordinates": [
          -74.1121574,
          4.5973536
        ]
      }
    },
    {
      "type": "Feature",
      "properties": {
        "id": 57668920,
        "nombre": "Colegio Reyes Católicos",
        "categoria": "educacion",
        "subcategoria": "school",
        "tags": {
          "amenity": "school",
          "name": "Colegio Reyes Católicos"
        }
      },
      "geometry": {
        "type": "Point",
        "coordinates": [
          -74.0355954,
          4.7065496
        ]
      }
    },
    {
      "type": "Feature",
      "properties": {
        "id": 57872218,
        "nombre": "IED Argelia",
        "categoria": "educacion",
        "subcategoria": "school",
        "tags": {
          "amenity": "school",
          "name": "IED Argelia",
          "operator": "Secretaría de Educación de Bogotá"
        }
      },
      "geometry": {
        "type": "Point",
        "coordinates": [
          -74.1858828,
          4.611796
        ]
      }
    },
    {
      "type": "Feature",
      "properties": {
        "id": 59180384,
        "nombre": "Uniminuto",
        "categoria": "educacion",
        "subcategoria": "university",
        "tags": {
          "alt_name": "Universidad Minuto de Dios",
          "amenity": "university",
          "barrier": "yes",
          "brand": "Uniminuto",
          "brand:wikidata": "Q5788938",
          "name": "Uniminuto",
          "operator": "Uniminuto",
          "operator:type": "private",
          "operator:wikipedia": "es:Corporación Universitaria Minuto de Dios",
          "website": "https://www.uniminuto.edu/"
        }
      },
      "geometry": {
        "type": "Point",
        "coordinates": [
          -74.0892141,
          4.6982639
        ]
      }
    },
    {
      "type": "Feature",
      "properties": {
        "id": 59435722,
        "nombre": "Liceo Boston",
        "categoria": "educacion",
        "subcategoria": "school",
        "tags": {
          "amenity": "school",
          "barrier": "yes",
          "name": "Liceo Boston"
        }
      },
      "geometry": {
        "type": "Point",
        "coordinates": [
          -74.0747521,
          4.7500826
        ]
      }
    },
    {
      "type": "Feature",
      "properties": {
        "id": 59480149,
        "nombre": "Universidad de San Buenaventura",
        "categoria": "educacion",
        "subcategoria": "university",
        "tags": {
          "addr:housenumber": "172 - 20",
          "addr:street": "Carrera 8H",
          "amenity": "university",
          "name": "Universidad de San Buenaventura",
          "operator": "Franciscanos"
        }
      },
      "geometry": {
        "type": "Point",
        "coordinates": [
          -74.0298383,
          4.7515459
        ]
      }
    },
    {
      "type": "Feature",
      "properties": {
        "id": 59934496,
        "nombre": "Gimnasio Femenino",
        "categoria": "educacion",
        "subcategoria": "school",
        "tags": {
          "amenity": "school",
          "barrier": "yes",
          "name": "Gimnasio Femenino",
          "wheelchair": "no"
        }
      },
      "geometry": {
        "type": "Point",
        "coordinates": [
          -74.0275172,
          4.7077235
        ]
      }
    },
    {
      "type": "Feature",
      "properties": {
        "id": 60550508,
        "nombre": "IED Monteblanco",
        "categoria": "educacion",
        "subcategoria": "school",
        "tags": {
          "amenity": "school",
          "name": "IED Monteblanco"
        }
      },
      "geometry": {
        "type": "Point",
        "coordinates": [
          -74.1166678,
          4.5011973
        ]
      }
    },
    {
      "type": "Feature",
      "properties": {
        "id": 60550509,
        "nombre": "IED Montaña Cuellar",
        "categoria": "educacion",
        "subcategoria": "school",
        "tags": {
          "amenity": "school",
          "name": "IED Montaña Cuellar"
        }
      },
      "geometry": {
        "type": "Point",
        "coordinates": [
          -74.1155681,
          4.5001912
        ]
      }
    },
    {
      "type": "Feature",
      "properties": {
        "id": 60740418,
        "nombre": "IED La Chucua",
        "categoria": "educacion",
        "subcategoria": "school",
        "tags": {
          "addr:city": "Bogota",
          "addr:street": "carrera 72 i calle 42F - 54 Sur",
          "amenity": "school",
          "bathrooms": "4",
          "classrooms": "20",
          "floors": "3",
          "name": "IED La Chucua"
        }
      },
      "geometry": {
        "type": "Point",
        "coordinates": [
          -74.1482261,
          4.6036472
        ]
      }
    },
    {
      "type": "Feature",
      "properties": {
        "id": 62250691,
        "nombre": "Hijas de Cristo Rey",
        "categoria": "educacion",
        "subcategoria": "school",
        "tags": {
          "addr:housenumber": "58D-50",
          "addr:street": "Calle 138",
          "amenity": "school",
          "name": "Hijas de Cristo Rey",
          "source": "Kaart Ground Survey 2017"
        }
      },
      "geometry": {
        "type": "Point",
        "coordinates": [
          -74.0669886,
          4.7303262
        ]
      }
    },
    {
      "type": "Feature",
      "properties": {
        "id": 63060701,
        "nombre": "Santiago de los Atalayas",
        "categoria": "educacion",
        "subcategoria": "school",
        "tags": {
          "amenity": "school",
          "name": "Santiago de los Atalayas"
        }
      },
      "geometry": {
        "type": "Point",
        "coordinates": [
          -74.1933035,
          4.6287731
        ]
      }
    },
    {
      "type": "Feature",
      "properties": {
        "id": 63060756,
        "nombre": "IED Carlos Pizarro Leon Gomez A1",
        "categoria": "educacion",
        "subcategoria": "school",
        "tags": {
          "addr:housenumber": "100A-71",
          "addr:street": "Calle 72 Sur",
          "amenity": "school",
          "barrier": "yes",
          "name": "IED Carlos Pizarro Leon Gomez A1"
        }
      },
      "geometry": {
        "type": "Point",
        "coordinates": [
          -74.2052083,
          4.6354275
        ]
      }
    },
    {
      "type": "Feature",
      "properties": {
        "id": 63591212,
        "nombre": "IED Fernando Mazuera Villegas",
        "categoria": "educacion",
        "subcategoria": "school",
        "tags": {
          "amenity": "school",
          "name": "IED Fernando Mazuera Villegas"
        }
      },
      "geometry": {
        "type": "Point",
        "coordinates": [
          -74.1913615,
          4.6064655
        ]
      }
    },
    {
      "type": "Feature",
      "properties": {
        "id": 63597471,
        "nombre": "IED Luis Lopez de Mesa",
        "categoria": "educacion",
        "subcategoria": "school",
        "tags": {
          "amenity": "school",
          "name": "IED Luis Lopez de Mesa"
        }
      },
      "geometry": {
        "type": "Point",
        "coordinates": [
          -74.1861749,
          4.6005471
        ]
      }
    },
    {
      "type": "Feature",
      "properties": {
        "id": 65319177,
        "nombre": "IED Instituto Técnico Industrial Piloto",
        "categoria": "educacion",
        "subcategoria": "school",
        "tags": {
          "amenity": "school",
          "name": "IED Instituto Técnico Industrial Piloto"
        }
      },
      "geometry": {
        "type": "Point",
        "coordinates": [
          -74.1383661,
          4.585812
        ]
      }
    },
    {
      "type": "Feature",
      "properties": {
        "id": 65424097,
        "nombre": "Colegio Distrital Almirante Padilla",
        "categoria": "educacion",
        "subcategoria": "school",
        "tags": {
          "amenity": "school",
          "name": "Colegio Distrital Almirante Padilla"
        }
      },
      "geometry": {
        "type": "Point",
        "coordinates": [
          -74.1120116,
          4.5121009
        ]
      }
    },
    {
      "type": "Feature",
      "properties": {
        "id": 66296523,
        "nombre": "IED Monteblanco - Sede A",
        "categoria": "educacion",
        "subcategoria": "school",
        "tags": {
          "amenity": "school",
          "name": "IED Monteblanco - Sede A"
        }
      },
      "geometry": {
        "type": "Point",
        "coordinates": [
          -74.1148732,
          4.4971447
        ]
      }
    },
    {
      "type": "Feature",
      "properties": {
        "id": 66868385,
        "nombre": "I.E.D Enrique Olaya Herrera",
        "categoria": "educacion",
        "subcategoria": "school",
        "tags": {
          "amenity": "school",
          "barrier": "yes",
          "name": "I.E.D Enrique Olaya Herrera"
        }
      },
      "geometry": {
        "type": "Point",
        "coordinates": [
          -74.1020716,
          4.5684612
        ]
      }
    },
    {
      "type": "Feature",
      "properties": {
        "id": 66868457,
        "nombre": "IED Florentino Gonzalez",
        "categoria": "educacion",
        "subcategoria": "school",
        "tags": {
          "amenity": "school",
          "name": "IED Florentino Gonzalez"
        }
      },
      "geometry": {
        "type": "Point",
        "coordinates": [
          -74.0966656,
          4.5672906
        ]
      }
    },
    {
      "type": "Feature",
      "properties": {
        "id": 66891000,
        "nombre": "Colegio Carmen Teresiano",
        "categoria": "educacion",
        "subcategoria": "school",
        "tags": {
          "amenity": "school",
          "barrier": "yes",
          "name": "Colegio Carmen Teresiano"
        }
      },
      "geometry": {
        "type": "Point",
        "coordinates": [
          -74.1041772,
          4.5697634
        ]
      }
    },
    {
      "type": "Feature",
      "properties": {
        "id": 66891042,
        "nombre": "Colegio Álvaro Camargo de la Torre",
        "categoria": "educacion",
        "subcategoria": "school",
        "tags": {
          "amenity": "school",
          "name": "Colegio Álvaro Camargo de la Torre"
        }
      },
      "geometry": {
        "type": "Point",
        "coordinates": [
          -74.1046865,
          4.5709151
        ]
      }
    },
    {
      "type": "Feature",
      "properties": {
        "id": 67396576,
        "nombre": "Colegio Parroquial San Juan Bautista de la Salle",
        "categoria": "educacion",
        "subcategoria": "school",
        "tags": {
          "amenity": "school",
          "name": "Colegio Parroquial San Juan Bautista de la Salle"
        }
      },
      "geometry": {
        "type": "Point",
        "coordinates": [
          -74.0964303,
          4.5754593
        ]
      }
    },
    {
      "type": "Feature",
      "properties": {
        "id": 69421813,
        "nombre": "IED Santa Cecilia",
        "categoria": "educacion",
        "subcategoria": "school",
        "tags": {
          "amenity": "school",
          "name": "IED Santa Cecilia"
        }
      },
      "geometry": {
        "type": "Point",
        "coordinates": [
          -74.1205256,
          4.672127
        ]
      }
    },
    {
      "type": "Feature",
      "properties": {
        "id": 71496532,
        "nombre": "IED Villemar El Carmen",
        "categoria": "educacion",
        "subcategoria": "school",
        "tags": {
          "amenity": "school",
          "barrier": "yes",
          "name": "IED Villemar El Carmen"
        }
      },
      "geometry": {
        "type": "Point",
        "coordinates": [
          -74.1392718,
          4.6725231
        ]
      }
    },
    {
      "type": "Feature",
      "properties": {
        "id": 71496537,
        "nombre": "Santa Teresita de Lisieux",
        "categoria": "educacion",
        "subcategoria": "school",
        "tags": {
          "addr:housenumber": "20d-51",
          "addr:street": "Tv. 96b",
          "amenity": "school",
          "name": "Santa Teresita de Lisieux",
          "opening_hours": "Mo-Fr 06:00-14:00",
          "phone": "((1) 2670801"
        }
      },
      "geometry": {
        "type": "Point",
        "coordinates": [
          -74.1374679,
          4.6711079
        ]
      }
    },
    {
      "type": "Feature",
      "properties": {
        "id": 72375387,
        "nombre": "UNICIENCIA Facultad de Derecho Sede E",
        "categoria": "educacion",
        "subcategoria": "university",
        "tags": {
          "amenity": "university",
          "building": "yes",
          "name": "UNICIENCIA Facultad de Derecho Sede E"
        }
      },
      "geometry": {
        "type": "Point",
        "coordinates": [
          -74.0612582,
          4.6645034
        ]
      }
    },
    {
      "type": "Feature",
      "properties": {
        "id": 72375822,
        "nombre": "UNICIENCIA - Facultad de Ingenieria Sede I",
        "categoria": "educacion",
        "subcategoria": "university",
        "tags": {
          "amenity": "university",
          "building": "yes",
          "name": "UNICIENCIA - Facultad de Ingenieria Sede I"
        }
      },
      "geometry": {
        "type": "Point",
        "coordinates": [
          -74.0612441,
          4.6646296
        ]
      }
    },
    {
      "type": "Feature",
      "properties": {
        "id": 72376771,
        "nombre": "UNICIENCIA Facultad de Ciencias Económicas y Administrativas Sede D",
        "categoria": "educacion",
        "subcategoria": "university",
        "tags": {
          "amenity": "university",
          "building": "yes",
          "name": "UNICIENCIA Facultad de Ciencias Económicas y Administrativas Sede D"
        }
      },
      "geometry": {
        "type": "Point",
        "coordinates": [
          -74.0605443,
          4.6632221
        ]
      }
    },
    {
      "type": "Feature",
      "properties": {
        "id": 74270032,
        "nombre": "IED Robert F. Kennedy",
        "categoria": "educacion",
        "subcategoria": "school",
        "tags": {
          "amenity": "school",
          "name": "IED Robert F. Kennedy"
        }
      },
      "geometry": {
        "type": "Point",
        "coordinates": [
          -74.10159,
          4.6790322
        ]
      }
    },
    {
      "type": "Feature",
      "properties": {
        "id": 74458380,
        "nombre": "Politécnico Internacional",
        "categoria": "educacion",
        "subcategoria": "college",
        "tags": {
          "amenity": "college",
          "building": "college",
          "name": "Politécnico Internacional"
        }
      },
      "geometry": {
        "type": "Point",
        "coordinates": [
          -74.1607205,
          4.5952651
        ]
      }
    },
    {
      "type": "Feature",
      "properties": {
        "id": 74654022,
        "nombre": "Instituto Técnico Industrial Francisco José de Caldas",
        "categoria": "educacion",
        "subcategoria": "school",
        "tags": {
          "amenity": "school",
          "check_date": "2024-11-17",
          "name": "Instituto Técnico Industrial Francisco José de Caldas",
          "name:en": "Francisco José de Caldas Industrial Technical Institute"
        }
      },
      "geometry": {
        "type": "Point",
        "coordinates": [
          -74.0944722,
          4.6685212
        ]
      }
    },
    {
      "type": "Feature",
      "properties": {
        "id": 74654036,
        "nombre": "Instituto Técnico Industrial Centro Don Bosco",
        "categoria": "educacion",
        "subcategoria": "school",
        "tags": {
          "amenity": "school",
          "education": "school",
          "name": "Instituto Técnico Industrial Centro Don Bosco"
        }
      },
      "geometry": {
        "type": "Point",
        "coordinates": [
          -74.1065042,
          4.6622294
        ]
      }
    },
    {
      "type": "Feature",
      "properties": {
        "id": 75913618,
        "nombre": "Colegio Maximino Poitiers",
        "categoria": "educacion",
        "subcategoria": "school",
        "tags": {
          "addr:city": "Bogota",
          "addr:housenumber": "#102-51",
          "addr:postcode": "111161",
          "addr:street": "Calle 151A",
          "amenity": "school",
          "barrier": "yes",
          "grades": "0-12",
          "name": "Colegio Maximino Poitiers",
          "name:en": "Maximino Poitiers School",
          "website": "https://www.colmaximinopoitiers.com/",
          "wheelchair": "yes"
        }
      },
      "geometry": {
        "type": "Point",
        "coordinates": [
          -74.0913071,
          4.7513709
        ]
      }
    },
    {
      "type": "Feature",
      "properties": {
        "id": 77962624,
        "nombre": "Colegio de Nuestra Señora del Pilar - Chapinero",
        "categoria": "educacion",
        "subcategoria": "school",
        "tags": {
          "addr:city": "Bogotá D.C.",
          "addr:housenumber": "27 A 12",
          "addr:street": "Calle 62",
          "amenity": "school",
          "denomination": "catholic",
          "name": "Colegio de Nuestra Señora del Pilar - Chapinero",
          "operator": "Congregación de Hermanas de la Caridad de Santa Ana",
          "operator:type": "private",
          "religion": "christian",
          "source": "Kaart Ground Survey 2017",
          "website": "https://www.colpilarch.edu.co/"
        }
      },
      "geometry": {
        "type": "Point",
        "coordinates": [
          -74.0750978,
          4.6510465
        ]
      }
    },
    {
      "type": "Feature",
      "properties": {
        "id": 78135635,
        "nombre": "Instituto Alberto Merani",
        "categoria": "educacion",
        "subcategoria": "school",
        "tags": {
          "amenity": "school",
          "barrier": "yes",
          "name": "Instituto Alberto Merani"
        }
      },
      "geometry": {
        "type": "Point",
        "coordinates": [
          -74.0587638,
          4.7683178
        ]
      }
    },
    {
      "type": "Feature",
      "properties": {
        "id": 79378117,
        "nombre": "Colegio Champagnat",
        "categoria": "educacion",
        "subcategoria": "school",
        "tags": {
          "amenity": "school",
          "name": "Colegio Champagnat"
        }
      },
      "geometry": {
        "type": "Point",
        "coordinates": [
          -74.0712464,
          4.629454
        ]
      }
    },
    {
      "type": "Feature",
      "properties": {
        "id": 79378230,
        "nombre": "El Carmelo",
        "categoria": "educacion",
        "subcategoria": "school",
        "tags": {
          "amenity": "school",
          "name": "El Carmelo"
        }
      },
      "geometry": {
        "type": "Point",
        "coordinates": [
          -74.0765492,
          4.6335927
        ]
      }
    },
    {
      "type": "Feature",
      "properties": {
        "id": 79378235,
        "nombre": "Gimnasio William McKinley",
        "categoria": "educacion",
        "subcategoria": "school",
        "tags": {
          "amenity": "school",
          "barrier": "yes",
          "name": "Gimnasio William McKinley"
        }
      },
      "geometry": {
        "type": "Point",
        "coordinates": [
          -74.097641,
          4.6370441
        ]
      }
    },
    {
      "type": "Feature",
      "properties": {
        "id": 79378251,
        "nombre": "Colegio Americano",
        "categoria": "educacion",
        "subcategoria": "school",
        "tags": {
          "amenity": "school",
          "name": "Colegio Americano",
          "operator": "Colegio Bachillerato P"
        }
      },
      "geometry": {
        "type": "Point",
        "coordinates": [
          -74.0744146,
          4.634472
        ]
      }
    },
    {
      "type": "Feature",
      "properties": {
        "id": 82159799,
        "nombre": "Colegio El Bosque",
        "categoria": "educacion",
        "subcategoria": "school",
        "tags": {
          "amenity": "school",
          "name": "Colegio El Bosque",
          "operator": "Universidad Antonio Nariño",
          "operator:type": "university"
        }
      },
      "geometry": {
        "type": "Point",
        "coordinates": [
          -74.0606654,
          4.7573479
        ]
      }
    },
    {
      "type": "Feature",
      "properties": {
        "id": 82995290,
        "nombre": "Colegio Las Esclavas del Sagrado Corazón de Jesús",
        "categoria": "educacion",
        "subcategoria": "school",
        "tags": {
          "amenity": "school",
          "name": "Colegio Las Esclavas del Sagrado Corazón de Jesús"
        }
      },
      "geometry": {
        "type": "Point",
        "coordinates": [
          -74.0426798,
          4.7568426
        ]
      }
    },
    {
      "type": "Feature",
      "properties": {
        "id": 83385886,
        "nombre": "Colegio Parroquial San José",
        "categoria": "educacion",
        "subcategoria": "school",
        "tags": {
          "amenity": "school",
          "name": "Colegio Parroquial San José"
        }
      },
      "geometry": {
        "type": "Point",
        "coordinates": [
          -74.1332787,
          4.6814246
        ]
      }
    },
    {
      "type": "Feature",
      "properties": {
        "id": 85274160,
        "nombre": "Colegio Agustiniano Ciudad Salitre",
        "categoria": "educacion",
        "subcategoria": "school",
        "tags": {
          "amenity": "school",
          "education": "school",
          "name": "Colegio Agustiniano Ciudad Salitre"
        }
      },
      "geometry": {
        "type": "Point",
        "coordinates": [
          -74.1135435,
          4.6554309
        ]
      }
    },
    {
      "type": "Feature",
      "properties": {
        "id": 85336622,
        "nombre": "IE Ciudad Latina",
        "categoria": "educacion",
        "subcategoria": "school",
        "tags": {
          "addr:postcode": "250052",
          "amenity": "school",
          "grades": "6-11",
          "name": "IE Ciudad Latina",
          "operator": "Secretaría Educación de Soacha",
          "operator:type": "public",
          "religion": "none"
        }
      },
      "geometry": {
        "type": "Point",
        "coordinates": [
          -74.2479479,
          4.5766187
        ]
      }
    },
    {
      "type": "Feature",
      "properties": {
        "id": 85546060,
        "nombre": "Colegio Cosmos",
        "categoria": "educacion",
        "subcategoria": "school",
        "tags": {
          "amenity": "school",
          "name": "Colegio Cosmos"
        }
      },
      "geometry": {
        "type": "Point",
        "coordinates": [
          -74.2362486,
          4.5681572
        ]
      }
    },
    {
      "type": "Feature",
      "properties": {
        "id": 85990602,
        "nombre": "Gimnasio Iragua",
        "categoria": "educacion",
        "subcategoria": "school",
        "tags": {
          "amenity": "school",
          "barrier": "yes",
          "name": "Gimnasio Iragua"
        }
      },
      "geometry": {
        "type": "Point",
        "coordinates": [
          -74.0675017,
          4.7603656
        ]
      }
    },
    {
      "type": "Feature",
      "properties": {
        "id": 86369756,
        "nombre": "Uniminuto",
        "categoria": "educacion",
        "subcategoria": "university",
        "tags": {
          "amenity": "university",
          "layer": "1",
          "name": "Uniminuto"
        }
      },
      "geometry": {
        "type": "Point",
        "coordinates": [
          -74.1681554,
          4.5933208
        ]
      }
    },
    {
      "type": "Feature",
      "properties": {
        "id": 86435441,
        "nombre": "IED Santa Bibiana",
        "categoria": "educacion",
        "subcategoria": "school",
        "tags": {
          "amenity": "school",
          "barrier": "yes",
          "name": "IED Santa Bibiana",
          "operator": "Secretaría de Educación de Bogotá, D.C."
        }
      },
      "geometry": {
        "type": "Point",
        "coordinates": [
          -74.1695889,
          4.5744615
        ]
      }
    },
    {
      "type": "Feature",
      "properties": {
        "id": 87092715,
        "nombre": "Gimansio Monseñor Manuel María Camargo",
        "categoria": "educacion",
        "subcategoria": "school",
        "tags": {
          "amenity": "school",
          "denomination": "catholic",
          "name": "Gimansio Monseñor Manuel María Camargo"
        }
      },
      "geometry": {
        "type": "Point",
        "coordinates": [
          -74.0937589,
          4.5880128
        ]
      }
    },
    {
      "type": "Feature",
      "properties": {
        "id": 87095247,
        "nombre": "Instituto San Bernardo de la Salle",
        "categoria": "educacion",
        "subcategoria": "school",
        "tags": {
          "amenity": "school",
          "name": "Instituto San Bernardo de la Salle"
        }
      },
      "geometry": {
        "type": "Point",
        "coordinates": [
          -74.0859171,
          4.5918601
        ]
      }
    },
    {
      "type": "Feature",
      "properties": {
        "id": 87217864,
        "nombre": "Sin Nombre",
        "categoria": "educacion",
        "subcategoria": "school",
        "tags": {
          "amenity": "school",
          "building": "yes"
        }
      },
      "geometry": {
        "type": "Point",
        "coordinates": [
          -74.0338189,
          4.7043962
        ]
      }
    },
    {
      "type": "Feature",
      "properties": {
        "id": 87411587,
        "nombre": "Campus deportivo Universidad Santo Tomás de Aquino",
        "categoria": "educacion",
        "subcategoria": "university",
        "tags": {
          "amenity": "university",
          "name": "Campus deportivo Universidad Santo Tomás de Aquino",
          "short_name": "USTA"
        }
      },
      "geometry": {
        "type": "Point",
        "coordinates": [
          -74.0547959,
          4.7905356
        ]
      }
    },
    {
      "type": "Feature",
      "properties": {
        "id": 88291292,
        "nombre": "Institución Educativa San Mateo",
        "categoria": "educacion",
        "subcategoria": "school",
        "tags": {
          "amenity": "school",
          "barrier": "wall",
          "building": "yes",
          "name": "Institución Educativa San Mateo"
        }
      },
      "geometry": {
        "type": "Point",
        "coordinates": [
          -74.2044678,
          4.5792104
        ]
      }
    },
    {
      "type": "Feature",
      "properties": {
        "id": 90399891,
        "nombre": "Fundación Semilla de Amor",
        "categoria": "educacion",
        "subcategoria": "school",
        "tags": {
          "amenity": "school",
          "barrier": "yes",
          "name": "Fundación Semilla de Amor"
        }
      },
      "geometry": {
        "type": "Point",
        "coordinates": [
          -74.0602631,
          4.7668734
        ]
      }
    },
    {
      "type": "Feature",
      "properties": {
        "id": 90399898,
        "nombre": "Colegio Pepa Castro",
        "categoria": "educacion",
        "subcategoria": "school",
        "tags": {
          "amenity": "school",
          "name": "Colegio Pepa Castro"
        }
      },
      "geometry": {
        "type": "Point",
        "coordinates": [
          -74.0619728,
          4.7646126
        ]
      }
    },
    {
      "type": "Feature",
      "properties": {
        "id": 90399906,
        "nombre": "Santa Cristina de Toscana",
        "categoria": "educacion",
        "subcategoria": "school",
        "tags": {
          "amenity": "school",
          "barrier": "yes",
          "name": "Santa Cristina de Toscana"
        }
      },
      "geometry": {
        "type": "Point",
        "coordinates": [
          -74.0596061,
          4.7677404
        ]
      }
    },
    {
      "type": "Feature",
      "properties": {
        "id": 93979639,
        "nombre": "Colegio Maria",
        "categoria": "educacion",
        "subcategoria": "school",
        "tags": {
          "amenity": "school",
          "name": "Colegio Maria"
        }
      },
      "geometry": {
        "type": "Point",
        "coordinates": [
          -74.0300616,
          4.8328388
        ]
      }
    },
    {
      "type": "Feature",
      "properties": {
        "id": 95933374,
        "nombre": "Colegio Policarpa Salavarrieta",
        "categoria": "educacion",
        "subcategoria": "school",
        "tags": {
          "amenity": "school",
          "barrier": "yes",
          "name": "Colegio Policarpa Salavarrieta"
        }
      },
      "geometry": {
        "type": "Point",
        "coordinates": [
          -74.2323823,
          4.7043853
        ]
      }
    },
    {
      "type": "Feature",
      "properties": {
        "id": 96896436,
        "nombre": "Colegio Rosario",
        "categoria": "educacion",
        "subcategoria": "school",
        "tags": {
          "amenity": "school",
          "barrier": "yes",
          "name": "Colegio Rosario"
        }
      },
      "geometry": {
        "type": "Point",
        "coordinates": [
          -74.0297298,
          4.7909893
        ]
      }
    },
    {
      "type": "Feature",
      "properties": {
        "id": 97255862,
        "nombre": "CCB Uni Empresarial",
        "categoria": "educacion",
        "subcategoria": "university",
        "tags": {
          "addr:housename": "Edificio Cámara de Comercio de Bogotá Sede Centro",
          "addr:housenumber": "16 21",
          "addr:street": "KR 9",
          "alt_name": "Cámara de Comercio de Bogotá",
          "amenity": "university",
          "building": "yes",
          "name": "CCB Uni Empresarial",
          "old_name": "Cámara de Comercio de Bogotá"
        }
      },
      "geometry": {
        "type": "Point",
        "coordinates": [
          -74.0746897,
          4.6040749
        ]
      }
    },
    {
      "type": "Feature",
      "properties": {
        "id": 97825124,
        "nombre": "IED Colegio Silveria Espinosa de Rendón Sede B",
        "categoria": "educacion",
        "subcategoria": "school",
        "tags": {
          "amenity": "school",
          "name": "IED Colegio Silveria Espinosa de Rendón Sede B"
        }
      },
      "geometry": {
        "type": "Point",
        "coordinates": [
          -74.1221796,
          4.6238984
        ]
      }
    },
    {
      "type": "Feature",
      "properties": {
        "id": 99545300,
        "nombre": "Universidad Distrital Francisco José de Caldas Facultad del Medio Ambiente",
        "categoria": "educacion",
        "subcategoria": "university",
        "tags": {
          "addr:street": "Avenida de los Cerros (Circunvalar), Venado de Oro",
          "alt_name": "Sede Anexa Universidad Distrital",
          "amenity": "university",
          "email": "dmedioa@udistrital.edu.co",
          "fixme": "en notas hay datos historicos sin clasificar",
          "image": "http://www.udistrital.edu.co/imagenes/dependencias/80.jpg",
          "name": "Universidad Distrital Francisco José de Caldas Facultad del Medio Ambiente",
          "note": "Antes: Sede B Externado CAmilo Torres. Edifico decada 1960 (Alianza para el Progreso), Antes: Concentracion Escolar Thomas Jefferson; Antes: Escuela Rafael Miranda (Fundador Barrio Perseverancia)",
          "official_name": "Universidad Distrital Francisco José de Caldas (Facultad del Medio Ambiente)",
          "old_name": "Sede B Externado Camilo Torres",
          "operator": "Universidad Distrital Francisco José de Caldas",
          "operator:type": "public",
          "phone": "2841658 - 3376618",
          "short_name": "UD",
          "sorting_name": "distrital universidad",
          "website": "ambiental.udistrital.edu.co/",
          "wikidata": "Q3081395",
          "wikimedia_commons": "Category:Universidad Distrital Francisco José de Caldas",
          "wikipedia": "es:Universidad Distrital Francisco José de Caldas"
        }
      },
      "geometry": {
        "type": "Point",
        "coordinates": [
          -74.0613195,
          4.6180205
        ]
      }
    },
    {
      "type": "Feature",
      "properties": {
        "id": 99551596,
        "nombre": "Colegio San Bartolomé La Merced",
        "categoria": "educacion",
        "subcategoria": "school",
        "tags": {
          "amenity": "school",
          "barrier": "yes",
          "name": "Colegio San Bartolomé La Merced",
          "wikidata": "Q19018824",
          "wikipedia": "es:Colegio San Bartolomé La Merced"
        }
      },
      "geometry": {
        "type": "Point",
        "coordinates": [
          -74.0622749,
          4.6193095
        ]
      }
    },
    {
      "type": "Feature",
      "properties": {
        "id": 105231546,
        "nombre": "Colegio Sagrado Corazon De Jesus-Bethlemitas",
        "categoria": "educacion",
        "subcategoria": "school",
        "tags": {
          "addr:housenumber": "65-48",
          "addr:street": "Avenida Carrera 7",
          "amenity": "school",
          "check_date": "2025-05-08",
          "name": "Colegio Sagrado Corazon De Jesus-Bethlemitas",
          "source": "Kaart Ground Survey 2017"
        }
      },
      "geometry": {
        "type": "Point",
        "coordinates": [
          -74.0582963,
          4.6492067
        ]
      }
    },
    {
      "type": "Feature",
      "properties": {
        "id": 108050050,
        "nombre": "María Inmaculada",
        "categoria": "educacion",
        "subcategoria": "school",
        "tags": {
          "addr:city": "Bogotá D.C.",
          "addr:street": "Avenida Carrera 7",
          "amenity": "school",
          "name": "María Inmaculada",
          "source": "Kaart Ground Survey 2017"
        }
      },
      "geometry": {
        "type": "Point",
        "coordinates": [
          -74.0236352,
          4.7444471
        ]
      }
    },
    {
      "type": "Feature",
      "properties": {
        "id": 108050055,
        "nombre": "Colegio Pureza de María",
        "categoria": "educacion",
        "subcategoria": "school",
        "tags": {
          "amenity": "school",
          "barrier": "yes",
          "name": "Colegio Pureza de María"
        }
      },
      "geometry": {
        "type": "Point",
        "coordinates": [
          -74.0249717,
          4.7224645
        ]
      }
    },
    {
      "type": "Feature",
      "properties": {
        "id": 108936326,
        "nombre": "IED Jorge Eliécer Gaitán",
        "categoria": "educacion",
        "subcategoria": "school",
        "tags": {
          "amenity": "school",
          "name": "IED Jorge Eliécer Gaitán",
          "old_name": "Colegio Mayor Distrital Jorge Eliécer Gaitán"
        }
      },
      "geometry": {
        "type": "Point",
        "coordinates": [
          -74.0811197,
          4.6648681
        ]
      }
    },
    {
      "type": "Feature",
      "properties": {
        "id": 108936337,
        "nombre": "Divino Niño Jesús",
        "categoria": "educacion",
        "subcategoria": "school",
        "tags": {
          "amenity": "school",
          "name": "Divino Niño Jesús"
        }
      },
      "geometry": {
        "type": "Point",
        "coordinates": [
          -74.0841082,
          4.6707178
        ]
      }
    },
    {
      "type": "Feature",
      "properties": {
        "id": 112440916,
        "nombre": "Colegio Abraham Lincoln Bachillerato",
        "categoria": "educacion",
        "subcategoria": "school",
        "tags": {
          "amenity": "school",
          "check_date": "2024-05-18",
          "level": "1",
          "name": "Colegio Abraham Lincoln Bachillerato"
        }
      },
      "geometry": {
        "type": "Point",
        "coordinates": [
          -74.0613238,
          4.7558153
        ]
      }
    },
    {
      "type": "Feature",
      "properties": {
        "id": 112440917,
        "nombre": "Colegio San Tarsicio",
        "categoria": "educacion",
        "subcategoria": "school",
        "tags": {
          "addr:street": "Calle 169B",
          "amenity": "school",
          "check_date": "2024-05-18",
          "level": "1",
          "name": "Colegio San Tarsicio",
          "source": "Kaart Ground Survey 2017"
        }
      },
      "geometry": {
        "type": "Point",
        "coordinates": [
          -74.0596448,
          4.7550241
        ]
      }
    },
    {
      "type": "Feature",
      "properties": {
        "id": 112440921,
        "nombre": "Colegio Distrital SaludCoop",
        "categoria": "educacion",
        "subcategoria": "school",
        "tags": {
          "amenity": "school",
          "name": "Colegio Distrital SaludCoop"
        }
      },
      "geometry": {
        "type": "Point",
        "coordinates": [
          -74.0404437,
          4.7576299
        ]
      }
    },
    {
      "type": "Feature",
      "properties": {
        "id": 119924432,
        "nombre": "Universidad Distrital Sede Tecnológica",
        "categoria": "educacion",
        "subcategoria": "university",
        "tags": {
          "addr:full": "Transversal 70 B N. 73 a 35 sur",
          "alt_name": "Universidad Distrital Tecnológica",
          "amenity": "university",
          "email": "dectecnologica@udistrital.edu.co",
          "image": "http://www.udistrital.edu.co/imagenes/dependencias/81.jpg",
          "name": "Universidad Distrital Sede Tecnológica",
          "official_name": "Universidad Distrital Francisco José de Caldas (Sede Facultad Tecnológica)",
          "phone": "3239300",
          "short_name": "UD",
          "sorting_name": "Distrital Facultad Tecnológica Universidad",
          "website": "https://www.udistrital.edu.co/",
          "wikipedia": "es:Universidad Distrital Francisco José de Caldas"
        }
      },
      "geometry": {
        "type": "Point",
        "coordinates": [
          -74.1583138,
          4.5792589
        ]
      }
    },
    {
      "type": "Feature",
      "properties": {
        "id": 121969582,
        "nombre": "Colegio Emmanuel D'Alzon",
        "categoria": "educacion",
        "subcategoria": "school",
        "tags": {
          "amenity": "school",
          "name": "Colegio Emmanuel D'Alzon"
        }
      },
      "geometry": {
        "type": "Point",
        "coordinates": [
          -74.0665299,
          4.6987493
        ]
      }
    },
    {
      "type": "Feature",
      "properties": {
        "id": 125025532,
        "nombre": "Cristo Rey",
        "categoria": "educacion",
        "subcategoria": "school",
        "tags": {
          "amenity": "school",
          "name": "Cristo Rey"
        }
      },
      "geometry": {
        "type": "Point",
        "coordinates": [
          -74.0690272,
          4.6734593
        ]
      }
    },
    {
      "type": "Feature",
      "properties": {
        "id": 128366084,
        "nombre": "Liceo Cambridge",
        "categoria": "educacion",
        "subcategoria": "school",
        "tags": {
          "amenity": "school",
          "barrier": "yes",
          "name": "Liceo Cambridge"
        }
      },
      "geometry": {
        "type": "Point",
        "coordinates": [
          -74.1060236,
          4.7743513
        ]
      }
    },
    {
      "type": "Feature",
      "properties": {
        "id": 128830335,
        "nombre": "Universidad Manuela Beltran sede Cajicá",
        "categoria": "educacion",
        "subcategoria": "university",
        "tags": {
          "amenity": "university",
          "barrier": "yes",
          "brand:wikidata": "Q6753029",
          "brand:wikipedia": "Universidad Manuela Beltrán",
          "name": "Universidad Manuela Beltran sede Cajicá",
          "operator": "Universidad Manuela Beltran",
          "operator:type": "private",
          "operator:wikidata": "Q6753029",
          "operator:wikipedia": "Universidad Manuela Beltrán",
          "wikidata": "Q6753029",
          "wikipedia": "es:Universidad Manuela Beltrán"
        }
      },
      "geometry": {
        "type": "Point",
        "coordinates": [
          -74.0350491,
          4.8941035
        ]
      }
    },
    {
      "type": "Feature",
      "properties": {
        "id": 129077656,
        "nombre": "IED Enrique Pardo Parra",
        "categoria": "educacion",
        "subcategoria": "school",
        "tags": {
          "amenity": "school",
          "name": "IED Enrique Pardo Parra"
        }
      },
      "geometry": {
        "type": "Point",
        "coordinates": [
          -74.0980023,
          4.8031206
        ]
      }
    },
    {
      "type": "Feature",
      "properties": {
        "id": 131281427,
        "nombre": "Instituto Técnico Central de La Salle",
        "categoria": "educacion",
        "subcategoria": "college",
        "tags": {
          "alt_name": "Escuela Tecnológica Instituto Técnico Central - ETITC",
          "amenity": "college",
          "name": "Instituto Técnico Central de La Salle"
        }
      },
      "geometry": {
        "type": "Point",
        "coordinates": [
          -74.0813167,
          4.606413
        ]
      }
    },
    {
      "type": "Feature",
      "properties": {
        "id": 131281428,
        "nombre": "Colegio I.E.D. Castilla",
        "categoria": "educacion",
        "subcategoria": "school",
        "tags": {
          "amenity": "school",
          "name": "Colegio I.E.D. Castilla"
        }
      },
      "geometry": {
        "type": "Point",
        "coordinates": [
          -74.1421854,
          4.6406384
        ]
      }
    },
    {
      "type": "Feature",
      "properties": {
        "id": 135106307,
        "nombre": "Biblioteca Universidad Distrital Francisco José de Caldas",
        "categoria": "educacion",
        "subcategoria": "university",
        "tags": {
          "amenity": "university",
          "name": "Biblioteca Universidad Distrital Francisco José de Caldas",
          "old_name": "Matadero distrital"
        }
      },
      "geometry": {
        "type": "Point",
        "coordinates": [
          -74.0939535,
          4.6142974
        ]
      }
    },
    {
      "type": "Feature",
      "properties": {
        "id": 135624702,
        "nombre": "Universidad Distrital Francisco José de Caldas - Sede Vivero",
        "categoria": "educacion",
        "subcategoria": "university",
        "tags": {
          "addr:street": "Calle 1",
          "amenity": "university",
          "barrier": "yes",
          "name": "Universidad Distrital Francisco José de Caldas - Sede Vivero",
          "operator": "Universidad Distrital Francisco José de Caldas",
          "operator:type": "public",
          "wikidata": "Q3081395",
          "wikipedia": "es:Universidad Distrital Francisco José de Caldas"
        }
      },
      "geometry": {
        "type": "Point",
        "coordinates": [
          -74.0641382,
          4.5970226
        ]
      }
    },
    {
      "type": "Feature",
      "properties": {
        "id": 135625354,
        "nombre": "Universidad Distrital Francisco José de Caldas - Sede Vivero",
        "categoria": "educacion",
        "subcategoria": "university",
        "tags": {
          "amenity": "university",
          "name": "Universidad Distrital Francisco José de Caldas - Sede Vivero"
        }
      },
      "geometry": {
        "type": "Point",
        "coordinates": [
          -74.065166,
          4.5986505
        ]
      }
    },
    {
      "type": "Feature",
      "properties": {
        "id": 136124928,
        "nombre": "Universidad Distrital Francisco José de Caldas - Sede Macarena A",
        "categoria": "educacion",
        "subcategoria": "university",
        "tags": {
          "addr:country": "CO",
          "addr:full": "Carrera 3 26 A 40",
          "addr:housenumber": "26",
          "addr:street": "Carrera 3",
          "alt_name": "Universidad Distrital Facultad de Ciencias y Educacion",
          "amenity": "university",
          "barrier": "yes",
          "contact:email": "dciencia@udistrital.edu.co",
          "contact:phone": "6012869666 - 6013239300",
          "contact:website": "https://fciencias.udistrital.edu.co",
          "image": "http://www.udistrital.edu.co/imagenes/dependencias/20.jpg",
          "loc_name": "Universidad Distrital",
          "name": "Universidad Distrital Francisco José de Caldas - Sede Macarena A",
          "natural": "wood",
          "official_name": "Universidad Distrital Francisco José de Caldas (Facultad de Ciencias y Educacion)",
          "operator": "Universidad Distrital Francisco José de Caldas",
          "operator:type": "public",
          "short_name": "UD",
          "sorting_name": "distrital universidad",
          "wikidata": "Q3081395",
          "wikipedia": "es:Universidad Distrital Francisco José de Caldas"
        }
      },
      "geometry": {
        "type": "Point",
        "coordinates": [
          -74.0635885,
          4.6142736
        ]
      }
    },
    {
      "type": "Feature",
      "properties": {
        "id": 136126347,
        "nombre": "Universidad Distrital Francisco José de Caldas - Sede Macarena B",
        "categoria": "educacion",
        "subcategoria": "university",
        "tags": {
          "addr:full": "Carrera 3 26 A 40",
          "alt_name": "Universidad Distrital Facultad de Ciencias y Educacion",
          "amenity": "university",
          "email": "dciencia@udistrital.edu.co",
          "image": "http://www.udistrital.edu.co/imagenes/dependencias/20.jpg",
          "loc_name": "Universidad Distrital",
          "name": "Universidad Distrital Francisco José de Caldas - Sede Macarena B",
          "official_name": "Universidad Distrital Francisco José de Caldas (Facultad de Ciencias y Educacion)",
          "phone": "2869666 - 3239300",
          "short_name": "UD",
          "sorting_name": "distrital universidad",
          "website": "https://fciencias.udistrital.edu.co/",
          "wikipedia": "es:Universidad Distrital Francisco José de Caldas"
        }
      },
      "geometry": {
        "type": "Point",
        "coordinates": [
          -74.0652301,
          4.6135379
        ]
      }
    },
    {
      "type": "Feature",
      "properties": {
        "id": 136258887,
        "nombre": "Colegio Parroquial Santa Isabel de Hungría",
        "categoria": "educacion",
        "subcategoria": "school",
        "tags": {
          "amenity": "school",
          "name": "Colegio Parroquial Santa Isabel de Hungría"
        }
      },
      "geometry": {
        "type": "Point",
        "coordinates": [
          -74.1298436,
          4.5983306
        ]
      }
    },
    {
      "type": "Feature",
      "properties": {
        "id": 145208099,
        "nombre": "IED Miguel de Cervantes Saavedra",
        "categoria": "educacion",
        "subcategoria": "school",
        "tags": {
          "amenity": "school",
          "name": "IED Miguel de Cervantes Saavedra"
        }
      },
      "geometry": {
        "type": "Point",
        "coordinates": [
          -74.1173959,
          4.5126979
        ]
      }
    },
    {
      "type": "Feature",
      "properties": {
        "id": 147354639,
        "nombre": "Colegio Villa Amalia",
        "categoria": "educacion",
        "subcategoria": "school",
        "tags": {
          "addr:housenumber": "71C-45",
          "addr:postcode": "111031",
          "addr:street": "Carrera 110B",
          "amenity": "school",
          "name": "Colegio Villa Amalia"
        }
      },
      "geometry": {
        "type": "Point",
        "coordinates": [
          -74.1263078,
          4.7103658
        ]
      }
    },
    {
      "type": "Feature",
      "properties": {
        "id": 150334728,
        "nombre": "Colegio Abraham Lincoln Primaria",
        "categoria": "educacion",
        "subcategoria": "school",
        "tags": {
          "addr:city": "Bogotá D.C.",
          "addr:street": "Avenida Calle 170",
          "amenity": "school",
          "barrier": "yes",
          "name": "Colegio Abraham Lincoln Primaria"
        }
      },
      "geometry": {
        "type": "Point",
        "coordinates": [
          -74.0522731,
          4.7518351
        ]
      }
    },
    {
      "type": "Feature",
      "properties": {
        "id": 151288207,
        "nombre": "IED Jorge Eliécer Gaitán",
        "categoria": "educacion",
        "subcategoria": "school",
        "tags": {
          "amenity": "school",
          "name": "IED Jorge Eliécer Gaitán",
          "old_name": "Colegio Mayor Distrital Jorge Eliécer Gaitán"
        }
      },
      "geometry": {
        "type": "Point",
        "coordinates": [
          -74.0818178,
          4.6653703
        ]
      }
    },
    {
      "type": "Feature",
      "properties": {
        "id": 151288650,
        "nombre": "IED Jorge Eliécer Gaitán",
        "categoria": "educacion",
        "subcategoria": "school",
        "tags": {
          "amenity": "school",
          "designation": "Sede primaria",
          "name": "IED Jorge Eliécer Gaitán",
          "old_name": "Escuela Manuel Murillo Toro"
        }
      },
      "geometry": {
        "type": "Point",
        "coordinates": [
          -74.0796165,
          4.6721032
        ]
      }
    },
    {
      "type": "Feature",
      "properties": {
        "id": 152747129,
        "nombre": "Uninpahu",
        "categoria": "educacion",
        "subcategoria": "university",
        "tags": {
          "addr:street": "Carrera 16",
          "amenity": "university",
          "building": "school",
          "designation": "Insitución universitaria Inpahu",
          "name": "Uninpahu",
          "source": "Kaart Ground Survey 2017",
          "website": "https://www.uninpahu.edu.co/"
        }
      },
      "geometry": {
        "type": "Point",
        "coordinates": [
          -74.0700486,
          4.6295297
        ]
      }
    },
    {
      "type": "Feature",
      "properties": {
        "id": 152747150,
        "nombre": "Uninpahu",
        "categoria": "educacion",
        "subcategoria": "university",
        "tags": {
          "amenity": "university",
          "building": "school",
          "name": "Uninpahu",
          "website": "https://www.uninpahu.edu.co/"
        }
      },
      "geometry": {
        "type": "Point",
        "coordinates": [
          -74.0703526,
          4.6296629
        ]
      }
    },
    {
      "type": "Feature",
      "properties": {
        "id": 155010955,
        "nombre": "Gimnasio Comercial Los Andes",
        "categoria": "educacion",
        "subcategoria": "school",
        "tags": {
          "amenity": "school",
          "name": "Gimnasio Comercial Los Andes"
        }
      },
      "geometry": {
        "type": "Point",
        "coordinates": [
          -74.1397787,
          4.5867589
        ]
      }
    },
    {
      "type": "Feature",
      "properties": {
        "id": 155010956,
        "nombre": "Sin Nombre",
        "categoria": "educacion",
        "subcategoria": "school",
        "tags": {
          "amenity": "school"
        }
      },
      "geometry": {
        "type": "Point",
        "coordinates": [
          -74.1170551,
          4.626898
        ]
      }
    },
    {
      "type": "Feature",
      "properties": {
        "id": 155010957,
        "nombre": "IED Silveria Espinosa de Rendón - Sede A",
        "categoria": "educacion",
        "subcategoria": "school",
        "tags": {
          "amenity": "school",
          "name": "IED Silveria Espinosa de Rendón - Sede A"
        }
      },
      "geometry": {
        "type": "Point",
        "coordinates": [
          -74.1127086,
          4.6301135
        ]
      }
    },
    {
      "type": "Feature",
      "properties": {
        "id": 155011872,
        "nombre": "Colegio Nuestra Señora de Fátima",
        "categoria": "educacion",
        "subcategoria": "school",
        "tags": {
          "amenity": "school",
          "name": "Colegio Nuestra Señora de Fátima"
        }
      },
      "geometry": {
        "type": "Point",
        "coordinates": [
          -74.1391935,
          4.5854524
        ]
      }
    },
    {
      "type": "Feature",
      "properties": {
        "id": 155011874,
        "nombre": "IED Instituto Tecnico Industrial Piloto - Sede B",
        "categoria": "educacion",
        "subcategoria": "school",
        "tags": {
          "amenity": "school",
          "name": "IED Instituto Tecnico Industrial Piloto - Sede B"
        }
      },
      "geometry": {
        "type": "Point",
        "coordinates": [
          -74.1387273,
          4.5846564
        ]
      }
    },
    {
      "type": "Feature",
      "properties": {
        "id": 155012947,
        "nombre": "Fundacion Instituto Tecnologico del Sur",
        "categoria": "educacion",
        "subcategoria": "school",
        "tags": {
          "amenity": "school",
          "name": "Fundacion Instituto Tecnologico del Sur"
        }
      },
      "geometry": {
        "type": "Point",
        "coordinates": [
          -74.1359725,
          4.5815355
        ]
      }
    },
    {
      "type": "Feature",
      "properties": {
        "id": 158521386,
        "nombre": "Colegio Parroquial San Luis Gonzaga",
        "categoria": "educacion",
        "subcategoria": "school",
        "tags": {
          "amenity": "school",
          "name": "Colegio Parroquial San Luis Gonzaga"
        }
      },
      "geometry": {
        "type": "Point",
        "coordinates": [
          -74.1205187,
          4.5805231
        ]
      }
    },
    {
      "type": "Feature",
      "properties": {
        "id": 158522750,
        "nombre": "CADE Ingeniería",
        "categoria": "educacion",
        "subcategoria": "college",
        "tags": {
          "amenity": "college",
          "building": "university",
          "name": "CADE Ingeniería"
        }
      },
      "geometry": {
        "type": "Point",
        "coordinates": [
          -74.0814869,
          4.6380381
        ]
      }
    },
    {
      "type": "Feature",
      "properties": {
        "id": 159266657,
        "nombre": "Distrital Toberin",
        "categoria": "educacion",
        "subcategoria": "school",
        "tags": {
          "addr:street": "Carrera 17",
          "amenity": "school",
          "name": "Distrital Toberin",
          "source": "Kaart Ground Survey 2017"
        }
      },
      "geometry": {
        "type": "Point",
        "coordinates": [
          -74.0395923,
          4.7451471
        ]
      }
    },
    {
      "type": "Feature",
      "properties": {
        "id": 159767674,
        "nombre": "Colegio Distrital Gustavo Restrepo Sede D",
        "categoria": "educacion",
        "subcategoria": "school",
        "tags": {
          "amenity": "school",
          "name": "Colegio Distrital Gustavo Restrepo Sede D"
        }
      },
      "geometry": {
        "type": "Point",
        "coordinates": [
          -74.094743,
          4.5822031
        ]
      }
    },
    {
      "type": "Feature",
      "properties": {
        "id": 159783233,
        "nombre": "Politecnico Andino",
        "categoria": "educacion",
        "subcategoria": "college",
        "tags": {
          "addr:housename": "Politecnico Andino",
          "amenity": "college",
          "name": "Politecnico Andino"
        }
      },
      "geometry": {
        "type": "Point",
        "coordinates": [
          -74.1014411,
          4.5794132
        ]
      }
    },
    {
      "type": "Feature",
      "properties": {
        "id": 161581334,
        "nombre": "Universidad Pedagógica Nacional",
        "categoria": "educacion",
        "subcategoria": "university",
        "tags": {
          "amenity": "university",
          "barrier": "fence",
          "name": "Universidad Pedagógica Nacional",
          "wheelchair": "no",
          "wikidata": "Q2495711",
          "wikipedia": "es:Universidad Pedagógica Nacional (Colombia)"
        }
      },
      "geometry": {
        "type": "Point",
        "coordinates": [
          -74.0592049,
          4.6583848
        ]
      }
    },
    {
      "type": "Feature",
      "properties": {
        "id": 162790170,
        "nombre": "Colegio Distrital Marsella",
        "categoria": "educacion",
        "subcategoria": "school",
        "tags": {
          "amenity": "school",
          "name": "Colegio Distrital Marsella"
        }
      },
      "geometry": {
        "type": "Point",
        "coordinates": [
          -74.1271268,
          4.6317887
        ]
      }
    },
    {
      "type": "Feature",
      "properties": {
        "id": 165096546,
        "nombre": "Colegio Nueva Granada",
        "categoria": "educacion",
        "subcategoria": "school",
        "tags": {
          "addr:street": "Transversal 4 Este",
          "amenity": "school",
          "barrier": "yes",
          "name": "Colegio Nueva Granada",
          "wheelchair": "limited"
        }
      },
      "geometry": {
        "type": "Point",
        "coordinates": [
          -74.0505779,
          4.6472201
        ]
      }
    },
    {
      "type": "Feature",
      "properties": {
        "id": 165096547,
        "nombre": "Rosario de Santo Domingo",
        "categoria": "educacion",
        "subcategoria": "school",
        "tags": {
          "addr:full": "Calle 68 # 0 51 Este",
          "addr:number": "0 - 51 Este",
          "alt_name": "Colegio Del Rosario De Santo Domingo",
          "amenity": "school",
          "name": "Rosario de Santo Domingo"
        }
      },
      "geometry": {
        "type": "Point",
        "coordinates": [
          -74.0529659,
          4.6460434
        ]
      }
    },
    {
      "type": "Feature",
      "properties": {
        "id": 165920402,
        "nombre": "Colegio Leonardo da Vinci",
        "categoria": "educacion",
        "subcategoria": "school",
        "tags": {
          "amenity": "school",
          "name": "Colegio Leonardo da Vinci",
          "source": "Bing",
          "wheelchair": "limited"
        }
      },
      "geometry": {
        "type": "Point",
        "coordinates": [
          -74.0523252,
          4.7078152
        ]
      }
    },
    {
      "type": "Feature",
      "properties": {
        "id": 168163567,
        "nombre": "IED Gabriel Betancourt Mejia Sede A",
        "categoria": "educacion",
        "subcategoria": "school",
        "tags": {
          "addr:street": "Carrera 87A",
          "amenity": "school",
          "name": "IED Gabriel Betancourt Mejia Sede A",
          "operator": "IED Gabriel Betancourt Mejia",
          "operator:type": "public"
        }
      },
      "geometry": {
        "type": "Point",
        "coordinates": [
          -74.1566455,
          4.6448272
        ]
      }
    },
    {
      "type": "Feature",
      "properties": {
        "id": 168301323,
        "nombre": "Gimansio Moderno San Francisco",
        "categoria": "educacion",
        "subcategoria": "school",
        "tags": {
          "amenity": "school",
          "name": "Gimansio Moderno San Francisco"
        }
      },
      "geometry": {
        "type": "Point",
        "coordinates": [
          -74.1581757,
          4.6500032
        ]
      }
    },
    {
      "type": "Feature",
      "properties": {
        "id": 171968597,
        "nombre": "IED Maria Montessori",
        "categoria": "educacion",
        "subcategoria": "school",
        "tags": {
          "amenity": "school",
          "name": "IED Maria Montessori"
        }
      },
      "geometry": {
        "type": "Point",
        "coordinates": [
          -74.0968754,
          4.5856237
        ]
      }
    },
    {
      "type": "Feature",
      "properties": {
        "id": 171968716,
        "nombre": "Universidad Nacional Abierta y a Distancia",
        "categoria": "educacion",
        "subcategoria": "university",
        "tags": {
          "amenity": "university",
          "name": "Universidad Nacional Abierta y a Distancia"
        }
      },
      "geometry": {
        "type": "Point",
        "coordinates": [
          -74.0975234,
          4.5852853
        ]
      }
    },
    {
      "type": "Feature",
      "properties": {
        "id": 171969247,
        "nombre": "Colegio Cooperativo del Magisterio de Cundinamarca",
        "categoria": "educacion",
        "subcategoria": "school",
        "tags": {
          "addr:housenumber": "12-02",
          "addr:street": "Calle 16 Bis Sur",
          "amenity": "school",
          "name": "Colegio Cooperativo del Magisterio de Cundinamarca",
          "source": "Kaart Ground Survey 2017"
        }
      },
      "geometry": {
        "type": "Point",
        "coordinates": [
          -74.096457,
          4.5824881
        ]
      }
    },
    {
      "type": "Feature",
      "properties": {
        "id": 171974043,
        "nombre": "Colegio Arteaga Muñoz",
        "categoria": "educacion",
        "subcategoria": "school",
        "tags": {
          "amenity": "school",
          "name": "Colegio Arteaga Muñoz"
        }
      },
      "geometry": {
        "type": "Point",
        "coordinates": [
          -74.0985054,
          4.5825278
        ]
      }
    },
    {
      "type": "Feature",
      "properties": {
        "id": 171974951,
        "nombre": "Centro de Terapias Crea y Recrea",
        "categoria": "educacion",
        "subcategoria": "school",
        "tags": {
          "amenity": "school",
          "name": "Centro de Terapias Crea y Recrea"
        }
      },
      "geometry": {
        "type": "Point",
        "coordinates": [
          -74.098601,
          4.5828869
        ]
      }
    },
    {
      "type": "Feature",
      "properties": {
        "id": 172703882,
        "nombre": "Colegio Sicopedagogico Americano del Sur",
        "categoria": "educacion",
        "subcategoria": "school",
        "tags": {
          "amenity": "school",
          "name": "Colegio Sicopedagogico Americano del Sur"
        }
      },
      "geometry": {
        "type": "Point",
        "coordinates": [
          -74.0973593,
          4.5774676
        ]
      }
    },
    {
      "type": "Feature",
      "properties": {
        "id": 172706543,
        "nombre": "Corporación Tecnológica Empresarial",
        "categoria": "educacion",
        "subcategoria": "college",
        "tags": {
          "amenity": "college",
          "name": "Corporación Tecnológica Empresarial"
        }
      },
      "geometry": {
        "type": "Point",
        "coordinates": [
          -74.0990546,
          4.5786474
        ]
      }
    },
    {
      "type": "Feature",
      "properties": {
        "id": 172706701,
        "nombre": "Externado del Sur Psicopedagogico",
        "categoria": "educacion",
        "subcategoria": "college",
        "tags": {
          "amenity": "college",
          "name": "Externado del Sur Psicopedagogico"
        }
      },
      "geometry": {
        "type": "Point",
        "coordinates": [
          -74.0990282,
          4.5784745
        ]
      }
    },
    {
      "type": "Feature",
      "properties": {
        "id": 172707752,
        "nombre": "Instituto Julio Maria Matovelle",
        "categoria": "educacion",
        "subcategoria": "school",
        "tags": {
          "amenity": "school",
          "name": "Instituto Julio Maria Matovelle"
        }
      },
      "geometry": {
        "type": "Point",
        "coordinates": [
          -74.0981885,
          4.5825391
        ]
      }
    },
    {
      "type": "Feature",
      "properties": {
        "id": 172708403,
        "nombre": "Instituto Andre Michelin",
        "categoria": "educacion",
        "subcategoria": "college",
        "tags": {
          "amenity": "college",
          "name": "Instituto Andre Michelin"
        }
      },
      "geometry": {
        "type": "Point",
        "coordinates": [
          -74.0957105,
          4.5763574
        ]
      }
    },
    {
      "type": "Feature",
      "properties": {
        "id": 172709779,
        "nombre": "Instituto ICAM",
        "categoria": "educacion",
        "subcategoria": "college",
        "tags": {
          "amenity": "college",
          "name": "Instituto ICAM"
        }
      },
      "geometry": {
        "type": "Point",
        "coordinates": [
          -74.1010594,
          4.5805843
        ]
      }
    },
    {
      "type": "Feature",
      "properties": {
        "id": 172710795,
        "nombre": "Centro Forjar Rafael Uribe Uribe",
        "categoria": "educacion",
        "subcategoria": "college",
        "tags": {
          "addr:city": "Bogotá D.C.",
          "addr:postcode": "111821",
          "addr:street": "Carrera 12G # 22B - 29 Sur",
          "amenity": "college",
          "name": "Centro Forjar Rafael Uribe Uribe"
        }
      },
      "geometry": {
        "type": "Point",
        "coordinates": [
          -74.1016487,
          4.5792136
        ]
      }
    },
    {
      "type": "Feature",
      "properties": {
        "id": 172710957,
        "nombre": "IED Maria Cano",
        "categoria": "educacion",
        "subcategoria": "school",
        "tags": {
          "amenity": "school",
          "name": "IED Maria Cano"
        }
      },
      "geometry": {
        "type": "Point",
        "coordinates": [
          -74.1018795,
          4.5789304
        ]
      }
    },
    {
      "type": "Feature",
      "properties": {
        "id": 172711963,
        "nombre": "Universidad Antonio Nariño",
        "categoria": "educacion",
        "subcategoria": "university",
        "tags": {
          "amenity": "university",
          "name": "Universidad Antonio Nariño"
        }
      },
      "geometry": {
        "type": "Point",
        "coordinates": [
          -74.100847,
          4.5794852
        ]
      }
    },
    {
      "type": "Feature",
      "properties": {
        "id": 172712063,
        "nombre": "Colegio Colombo Florida Bilingue",
        "categoria": "educacion",
        "subcategoria": "school",
        "tags": {
          "amenity": "school",
          "name": "Colegio Colombo Florida Bilingue"
        }
      },
      "geometry": {
        "type": "Point",
        "coordinates": [
          -74.1003636,
          4.5793168
        ]
      }
    },
    {
      "type": "Feature",
      "properties": {
        "id": 172713036,
        "nombre": "Colegio Domingo Savio",
        "categoria": "educacion",
        "subcategoria": "school",
        "tags": {
          "amenity": "school",
          "name": "Colegio Domingo Savio"
        }
      },
      "geometry": {
        "type": "Point",
        "coordinates": [
          -74.1076559,
          4.5858264
        ]
      }
    },
    {
      "type": "Feature",
      "properties": {
        "id": 172713636,
        "nombre": "Colegio Liceo Nacional Antonia Santos",
        "categoria": "educacion",
        "subcategoria": "school",
        "tags": {
          "amenity": "school",
          "name": "Colegio Liceo Nacional Antonia Santos"
        }
      },
      "geometry": {
        "type": "Point",
        "coordinates": [
          -74.1015387,
          4.5823588
        ]
      }
    },
    {
      "type": "Feature",
      "properties": {
        "id": 172715178,
        "nombre": "Colegio Nuestra Señora de la Sabiduria",
        "categoria": "educacion",
        "subcategoria": "school",
        "tags": {
          "amenity": "school",
          "name": "Colegio Nuestra Señora de la Sabiduria"
        }
      },
      "geometry": {
        "type": "Point",
        "coordinates": [
          -74.0981894,
          4.5775057
        ]
      }
    },
    {
      "type": "Feature",
      "properties": {
        "id": 172715179,
        "nombre": "Colegio Parroquial Nuestra Señora de la Valvanera",
        "categoria": "educacion",
        "subcategoria": "school",
        "tags": {
          "amenity": "school",
          "name": "Colegio Parroquial Nuestra Señora de la Valvanera"
        }
      },
      "geometry": {
        "type": "Point",
        "coordinates": [
          -74.100169,
          4.5899028
        ]
      }
    },
    {
      "type": "Feature",
      "properties": {
        "id": 172736423,
        "nombre": "Fundacion Hellen Keller",
        "categoria": "educacion",
        "subcategoria": "school",
        "tags": {
          "amenity": "school",
          "name": "Fundacion Hellen Keller"
        }
      },
      "geometry": {
        "type": "Point",
        "coordinates": [
          -74.0977472,
          4.5758328
        ]
      }
    },
    {
      "type": "Feature",
      "properties": {
        "id": 172736774,
        "nombre": "Fundacion Especial \"Mi Triunfo\"",
        "categoria": "educacion",
        "subcategoria": "school",
        "tags": {
          "amenity": "school",
          "name": "Fundacion Especial \"Mi Triunfo\""
        }
      },
      "geometry": {
        "type": "Point",
        "coordinates": [
          -74.0998955,
          4.5813742
        ]
      }
    },
    {
      "type": "Feature",
      "properties": {
        "id": 172737491,
        "nombre": "Gimnasio Lápiz Mágico",
        "categoria": "educacion",
        "subcategoria": "school",
        "tags": {
          "amenity": "school",
          "name": "Gimnasio Lápiz Mágico"
        }
      },
      "geometry": {
        "type": "Point",
        "coordinates": [
          -74.103432,
          4.5792293
        ]
      }
    },
    {
      "type": "Feature",
      "properties": {
        "id": 172737567,
        "nombre": "Gimnasio Nuestra Señora de la Esperanza",
        "categoria": "educacion",
        "subcategoria": "school",
        "tags": {
          "amenity": "school",
          "name": "Gimnasio Nuestra Señora de la Esperanza"
        }
      },
      "geometry": {
        "type": "Point",
        "coordinates": [
          -74.1026046,
          4.5764461
        ]
      }
    },
    {
      "type": "Feature",
      "properties": {
        "id": 172738036,
        "nombre": "INGABO",
        "categoria": "educacion",
        "subcategoria": "college",
        "tags": {
          "amenity": "college",
          "name": "INGABO"
        }
      },
      "geometry": {
        "type": "Point",
        "coordinates": [
          -74.099886,
          4.5854155
        ]
      }
    },
    {
      "type": "Feature",
      "properties": {
        "id": 172867094,
        "nombre": "FUNES",
        "categoria": "educacion",
        "subcategoria": "school",
        "tags": {
          "amenity": "school",
          "name": "FUNES"
        }
      },
      "geometry": {
        "type": "Point",
        "coordinates": [
          -74.0985119,
          4.5743351
        ]
      }
    },
    {
      "type": "Feature",
      "properties": {
        "id": 172947826,
        "nombre": "Jardin Ciudad Jardin San Jose",
        "categoria": "educacion",
        "subcategoria": "school",
        "tags": {
          "amenity": "school",
          "name": "Jardin Ciudad Jardin San Jose"
        }
      },
      "geometry": {
        "type": "Point",
        "coordinates": [
          -74.0930736,
          4.5783656
        ]
      }
    },
    {
      "type": "Feature",
      "properties": {
        "id": 172948026,
        "nombre": "Jardin Infantil Creativa",
        "categoria": "educacion",
        "subcategoria": "school",
        "tags": {
          "amenity": "school",
          "name": "Jardin Infantil Creativa"
        }
      },
      "geometry": {
        "type": "Point",
        "coordinates": [
          -74.0954378,
          4.577827
        ]
      }
    },
    {
      "type": "Feature",
      "properties": {
        "id": 172951867,
        "nombre": "La Concordia",
        "categoria": "educacion",
        "subcategoria": "college",
        "tags": {
          "amenity": "college",
          "name": "La Concordia"
        }
      },
      "geometry": {
        "type": "Point",
        "coordinates": [
          -74.1001969,
          4.585155
        ]
      }
    },
    {
      "type": "Feature",
      "properties": {
        "id": 172951994,
        "nombre": "Liceo Superior de Bogotá",
        "categoria": "educacion",
        "subcategoria": "school",
        "tags": {
          "amenity": "school",
          "name": "Liceo Superior de Bogotá"
        }
      },
      "geometry": {
        "type": "Point",
        "coordinates": [
          -74.1043603,
          4.5819246
        ]
      }
    },
    {
      "type": "Feature",
      "properties": {
        "id": 172952855,
        "nombre": "IED Gustavo Restrepo - Sede B y C",
        "categoria": "educacion",
        "subcategoria": "school",
        "tags": {
          "amenity": "school",
          "name": "IED Gustavo Restrepo - Sede B y C"
        }
      },
      "geometry": {
        "type": "Point",
        "coordinates": [
          -74.1029888,
          4.5772234
        ]
      }
    },
    {
      "type": "Feature",
      "properties": {
        "id": 172956788,
        "nombre": "Politecnico la Salle",
        "categoria": "educacion",
        "subcategoria": "college",
        "tags": {
          "amenity": "college",
          "name": "Politecnico la Salle"
        }
      },
      "geometry": {
        "type": "Point",
        "coordinates": [
          -74.095123,
          4.5755133
        ]
      }
    },
    {
      "type": "Feature",
      "properties": {
        "id": 172958732,
        "nombre": "San Lucas Preschool",
        "categoria": "educacion",
        "subcategoria": "school",
        "tags": {
          "amenity": "school",
          "name": "San Lucas Preschool"
        }
      },
      "geometry": {
        "type": "Point",
        "coordinates": [
          -74.0956966,
          4.5813301
        ]
      }
    },
    {
      "type": "Feature",
      "properties": {
        "id": 172962255,
        "nombre": "Top English",
        "categoria": "educacion",
        "subcategoria": "college",
        "tags": {
          "amenity": "college",
          "name": "Top English"
        }
      },
      "geometry": {
        "type": "Point",
        "coordinates": [
          -74.1010187,
          4.5849572
        ]
      }
    },
    {
      "type": "Feature",
      "properties": {
        "id": 172962487,
        "nombre": "Trineo de la Alegria",
        "categoria": "educacion",
        "subcategoria": "school",
        "tags": {
          "amenity": "school",
          "name": "Trineo de la Alegria"
        }
      },
      "geometry": {
        "type": "Point",
        "coordinates": [
          -74.0976295,
          4.5824151
        ]
      }
    },
    {
      "type": "Feature",
      "properties": {
        "id": 172962643,
        "nombre": "UAN Facultad de Ingenieria Mecanica",
        "categoria": "educacion",
        "subcategoria": "university",
        "tags": {
          "amenity": "university",
          "name": "UAN Facultad de Ingenieria Mecanica"
        }
      },
      "geometry": {
        "type": "Point",
        "coordinates": [
          -74.1018314,
          4.5785983
        ]
      }
    },
    {
      "type": "Feature",
      "properties": {
        "id": 172966525,
        "nombre": "Jardin Infantil Diverlandia",
        "categoria": "educacion",
        "subcategoria": "school",
        "tags": {
          "amenity": "school",
          "name": "Jardin Infantil Diverlandia"
        }
      },
      "geometry": {
        "type": "Point",
        "coordinates": [
          -74.1058053,
          4.5888203
        ]
      }
    },
    {
      "type": "Feature",
      "properties": {
        "id": 172994923,
        "nombre": "Jardin Infanti Chamaquitos",
        "categoria": "educacion",
        "subcategoria": "school",
        "tags": {
          "amenity": "school",
          "name": "Jardin Infanti Chamaquitos"
        }
      },
      "geometry": {
        "type": "Point",
        "coordinates": [
          -74.0974671,
          4.573092
        ]
      }
    },
    {
      "type": "Feature",
      "properties": {
        "id": 172995816,
        "nombre": "Jardin el Portal del Sosiego",
        "categoria": "educacion",
        "subcategoria": "school",
        "tags": {
          "amenity": "school",
          "name": "Jardin el Portal del Sosiego"
        }
      },
      "geometry": {
        "type": "Point",
        "coordinates": [
          -74.0988098,
          4.5755559
        ]
      }
    },
    {
      "type": "Feature",
      "properties": {
        "id": 173539410,
        "nombre": "Children's World Foundation",
        "categoria": "educacion",
        "subcategoria": "school",
        "tags": {
          "amenity": "school",
          "name": "Children's World Foundation"
        }
      },
      "geometry": {
        "type": "Point",
        "coordinates": [
          -74.0951609,
          4.579118
        ]
      }
    },
    {
      "type": "Feature",
      "properties": {
        "id": 173541478,
        "nombre": "Cencosistemas",
        "categoria": "educacion",
        "subcategoria": "college",
        "tags": {
          "amenity": "college",
          "name": "Cencosistemas"
        }
      },
      "geometry": {
        "type": "Point",
        "coordinates": [
          -74.1017063,
          4.5842281
        ]
      }
    },
    {
      "type": "Feature",
      "properties": {
        "id": 173541766,
        "nombre": "Redecomputo",
        "categoria": "educacion",
        "subcategoria": "college",
        "tags": {
          "amenity": "college",
          "name": "Redecomputo"
        }
      },
      "geometry": {
        "type": "Point",
        "coordinates": [
          -74.1015867,
          4.5843055
        ]
      }
    },
    {
      "type": "Feature",
      "properties": {
        "id": 173673833,
        "nombre": "Jardín Infantil Marco A. Iriarte",
        "categoria": "educacion",
        "subcategoria": "school",
        "tags": {
          "amenity": "school",
          "name": "Jardín Infantil Marco A. Iriarte"
        }
      },
      "geometry": {
        "type": "Point",
        "coordinates": [
          -74.1058687,
          4.5839242
        ]
      }
    },
    {
      "type": "Feature",
      "properties": {
        "id": 173675854,
        "nombre": "Instituto Cedec",
        "categoria": "educacion",
        "subcategoria": "college",
        "tags": {
          "amenity": "college",
          "name": "Instituto Cedec"
        }
      },
      "geometry": {
        "type": "Point",
        "coordinates": [
          -74.1005694,
          4.5869052
        ]
      }
    },
    {
      "type": "Feature",
      "properties": {
        "id": 173678987,
        "nombre": "Gimnasio Indoamericano",
        "categoria": "educacion",
        "subcategoria": "school",
        "tags": {
          "amenity": "school",
          "name": "Gimnasio Indoamericano"
        }
      },
      "geometry": {
        "type": "Point",
        "coordinates": [
          -74.0983516,
          4.573484
        ]
      }
    },
    {
      "type": "Feature",
      "properties": {
        "id": 173679828,
        "nombre": "Fusdesa",
        "categoria": "educacion",
        "subcategoria": "college",
        "tags": {
          "amenity": "college",
          "name": "Fusdesa"
        }
      },
      "geometry": {
        "type": "Point",
        "coordinates": [
          -74.0988631,
          4.5855772
        ]
      }
    },
    {
      "type": "Feature",
      "properties": {
        "id": 173712898,
        "nombre": "Hogar Infantil Jairo Anibal Niño",
        "categoria": "educacion",
        "subcategoria": "school",
        "tags": {
          "amenity": "school",
          "name": "Hogar Infantil Jairo Anibal Niño"
        }
      },
      "geometry": {
        "type": "Point",
        "coordinates": [
          -74.1054144,
          4.5910336
        ]
      }
    },
    {
      "type": "Feature",
      "properties": {
        "id": 173875966,
        "nombre": "INGABO",
        "categoria": "educacion",
        "subcategoria": "college",
        "tags": {
          "amenity": "college",
          "name": "INGABO"
        }
      },
      "geometry": {
        "type": "Point",
        "coordinates": [
          -74.1002178,
          4.5870509
        ]
      }
    },
    {
      "type": "Feature",
      "properties": {
        "id": 173875998,
        "nombre": "Centro Electronico de Idiomas",
        "categoria": "educacion",
        "subcategoria": "college",
        "tags": {
          "amenity": "college",
          "name": "Centro Electronico de Idiomas"
        }
      },
      "geometry": {
        "type": "Point",
        "coordinates": [
          -74.1000556,
          4.5871965
        ]
      }
    },
    {
      "type": "Feature",
      "properties": {
        "id": 173876178,
        "nombre": "Compuingenieros",
        "categoria": "educacion",
        "subcategoria": "college",
        "tags": {
          "amenity": "college",
          "name": "Compuingenieros"
        }
      },
      "geometry": {
        "type": "Point",
        "coordinates": [
          -74.1012749,
          4.5876542
        ]
      }
    },
    {
      "type": "Feature",
      "properties": {
        "id": 173876376,
        "nombre": "Liceo Pedagógico Crecer y Aprender",
        "categoria": "educacion",
        "subcategoria": "school",
        "tags": {
          "amenity": "school",
          "name": "Liceo Pedagógico Crecer y Aprender"
        }
      },
      "geometry": {
        "type": "Point",
        "coordinates": [
          -74.1084579,
          4.5869411
        ]
      }
    },
    {
      "type": "Feature",
      "properties": {
        "id": 173876388,
        "nombre": "Escuela de Enfermería UNISALUD",
        "categoria": "educacion",
        "subcategoria": "college",
        "tags": {
          "amenity": "college",
          "name": "Escuela de Enfermería UNISALUD"
        }
      },
      "geometry": {
        "type": "Point",
        "coordinates": [
          -74.103376,
          4.5842309
        ]
      }
    },
    {
      "type": "Feature",
      "properties": {
        "id": 174387421,
        "nombre": "Colegio San Pedro Claver",
        "categoria": "educacion",
        "subcategoria": "school",
        "tags": {
          "addr:city": "Bogotá",
          "addr:housenumber": "17a-09",
          "addr:street": "Carrera 98",
          "amenity": "school",
          "barrier": "wall",
          "name": "Colegio San Pedro Claver",
          "phone": "+57310 2347922"
        }
      },
      "geometry": {
        "type": "Point",
        "coordinates": [
          -74.1441545,
          4.6724261
        ]
      }
    },
    {
      "type": "Feature",
      "properties": {
        "id": 174570645,
        "nombre": "IED Internacional",
        "categoria": "educacion",
        "subcategoria": "school",
        "tags": {
          "amenity": "school",
          "name": "IED Internacional"
        }
      },
      "geometry": {
        "type": "Point",
        "coordinates": [
          -74.14524,
          4.687323
        ]
      }
    },
    {
      "type": "Feature",
      "properties": {
        "id": 174574561,
        "nombre": "IED IBEP (Emma Villegas de Gaitán)",
        "categoria": "educacion",
        "subcategoria": "school",
        "tags": {
          "amenity": "school",
          "name": "IED IBEP (Emma Villegas de Gaitán)"
        }
      },
      "geometry": {
        "type": "Point",
        "coordinates": [
          -74.1463807,
          4.6831694
        ]
      }
    },
    {
      "type": "Feature",
      "properties": {
        "id": 174662936,
        "nombre": "IED Atahualpa",
        "categoria": "educacion",
        "subcategoria": "school",
        "tags": {
          "amenity": "school",
          "barrier": "yes",
          "name": "IED Atahualpa"
        }
      },
      "geometry": {
        "type": "Point",
        "coordinates": [
          -74.1482433,
          4.6881324
        ]
      }
    },
    {
      "type": "Feature",
      "properties": {
        "id": 175168791,
        "nombre": "Colegio de los Ángeles",
        "categoria": "educacion",
        "subcategoria": "school",
        "tags": {
          "amenity": "school",
          "name": "Colegio de los Ángeles"
        }
      },
      "geometry": {
        "type": "Point",
        "coordinates": [
          -74.077707,
          4.5936046
        ]
      }
    },
    {
      "type": "Feature",
      "properties": {
        "id": 175177782,
        "nombre": "IED IBEP Integrado de Fontibon",
        "categoria": "educacion",
        "subcategoria": "school",
        "tags": {
          "amenity": "school",
          "barrier": "wall",
          "name": "IED IBEP Integrado de Fontibon",
          "old_name": "Colegio Departamental Integrado de Fontibón"
        }
      },
      "geometry": {
        "type": "Point",
        "coordinates": [
          -74.1476955,
          4.678671
        ]
      }
    },
    {
      "type": "Feature",
      "properties": {
        "id": 175178440,
        "nombre": "Colegio La Esperanza",
        "categoria": "educacion",
        "subcategoria": "school",
        "tags": {
          "amenity": "school",
          "name": "Colegio La Esperanza"
        }
      },
      "geometry": {
        "type": "Point",
        "coordinates": [
          -74.1480289,
          4.6793196
        ]
      }
    },
    {
      "type": "Feature",
      "properties": {
        "id": 175354796,
        "nombre": "Colegio Santa Teresa de Jesús",
        "categoria": "educacion",
        "subcategoria": "school",
        "tags": {
          "addr:city": "Bogotá",
          "addr:housenumber": "19-72",
          "addr:street": "Carrera 99",
          "amenity": "school",
          "name": "Colegio Santa Teresa de Jesús",
          "opening_hours": "Mo-Fr 06:30-14:40",
          "phone": "(1) 4180549",
          "website": "https://www.colsanter.edu.co/"
        }
      },
      "geometry": {
        "type": "Point",
        "coordinates": [
          -74.142432,
          4.6737858
        ]
      }
    },
    {
      "type": "Feature",
      "properties": {
        "id": 175528060,
        "nombre": "UniAgustiniana",
        "categoria": "educacion",
        "subcategoria": "university",
        "tags": {
          "amenity": "university",
          "name": "UniAgustiniana"
        }
      },
      "geometry": {
        "type": "Point",
        "coordinates": [
          -74.1447284,
          4.6531352
        ]
      }
    },
    {
      "type": "Feature",
      "properties": {
        "id": 175529399,
        "nombre": "Colegio Militar José Antonio Galán",
        "categoria": "educacion",
        "subcategoria": "school",
        "tags": {
          "amenity": "school",
          "name": "Colegio Militar José Antonio Galán"
        }
      },
      "geometry": {
        "type": "Point",
        "coordinates": [
          -74.1475047,
          4.6753376
        ]
      }
    },
    {
      "type": "Feature",
      "properties": {
        "id": 175821637,
        "nombre": "IED Jaime Garzón",
        "categoria": "educacion",
        "subcategoria": "school",
        "tags": {
          "amenity": "school",
          "barrier": "fence",
          "name": "IED Jaime Garzón",
          "operator": "Secretaría de Educación de Bogotá, D.C."
        }
      },
      "geometry": {
        "type": "Point",
        "coordinates": [
          -74.1754844,
          4.6256995
        ]
      }
    },
    {
      "type": "Feature",
      "properties": {
        "id": 175821639,
        "nombre": "Escuela Distrital Camilo Torres",
        "categoria": "educacion",
        "subcategoria": "school",
        "tags": {
          "amenity": "school",
          "name": "Escuela Distrital Camilo Torres"
        }
      },
      "geometry": {
        "type": "Point",
        "coordinates": [
          -74.1730316,
          4.625262
        ]
      }
    },
    {
      "type": "Feature",
      "properties": {
        "id": 176264569,
        "nombre": "Santa Francisca Romana",
        "categoria": "educacion",
        "subcategoria": "school",
        "tags": {
          "amenity": "school",
          "education": "school",
          "name": "Santa Francisca Romana"
        }
      },
      "geometry": {
        "type": "Point",
        "coordinates": [
          -74.0418432,
          4.7329963
        ]
      }
    },
    {
      "type": "Feature",
      "properties": {
        "id": 176413646,
        "nombre": "Colegio de los Andes",
        "categoria": "educacion",
        "subcategoria": "school",
        "tags": {
          "amenity": "school",
          "barrier": "yes",
          "name": "Colegio de los Andes"
        }
      },
      "geometry": {
        "type": "Point",
        "coordinates": [
          -74.1400781,
          4.678291
        ]
      }
    },
    {
      "type": "Feature",
      "properties": {
        "id": 176413647,
        "nombre": "InJuv",
        "categoria": "educacion",
        "subcategoria": "school",
        "tags": {
          "amenity": "school",
          "name": "InJuv"
        }
      },
      "geometry": {
        "type": "Point",
        "coordinates": [
          -74.1383201,
          4.6749076
        ]
      }
    },
    {
      "type": "Feature",
      "properties": {
        "id": 176413648,
        "nombre": "Colegio Nuestra Señora del Rosario",
        "categoria": "educacion",
        "subcategoria": "school",
        "tags": {
          "amenity": "school",
          "designation": "Colegio Parroquial Nuestra Señora del Rosario",
          "name": "Colegio Nuestra Señora del Rosario",
          "wheelchair": "no"
        }
      },
      "geometry": {
        "type": "Point",
        "coordinates": [
          -74.1432123,
          4.6854439
        ]
      }
    },
    {
      "type": "Feature",
      "properties": {
        "id": 176597512,
        "nombre": "IED Republica de Costa Rica",
        "categoria": "educacion",
        "subcategoria": "school",
        "tags": {
          "amenity": "school",
          "name": "IED Republica de Costa Rica"
        }
      },
      "geometry": {
        "type": "Point",
        "coordinates": [
          -74.1375421,
          4.6793504
        ]
      }
    },
    {
      "type": "Feature",
      "properties": {
        "id": 177598076,
        "nombre": "Colegio El Minuto de Dios",
        "categoria": "educacion",
        "subcategoria": "school",
        "tags": {
          "amenity": "school",
          "name": "Colegio El Minuto de Dios",
          "website": "https://www.colegiosminutodedios.edu.co/",
          "wheelchair": "no",
          "wikipedia": "es:Minuto de Dios"
        }
      },
      "geometry": {
        "type": "Point",
        "coordinates": [
          -74.0910201,
          4.6990129
        ]
      }
    },
    {
      "type": "Feature",
      "properties": {
        "id": 182313859,
        "nombre": "Colegio José Allamano",
        "categoria": "educacion",
        "subcategoria": "school",
        "tags": {
          "amenity": "school",
          "name": "Colegio José Allamano"
        }
      },
      "geometry": {
        "type": "Point",
        "coordinates": [
          -74.1194701,
          4.6202599
        ]
      }
    },
    {
      "type": "Feature",
      "properties": {
        "id": 182430879,
        "nombre": "IED Sorrento",
        "categoria": "educacion",
        "subcategoria": "school",
        "tags": {
          "amenity": "school",
          "name": "IED Sorrento"
        }
      },
      "geometry": {
        "type": "Point",
        "coordinates": [
          -74.1132966,
          4.6195935
        ]
      }
    },
    {
      "type": "Feature",
      "properties": {
        "id": 183669152,
        "nombre": "IED Saludcoop Calandaima",
        "categoria": "educacion",
        "subcategoria": "school",
        "tags": {
          "amenity": "school",
          "name": "IED Saludcoop Calandaima"
        }
      },
      "geometry": {
        "type": "Point",
        "coordinates": [
          -74.1644351,
          4.6424989
        ]
      }
    },
    {
      "type": "Feature",
      "properties": {
        "id": 184350318,
        "nombre": "Colegio del Santísimo Sacramento",
        "categoria": "educacion",
        "subcategoria": "school",
        "tags": {
          "access": "private",
          "amenity": "school",
          "name": "Colegio del Santísimo Sacramento"
        }
      },
      "geometry": {
        "type": "Point",
        "coordinates": [
          -74.1172767,
          4.6149121
        ]
      }
    },
    {
      "type": "Feature",
      "properties": {
        "id": 184353805,
        "nombre": "Colegio Nuestra Señora del Rosario",
        "categoria": "educacion",
        "subcategoria": "school",
        "tags": {
          "access": "private",
          "amenity": "school",
          "name": "Colegio Nuestra Señora del Rosario"
        }
      },
      "geometry": {
        "type": "Point",
        "coordinates": [
          -74.1200987,
          4.6209753
        ]
      }
    },
    {
      "type": "Feature",
      "properties": {
        "id": 184360646,
        "nombre": "IEDl José Manuel Restrepo",
        "categoria": "educacion",
        "subcategoria": "school",
        "tags": {
          "amenity": "school",
          "designation": "Público",
          "name": "IEDl José Manuel Restrepo"
        }
      },
      "geometry": {
        "type": "Point",
        "coordinates": [
          -74.1226662,
          4.6173898
        ]
      }
    },
    {
      "type": "Feature",
      "properties": {
        "id": 184466810,
        "nombre": "Colegio El Erogreso",
        "categoria": "educacion",
        "subcategoria": "school",
        "tags": {
          "amenity": "school",
          "building": "yes",
          "name": "Colegio El Erogreso",
          "source": "Cartografia Social FUNSOMA.org"
        }
      },
      "geometry": {
        "type": "Point",
        "coordinates": [
          -74.1857181,
          4.573512
        ]
      }
    },
    {
      "type": "Feature",
      "properties": {
        "id": 184472864,
        "nombre": "Colegio Fe y Esperanza",
        "categoria": "educacion",
        "subcategoria": "school",
        "tags": {
          "amenity": "school",
          "building": "yes",
          "fixme": "cartografia social",
          "name": "Colegio Fe y Esperanza",
          "source": "Cartografia Social FUNSOMA.org"
        }
      },
      "geometry": {
        "type": "Point",
        "coordinates": [
          -74.1888224,
          4.5753246
        ]
      }
    },
    {
      "type": "Feature",
      "properties": {
        "id": 184918528,
        "nombre": "Colegio Distrital Morisco",
        "categoria": "educacion",
        "subcategoria": "school",
        "tags": {
          "amenity": "school",
          "name": "Colegio Distrital Morisco",
          "source": "registraduria 2010"
        }
      },
      "geometry": {
        "type": "Point",
        "coordinates": [
          -74.0901816,
          4.7054362
        ]
      }
    },
    {
      "type": "Feature",
      "properties": {
        "id": 185132558,
        "nombre": "Colegio Distrital Simón Bolivar",
        "categoria": "educacion",
        "subcategoria": "school",
        "tags": {
          "amenity": "school",
          "name": "Colegio Distrital Simón Bolivar"
        }
      },
      "geometry": {
        "type": "Point",
        "coordinates": [
          -74.099706,
          4.7112285
        ]
      }
    },
    {
      "type": "Feature",
      "properties": {
        "id": 185132563,
        "nombre": "Colegio Distrital Jose Asunción Silva - Sede B",
        "categoria": "educacion",
        "subcategoria": "school",
        "tags": {
          "amenity": "school",
          "name": "Colegio Distrital Jose Asunción Silva - Sede B"
        }
      },
      "geometry": {
        "type": "Point",
        "coordinates": [
          -74.0958546,
          4.7133982
        ]
      }
    },
    {
      "type": "Feature",
      "properties": {
        "id": 185139034,
        "nombre": "Colegio Centro Lestonnac",
        "categoria": "educacion",
        "subcategoria": "school",
        "tags": {
          "addr:street": "Cr87 A 84 A-81",
          "amenity": "school",
          "denomination": "catholic",
          "name": "Colegio Centro Lestonnac",
          "religion": "christian",
          "website": "www.lestonnac.edu.co"
        }
      },
      "geometry": {
        "type": "Point",
        "coordinates": [
          -74.0995259,
          4.7080842
        ]
      }
    },
    {
      "type": "Feature",
      "properties": {
        "id": 185933948,
        "nombre": "Externado Caro y Cuervo",
        "categoria": "educacion",
        "subcategoria": "school",
        "tags": {
          "addr:street": "Calle 150A",
          "amenity": "school",
          "building": "yes",
          "designation": "Colegio",
          "name": "Externado Caro y Cuervo",
          "source": "Survey"
        }
      },
      "geometry": {
        "type": "Point",
        "coordinates": [
          -74.0535677,
          4.7332104
        ]
      }
    },
    {
      "type": "Feature",
      "properties": {
        "id": 186921426,
        "nombre": "IED Nicolás Buenaventura",
        "categoria": "educacion",
        "subcategoria": "school",
        "tags": {
          "amenity": "school",
          "name": "IED Nicolás Buenaventura"
        }
      },
      "geometry": {
        "type": "Point",
        "coordinates": [
          -74.0906768,
          4.7563678
        ]
      }
    },
    {
      "type": "Feature",
      "properties": {
        "id": 187931862,
        "nombre": "Gimnasio Campestre",
        "categoria": "educacion",
        "subcategoria": "school",
        "tags": {
          "addr:city": "Bogotá D.C.",
          "addr:housenumber": "8A-50",
          "addr:postcode": "110131",
          "addr:street": "Calle 165",
          "amenity": "school",
          "name": "Gimnasio Campestre",
          "website": "https://www.campestre.edu.co/",
          "wikidata": "Q5562751",
          "wikimedia_commons": "Category:Gimnasio Campestre",
          "wikipedia": "en:Gimnasio Campestre"
        }
      },
      "geometry": {
        "type": "Point",
        "coordinates": [
          -74.0268869,
          4.742743
        ]
      }
    },
    {
      "type": "Feature",
      "properties": {
        "id": 189229947,
        "nombre": "Colegio CIEDI",
        "categoria": "educacion",
        "subcategoria": "school",
        "tags": {
          "amenity": "school",
          "barrier": "yes",
          "name": "Colegio CIEDI"
        }
      },
      "geometry": {
        "type": "Point",
        "coordinates": [
          -74.0840062,
          4.7716094
        ]
      }
    },
    {
      "type": "Feature",
      "properties": {
        "id": 190118656,
        "nombre": "Colegio Distrital Miguel Antonio Caro",
        "categoria": "educacion",
        "subcategoria": "school",
        "tags": {
          "addr:full": "TRANSVERSAL 94 No. 81 A - 29",
          "amenity": "school",
          "name": "Colegio Distrital Miguel Antonio Caro"
        }
      },
      "geometry": {
        "type": "Point",
        "coordinates": [
          -74.1051675,
          4.7087557
        ]
      }
    },
    {
      "type": "Feature",
      "properties": {
        "id": 190270297,
        "nombre": "IED 21 Angeles",
        "categoria": "educacion",
        "subcategoria": "school",
        "tags": {
          "amenity": "school",
          "barrier": "yes",
          "name": "IED 21 Angeles"
        }
      },
      "geometry": {
        "type": "Point",
        "coordinates": [
          -74.0806754,
          4.7497421
        ]
      }
    },
    {
      "type": "Feature",
      "properties": {
        "id": 190290491,
        "nombre": "Colegio Tecnico Tomas Rueda Vargas Sede A",
        "categoria": "educacion",
        "subcategoria": "school",
        "tags": {
          "amenity": "school",
          "education": "school",
          "name": "Colegio Tecnico Tomas Rueda Vargas Sede A"
        }
      },
      "geometry": {
        "type": "Point",
        "coordinates": [
          -74.0876292,
          4.5649213
        ]
      }
    },
    {
      "type": "Feature",
      "properties": {
        "id": 190507510,
        "nombre": "Facultad de Odontología Universidad Nacional de Colombia",
        "categoria": "educacion",
        "subcategoria": "university",
        "tags": {
          "addr:city": "Bogotá",
          "addr:housenumber": "52-95",
          "addr:street": "Carrera 37",
          "amenity": "university",
          "building": "yes",
          "building:levels": "2",
          "name": "Facultad de Odontología Universidad Nacional de Colombia",
          "source": "Kaart Ground Survey 2017"
        }
      },
      "geometry": {
        "type": "Point",
        "coordinates": [
          -74.0834987,
          4.6440538
        ]
      }
    },
    {
      "type": "Feature",
      "properties": {
        "id": 192115771,
        "nombre": "Ñl",
        "categoria": "educacion",
        "subcategoria": "university",
        "tags": {
          "amenity": "university",
          "building": "office",
          "name": "Ñl"
        }
      },
      "geometry": {
        "type": "Point",
        "coordinates": [
          -74.0667504,
          4.6024942
        ]
      }
    },
    {
      "type": "Feature",
      "properties": {
        "id": 192119030,
        "nombre": "Mj",
        "categoria": "educacion",
        "subcategoria": "university",
        "tags": {
          "amenity": "university",
          "building": "office",
          "name": "Mj"
        }
      },
      "geometry": {
        "type": "Point",
        "coordinates": [
          -74.0664028,
          4.6024039
        ]
      }
    },
    {
      "type": "Feature",
      "properties": {
        "id": 197614154,
        "nombre": "Centro de BioSistemas (Universidad Jorge Tadeo Lozano)",
        "categoria": "educacion",
        "subcategoria": "university",
        "tags": {
          "amenity": "university",
          "barrier": "yes",
          "name": "Centro de BioSistemas (Universidad Jorge Tadeo Lozano)",
          "operator": "Universidad de Bogota Jorge Tadeo Lozano",
          "operator:type": "private"
        }
      },
      "geometry": {
        "type": "Point",
        "coordinates": [
          -74.0133868,
          4.8844695
        ]
      }
    },
    {
      "type": "Feature",
      "properties": {
        "id": 198445958,
        "nombre": "IED Antonio Nariño",
        "categoria": "educacion",
        "subcategoria": "school",
        "tags": {
          "amenity": "school",
          "name": "IED Antonio Nariño"
        }
      },
      "geometry": {
        "type": "Point",
        "coordinates": [
          -74.0350449,
          4.9012529
        ]
      }
    },
    {
      "type": "Feature",
      "properties": {
        "id": 200448376,
        "nombre": "IED Venecia",
        "categoria": "educacion",
        "subcategoria": "school",
        "tags": {
          "amenity": "school",
          "name": "IED Venecia"
        }
      },
      "geometry": {
        "type": "Point",
        "coordinates": [
          -74.1439393,
          4.5917175
        ]
      }
    },
    {
      "type": "Feature",
      "properties": {
        "id": 200450947,
        "nombre": "Nuestra Señora de Fatima",
        "categoria": "educacion",
        "subcategoria": "school",
        "tags": {
          "amenity": "school",
          "designation": "Public",
          "name": "Nuestra Señora de Fatima"
        }
      },
      "geometry": {
        "type": "Point",
        "coordinates": [
          -74.1352866,
          4.5902934
        ]
      }
    },
    {
      "type": "Feature",
      "properties": {
        "id": 200496083,
        "nombre": "Sin Nombre",
        "categoria": "educacion",
        "subcategoria": "school",
        "tags": {
          "amenity": "school"
        }
      },
      "geometry": {
        "type": "Point",
        "coordinates": [
          -74.140536,
          4.5926868
        ]
      }
    },
    {
      "type": "Feature",
      "properties": {
        "id": 203731123,
        "nombre": "Convenio ISPA-SENA Jerusalen",
        "categoria": "educacion",
        "subcategoria": "school",
        "tags": {
          "amenity": "school",
          "name": "Convenio ISPA-SENA Jerusalen"
        }
      },
      "geometry": {
        "type": "Point",
        "coordinates": [
          -74.1635774,
          4.5719621
        ]
      }
    },
    {
      "type": "Feature",
      "properties": {
        "id": 203931597,
        "nombre": "Manuela Ayala De Gaitán",
        "categoria": "educacion",
        "subcategoria": "school",
        "tags": {
          "amenity": "school",
          "name": "Manuela Ayala De Gaitán"
        }
      },
      "geometry": {
        "type": "Point",
        "coordinates": [
          -74.0998905,
          4.6881194
        ]
      }
    },
    {
      "type": "Feature",
      "properties": {
        "id": 207745062,
        "nombre": "Fundacion Jardin de la Niña María",
        "categoria": "educacion",
        "subcategoria": "school",
        "tags": {
          "alt_name": "Jardin de la Niña María",
          "amenity": "school",
          "int_name": "Garden of the Child Mary",
          "name": "Fundacion Jardin de la Niña María"
        }
      },
      "geometry": {
        "type": "Point",
        "coordinates": [
          -74.0631132,
          4.6818486
        ]
      }
    },
    {
      "type": "Feature",
      "properties": {
        "id": 209298057,
        "nombre": "Sin Nombre",
        "categoria": "educacion",
        "subcategoria": "school",
        "tags": {
          "amenity": "school"
        }
      },
      "geometry": {
        "type": "Point",
        "coordinates": [
          -74.0979804,
          4.6935847
        ]
      }
    },
    {
      "type": "Feature",
      "properties": {
        "id": 212900726,
        "nombre": "Universidad del Rosario Sede del Emprendimiento y la Innovación",
        "categoria": "educacion",
        "subcategoria": "university",
        "tags": {
          "amenity": "university",
          "internet_access": "yes",
          "name": "Universidad del Rosario Sede del Emprendimiento y la Innovación",
          "operator": "Universidad del Rosario"
        }
      },
      "geometry": {
        "type": "Point",
        "coordinates": [
          -74.0371152,
          4.7757386
        ]
      }
    },
    {
      "type": "Feature",
      "properties": {
        "id": 215890080,
        "nombre": "Colegio Anglo Colombiano",
        "categoria": "educacion",
        "subcategoria": "school",
        "tags": {
          "amenity": "school",
          "education": "school",
          "name": "Colegio Anglo Colombiano"
        }
      },
      "geometry": {
        "type": "Point",
        "coordinates": [
          -74.0417658,
          4.7346733
        ]
      }
    },
    {
      "type": "Feature",
      "properties": {
        "id": 219456873,
        "nombre": "Centro Educativo los Andres Aures II",
        "categoria": "educacion",
        "subcategoria": "school",
        "tags": {
          "addr:housename": "CELA",
          "addr:housenumber": "19",
          "addr:street": "Carrera 104f 129f-19",
          "amenity": "school",
          "name": "Centro Educativo los Andres Aures II",
          "short_name": "CELA Aures II"
        }
      },
      "geometry": {
        "type": "Point",
        "coordinates": [
          -74.1015333,
          4.7320919
        ]
      }
    },
    {
      "type": "Feature",
      "properties": {
        "id": 219813299,
        "nombre": "Colegio Distrital Florida Blanca - Sede A",
        "categoria": "educacion",
        "subcategoria": "school",
        "tags": {
          "amenity": "school",
          "name": "Colegio Distrital Florida Blanca - Sede A"
        }
      },
      "geometry": {
        "type": "Point",
        "coordinates": [
          -74.1138969,
          4.6981532
        ]
      }
    },
    {
      "type": "Feature",
      "properties": {
        "id": 219813301,
        "nombre": "Colegio Distrital Florida Blanca - Sede C",
        "categoria": "educacion",
        "subcategoria": "school",
        "tags": {
          "addr:housenumber": "71-12",
          "addr:street": "Carrera 90B",
          "amenity": "school",
          "name": "Colegio Distrital Florida Blanca - Sede C",
          "source": "Kaart Ground Survey 2017"
        }
      },
      "geometry": {
        "type": "Point",
        "coordinates": [
          -74.1100869,
          4.6969024
        ]
      }
    },
    {
      "type": "Feature",
      "properties": {
        "id": 220535780,
        "nombre": "Universidad Pedagógica Nacional - Campus Valmaria",
        "categoria": "educacion",
        "subcategoria": "university",
        "tags": {
          "amenity": "university",
          "barrier": "yes",
          "education": "university",
          "name": "Universidad Pedagógica Nacional - Campus Valmaria",
          "operator": "Universidad Pedagogica Nacional",
          "operator:type": "public",
          "website": "http://www.pedagogica.edu.co"
        }
      },
      "geometry": {
        "type": "Point",
        "coordinates": [
          -74.053288,
          4.7616119
        ]
      }
    },
    {
      "type": "Feature",
      "properties": {
        "id": 220970166,
        "nombre": "Gimnasio Sabio Caldas",
        "categoria": "educacion",
        "subcategoria": "school",
        "tags": {
          "amenity": "school",
          "education": "school",
          "name": "Gimnasio Sabio Caldas"
        }
      },
      "geometry": {
        "type": "Point",
        "coordinates": [
          -74.1636786,
          4.5675853
        ]
      }
    },
    {
      "type": "Feature",
      "properties": {
        "id": 221624180,
        "nombre": "Colegio Mercedario San Pedro Nolasco",
        "categoria": "educacion",
        "subcategoria": "school",
        "tags": {
          "addr:housename": "Colegio San Pedro Nolasco",
          "addr:street": "Avenida Calle 68",
          "amenity": "school",
          "building": "yes",
          "name": "Colegio Mercedario San Pedro Nolasco",
          "operator": "Religiosos Mercedarios",
          "source": "Kaart Ground Survey 2017"
        }
      },
      "geometry": {
        "type": "Point",
        "coordinates": [
          -74.0657925,
          4.6570552
        ]
      }
    },
    {
      "type": "Feature",
      "properties": {
        "id": 222372864,
        "nombre": "CES Institute",
        "categoria": "educacion",
        "subcategoria": "school",
        "tags": {
          "addr:housename": "Carrera 13A n.89-53 Of. 404 Ed. Farallones del Chicó",
          "addr:street": "Carrera 13A",
          "amenity": "school",
          "name": "CES Institute",
          "operator": "CES"
        }
      },
      "geometry": {
        "type": "Point",
        "coordinates": [
          -74.051914,
          4.6735493
        ]
      }
    },
    {
      "type": "Feature",
      "properties": {
        "id": 222831348,
        "nombre": "Facultad Medicina - Universidad Nueva Granada",
        "categoria": "educacion",
        "subcategoria": "university",
        "tags": {
          "amenity": "university",
          "building": "yes",
          "name": "Facultad Medicina - Universidad Nueva Granada"
        }
      },
      "geometry": {
        "type": "Point",
        "coordinates": [
          -74.0610954,
          4.6348165
        ]
      }
    },
    {
      "type": "Feature",
      "properties": {
        "id": 222836689,
        "nombre": "Universidad de La Salle",
        "categoria": "educacion",
        "subcategoria": "university",
        "tags": {
          "addr:postcode": "11001",
          "amenity": "university",
          "contact:facebook": "U.deLaSalle",
          "contact:instagram": "unisallecol",
          "contact:twitter": "unisalle",
          "name": "Universidad de La Salle",
          "name:en": "University of La Salle",
          "website": "https://www.lasalle.edu.co",
          "wikidata": "Q6465150",
          "wikimedia_commons": "Category:Universidad de la Salle",
          "wikipedia": "es:Universidad de La Salle (Bogotá)"
        }
      },
      "geometry": {
        "type": "Point",
        "coordinates": [
          -74.0593661,
          4.6446147
        ]
      }
    },
    {
      "type": "Feature",
      "properties": {
        "id": 224604547,
        "nombre": "Gimnasio de Los Cerros",
        "categoria": "educacion",
        "subcategoria": "school",
        "tags": {
          "amenity": "school",
          "barrier": "yes",
          "name": "Gimnasio de Los Cerros",
          "wikidata": "Q5562767",
          "wikipedia": "en:Gimnasio de los Cerros"
        }
      },
      "geometry": {
        "type": "Point",
        "coordinates": [
          -74.0265926,
          4.6947511
        ]
      }
    },
    {
      "type": "Feature",
      "properties": {
        "id": 224702673,
        "nombre": "I.E.D. Colegio República de China Sede A",
        "categoria": "educacion",
        "subcategoria": "school",
        "tags": {
          "addr:city": "Bogotá D.C.",
          "addr:housenumber": "#82-20",
          "addr:street": "Carrera 92",
          "amenity": "school",
          "description": "Sede A de esta institución educativa oficial que ofrece preescolar, primaria y secundaria (básica y media) y articulación con el SENA (Servicio Nacional de Aprendizaje).",
          "email": "escdirepdechina10@redp.edu.co",
          "name": "I.E.D. Colegio República de China Sede A",
          "wheelchair": "yes"
        }
      },
      "geometry": {
        "type": "Point",
        "coordinates": [
          -74.1035388,
          4.7075021
        ]
      }
    },
    {
      "type": "Feature",
      "properties": {
        "id": 224876685,
        "nombre": "Gimnasio Nuevo Sidauto",
        "categoria": "educacion",
        "subcategoria": "school",
        "tags": {
          "amenity": "school",
          "name": "Gimnasio Nuevo Sidauto"
        }
      },
      "geometry": {
        "type": "Point",
        "coordinates": [
          -74.0955575,
          4.7142693
        ]
      }
    },
    {
      "type": "Feature",
      "properties": {
        "id": 227441328,
        "nombre": "Instituto Tecnico Industrial Laureano Gomez - Sede A",
        "categoria": "educacion",
        "subcategoria": "school",
        "tags": {
          "addr:full": "CALLE 90 A No. 95 D - 56",
          "amenity": "school",
          "email": "intdilaureanogomez10@redp.edu.co",
          "name": "Instituto Tecnico Industrial Laureano Gomez - Sede A",
          "phone": "4345708"
        }
      },
      "geometry": {
        "type": "Point",
        "coordinates": [
          -74.1011707,
          4.7182666
        ]
      }
    },
    {
      "type": "Feature",
      "properties": {
        "id": 228466231,
        "nombre": "IED Torquigua",
        "categoria": "educacion",
        "subcategoria": "school",
        "tags": {
          "amenity": "school",
          "name": "IED Torquigua"
        }
      },
      "geometry": {
        "type": "Point",
        "coordinates": [
          -74.1430729,
          4.7211588
        ]
      }
    },
    {
      "type": "Feature",
      "properties": {
        "id": 228466232,
        "nombre": "I.E.D General Santander",
        "categoria": "educacion",
        "subcategoria": "school",
        "tags": {
          "addr:city": "Bogotá",
          "addr:housenumber": "64-50",
          "addr:street": "Carrera 123",
          "amenity": "school",
          "name": "I.E.D General Santander"
        }
      },
      "geometry": {
        "type": "Point",
        "coordinates": [
          -74.1414879,
          4.7147128
        ]
      }
    },
    {
      "type": "Feature",
      "properties": {
        "id": 228762604,
        "nombre": "Colegio Técnico Palermo",
        "categoria": "educacion",
        "subcategoria": "school",
        "tags": {
          "amenity": "school",
          "name": "Colegio Técnico Palermo"
        }
      },
      "geometry": {
        "type": "Point",
        "coordinates": [
          -74.0742908,
          4.638034
        ]
      }
    },
    {
      "type": "Feature",
      "properties": {
        "id": 229024345,
        "nombre": "Universidad Santo Tomás",
        "categoria": "educacion",
        "subcategoria": "university",
        "tags": {
          "amenity": "university",
          "building": "yes",
          "name": "Universidad Santo Tomás"
        }
      },
      "geometry": {
        "type": "Point",
        "coordinates": [
          -74.0563054,
          4.6565472
        ]
      }
    },
    {
      "type": "Feature",
      "properties": {
        "id": 229082109,
        "nombre": "IED María Mercedes Carranza",
        "categoria": "educacion",
        "subcategoria": "school",
        "tags": {
          "amenity": "school",
          "name": "IED María Mercedes Carranza"
        }
      },
      "geometry": {
        "type": "Point",
        "coordinates": [
          -74.1633287,
          4.5869273
        ]
      }
    },
    {
      "type": "Feature",
      "properties": {
        "id": 229103756,
        "nombre": "Colegio Corazonista",
        "categoria": "educacion",
        "subcategoria": "college",
        "tags": {
          "addr:city": "Bogotá",
          "amenity": "college",
          "name": "Colegio Corazonista"
        }
      },
      "geometry": {
        "type": "Point",
        "coordinates": [
          -74.060635,
          4.7819494
        ]
      }
    },
    {
      "type": "Feature",
      "properties": {
        "id": 229103757,
        "nombre": "Colegio Gimnasio del Norte",
        "categoria": "educacion",
        "subcategoria": "school",
        "tags": {
          "addr:city": "Bogotá",
          "amenity": "school",
          "name": "Colegio Gimnasio del Norte"
        }
      },
      "geometry": {
        "type": "Point",
        "coordinates": [
          -74.0576439,
          4.7822014
        ]
      }
    },
    {
      "type": "Feature",
      "properties": {
        "id": 229431992,
        "nombre": "IED Próspero Pinzón",
        "categoria": "educacion",
        "subcategoria": "school",
        "tags": {
          "amenity": "school",
          "name": "IED Próspero Pinzón"
        }
      },
      "geometry": {
        "type": "Point",
        "coordinates": [
          -74.1513004,
          4.6241081
        ]
      }
    },
    {
      "type": "Feature",
      "properties": {
        "id": 229432111,
        "nombre": "Colegio Distrital Romulo Gallegos",
        "categoria": "educacion",
        "subcategoria": "school",
        "tags": {
          "amenity": "school",
          "name": "Colegio Distrital Romulo Gallegos"
        }
      },
      "geometry": {
        "type": "Point",
        "coordinates": [
          -74.1743048,
          4.6103757
        ]
      }
    },
    {
      "type": "Feature",
      "properties": {
        "id": 231260002,
        "nombre": "Universidad Cooperativa",
        "categoria": "educacion",
        "subcategoria": "university",
        "tags": {
          "amenity": "university",
          "name": "Universidad Cooperativa"
        }
      },
      "geometry": {
        "type": "Point",
        "coordinates": [
          -74.1236697,
          4.578786
        ]
      }
    },
    {
      "type": "Feature",
      "properties": {
        "id": 231391857,
        "nombre": "Colégio Cooperativo Los Álamos",
        "categoria": "educacion",
        "subcategoria": "school",
        "tags": {
          "addr:city": "Bogotá",
          "addr:housename": "Cooalamos",
          "addr:housenumber": "97 A-15",
          "addr:street": "Calle 66A",
          "amenity": "school",
          "building": "yes",
          "name": "Colégio Cooperativo Los Álamos",
          "phone": "2760025",
          "source": "Kaart Ground Survey 2017"
        }
      },
      "geometry": {
        "type": "Point",
        "coordinates": [
          -74.1199922,
          4.6955034
        ]
      }
    },
    {
      "type": "Feature",
      "properties": {
        "id": 232201491,
        "nombre": "IED San José",
        "categoria": "educacion",
        "subcategoria": "school",
        "tags": {
          "amenity": "school",
          "name": "IED San José"
        }
      },
      "geometry": {
        "type": "Point",
        "coordinates": [
          -74.1633503,
          4.6212965
        ]
      }
    },
    {
      "type": "Feature",
      "properties": {
        "id": 232296331,
        "nombre": "IED Tom Adams",
        "categoria": "educacion",
        "subcategoria": "school",
        "tags": {
          "addr:street": "Calle 40F Sur",
          "amenity": "school",
          "name": "IED Tom Adams",
          "source": "Kaart Ground Survey 2017"
        }
      },
      "geometry": {
        "type": "Point",
        "coordinates": [
          -74.1553856,
          4.6180935
        ]
      }
    },
    {
      "type": "Feature",
      "properties": {
        "id": 232489763,
        "nombre": "Liceo Segovia",
        "categoria": "educacion",
        "subcategoria": "school",
        "tags": {
          "amenity": "school",
          "barrier": "yes",
          "education": "school",
          "name": "Liceo Segovia"
        }
      },
      "geometry": {
        "type": "Point",
        "coordinates": [
          -74.0823175,
          4.7011093
        ]
      }
    },
    {
      "type": "Feature",
      "properties": {
        "id": 233575887,
        "nombre": "Sin Nombre",
        "categoria": "educacion",
        "subcategoria": "school",
        "tags": {
          "amenity": "school"
        }
      },
      "geometry": {
        "type": "Point",
        "coordinates": [
          -74.1318756,
          4.5831514
        ]
      }
    },
    {
      "type": "Feature",
      "properties": {
        "id": 235121338,
        "nombre": "Colegio La Fontana",
        "categoria": "educacion",
        "subcategoria": "school",
        "tags": {
          "amenity": "school",
          "name": "Colegio La Fontana"
        }
      },
      "geometry": {
        "type": "Point",
        "coordinates": [
          -74.0633646,
          4.803446
        ]
      }
    },
    {
      "type": "Feature",
      "properties": {
        "id": 236856541,
        "nombre": "IED Manuel Del Socorro Rodríguez Sede B",
        "categoria": "educacion",
        "subcategoria": "school",
        "tags": {
          "amenity": "school",
          "name": "IED Manuel Del Socorro Rodríguez Sede B"
        }
      },
      "geometry": {
        "type": "Point",
        "coordinates": [
          -74.1282674,
          4.5831903
        ]
      }
    },
    {
      "type": "Feature",
      "properties": {
        "id": 237036807,
        "nombre": "Institución Educativa La Merced Sede Central",
        "categoria": "educacion",
        "subcategoria": "school",
        "tags": {
          "addr:housenumber": "2-50",
          "addr:street": "Calle 3",
          "amenity": "school",
          "barrier": "yes",
          "name": "Institución Educativa La Merced Sede Central",
          "source": "Kaart Ground Survey 2017"
        }
      },
      "geometry": {
        "type": "Point",
        "coordinates": [
          -74.2297535,
          4.7058194
        ]
      }
    },
    {
      "type": "Feature",
      "properties": {
        "id": 239949491,
        "nombre": "Fundación Universitaria Empresarial",
        "categoria": "educacion",
        "subcategoria": "university",
        "tags": {
          "alt_name": "UniEmpresarial",
          "amenity": "university",
          "name": "Fundación Universitaria Empresarial",
          "operator": "Cámara de Comercio de Bogotá"
        }
      },
      "geometry": {
        "type": "Point",
        "coordinates": [
          -74.0807007,
          4.6321258
        ]
      }
    },
    {
      "type": "Feature",
      "properties": {
        "id": 240212801,
        "nombre": "Universidad Jorge Tadeo Lozano",
        "categoria": "educacion",
        "subcategoria": "university",
        "tags": {
          "addr:city": "Bogotá",
          "addr:housenumber": "carrera 4",
          "addr:street": "Calle 22",
          "amenity": "university",
          "contact:facebook": "utadeo.edu.co",
          "contact:fax": "+57 601 5612107",
          "contact:instagram": "utadeo.edu.co",
          "contact:linkedin": "https://www.linkedin.com/school/utadeo/",
          "contact:phone": "+57 601 2427030",
          "contact:tiktok": "https://www.tiktok.com/@utadeo.edu.co",
          "contact:twitter": "UTadeo_edu_co",
          "contact:website": "https://www.utadeo.edu.co/es",
          "contact:youtube": "https://www.youtube.com/channel/UC-iXhGLQw9ozhHJYmnngdkg",
          "internet_access": "yes",
          "internet_access:fee": "no",
          "name": "Universidad Jorge Tadeo Lozano",
          "opening_hours": "Mo-Fr 07:00-22:00; Sa 07:00-15:00",
          "wheelchair": "yes",
          "wikidata": "Q5937434",
          "wikimedia_commons": "Category:Universidad Jorge Tadeo Lozano",
          "wikipedia": "es:Universidad Jorge Tadeo Lozano"
        }
      },
      "geometry": {
        "type": "Point",
        "coordinates": [
          -74.0677927,
          4.6068599
        ]
      }
    },
    {
      "type": "Feature",
      "properties": {
        "id": 240842965,
        "nombre": "Sin Nombre",
        "categoria": "educacion",
        "subcategoria": "school",
        "tags": {
          "amenity": "school",
          "building": "yes"
        }
      },
      "geometry": {
        "type": "Point",
        "coordinates": [
          -73.9465509,
          4.5612866
        ]
      }
    },
    {
      "type": "Feature",
      "properties": {
        "id": 240842967,
        "nombre": "Sin Nombre",
        "categoria": "educacion",
        "subcategoria": "school",
        "tags": {
          "amenity": "school",
          "building": "yes"
        }
      },
      "geometry": {
        "type": "Point",
        "coordinates": [
          -73.9466065,
          4.5616093
        ]
      }
    },
    {
      "type": "Feature",
      "properties": {
        "id": 242065891,
        "nombre": "IED Ciudadela Educativa de Bosa",
        "categoria": "educacion",
        "subcategoria": "school",
        "tags": {
          "amenity": "school",
          "barrier": "fence",
          "name": "IED Ciudadela Educativa de Bosa"
        }
      },
      "geometry": {
        "type": "Point",
        "coordinates": [
          -74.1876055,
          4.6407339
        ]
      }
    },
    {
      "type": "Feature",
      "properties": {
        "id": 242069761,
        "nombre": "San Ignacio Fe y Alegria",
        "categoria": "educacion",
        "subcategoria": "school",
        "tags": {
          "amenity": "school",
          "barrier": "fence",
          "name": "San Ignacio Fe y Alegria"
        }
      },
      "geometry": {
        "type": "Point",
        "coordinates": [
          -74.1890367,
          4.6336542
        ]
      }
    },
    {
      "type": "Feature",
      "properties": {
        "id": 242072213,
        "nombre": "IED El Porvenir",
        "categoria": "educacion",
        "subcategoria": "school",
        "tags": {
          "addr:full": "CALLE 51 SUR No. 91D - 56",
          "addr:street": "Calle 51 Sur",
          "amenity": "school",
          "barrier": "yes",
          "name": "IED El Porvenir"
        }
      },
      "geometry": {
        "type": "Point",
        "coordinates": [
          -74.1830565,
          4.6361506
        ]
      }
    },
    {
      "type": "Feature",
      "properties": {
        "id": 242160722,
        "nombre": "Colegio José Joaquín Castro Martínez",
        "categoria": "educacion",
        "subcategoria": "school",
        "tags": {
          "amenity": "school",
          "name": "Colegio José Joaquín Castro Martínez"
        }
      },
      "geometry": {
        "type": "Point",
        "coordinates": [
          -74.0894961,
          4.7608905
        ]
      }
    },
    {
      "type": "Feature",
      "properties": {
        "id": 243297963,
        "nombre": "Universidad Catolica - Sede Administrativa",
        "categoria": "educacion",
        "subcategoria": "university",
        "tags": {
          "addr:street": "Avenida Carrera 14",
          "amenity": "university",
          "name": "Universidad Catolica - Sede Administrativa",
          "source": "Kaart Ground Survey 2017"
        }
      },
      "geometry": {
        "type": "Point",
        "coordinates": [
          -74.0669617,
          4.6340557
        ]
      }
    },
    {
      "type": "Feature",
      "properties": {
        "id": 244112887,
        "nombre": "Fundación Educativa Rochester",
        "categoria": "educacion",
        "subcategoria": "college",
        "tags": {
          "amenity": "college",
          "barrier": "yes",
          "name": "Fundación Educativa Rochester",
          "source:date": "2010-01-23",
          "website": "https://rochester.edu.co/"
        }
      },
      "geometry": {
        "type": "Point",
        "coordinates": [
          -74.0317869,
          4.8300521
        ]
      }
    },
    {
      "type": "Feature",
      "properties": {
        "id": 244113551,
        "nombre": "Colegio Andino-Deutsche Schule",
        "categoria": "educacion",
        "subcategoria": "school",
        "tags": {
          "amenity": "school",
          "building": "yes",
          "education": "school",
          "name": "Colegio Andino-Deutsche Schule",
          "source": "Bing Aerial Map",
          "source:date": "2010-01-23"
        }
      },
      "geometry": {
        "type": "Point",
        "coordinates": [
          -74.0483945,
          4.7953293
        ]
      }
    },
    {
      "type": "Feature",
      "properties": {
        "id": 246087911,
        "nombre": "Sin Nombre",
        "categoria": "educacion",
        "subcategoria": "school",
        "tags": {
          "amenity": "school"
        }
      },
      "geometry": {
        "type": "Point",
        "coordinates": [
          -74.1377622,
          4.6821274
        ]
      }
    },
    {
      "type": "Feature",
      "properties": {
        "id": 252903583,
        "nombre": "IED Leonardo Posada",
        "categoria": "educacion",
        "subcategoria": "school",
        "tags": {
          "amenity": "school",
          "barrier": "yes",
          "name": "IED Leonardo Posada"
        }
      },
      "geometry": {
        "type": "Point",
        "coordinates": [
          -74.2009781,
          4.6271833
        ]
      }
    },
    {
      "type": "Feature",
      "properties": {
        "id": 253644451,
        "nombre": "Instituto Salesiano San José",
        "categoria": "educacion",
        "subcategoria": "school",
        "tags": {
          "amenity": "school",
          "barrier": "yes",
          "name": "Instituto Salesiano San José"
        }
      },
      "geometry": {
        "type": "Point",
        "coordinates": [
          -74.2292025,
          4.7083844
        ]
      }
    },
    {
      "type": "Feature",
      "properties": {
        "id": 267596362,
        "nombre": "Instituto Técnico de Oriente sede B",
        "categoria": "educacion",
        "subcategoria": "school",
        "tags": {
          "amenity": "school",
          "name": "Instituto Técnico de Oriente sede B"
        }
      },
      "geometry": {
        "type": "Point",
        "coordinates": [
          -73.9354081,
          4.4839252
        ]
      }
    },
    {
      "type": "Feature",
      "properties": {
        "id": 271952805,
        "nombre": "Tecnisistemas",
        "categoria": "educacion",
        "subcategoria": "college",
        "tags": {
          "amenity": "college",
          "building": "yes",
          "name": "Tecnisistemas"
        }
      },
      "geometry": {
        "type": "Point",
        "coordinates": [
          -74.1386562,
          4.6787704
        ]
      }
    },
    {
      "type": "Feature",
      "properties": {
        "id": 277147996,
        "nombre": "Colegio Claretiano de Bosa",
        "categoria": "educacion",
        "subcategoria": "school",
        "tags": {
          "amenity": "school",
          "barrier": "yes",
          "building:levels": "2",
          "name": "Colegio Claretiano de Bosa"
        }
      },
      "geometry": {
        "type": "Point",
        "coordinates": [
          -74.1838131,
          4.6118213
        ]
      }
    },
    {
      "type": "Feature",
      "properties": {
        "id": 277154022,
        "nombre": "Colegio Inmaculado Corazón de María",
        "categoria": "educacion",
        "subcategoria": "school",
        "tags": {
          "amenity": "school",
          "barrier": "wall",
          "name": "Colegio Inmaculado Corazón de María"
        }
      },
      "geometry": {
        "type": "Point",
        "coordinates": [
          -74.1871761,
          4.6094792
        ]
      }
    },
    {
      "type": "Feature",
      "properties": {
        "id": 277154530,
        "nombre": "IED Fernando Mazuera Sede B",
        "categoria": "educacion",
        "subcategoria": "school",
        "tags": {
          "amenity": "school",
          "name": "IED Fernando Mazuera Sede B",
          "operator": "Secretaría de Educación de Bogotá"
        }
      },
      "geometry": {
        "type": "Point",
        "coordinates": [
          -74.1884247,
          4.606329
        ]
      }
    },
    {
      "type": "Feature",
      "properties": {
        "id": 281667364,
        "nombre": "Instituto ATYS",
        "categoria": "educacion",
        "subcategoria": "school",
        "tags": {
          "addr:housename": "Calle 26 No 33A-05",
          "addr:street": "Avenida Eldorado",
          "amenity": "school",
          "name": "Instituto ATYS"
        }
      },
      "geometry": {
        "type": "Point",
        "coordinates": [
          -74.0840991,
          4.6311555
        ]
      }
    },
    {
      "type": "Feature",
      "properties": {
        "id": 298195034,
        "nombre": "Colegio Helvetia",
        "categoria": "educacion",
        "subcategoria": "school",
        "tags": {
          "amenity": "school",
          "name": "Colegio Helvetia"
        }
      },
      "geometry": {
        "type": "Point",
        "coordinates": [
          -74.0758773,
          4.7142074
        ]
      }
    },
    {
      "type": "Feature",
      "properties": {
        "id": 300589173,
        "nombre": "Uniagustiniana",
        "categoria": "educacion",
        "subcategoria": "university",
        "tags": {
          "amenity": "university",
          "name": "Uniagustiniana"
        }
      },
      "geometry": {
        "type": "Point",
        "coordinates": [
          -74.0828153,
          4.7408744
        ]
      }
    },
    {
      "type": "Feature",
      "properties": {
        "id": 301322230,
        "nombre": "Colegio Distrital Rufino José Cuervo - Sede A",
        "categoria": "educacion",
        "subcategoria": "school",
        "tags": {
          "addr:full": "CARRERA 11 B No. 52 - 53 SUR",
          "amenity": "school",
          "name": "Colegio Distrital Rufino José Cuervo - Sede A"
        }
      },
      "geometry": {
        "type": "Point",
        "coordinates": [
          -74.1242931,
          4.5587919
        ]
      }
    },
    {
      "type": "Feature",
      "properties": {
        "id": 305169855,
        "nombre": "Colegio Isabel II",
        "categoria": "educacion",
        "subcategoria": "school",
        "tags": {
          "amenity": "school",
          "barrier": "yes",
          "name": "Colegio Isabel II"
        }
      },
      "geometry": {
        "type": "Point",
        "coordinates": [
          -74.153137,
          4.633404
        ]
      }
    },
    {
      "type": "Feature",
      "properties": {
        "id": 305177147,
        "nombre": "Colegio Darío Echandía Sede A",
        "categoria": "educacion",
        "subcategoria": "school",
        "tags": {
          "amenity": "school",
          "name": "Colegio Darío Echandía Sede A"
        }
      },
      "geometry": {
        "type": "Point",
        "coordinates": [
          -74.1616296,
          4.6422229
        ]
      }
    },
    {
      "type": "Feature",
      "properties": {
        "id": 305177264,
        "nombre": "Colegio Darío Echandía Sede B",
        "categoria": "educacion",
        "subcategoria": "school",
        "tags": {
          "amenity": "school",
          "name": "Colegio Darío Echandía Sede B"
        }
      },
      "geometry": {
        "type": "Point",
        "coordinates": [
          -74.161747,
          4.6435047
        ]
      }
    },
    {
      "type": "Feature",
      "properties": {
        "id": 305177461,
        "nombre": "Colegio Darío Echandía Sede C",
        "categoria": "educacion",
        "subcategoria": "school",
        "tags": {
          "amenity": "school",
          "name": "Colegio Darío Echandía Sede C"
        }
      },
      "geometry": {
        "type": "Point",
        "coordinates": [
          -74.16111,
          4.6440981
        ]
      }
    },
    {
      "type": "Feature",
      "properties": {
        "id": 305178811,
        "nombre": "Colegio Distrital Patio Bonito II",
        "categoria": "educacion",
        "subcategoria": "school",
        "tags": {
          "amenity": "school",
          "name": "Colegio Distrital Patio Bonito II"
        }
      },
      "geometry": {
        "type": "Point",
        "coordinates": [
          -74.160074,
          4.6407346
        ]
      }
    },
    {
      "type": "Feature",
      "properties": {
        "id": 305182744,
        "nombre": "Colegio Distrital Rodrigo de Triana",
        "categoria": "educacion",
        "subcategoria": "school",
        "tags": {
          "amenity": "school",
          "name": "Colegio Distrital Rodrigo de Triana"
        }
      },
      "geometry": {
        "type": "Point",
        "coordinates": [
          -74.1677236,
          4.6400248
        ]
      }
    },
    {
      "type": "Feature",
      "properties": {
        "id": 305359304,
        "nombre": "SENA Complejo del Sur",
        "categoria": "educacion",
        "subcategoria": "college",
        "tags": {
          "amenity": "college",
          "name": "SENA Complejo del Sur",
          "operator": "Servicio Nacional de Aprendizaje",
          "operator:short": "SENA",
          "operator:wikidata": "Q6974078"
        }
      },
      "geometry": {
        "type": "Point",
        "coordinates": [
          -74.1117642,
          4.5957904
        ]
      }
    },
    {
      "type": "Feature",
      "properties": {
        "id": 310939806,
        "nombre": "IED Colegio Distrital General Santander",
        "categoria": "educacion",
        "subcategoria": "school",
        "tags": {
          "addr:city": "Bogotá",
          "addr:housenumber": "123-42",
          "addr:street": "Carrera 65A Bis",
          "amenity": "school",
          "name": "IED Colegio Distrital General Santander"
        }
      },
      "geometry": {
        "type": "Point",
        "coordinates": [
          -74.1408633,
          4.716573
        ]
      }
    },
    {
      "type": "Feature",
      "properties": {
        "id": 310940868,
        "nombre": "Colegio Campestre Mayor de Inglaterra",
        "categoria": "educacion",
        "subcategoria": "school",
        "tags": {
          "amenity": "school",
          "name": "Colegio Campestre Mayor de Inglaterra",
          "website": "https://www.mayordeinglaterra.edu.co/"
        }
      },
      "geometry": {
        "type": "Point",
        "coordinates": [
          -74.1431092,
          4.7365044
        ]
      }
    },
    {
      "type": "Feature",
      "properties": {
        "id": 312175733,
        "nombre": "IED Eduardo Santos",
        "categoria": "educacion",
        "subcategoria": "college",
        "tags": {
          "addr:city": "Bogotá D.C, Los Martíres",
          "amenity": "college",
          "building:levels": "4",
          "name": "IED Eduardo Santos",
          "wheelchair": "no"
        }
      },
      "geometry": {
        "type": "Point",
        "coordinates": [
          -74.0933136,
          4.5944388
        ]
      }
    },
    {
      "type": "Feature",
      "properties": {
        "id": 313510127,
        "nombre": "IED Enrique Pardo Parra",
        "categoria": "educacion",
        "subcategoria": "school",
        "tags": {
          "amenity": "school",
          "name": "IED Enrique Pardo Parra"
        }
      },
      "geometry": {
        "type": "Point",
        "coordinates": [
          -74.0996037,
          4.820147
        ]
      }
    },
    {
      "type": "Feature",
      "properties": {
        "id": 313818781,
        "nombre": "Colegio Benposta Nación de Muchachos",
        "categoria": "educacion",
        "subcategoria": "school",
        "tags": {
          "amenity": "school",
          "barrier": "yes",
          "name": "Colegio Benposta Nación de Muchachos"
        }
      },
      "geometry": {
        "type": "Point",
        "coordinates": [
          -74.0646271,
          4.58976
        ]
      }
    },
    {
      "type": "Feature",
      "properties": {
        "id": 316724822,
        "nombre": "Colegio Militar Liceo Social Compartir",
        "categoria": "educacion",
        "subcategoria": "school",
        "tags": {
          "amenity": "school",
          "name": "Colegio Militar Liceo Social Compartir"
        }
      },
      "geometry": {
        "type": "Point",
        "coordinates": [
          -74.2370481,
          4.5662922
        ]
      }
    },
    {
      "type": "Feature",
      "properties": {
        "id": 316726480,
        "nombre": "Colegio Departamental Compartir",
        "categoria": "educacion",
        "subcategoria": "school",
        "tags": {
          "amenity": "school",
          "barrier": "yes",
          "name": "Colegio Departamental Compartir"
        }
      },
      "geometry": {
        "type": "Point",
        "coordinates": [
          -74.239126,
          4.5710538
        ]
      }
    },
    {
      "type": "Feature",
      "properties": {
        "id": 320124120,
        "nombre": "Universidad Sergio Arboleda",
        "categoria": "educacion",
        "subcategoria": "university",
        "tags": {
          "addr:city": "Bogotá D.C.",
          "addr:postcode": "110221",
          "addr:street": "Calle 74",
          "amenity": "university",
          "name": "Universidad Sergio Arboleda",
          "source": "Kaart Ground Survey 2017",
          "website": "https://www.usergioarboleda.edu.co/"
        }
      },
      "geometry": {
        "type": "Point",
        "coordinates": [
          -74.0596114,
          4.6611322
        ]
      }
    },
    {
      "type": "Feature",
      "properties": {
        "id": 323189380,
        "nombre": "Centro Educativo San Luis Gonzaga Fe y Alegría",
        "categoria": "educacion",
        "subcategoria": "school",
        "tags": {
          "amenity": "school",
          "name": "Centro Educativo San Luis Gonzaga Fe y Alegría"
        }
      },
      "geometry": {
        "type": "Point",
        "coordinates": [
          -74.1461532,
          4.6351498
        ]
      }
    },
    {
      "type": "Feature",
      "properties": {
        "id": 324290930,
        "nombre": "Colegio Internacional de Bogotá",
        "categoria": "educacion",
        "subcategoria": "school",
        "tags": {
          "addr:city": "Bogota",
          "addr:postcode": "111166",
          "amenity": "school",
          "name": "Colegio Internacional de Bogotá"
        }
      },
      "geometry": {
        "type": "Point",
        "coordinates": [
          -74.0479026,
          4.7816074
        ]
      }
    },
    {
      "type": "Feature",
      "properties": {
        "id": 324799386,
        "nombre": "IED Juan Evangelista Gomez",
        "categoria": "educacion",
        "subcategoria": "school",
        "tags": {
          "addr:full": "DIAGONAL 39 SUR No. 2 - 00 ESTE",
          "amenity": "school",
          "name": "IED Juan Evangelista Gomez"
        }
      },
      "geometry": {
        "type": "Point",
        "coordinates": [
          -74.0955699,
          4.5526715
        ]
      }
    },
    {
      "type": "Feature",
      "properties": {
        "id": 324799388,
        "nombre": "IED La Victoria",
        "categoria": "educacion",
        "subcategoria": "school",
        "tags": {
          "addr:street": "Carrera 3B Este",
          "amenity": "school",
          "barrier": "yes",
          "name": "IED La Victoria"
        }
      },
      "geometry": {
        "type": "Point",
        "coordinates": [
          -74.0936162,
          4.5525255
        ]
      }
    },
    {
      "type": "Feature",
      "properties": {
        "id": 324799389,
        "nombre": "IED La Colmena",
        "categoria": "educacion",
        "subcategoria": "school",
        "tags": {
          "amenity": "school",
          "name": "IED La Colmena"
        }
      },
      "geometry": {
        "type": "Point",
        "coordinates": [
          -74.0964994,
          4.5558271
        ]
      }
    },
    {
      "type": "Feature",
      "properties": {
        "id": 324812667,
        "nombre": "Colegio Nuestra Señora del Pilar",
        "categoria": "educacion",
        "subcategoria": "school",
        "tags": {
          "amenity": "school",
          "name": "Colegio Nuestra Señora del Pilar"
        }
      },
      "geometry": {
        "type": "Point",
        "coordinates": [
          -74.0891143,
          4.5810541
        ]
      }
    },
    {
      "type": "Feature",
      "properties": {
        "id": 324813964,
        "nombre": "IED Aldemar Rojas Plazas",
        "categoria": "educacion",
        "subcategoria": "college",
        "tags": {
          "addr:full": "CARRERA 10 No. 13 - 50 SUR",
          "amenity": "college",
          "landuse": "education",
          "name": "IED Aldemar Rojas Plazas"
        }
      },
      "geometry": {
        "type": "Point",
        "coordinates": [
          -74.0906784,
          4.5795015
        ]
      }
    },
    {
      "type": "Feature",
      "properties": {
        "id": 324827087,
        "nombre": "Maria Auxiliadora",
        "categoria": "educacion",
        "subcategoria": "college",
        "tags": {
          "amenity": "college",
          "name": "Maria Auxiliadora"
        }
      },
      "geometry": {
        "type": "Point",
        "coordinates": [
          -74.0941854,
          4.5500543
        ]
      }
    },
    {
      "type": "Feature",
      "properties": {
        "id": 324860709,
        "nombre": "Centro de Formación SENA",
        "categoria": "educacion",
        "subcategoria": "college",
        "tags": {
          "alt_name": "Centro de Formación en Actividad Física y Cultural SENA",
          "amenity": "college",
          "name": "Centro de Formación SENA"
        }
      },
      "geometry": {
        "type": "Point",
        "coordinates": [
          -74.1590964,
          4.6187711
        ]
      }
    },
    {
      "type": "Feature",
      "properties": {
        "id": 324860710,
        "nombre": "Colegio Cooperativo Monseñor Isabel Perdomo",
        "categoria": "educacion",
        "subcategoria": "school",
        "tags": {
          "amenity": "school",
          "name": "Colegio Cooperativo Monseñor Isabel Perdomo"
        }
      },
      "geometry": {
        "type": "Point",
        "coordinates": [
          -74.1676628,
          4.5881044
        ]
      }
    },
    {
      "type": "Feature",
      "properties": {
        "id": 324860711,
        "nombre": "Colegio Distrital Tomas Carrasquilla",
        "categoria": "educacion",
        "subcategoria": "school",
        "tags": {
          "addr:full": "CALLE 74 A No. 50 - 40 (DIRECCIÓN ANTIGUA) - CALLE 74 A No. 62 - 04 (NUEVA NOMENCLATURA)",
          "amenity": "school",
          "name": "Colegio Distrital Tomas Carrasquilla"
        }
      },
      "geometry": {
        "type": "Point",
        "coordinates": [
          -74.080219,
          4.6762822
        ]
      }
    },
    {
      "type": "Feature",
      "properties": {
        "id": 325027773,
        "nombre": "IED Atenas",
        "categoria": "educacion",
        "subcategoria": "school",
        "tags": {
          "amenity": "school",
          "name": "IED Atenas"
        }
      },
      "geometry": {
        "type": "Point",
        "coordinates": [
          -74.0939308,
          4.5566822
        ]
      }
    },
    {
      "type": "Feature",
      "properties": {
        "id": 325051002,
        "nombre": "IED Montebello",
        "categoria": "educacion",
        "subcategoria": "school",
        "tags": {
          "amenity": "school",
          "education": "school",
          "name": "IED Montebello"
        }
      },
      "geometry": {
        "type": "Point",
        "coordinates": [
          -74.0880395,
          4.566387
        ]
      }
    },
    {
      "type": "Feature",
      "properties": {
        "id": 325053166,
        "nombre": "IED Manuel Elkin Patarroyo",
        "categoria": "educacion",
        "subcategoria": "school",
        "tags": {
          "amenity": "school",
          "name": "IED Manuel Elkin Patarroyo",
          "operator": "Secretaría de Educación del Distrito Capital"
        }
      },
      "geometry": {
        "type": "Point",
        "coordinates": [
          -74.0644885,
          4.6180094
        ]
      }
    },
    {
      "type": "Feature",
      "properties": {
        "id": 325924754,
        "nombre": "Colegio Distrital Rodrigo Arenas Betanourt",
        "categoria": "educacion",
        "subcategoria": "school",
        "tags": {
          "addr:full": "Carrera 97 No. 16 J - 15",
          "amenity": "school",
          "name": "Colegio Distrital Rodrigo Arenas Betanourt"
        }
      },
      "geometry": {
        "type": "Point",
        "coordinates": [
          -74.1447004,
          4.6707749
        ]
      }
    },
    {
      "type": "Feature",
      "properties": {
        "id": 327262368,
        "nombre": "Colegio Lerner & Klein",
        "categoria": "educacion",
        "subcategoria": "school",
        "tags": {
          "amenity": "school",
          "name": "Colegio Lerner & Klein"
        }
      },
      "geometry": {
        "type": "Point",
        "coordinates": [
          -74.1620467,
          4.8286263
        ]
      }
    },
    {
      "type": "Feature",
      "properties": {
        "id": 327885504,
        "nombre": "Corporación Universitaria Remington",
        "categoria": "educacion",
        "subcategoria": "university",
        "tags": {
          "addr:street": "Carrera 8",
          "amenity": "university",
          "name": "Corporación Universitaria Remington",
          "source": "Kaart Ground Survey 2017"
        }
      },
      "geometry": {
        "type": "Point",
        "coordinates": [
          -74.0881179,
          4.5799424
        ]
      }
    },
    {
      "type": "Feature",
      "properties": {
        "id": 328883775,
        "nombre": "IED Suramérica",
        "categoria": "educacion",
        "subcategoria": "school",
        "tags": {
          "amenity": "school",
          "education": "school",
          "name": "IED Suramérica"
        }
      },
      "geometry": {
        "type": "Point",
        "coordinates": [
          -74.0948733,
          4.5658466
        ]
      }
    },
    {
      "type": "Feature",
      "properties": {
        "id": 329054350,
        "nombre": "Nueva Estrada",
        "categoria": "educacion",
        "subcategoria": "school",
        "tags": {
          "addr:city": "Bogotá D.C.",
          "addr:street": "CR. 69 No. 71 - 16",
          "amenity": "school",
          "building:levels": "2",
          "name": "Nueva Estrada"
        }
      },
      "geometry": {
        "type": "Point",
        "coordinates": [
          -74.0890296,
          4.6801894
        ]
      }
    },
    {
      "type": "Feature",
      "properties": {
        "id": 329054499,
        "nombre": "Inst. Técnico Industrial República de Guatemala",
        "categoria": "educacion",
        "subcategoria": "college",
        "tags": {
          "addr:street": "Cl. 78 BIS No.69 T-45",
          "amenity": "college",
          "name": "Inst. Técnico Industrial República de Guatemala"
        }
      },
      "geometry": {
        "type": "Point",
        "coordinates": [
          -74.0872067,
          4.6896846
        ]
      }
    },
    {
      "type": "Feature",
      "properties": {
        "id": 329055859,
        "nombre": "Colegio Distrital Marco Tulio Fernandez - Sede A",
        "categoria": "educacion",
        "subcategoria": "school",
        "tags": {
          "addr:full": "CALLE 63 B No. 71 A - 16",
          "addr:street": "Cll. 63B No.71A-16",
          "amenity": "school",
          "building": "college",
          "name": "Colegio Distrital Marco Tulio Fernandez - Sede A"
        }
      },
      "geometry": {
        "type": "Point",
        "coordinates": [
          -74.1021377,
          4.6744041
        ]
      }
    },
    {
      "type": "Feature",
      "properties": {
        "id": 329068635,
        "nombre": "Colegio Distrital Antonio Villavicencio - Sede A",
        "categoria": "educacion",
        "subcategoria": "school",
        "tags": {
          "addr:full": "CALLE 65 No. 112 A - 39",
          "amenity": "school",
          "building": "school",
          "name": "Colegio Distrital Antonio Villavicencio - Sede A"
        }
      },
      "geometry": {
        "type": "Point",
        "coordinates": [
          -74.1342561,
          4.7049757
        ]
      }
    },
    {
      "type": "Feature",
      "properties": {
        "id": 330247993,
        "nombre": "Colegio Lisa Meitner",
        "categoria": "educacion",
        "subcategoria": "school",
        "tags": {
          "addr:city": "b",
          "addr:street": "Av. Corpas No. 158-55",
          "amenity": "school",
          "name": "Colegio Lisa Meitner"
        }
      },
      "geometry": {
        "type": "Point",
        "coordinates": [
          -74.0916046,
          4.7636276
        ]
      }
    },
    {
      "type": "Feature",
      "properties": {
        "id": 333411996,
        "nombre": "Colegio Hacienda los Alcaparros",
        "categoria": "educacion",
        "subcategoria": "school",
        "tags": {
          "amenity": "school",
          "name": "Colegio Hacienda los Alcaparros"
        }
      },
      "geometry": {
        "type": "Point",
        "coordinates": [
          -73.9764019,
          4.6641641
        ]
      }
    },
    {
      "type": "Feature",
      "properties": {
        "id": 333412644,
        "nombre": "Colegio Tilatá",
        "categoria": "educacion",
        "subcategoria": "school",
        "tags": {
          "addr:street": "Vía La Calera",
          "amenity": "school",
          "name": "Colegio Tilatá"
        }
      },
      "geometry": {
        "type": "Point",
        "coordinates": [
          -73.9962884,
          4.6714741
        ]
      }
    },
    {
      "type": "Feature",
      "properties": {
        "id": 334242310,
        "nombre": "Colegio Tomás Cipriano de Mosquera",
        "categoria": "educacion",
        "subcategoria": "school",
        "tags": {
          "addr:city": "Engativá",
          "addr:housenumber": "66 - 95",
          "addr:street": "Transversal 113",
          "amenity": "school",
          "name": "Colegio Tomás Cipriano de Mosquera"
        }
      },
      "geometry": {
        "type": "Point",
        "coordinates": [
          -74.1342884,
          4.7090357
        ]
      }
    },
    {
      "type": "Feature",
      "properties": {
        "id": 334629490,
        "nombre": "Universidad La Gran Colombia",
        "categoria": "educacion",
        "subcategoria": "university",
        "tags": {
          "addr:street": "Carrera 9",
          "amenity": "university",
          "building": "university",
          "name": "Universidad La Gran Colombia",
          "wikidata": "Q6156504",
          "wikipedia": "es:Universidad La Gran Colombia"
        }
      },
      "geometry": {
        "type": "Point",
        "coordinates": [
          -74.0658047,
          4.6301665
        ]
      }
    },
    {
      "type": "Feature",
      "properties": {
        "id": 334704017,
        "nombre": "INESCO",
        "categoria": "educacion",
        "subcategoria": "university",
        "tags": {
          "amenity": "university",
          "name": "INESCO"
        }
      },
      "geometry": {
        "type": "Point",
        "coordinates": [
          -74.0669886,
          4.6301006
        ]
      }
    },
    {
      "type": "Feature",
      "properties": {
        "id": 334786051,
        "nombre": "Universidad cooperativa de Colombia",
        "categoria": "educacion",
        "subcategoria": "university",
        "tags": {
          "amenity": "university",
          "name": "Universidad cooperativa de Colombia"
        }
      },
      "geometry": {
        "type": "Point",
        "coordinates": [
          -74.0684402,
          4.625773
        ]
      }
    },
    {
      "type": "Feature",
      "properties": {
        "id": 334793581,
        "nombre": "Universidad Cooperativa de Colombia",
        "categoria": "educacion",
        "subcategoria": "university",
        "tags": {
          "addr:city": "Bogotá D.C.",
          "addr:housenumber": "40A-89",
          "addr:street": "Carrera 14A",
          "alt_name": "Universidad Cooperativa",
          "amenity": "university",
          "name": "Universidad Cooperativa de Colombia"
        }
      },
      "geometry": {
        "type": "Point",
        "coordinates": [
          -74.0687999,
          4.6298996
        ]
      }
    },
    {
      "type": "Feature",
      "properties": {
        "id": 334793583,
        "nombre": "Universidad Cooperativa de Colombia",
        "categoria": "educacion",
        "subcategoria": "university",
        "tags": {
          "addr:city": "Bogotá D.C.",
          "addr:housenumber": "Kra 14",
          "addr:street": "40A-67",
          "amenity": "university",
          "building": "yes",
          "name": "Universidad Cooperativa de Colombia"
        }
      },
      "geometry": {
        "type": "Point",
        "coordinates": [
          -74.068546,
          4.6293429
        ]
      }
    },
    {
      "type": "Feature",
      "properties": {
        "id": 334797789,
        "nombre": "Universidad Cooperativa",
        "categoria": "educacion",
        "subcategoria": "university",
        "tags": {
          "amenity": "university",
          "name": "Universidad Cooperativa"
        }
      },
      "geometry": {
        "type": "Point",
        "coordinates": [
          -74.0682137,
          4.6321623
        ]
      }
    },
    {
      "type": "Feature",
      "properties": {
        "id": 334797790,
        "nombre": "Universidad Pedagogica y Tecnologica de Colombia",
        "categoria": "educacion",
        "subcategoria": "university",
        "tags": {
          "addr:street": "Calle 45",
          "amenity": "university",
          "name": "Universidad Pedagogica y Tecnologica de Colombia",
          "source": "Kaart Ground Survey 2017"
        }
      },
      "geometry": {
        "type": "Point",
        "coordinates": [
          -74.0680702,
          4.6323719
        ]
      }
    },
    {
      "type": "Feature",
      "properties": {
        "id": 334797793,
        "nombre": "Zona Cinco: Escuela de Cine y Fotografia",
        "categoria": "educacion",
        "subcategoria": "university",
        "tags": {
          "addr:street": "Calle 45",
          "amenity": "university",
          "name": "Zona Cinco: Escuela de Cine y Fotografia",
          "source": "Kaart Ground Survey 2017"
        }
      },
      "geometry": {
        "type": "Point",
        "coordinates": [
          -74.0683557,
          4.6324201
        ]
      }
    },
    {
      "type": "Feature",
      "properties": {
        "id": 334797800,
        "nombre": "SENA",
        "categoria": "educacion",
        "subcategoria": "college",
        "tags": {
          "amenity": "college",
          "building": "yes",
          "name": "SENA"
        }
      },
      "geometry": {
        "type": "Point",
        "coordinates": [
          -74.0684156,
          4.6319988
        ]
      }
    },
    {
      "type": "Feature",
      "properties": {
        "id": 334798528,
        "nombre": "Colegio Marcella",
        "categoria": "educacion",
        "subcategoria": "school",
        "tags": {
          "addr:housenumber": "7a-15",
          "addr:street": "Carrera 69F",
          "amenity": "school",
          "name": "Colegio Marcella"
        }
      },
      "geometry": {
        "type": "Point",
        "coordinates": [
          -74.1307077,
          4.6323056
        ]
      }
    },
    {
      "type": "Feature",
      "properties": {
        "id": 334798535,
        "nombre": "Colegio Maroni",
        "categoria": "educacion",
        "subcategoria": "school",
        "tags": {
          "addr:housenumber": "70-28",
          "addr:street": "Calle 8BIS",
          "amenity": "school",
          "name": "Colegio Maroni"
        }
      },
      "geometry": {
        "type": "Point",
        "coordinates": [
          -74.1303998,
          4.6342184
        ]
      }
    },
    {
      "type": "Feature",
      "properties": {
        "id": 334798687,
        "nombre": "Universidad Cooperativa",
        "categoria": "educacion",
        "subcategoria": "university",
        "tags": {
          "amenity": "university",
          "name": "Universidad Cooperativa"
        }
      },
      "geometry": {
        "type": "Point",
        "coordinates": [
          -74.0691288,
          4.6321578
        ]
      }
    },
    {
      "type": "Feature",
      "properties": {
        "id": 334922348,
        "nombre": "Colegio Summers School",
        "categoria": "educacion",
        "subcategoria": "school",
        "tags": {
          "addr:housenumber": "5a-71",
          "addr:street": "Carrera 71A",
          "amenity": "school",
          "name": "Colegio Summers School",
          "source": "Kaart Ground Survey 2017"
        }
      },
      "geometry": {
        "type": "Point",
        "coordinates": [
          -74.1336783,
          4.6286106
        ]
      }
    },
    {
      "type": "Feature",
      "properties": {
        "id": 334935447,
        "nombre": "Gimnasio Montsand",
        "categoria": "educacion",
        "subcategoria": "college",
        "tags": {
          "amenity": "college",
          "name": "Gimnasio Montsand",
          "wheelchair": "limited"
        }
      },
      "geometry": {
        "type": "Point",
        "coordinates": [
          -74.0504935,
          4.7581269
        ]
      }
    },
    {
      "type": "Feature",
      "properties": {
        "id": 334962670,
        "nombre": "Universidad Coperativa de Colombia",
        "categoria": "educacion",
        "subcategoria": "university",
        "tags": {
          "addr:housenumber": "39-15",
          "addr:street": "Avenida Caracas",
          "amenity": "university",
          "education": "university",
          "name": "Universidad Coperativa de Colombia",
          "source": "Kaart Ground Survey 2017"
        }
      },
      "geometry": {
        "type": "Point",
        "coordinates": [
          -74.0693375,
          4.6265693
        ]
      }
    },
    {
      "type": "Feature",
      "properties": {
        "id": 335066793,
        "nombre": "Colegio Bilingüe San Juan de Dios",
        "categoria": "educacion",
        "subcategoria": "school",
        "tags": {
          "amenity": "school",
          "name": "Colegio Bilingüe San Juan de Dios"
        }
      },
      "geometry": {
        "type": "Point",
        "coordinates": [
          -74.0897126,
          4.575983
        ]
      }
    },
    {
      "type": "Feature",
      "properties": {
        "id": 340201084,
        "nombre": "Universidad Colegio Mayor de Cundinamarca",
        "categoria": "educacion",
        "subcategoria": "university",
        "tags": {
          "amenity": "university",
          "name": "Universidad Colegio Mayor de Cundinamarca"
        }
      },
      "geometry": {
        "type": "Point",
        "coordinates": [
          -74.0675997,
          4.6150335
        ]
      }
    },
    {
      "type": "Feature",
      "properties": {
        "id": 342167971,
        "nombre": "IED Carlos Pizarro Leon Gomez A2",
        "categoria": "educacion",
        "subcategoria": "school",
        "tags": {
          "amenity": "school",
          "barrier": "yes",
          "name": "IED Carlos Pizarro Leon Gomez A2"
        }
      },
      "geometry": {
        "type": "Point",
        "coordinates": [
          -74.2043927,
          4.6359682
        ]
      }
    },
    {
      "type": "Feature",
      "properties": {
        "id": 342878777,
        "nombre": "Politécnico Internacional",
        "categoria": "educacion",
        "subcategoria": "college",
        "tags": {
          "addr:city": "Bogota, D.C",
          "addr:housenumber": "10-45",
          "addr:street": "Calle 73",
          "amenity": "college",
          "name": "Politécnico Internacional",
          "note": "Actual sede del Politécnico Internacional. Futura sede de extensión de la U. de San Buenaventura (2016)",
          "operator": "Orden de Franciscanos Menores",
          "operator:type": "private"
        }
      },
      "geometry": {
        "type": "Point",
        "coordinates": [
          -74.0574532,
          4.6576894
        ]
      }
    },
    {
      "type": "Feature",
      "properties": {
        "id": 344782227,
        "nombre": "Universidad Militar Nueva Granada",
        "categoria": "educacion",
        "subcategoria": "university",
        "tags": {
          "amenity": "university",
          "name": "Universidad Militar Nueva Granada",
          "operator": "Pública",
          "wikidata": "Q1294197",
          "wikimedia_commons": "Category:Universidad Militar Nueva Granada",
          "wikipedia": "es:Universidad Militar Nueva Granada"
        }
      },
      "geometry": {
        "type": "Point",
        "coordinates": [
          -74.0419567,
          4.682961
        ]
      }
    },
    {
      "type": "Feature",
      "properties": {
        "id": 350977223,
        "nombre": "Liceo Juan Ramón Jiménez",
        "categoria": "educacion",
        "subcategoria": "school",
        "tags": {
          "amenity": "school",
          "name": "Liceo Juan Ramón Jiménez"
        }
      },
      "geometry": {
        "type": "Point",
        "coordinates": [
          -74.0850494,
          4.7729623
        ]
      }
    },
    {
      "type": "Feature",
      "properties": {
        "id": 359239564,
        "nombre": "Colegio San Felipe Neri",
        "categoria": "educacion",
        "subcategoria": "school",
        "tags": {
          "amenity": "school",
          "name": "Colegio San Felipe Neri"
        }
      },
      "geometry": {
        "type": "Point",
        "coordinates": [
          -74.0702151,
          4.6636449
        ]
      }
    },
    {
      "type": "Feature",
      "properties": {
        "id": 359615053,
        "nombre": "Colegio Marillac",
        "categoria": "educacion",
        "subcategoria": "college",
        "tags": {
          "addr:street": "Carrera 27A",
          "amenity": "college",
          "name": "Colegio Marillac",
          "source": "Kaart Ground Survey 2017"
        }
      },
      "geometry": {
        "type": "Point",
        "coordinates": [
          -74.0727895,
          4.6594275
        ]
      }
    },
    {
      "type": "Feature",
      "properties": {
        "id": 363387385,
        "nombre": "Colegio",
        "categoria": "educacion",
        "subcategoria": "school",
        "tags": {
          "amenity": "school",
          "name": "Colegio"
        }
      },
      "geometry": {
        "type": "Point",
        "coordinates": [
          -74.1270626,
          4.6821822
        ]
      }
    },
    {
      "type": "Feature",
      "properties": {
        "id": 364267470,
        "nombre": "Colegio Panamericano (IED)",
        "categoria": "educacion",
        "subcategoria": "college",
        "tags": {
          "amenity": "college",
          "name": "Colegio Panamericano (IED)"
        }
      },
      "geometry": {
        "type": "Point",
        "coordinates": [
          -74.0789488,
          4.6231955
        ]
      }
    },
    {
      "type": "Feature",
      "properties": {
        "id": 364271826,
        "nombre": "Gimnasio Boyacá",
        "categoria": "educacion",
        "subcategoria": "school",
        "tags": {
          "addr:street": "Calle 46",
          "amenity": "school",
          "name": "Gimnasio Boyacá",
          "source": "Kaart Ground Survey 2017"
        }
      },
      "geometry": {
        "type": "Point",
        "coordinates": [
          -74.0777355,
          4.6355012
        ]
      }
    },
    {
      "type": "Feature",
      "properties": {
        "id": 364981252,
        "nombre": "IED Colegio Luis Vargas Tejada Sede A",
        "categoria": "educacion",
        "subcategoria": "school",
        "tags": {
          "amenity": "school",
          "name": "IED Colegio Luis Vargas Tejada Sede A"
        }
      },
      "geometry": {
        "type": "Point",
        "coordinates": [
          -74.1254569,
          4.6094374
        ]
      }
    },
    {
      "type": "Feature",
      "properties": {
        "id": 371546550,
        "nombre": "Corporación Jhon F. Kennedy",
        "categoria": "educacion",
        "subcategoria": "college",
        "tags": {
          "addr:housenumber": "13-43",
          "addr:street": "Calle 46",
          "amenity": "college",
          "contact:website": "http://jfk.edu.co/",
          "name": "Corporación Jhon F. Kennedy"
        }
      },
      "geometry": {
        "type": "Point",
        "coordinates": [
          -74.0668615,
          4.6330196
        ]
      }
    },
    {
      "type": "Feature",
      "properties": {
        "id": 371634195,
        "nombre": "Gimnasio Montreal",
        "categoria": "educacion",
        "subcategoria": "school",
        "tags": {
          "addr:city": "bogota d.c",
          "addr:housenumber": "92-17",
          "addr:street": "Calle 157",
          "amenity": "school",
          "barrier": "yes",
          "name": "Gimnasio Montreal"
        }
      },
      "geometry": {
        "type": "Point",
        "coordinates": [
          -74.0814286,
          4.7534413
        ]
      }
    },
    {
      "type": "Feature",
      "properties": {
        "id": 371657541,
        "nombre": "Gimnasio Mixto Manuel del Socorro Rodriguez",
        "categoria": "educacion",
        "subcategoria": "school",
        "tags": {
          "addr:housenumber": "67",
          "addr:street": "Calle 157A",
          "amenity": "school",
          "barrier": "yes",
          "name": "Gimnasio Mixto Manuel del Socorro Rodriguez"
        }
      },
      "geometry": {
        "type": "Point",
        "coordinates": [
          -74.0816799,
          4.7544693
        ]
      }
    },
    {
      "type": "Feature",
      "properties": {
        "id": 371674024,
        "nombre": "Colegio Eloy Valenzuela",
        "categoria": "educacion",
        "subcategoria": "school",
        "tags": {
          "addr:housenumber": "30",
          "addr:street": "Calle 77C",
          "amenity": "school",
          "name": "Colegio Eloy Valenzuela"
        }
      },
      "geometry": {
        "type": "Point",
        "coordinates": [
          -74.1159611,
          4.7111434
        ]
      }
    },
    {
      "type": "Feature",
      "properties": {
        "id": 371674025,
        "nombre": "Colegio Garcés Navas 2",
        "categoria": "educacion",
        "subcategoria": "school",
        "tags": {
          "addr:street": "Avenida Carrera 104",
          "amenity": "school",
          "name": "Colegio Garcés Navas 2",
          "source": "Kaart Ground Survey 2017"
        }
      },
      "geometry": {
        "type": "Point",
        "coordinates": [
          -74.1162805,
          4.7114839
        ]
      }
    },
    {
      "type": "Feature",
      "properties": {
        "id": 371962571,
        "nombre": "Ingrese a La Universidad",
        "categoria": "educacion",
        "subcategoria": "school",
        "tags": {
          "addr:housenumber": "15-50",
          "addr:street": "Calle 50",
          "amenity": "school",
          "name": "Ingrese a La Universidad"
        }
      },
      "geometry": {
        "type": "Point",
        "coordinates": [
          -74.0683063,
          4.6378051
        ]
      }
    },
    {
      "type": "Feature",
      "properties": {
        "id": 371975108,
        "nombre": "Colegio San Jorge de Inglaterra",
        "categoria": "educacion",
        "subcategoria": "school",
        "tags": {
          "addr:city": "Bogota d.c",
          "addr:housenumber": "83",
          "addr:street": "Carrera 92",
          "amenity": "school",
          "barrier": "yes",
          "name": "Colegio San Jorge de Inglaterra",
          "website": "https://www.sgs.edu.co/"
        }
      },
      "geometry": {
        "type": "Point",
        "coordinates": [
          -74.0803767,
          4.7522022
        ]
      }
    },
    {
      "type": "Feature",
      "properties": {
        "id": 371976185,
        "nombre": "Colegio Militar Antonio Nariño",
        "categoria": "educacion",
        "subcategoria": "school",
        "tags": {
          "addr:housenumber": "44",
          "addr:street": "Carrera 92",
          "amenity": "school",
          "barrier": "yes",
          "name": "Colegio Militar Antonio Nariño"
        }
      },
      "geometry": {
        "type": "Point",
        "coordinates": [
          -74.0797258,
          4.7536191
        ]
      }
    },
    {
      "type": "Feature",
      "properties": {
        "id": 371983464,
        "nombre": "IED Kennedy",
        "categoria": "educacion",
        "subcategoria": "school",
        "tags": {
          "addr:city": "Bogotá D.C.",
          "addr:street": "calle 6S",
          "amenity": "school",
          "education": "school",
          "name": "IED Kennedy"
        }
      },
      "geometry": {
        "type": "Point",
        "coordinates": [
          -74.1411004,
          4.6201885
        ]
      }
    },
    {
      "type": "Feature",
      "properties": {
        "id": 371986783,
        "nombre": "U.S.T.A. - ESCUELA DE BELLAS ARTES FRA ANGELICO",
        "categoria": "educacion",
        "subcategoria": "school",
        "tags": {
          "addr:street": "Calle 52",
          "amenity": "school",
          "name": "U.S.T.A. - ESCUELA DE BELLAS ARTES FRA ANGELICO"
        }
      },
      "geometry": {
        "type": "Point",
        "coordinates": [
          -74.064532,
          4.63904
        ]
      }
    },
    {
      "type": "Feature",
      "properties": {
        "id": 371987401,
        "nombre": "Jardin Nueva Colombia",
        "categoria": "educacion",
        "subcategoria": "school",
        "tags": {
          "addr:housenumber": "10",
          "addr:street": "Carrera 105A",
          "amenity": "school",
          "name": "Jardin Nueva Colombia"
        }
      },
      "geometry": {
        "type": "Point",
        "coordinates": [
          -74.1011678,
          4.7346424
        ]
      }
    },
    {
      "type": "Feature",
      "properties": {
        "id": 371991764,
        "nombre": "Sin Nombre",
        "categoria": "educacion",
        "subcategoria": "school",
        "tags": {
          "amenity": "school"
        }
      },
      "geometry": {
        "type": "Point",
        "coordinates": [
          -74.1332122,
          4.5949812
        ]
      }
    },
    {
      "type": "Feature",
      "properties": {
        "id": 371991805,
        "nombre": "Instituto Diversificado Albert Einstein",
        "categoria": "educacion",
        "subcategoria": "school",
        "tags": {
          "addr:city": "Mosquera",
          "amenity": "school",
          "barrier": "yes",
          "name": "Instituto Diversificado Albert Einstein"
        }
      },
      "geometry": {
        "type": "Point",
        "coordinates": [
          -74.2287058,
          4.7026392
        ]
      }
    },
    {
      "type": "Feature",
      "properties": {
        "id": 371992683,
        "nombre": "C.E.D Nueva Zelandia",
        "categoria": "educacion",
        "subcategoria": "school",
        "tags": {
          "amenity": "school",
          "education": "school",
          "name": "C.E.D Nueva Zelandia"
        }
      },
      "geometry": {
        "type": "Point",
        "coordinates": [
          -74.0497955,
          4.7590199
        ]
      }
    },
    {
      "type": "Feature",
      "properties": {
        "id": 371992766,
        "nombre": "Jardón Jaques Costeau",
        "categoria": "educacion",
        "subcategoria": "school",
        "tags": {
          "amenity": "school",
          "name": "Jardón Jaques Costeau",
          "source": "Kaart Ground Survey 2017"
        }
      },
      "geometry": {
        "type": "Point",
        "coordinates": [
          -74.1168258,
          4.7123214
        ]
      }
    },
    {
      "type": "Feature",
      "properties": {
        "id": 371993026,
        "nombre": "I.E.D German Arciniegas Sede B",
        "categoria": "educacion",
        "subcategoria": "school",
        "tags": {
          "addr:city": "Bogota",
          "addr:housenumber": "97B-35",
          "addr:street": "Calle 52 Sur",
          "amenity": "school",
          "name": "I.E.D German Arciniegas Sede B"
        }
      },
      "geometry": {
        "type": "Point",
        "coordinates": [
          -74.1865624,
          4.639154
        ]
      }
    },
    {
      "type": "Feature",
      "properties": {
        "id": 371994132,
        "nombre": "Escuela nacional de cine",
        "categoria": "educacion",
        "subcategoria": "university",
        "tags": {
          "amenity": "university",
          "name": "Escuela nacional de cine"
        }
      },
      "geometry": {
        "type": "Point",
        "coordinates": [
          -74.0686925,
          4.6396173
        ]
      }
    },
    {
      "type": "Feature",
      "properties": {
        "id": 371999091,
        "nombre": "Admisiones Universidad Santo Tomas. Edificio S",
        "categoria": "educacion",
        "subcategoria": "university",
        "tags": {
          "addr:housenumber": "51A-13",
          "addr:street": "Carrera 7",
          "amenity": "university",
          "name": "Admisiones Universidad Santo Tomas. Edificio S",
          "website": "https://usantotomas.edu.co/inicio"
        }
      },
      "geometry": {
        "type": "Point",
        "coordinates": [
          -74.0635393,
          4.6381918
        ]
      }
    },
    {
      "type": "Feature",
      "properties": {
        "id": 372058957,
        "nombre": "SENA - Centro de Gestión Comercial y Teleinformación",
        "categoria": "educacion",
        "subcategoria": "college",
        "tags": {
          "addr:city": "Bogotá D.C.",
          "addr:full": "calle 52 # 13-65",
          "addr:housenumber": "13-65",
          "addr:street": "Calle 52",
          "amenity": "college",
          "building": "yes",
          "name": "SENA - Centro de Gestión Comercial y Teleinformación",
          "source": "Kaart Ground Survey 2017"
        }
      },
      "geometry": {
        "type": "Point",
        "coordinates": [
          -74.0660737,
          4.6390764
        ]
      }
    },
    {
      "type": "Feature",
      "properties": {
        "id": 372117753,
        "nombre": "Instituto de Oncologia",
        "categoria": "educacion",
        "subcategoria": "college",
        "tags": {
          "addr:housenumber": "49-20",
          "addr:street": "Calle 49",
          "amenity": "college",
          "building": "yes",
          "check_date": "2025-06-20",
          "name": "Instituto de Oncologia"
        }
      },
      "geometry": {
        "type": "Point",
        "coordinates": [
          -74.0644305,
          4.6362968
        ]
      }
    },
    {
      "type": "Feature",
      "properties": {
        "id": 372146416,
        "nombre": "Colegio Cafam La Esperanza",
        "categoria": "educacion",
        "subcategoria": "school",
        "tags": {
          "amenity": "school",
          "barrier": "yes",
          "name": "Colegio Cafam La Esperanza"
        }
      },
      "geometry": {
        "type": "Point",
        "coordinates": [
          -74.2050974,
          4.60964
        ]
      }
    },
    {
      "type": "Feature",
      "properties": {
        "id": 372146688,
        "nombre": "Liceo Universidad Católica de Colombia",
        "categoria": "educacion",
        "subcategoria": "university",
        "tags": {
          "amenity": "university",
          "name": "Liceo Universidad Católica de Colombia"
        }
      },
      "geometry": {
        "type": "Point",
        "coordinates": [
          -74.0687207,
          4.634267
        ]
      }
    },
    {
      "type": "Feature",
      "properties": {
        "id": 372147377,
        "nombre": "Universidad Católica de Colombia",
        "categoria": "educacion",
        "subcategoria": "university",
        "tags": {
          "amenity": "university",
          "name": "Universidad Católica de Colombia",
          "religion": "christian",
          "wikipedia": "es:Universidad Católica de Colombia"
        }
      },
      "geometry": {
        "type": "Point",
        "coordinates": [
          -74.0688127,
          4.6349698
        ]
      }
    },
    {
      "type": "Feature",
      "properties": {
        "id": 374197400,
        "nombre": "FACULTAD INGENIERIA CIVIL",
        "categoria": "educacion",
        "subcategoria": "college",
        "tags": {
          "amenity": "college",
          "name": "FACULTAD INGENIERIA CIVIL"
        }
      },
      "geometry": {
        "type": "Point",
        "coordinates": [
          -74.0529697,
          4.7546475
        ]
      }
    },
    {
      "type": "Feature",
      "properties": {
        "id": 374197402,
        "nombre": "Uniagraria",
        "categoria": "educacion",
        "subcategoria": "university",
        "tags": {
          "amenity": "university",
          "name": "Uniagraria",
          "website": "https://www.uniagraria.edu.co/"
        }
      },
      "geometry": {
        "type": "Point",
        "coordinates": [
          -74.0533204,
          4.7543322
        ]
      }
    },
    {
      "type": "Feature",
      "properties": {
        "id": 374587343,
        "nombre": "Sin Nombre",
        "categoria": "educacion",
        "subcategoria": "college",
        "tags": {
          "amenity": "college",
          "office": "educational_institution",
          "operator": "SENA"
        }
      },
      "geometry": {
        "type": "Point",
        "coordinates": [
          -74.0914616,
          4.6164384
        ]
      }
    },
    {
      "type": "Feature",
      "properties": {
        "id": 379782107,
        "nombre": "Gimnasio Los Andes",
        "categoria": "educacion",
        "subcategoria": "school",
        "tags": {
          "amenity": "school",
          "name": "Gimnasio Los Andes"
        }
      },
      "geometry": {
        "type": "Point",
        "coordinates": [
          -74.0444651,
          4.7896036
        ]
      }
    },
    {
      "type": "Feature",
      "properties": {
        "id": 382859877,
        "nombre": "Colegio Integrada La Candelaria (sede A)",
        "categoria": "educacion",
        "subcategoria": "school",
        "tags": {
          "amenity": "school",
          "name": "Colegio Integrada La Candelaria (sede A)"
        }
      },
      "geometry": {
        "type": "Point",
        "coordinates": [
          -74.069085,
          4.5986501
        ]
      }
    },
    {
      "type": "Feature",
      "properties": {
        "id": 383297448,
        "nombre": "Colegio Eucarístico Mrcedario de Suba",
        "categoria": "educacion",
        "subcategoria": "school",
        "tags": {
          "amenity": "school",
          "barrier": "yes",
          "denomination": "roman_catholic",
          "name": "Colegio Eucarístico Mrcedario de Suba",
          "religion": "christian"
        }
      },
      "geometry": {
        "type": "Point",
        "coordinates": [
          -74.0865421,
          4.7353322
        ]
      }
    },
    {
      "type": "Feature",
      "properties": {
        "id": 384765984,
        "nombre": "IE León XIII Chiloé",
        "categoria": "educacion",
        "subcategoria": "school",
        "tags": {
          "addr:postcode": "250051",
          "amenity": "school",
          "barrier": "yes",
          "name": "IE León XIII Chiloé"
        }
      },
      "geometry": {
        "type": "Point",
        "coordinates": [
          -74.2140997,
          4.6048051
        ]
      }
    },
    {
      "type": "Feature",
      "properties": {
        "id": 384766768,
        "nombre": "IE La Despensa sede Ciudad Verde",
        "categoria": "educacion",
        "subcategoria": "school",
        "tags": {
          "amenity": "school",
          "name": "IE La Despensa sede Ciudad Verde"
        }
      },
      "geometry": {
        "type": "Point",
        "coordinates": [
          -74.2208695,
          4.6096384
        ]
      }
    },
    {
      "type": "Feature",
      "properties": {
        "id": 385311105,
        "nombre": "IED Alfonso Reyes Echandía",
        "categoria": "educacion",
        "subcategoria": "school",
        "tags": {
          "amenity": "school",
          "barrier": "yes",
          "name": "IED Alfonso Reyes Echandía"
        }
      },
      "geometry": {
        "type": "Point",
        "coordinates": [
          -74.2004988,
          4.6155198
        ]
      }
    },
    {
      "type": "Feature",
      "properties": {
        "id": 386495739,
        "nombre": "El Venado de Oro - Instituto Alexander Von Humboldt",
        "categoria": "educacion",
        "subcategoria": "university",
        "tags": {
          "amenity": "university",
          "name": "El Venado de Oro - Instituto Alexander Von Humboldt",
          "operator": "Instituto Humboldt"
        }
      },
      "geometry": {
        "type": "Point",
        "coordinates": [
          -74.0618018,
          4.598059
        ]
      }
    },
    {
      "type": "Feature",
      "properties": {
        "id": 386565833,
        "nombre": "Universidad de Cundinamarca Sede Soacha",
        "categoria": "educacion",
        "subcategoria": "university",
        "tags": {
          "amenity": "university",
          "barrier": "fence",
          "name": "Universidad de Cundinamarca Sede Soacha",
          "operator": "Universidad de Cundinamarca",
          "operator:type": "public",
          "website": "https://www.ucundinamarca.edu.co/",
          "wikidata": "Q7895317",
          "wikipedia": "es:Universidad de Cundinamarca"
        }
      },
      "geometry": {
        "type": "Point",
        "coordinates": [
          -74.2236904,
          4.5779884
        ]
      }
    },
    {
      "type": "Feature",
      "properties": {
        "id": 386566824,
        "nombre": "Escuela Normal Superior María Auxiliadora",
        "categoria": "educacion",
        "subcategoria": "school",
        "tags": {
          "amenity": "school",
          "name": "Escuela Normal Superior María Auxiliadora"
        }
      },
      "geometry": {
        "type": "Point",
        "coordinates": [
          -74.2208232,
          4.5820573
        ]
      }
    },
    {
      "type": "Feature",
      "properties": {
        "id": 386569077,
        "nombre": "Institución Educativa Julio César Turbay",
        "categoria": "educacion",
        "subcategoria": "school",
        "tags": {
          "addr:street": "Avenida Transversal 9 Este",
          "amenity": "school",
          "barrier": "yes",
          "name": "Institución Educativa Julio César Turbay",
          "operator": "Secretaría de Educación de Soacha",
          "short_name": "I.E. Julio César Turbay"
        }
      },
      "geometry": {
        "type": "Point",
        "coordinates": [
          -74.1900069,
          4.5848753
        ]
      }
    },
    {
      "type": "Feature",
      "properties": {
        "id": 387253865,
        "nombre": "IED Carlos Alban",
        "categoria": "educacion",
        "subcategoria": "school",
        "tags": {
          "amenity": "school",
          "barrier": "yes",
          "name": "IED Carlos Alban",
          "operator": "Secretaría de Educación de Bogotá"
        }
      },
      "geometry": {
        "type": "Point",
        "coordinates": [
          -74.1971599,
          4.6060848
        ]
      }
    },
    {
      "type": "Feature",
      "properties": {
        "id": 391657869,
        "nombre": "Nuestra Señora de las Misericordias",
        "categoria": "educacion",
        "subcategoria": "school",
        "tags": {
          "amenity": "school",
          "name": "Nuestra Señora de las Misericordias"
        }
      },
      "geometry": {
        "type": "Point",
        "coordinates": [
          -74.1990171,
          4.5937591
        ]
      }
    },
    {
      "type": "Feature",
      "properties": {
        "id": 391668227,
        "nombre": "IE Manuela Beltran Sede Paulo VI",
        "categoria": "educacion",
        "subcategoria": "school",
        "tags": {
          "amenity": "school",
          "name": "IE Manuela Beltran Sede Paulo VI",
          "operator": "Secretaria de Educación de Soacha"
        }
      },
      "geometry": {
        "type": "Point",
        "coordinates": [
          -74.1995556,
          4.5940593
        ]
      }
    },
    {
      "type": "Feature",
      "properties": {
        "id": 393904972,
        "nombre": "Colegio Distrital El Salitre Suba - Sede C",
        "categoria": "educacion",
        "subcategoria": "school",
        "tags": {
          "addr:housenumber": "152A-52",
          "addr:street": "Carrera 92",
          "amenity": "school",
          "name": "Colegio Distrital El Salitre Suba - Sede C",
          "source": "Kaart Ground Survey 2017"
        }
      },
      "geometry": {
        "type": "Point",
        "coordinates": [
          -74.0827976,
          4.7489305
        ]
      }
    },
    {
      "type": "Feature",
      "properties": {
        "id": 393904976,
        "nombre": "Madre Pilar Izquierdo School",
        "categoria": "educacion",
        "subcategoria": "school",
        "tags": {
          "amenity": "school",
          "name": "Madre Pilar Izquierdo School",
          "source": "Kaart Ground Survey 2017"
        }
      },
      "geometry": {
        "type": "Point",
        "coordinates": [
          -74.0832908,
          4.747426
        ]
      }
    },
    {
      "type": "Feature",
      "properties": {
        "id": 394470069,
        "nombre": "Colegio Distrital Pablo Neruda",
        "categoria": "educacion",
        "subcategoria": "school",
        "tags": {
          "amenity": "school",
          "name": "Colegio Distrital Pablo Neruda"
        }
      },
      "geometry": {
        "type": "Point",
        "coordinates": [
          -74.1491213,
          4.6724133
        ]
      }
    },
    {
      "type": "Feature",
      "properties": {
        "id": 394765701,
        "nombre": "Academia Americana de Seguridad",
        "categoria": "educacion",
        "subcategoria": "college",
        "tags": {
          "addr:city": "Bogotá",
          "addr:country": "CO",
          "addr:district": "Teusaquillo",
          "addr:housenumber": "39B - 07",
          "addr:street": "Carrera 24",
          "addr:suburb": "La Soledad",
          "amenity": "college",
          "building": "yes",
          "building:levels": "2",
          "name": "Academia Americana de Seguridad"
        }
      },
      "geometry": {
        "type": "Point",
        "coordinates": [
          -74.0755013,
          4.6297714
        ]
      }
    },
    {
      "type": "Feature",
      "properties": {
        "id": 395471566,
        "nombre": "Colegio Pablo Neruda Sede B",
        "categoria": "educacion",
        "subcategoria": "school",
        "tags": {
          "amenity": "school",
          "building": "yes",
          "name": "Colegio Pablo Neruda Sede B"
        }
      },
      "geometry": {
        "type": "Point",
        "coordinates": [
          -74.146563,
          4.6722503
        ]
      }
    },
    {
      "type": "Feature",
      "properties": {
        "id": 395471568,
        "nombre": "Sin Nombre",
        "categoria": "educacion",
        "subcategoria": "college",
        "tags": {
          "amenity": "college",
          "building": "yes"
        }
      },
      "geometry": {
        "type": "Point",
        "coordinates": [
          -74.1455189,
          4.6728598
        ]
      }
    },
    {
      "type": "Feature",
      "properties": {
        "id": 395594655,
        "nombre": "Juan N. Corpas",
        "categoria": "educacion",
        "subcategoria": "university",
        "tags": {
          "amenity": "university",
          "building": "university",
          "name": "Juan N. Corpas"
        }
      },
      "geometry": {
        "type": "Point",
        "coordinates": [
          -74.0928654,
          4.7620312
        ]
      }
    },
    {
      "type": "Feature",
      "properties": {
        "id": 395601689,
        "nombre": "Sin Nombre",
        "categoria": "educacion",
        "subcategoria": "school",
        "tags": {
          "amenity": "school"
        }
      },
      "geometry": {
        "type": "Point",
        "coordinates": [
          -74.1447965,
          4.6708644
        ]
      }
    },
    {
      "type": "Feature",
      "properties": {
        "id": 396574952,
        "nombre": "Institución Educativa Nuevo Milenio",
        "categoria": "educacion",
        "subcategoria": "school",
        "tags": {
          "amenity": "school",
          "barrier": "yes",
          "name": "Institución Educativa Nuevo Milenio"
        }
      },
      "geometry": {
        "type": "Point",
        "coordinates": [
          -74.2267551,
          4.7199931
        ]
      }
    },
    {
      "type": "Feature",
      "properties": {
        "id": 396574953,
        "nombre": "Roberto Velandia",
        "categoria": "educacion",
        "subcategoria": "school",
        "tags": {
          "amenity": "school",
          "barrier": "yes",
          "name": "Roberto Velandia"
        }
      },
      "geometry": {
        "type": "Point",
        "coordinates": [
          -74.2278277,
          4.720487
        ]
      }
    },
    {
      "type": "Feature",
      "properties": {
        "id": 398077902,
        "nombre": "Universidad Externado de Colombia sede El Alcázar",
        "categoria": "educacion",
        "subcategoria": "university",
        "tags": {
          "amenity": "university",
          "name": "Universidad Externado de Colombia sede El Alcázar",
          "operator": "Universidad Externado de Colombia",
          "operator:type": "private",
          "wikidata": "Q7894273",
          "wikipedia": "es:Universidad Externado de Colombia"
        }
      },
      "geometry": {
        "type": "Point",
        "coordinates": [
          -74.0352078,
          4.810299
        ]
      }
    },
    {
      "type": "Feature",
      "properties": {
        "id": 398439559,
        "nombre": "CAP Fray Eloy Londoño",
        "categoria": "educacion",
        "subcategoria": "university",
        "tags": {
          "addr:city": "Barrios Unidos",
          "addr:housenumber": "75 - 09",
          "addr:street": "Carrera 27A",
          "amenity": "university",
          "name": "CAP Fray Eloy Londoño",
          "operator": "Universidad de San Buenaventura"
        }
      },
      "geometry": {
        "type": "Point",
        "coordinates": [
          -74.0672124,
          4.6669806
        ]
      }
    },
    {
      "type": "Feature",
      "properties": {
        "id": 399333075,
        "nombre": "Universidad Libre - Sede Bosque Popular",
        "categoria": "educacion",
        "subcategoria": "university",
        "tags": {
          "addr:city": "Bogotá",
          "addr:street": "Avenida Carrera 70",
          "amenity": "university",
          "internet_access": "wlan",
          "name": "Universidad Libre - Sede Bosque Popular",
          "website": "www.unilibre.edu.co"
        }
      },
      "geometry": {
        "type": "Point",
        "coordinates": [
          -74.1018885,
          4.6659068
        ]
      }
    },
    {
      "type": "Feature",
      "properties": {
        "id": 400513669,
        "nombre": "Gimnasio Alessandro Volta",
        "categoria": "educacion",
        "subcategoria": "school",
        "tags": {
          "amenity": "school",
          "barrier": "yes",
          "name": "Gimnasio Alessandro Volta"
        }
      },
      "geometry": {
        "type": "Point",
        "coordinates": [
          -74.0279483,
          4.6936857
        ]
      }
    },
    {
      "type": "Feature",
      "properties": {
        "id": 400523369,
        "nombre": "Universidad Incca de Colombia",
        "categoria": "educacion",
        "subcategoria": "university",
        "tags": {
          "amenity": "university",
          "building": "university",
          "name": "Universidad Incca de Colombia",
          "website": "https://www.unincca.edu.co/",
          "wikidata": "Q16302657",
          "wikipedia": "es:Universidad Incca de Colombia"
        }
      },
      "geometry": {
        "type": "Point",
        "coordinates": [
          -74.0726838,
          4.6116962
        ]
      }
    },
    {
      "type": "Feature",
      "properties": {
        "id": 401276001,
        "nombre": "Instituto Colombo Sueco",
        "categoria": "educacion",
        "subcategoria": "school",
        "tags": {
          "addr:city": "Bogotá D.C.",
          "addr:street": "Avenida Carrera 7",
          "amenity": "school",
          "name": "Instituto Colombo Sueco",
          "source": "Kaart Ground Survey 2017"
        }
      },
      "geometry": {
        "type": "Point",
        "coordinates": [
          -74.023795,
          4.7436669
        ]
      }
    },
    {
      "type": "Feature",
      "properties": {
        "id": 401276002,
        "nombre": "Colegio Anglo Americano",
        "categoria": "educacion",
        "subcategoria": "school",
        "tags": {
          "amenity": "school",
          "name": "Colegio Anglo Americano"
        }
      },
      "geometry": {
        "type": "Point",
        "coordinates": [
          -74.0283273,
          4.7493365
        ]
      }
    },
    {
      "type": "Feature",
      "properties": {
        "id": 401276003,
        "nombre": "Universidad Cooperativa de Colombia sede Norte",
        "categoria": "educacion",
        "subcategoria": "university",
        "tags": {
          "amenity": "university",
          "education": "university",
          "name": "Universidad Cooperativa de Colombia sede Norte",
          "operator": "Universidad Cooperativa de Colombia"
        }
      },
      "geometry": {
        "type": "Point",
        "coordinates": [
          -74.0310688,
          4.7517119
        ]
      }
    },
    {
      "type": "Feature",
      "properties": {
        "id": 401633519,
        "nombre": "Colegio Las Américas",
        "categoria": "educacion",
        "subcategoria": "school",
        "tags": {
          "addr:city": "Bogotá",
          "addr:full": "carrera 73 C Bis 38 C 84 sur",
          "addr:housenumber": "38C 84 Sur",
          "addr:street": "Carrera 73C Bis",
          "amenity": "school",
          "name": "Colegio Las Américas",
          "official_name": "IED Las Americas - Sede A"
        }
      },
      "geometry": {
        "type": "Point",
        "coordinates": [
          -74.1500651,
          4.6163773
        ]
      }
    },
    {
      "type": "Feature",
      "properties": {
        "id": 401695091,
        "nombre": "IE Eugenio Díaz Castro sede El Charquito",
        "categoria": "educacion",
        "subcategoria": "school",
        "tags": {
          "addr:street": "Vía El Colegio - El Charquito",
          "amenity": "school",
          "barrier": "yes",
          "name": "IE Eugenio Díaz Castro sede El Charquito",
          "operator": "Secretaria de Educación de Soacha",
          "operator:type": "public"
        }
      },
      "geometry": {
        "type": "Point",
        "coordinates": [
          -74.2757309,
          4.5434528
        ]
      }
    },
    {
      "type": "Feature",
      "properties": {
        "id": 401703825,
        "nombre": "IED Atanasio Girardot",
        "categoria": "educacion",
        "subcategoria": "school",
        "tags": {
          "addr:city": "Antonio Nariño",
          "addr:housenumber": "27",
          "addr:street": "Calle 14 S",
          "amenity": "school",
          "name": "IED Atanasio Girardot"
        }
      },
      "geometry": {
        "type": "Point",
        "coordinates": [
          -74.1046599,
          4.59462
        ]
      }
    },
    {
      "type": "Feature",
      "properties": {
        "id": 402044613,
        "nombre": "Módulo 16 (Edificio Guillermo Rueda Montaña)",
        "categoria": "educacion",
        "subcategoria": "university",
        "tags": {
          "addr:city": "Bogotá D.C.",
          "addr:housenumber": "23-10",
          "addr:street": "Carrera 3",
          "alt_name": "Modulo 16",
          "amenity": "university",
          "building": "university",
          "building:levels": "7",
          "description": "El edifico Guillermo Rueda Montaña, o mejor conocido como el módulo 16 de postgrados, fue Primer Premio Nacional de Arquitectura en la categoría de diseño arquitectónico de la Bienal Colombiana de Arquitectura 1998.",
          "internet_access": "yes",
          "internet_access:fee": "no",
          "name": "Módulo 16 (Edificio Guillermo Rueda Montaña)",
          "operator": "Universidad de Bogotá Jorge Tadeo Lozano",
          "operator:type": "private",
          "phone": "+57 601 2427030",
          "ref": "M16",
          "website": "https://www.utadeo.edu.co/es/programas?tipo=posgrado"
        }
      },
      "geometry": {
        "type": "Point",
        "coordinates": [
          -74.066819,
          4.6067469
        ]
      }
    },
    {
      "type": "Feature",
      "properties": {
        "id": 402046627,
        "nombre": "Fundación Universitaria Ciencias de la Salud",
        "categoria": "educacion",
        "subcategoria": "university",
        "tags": {
          "amenity": "university",
          "name": "Fundación Universitaria Ciencias de la Salud"
        }
      },
      "geometry": {
        "type": "Point",
        "coordinates": [
          -74.0785605,
          4.6648273
        ]
      }
    },
    {
      "type": "Feature",
      "properties": {
        "id": 402046630,
        "nombre": "Liceo VAL",
        "categoria": "educacion",
        "subcategoria": "school",
        "tags": {
          "amenity": "school",
          "name": "Liceo VAL"
        }
      },
      "geometry": {
        "type": "Point",
        "coordinates": [
          -74.0755981,
          4.6678952
        ]
      }
    },
    {
      "type": "Feature",
      "properties": {
        "id": 402047791,
        "nombre": "IED Lorencita Villegas de Santos",
        "categoria": "educacion",
        "subcategoria": "school",
        "tags": {
          "amenity": "school",
          "name": "IED Lorencita Villegas de Santos"
        }
      },
      "geometry": {
        "type": "Point",
        "coordinates": [
          -74.0702785,
          4.6730929
        ]
      }
    },
    {
      "type": "Feature",
      "properties": {
        "id": 402047792,
        "nombre": "IED Rafael Bernal Jimenez-Sede",
        "categoria": "educacion",
        "subcategoria": "school",
        "tags": {
          "amenity": "school",
          "name": "IED Rafael Bernal Jimenez-Sede"
        }
      },
      "geometry": {
        "type": "Point",
        "coordinates": [
          -74.0725758,
          4.6741863
        ]
      }
    },
    {
      "type": "Feature",
      "properties": {
        "id": 402048015,
        "nombre": "IED Rafael Bernal Jimenez-Sede A",
        "categoria": "educacion",
        "subcategoria": "school",
        "tags": {
          "amenity": "school",
          "name": "IED Rafael Bernal Jimenez-Sede A"
        }
      },
      "geometry": {
        "type": "Point",
        "coordinates": [
          -74.0736321,
          4.6720409
        ]
      }
    },
    {
      "type": "Feature",
      "properties": {
        "id": 402048694,
        "nombre": "IED Lorencita Villegas de Santos",
        "categoria": "educacion",
        "subcategoria": "school",
        "tags": {
          "amenity": "school",
          "name": "IED Lorencita Villegas de Santos"
        }
      },
      "geometry": {
        "type": "Point",
        "coordinates": [
          -74.0733692,
          4.6670381
        ]
      }
    },
    {
      "type": "Feature",
      "properties": {
        "id": 402048872,
        "nombre": "IED República de Panamá",
        "categoria": "educacion",
        "subcategoria": "school",
        "tags": {
          "amenity": "school",
          "name": "IED República de Panamá"
        }
      },
      "geometry": {
        "type": "Point",
        "coordinates": [
          -74.076703,
          4.6729707
        ]
      }
    },
    {
      "type": "Feature",
      "properties": {
        "id": 402051697,
        "nombre": "IED Eduardo Carranza",
        "categoria": "educacion",
        "subcategoria": "school",
        "tags": {
          "amenity": "school",
          "name": "IED Eduardo Carranza"
        }
      },
      "geometry": {
        "type": "Point",
        "coordinates": [
          -74.0720242,
          4.672748
        ]
      }
    },
    {
      "type": "Feature",
      "properties": {
        "id": 402204154,
        "nombre": "Universidad de la Salle-Sede Centro",
        "categoria": "educacion",
        "subcategoria": "university",
        "tags": {
          "amenity": "university",
          "barrier": "yes",
          "internet_access": "yes",
          "internet_access:fee": "customers",
          "name": "Universidad de la Salle-Sede Centro",
          "operator": "Universidad de la Salle",
          "operator:type": "private",
          "website": "https://lasalle.edu.co/es"
        }
      },
      "geometry": {
        "type": "Point",
        "coordinates": [
          -74.0704525,
          4.5945913
        ]
      }
    },
    {
      "type": "Feature",
      "properties": {
        "id": 403406234,
        "nombre": "Gimnasio Campestre La Salette",
        "categoria": "educacion",
        "subcategoria": "school",
        "tags": {
          "amenity": "school",
          "barrier": "yes",
          "name": "Gimnasio Campestre La Salette"
        }
      },
      "geometry": {
        "type": "Point",
        "coordinates": [
          -74.0419727,
          4.7998429
        ]
      }
    },
    {
      "type": "Feature",
      "properties": {
        "id": 403723253,
        "nombre": "Universidad de Cundinamarca Sede Chía",
        "categoria": "educacion",
        "subcategoria": "university",
        "tags": {
          "amenity": "university",
          "barrier": "fence",
          "internet_access": "wlan",
          "internet_access:ssid": "Unicundi",
          "name": "Universidad de Cundinamarca Sede Chía",
          "website": "https://www.ucundinamarca.edu.co/"
        }
      },
      "geometry": {
        "type": "Point",
        "coordinates": [
          -74.0383775,
          4.8737386
        ]
      }
    },
    {
      "type": "Feature",
      "properties": {
        "id": 403724846,
        "nombre": "IEDp Diosa Chía",
        "categoria": "educacion",
        "subcategoria": "school",
        "tags": {
          "amenity": "school",
          "name": "IEDp Diosa Chía"
        }
      },
      "geometry": {
        "type": "Point",
        "coordinates": [
          -74.0509386,
          4.8788089
        ]
      }
    },
    {
      "type": "Feature",
      "properties": {
        "id": 404858009,
        "nombre": "Universidad Santo Tomas Campus El Aquinate",
        "categoria": "educacion",
        "subcategoria": "university",
        "tags": {
          "addr:city": "Bogotá D.C.",
          "addr:housenumber": "63-28",
          "addr:street": "Carrera 9A",
          "amenity": "university",
          "building": "yes",
          "building:levels": "4",
          "name": "Universidad Santo Tomas Campus El Aquinate",
          "website": "https://usantotomas.edu.co"
        }
      },
      "geometry": {
        "type": "Point",
        "coordinates": [
          -74.0612508,
          4.6491746
        ]
      }
    },
    {
      "type": "Feature",
      "properties": {
        "id": 405039879,
        "nombre": "Fundación Konrad Lorenz",
        "categoria": "educacion",
        "subcategoria": "university",
        "tags": {
          "addr:city": "Bogotá",
          "addr:country": "CO",
          "addr:housenumber": "62-43",
          "addr:street": "Carrera 9 Bis",
          "amenity": "university",
          "building": "yes",
          "building:levels": "8",
          "check_date": "2024-03-29",
          "name": "Fundación Konrad Lorenz",
          "roof:shape": "flat"
        }
      },
      "geometry": {
        "type": "Point",
        "coordinates": [
          -74.0615035,
          4.6485705
        ]
      }
    },
    {
      "type": "Feature",
      "properties": {
        "id": 406123788,
        "nombre": "TadeoLab, Módulo 15",
        "categoria": "educacion",
        "subcategoria": "university",
        "tags": {
          "addr:city": "Bogotá D.C.",
          "addr:housenumber": "3-30",
          "addr:street": "Calle 22",
          "amenity": "university",
          "building": "university",
          "building:levels": "8",
          "description": "Edificio de la Universidad Jorge Tadeo Lozano, módulo 15. En el piso 1, 6 y 8 está TadeoLab, es una plataforma de investigación, innovación y emprendimiento que promueve y coordina proyectos científicos, artísticos y tecnológicos interdisciplinarios.",
          "name": "TadeoLab, Módulo 15",
          "ref": "M15",
          "wheelchair": "limited"
        }
      },
      "geometry": {
        "type": "Point",
        "coordinates": [
          -74.0670803,
          4.6060025
        ]
      }
    },
    {
      "type": "Feature",
      "properties": {
        "id": 406123791,
        "nombre": "Moduelo 23 Centro de Investigación de Procesos Industriales (CIPI) Utadeo",
        "categoria": "educacion",
        "subcategoria": "university",
        "tags": {
          "addr:city": "Bogotá D.C.",
          "addr:street": "Carrera 3 calle 22 A",
          "alt_name": "Módulo 23 CIPI Utadeo",
          "amenity": "university",
          "building": "university",
          "description": "El (CIPI) Centro de Investigación de Procesos Industriales es un edificio especializado que cuenta con equipos de transferencia de calor, masa y momento en espacios amplios e iluminados. Hace parte de la Universidad Jorge Tadeo Lozano.",
          "image": "https://www.utadeo.edu.co/sites/tadeo/files/styles/internal_517x290/public/node/area/field_images/1.cipi_.utadeo.az_.1.jpg?itok=wdjJ9t0X",
          "name": "Moduelo 23 Centro de Investigación de Procesos Industriales (CIPI) Utadeo",
          "operator": "Modulo 23"
        }
      },
      "geometry": {
        "type": "Point",
        "coordinates": [
          -74.0662941,
          4.6059732
        ]
      }
    },
    {
      "type": "Feature",
      "properties": {
        "id": 407184374,
        "nombre": "Colegio El Camino Academy",
        "categoria": "educacion",
        "subcategoria": "school",
        "tags": {
          "addr:city": "Bogotá",
          "addr:postcode": "111166",
          "addr:street": "Calle 222 # 52-30",
          "amenity": "school",
          "name": "Colegio El Camino Academy",
          "operator": "Asociación Educando con Cristo"
        }
      },
      "geometry": {
        "type": "Point",
        "coordinates": [
          -74.0434444,
          4.7984219
        ]
      }
    },
    {
      "type": "Feature",
      "properties": {
        "id": 407269638,
        "nombre": "Colegio Agustiniano de Suba",
        "categoria": "educacion",
        "subcategoria": "school",
        "tags": {
          "amenity": "school",
          "barrier": "yes",
          "name": "Colegio Agustiniano de Suba"
        }
      },
      "geometry": {
        "type": "Point",
        "coordinates": [
          -74.082797,
          4.7402693
        ]
      }
    },
    {
      "type": "Feature",
      "properties": {
        "id": 407502379,
        "nombre": "Colegio Codema IED",
        "categoria": "educacion",
        "subcategoria": "school",
        "tags": {
          "amenity": "school",
          "name": "Colegio Codema IED"
        }
      },
      "geometry": {
        "type": "Point",
        "coordinates": [
          -74.1653465,
          4.6483995
        ]
      }
    },
    {
      "type": "Feature",
      "properties": {
        "id": 408339824,
        "nombre": "Decanatura U.Cooperativa",
        "categoria": "educacion",
        "subcategoria": "university",
        "tags": {
          "amenity": "university",
          "name": "Decanatura U.Cooperativa"
        }
      },
      "geometry": {
        "type": "Point",
        "coordinates": [
          -74.0670221,
          4.6310701
        ]
      }
    },
    {
      "type": "Feature",
      "properties": {
        "id": 408486058,
        "nombre": "Colegio Divino Salvador",
        "categoria": "educacion",
        "subcategoria": "school",
        "tags": {
          "amenity": "school",
          "barrier": "yes",
          "denomination": "roman_catholic",
          "name": "Colegio Divino Salvador",
          "religion": "christian"
        }
      },
      "geometry": {
        "type": "Point",
        "coordinates": [
          -74.071129,
          4.747835
        ]
      }
    },
    {
      "type": "Feature",
      "properties": {
        "id": 408491899,
        "nombre": "Colegio Garcés Navas 3",
        "categoria": "educacion",
        "subcategoria": "school",
        "tags": {
          "amenity": "school",
          "name": "Colegio Garcés Navas 3"
        }
      },
      "geometry": {
        "type": "Point",
        "coordinates": [
          -74.1175829,
          4.7104895
        ]
      }
    },
    {
      "type": "Feature",
      "properties": {
        "id": 408497325,
        "nombre": "Colegio Miguel Antonio Caro (MAC)",
        "categoria": "educacion",
        "subcategoria": "school",
        "tags": {
          "addr:city": "Funza",
          "addr:housenumber": "6",
          "addr:street": "Calle 15",
          "amenity": "school",
          "name": "Colegio Miguel Antonio Caro (MAC)"
        }
      },
      "geometry": {
        "type": "Point",
        "coordinates": [
          -74.206707,
          4.7102266
        ]
      }
    },
    {
      "type": "Feature",
      "properties": {
        "id": 408746298,
        "nombre": "Colegio Benedicto XVI",
        "categoria": "educacion",
        "subcategoria": "school",
        "tags": {
          "amenity": "school",
          "name": "Colegio Benedicto XVI"
        }
      },
      "geometry": {
        "type": "Point",
        "coordinates": [
          -74.1940599,
          4.5932405
        ]
      }
    },
    {
      "type": "Feature",
      "properties": {
        "id": 408746300,
        "nombre": "IE León XIII Sede Principal",
        "categoria": "educacion",
        "subcategoria": "school",
        "tags": {
          "addr:city": "Soacha",
          "addr:street": "carrera 8 con cr 47",
          "amenity": "school",
          "name": "IE León XIII Sede Principal",
          "operator": "Secretaría Educación Soacha"
        }
      },
      "geometry": {
        "type": "Point",
        "coordinates": [
          -74.1939596,
          4.5935928
        ]
      }
    },
    {
      "type": "Feature",
      "properties": {
        "id": 408746307,
        "nombre": "IE Manuela Beltrán Sede principal",
        "categoria": "educacion",
        "subcategoria": "school",
        "tags": {
          "amenity": "school",
          "building": "school",
          "education": "school",
          "name": "IE Manuela Beltrán Sede principal"
        }
      },
      "geometry": {
        "type": "Point",
        "coordinates": [
          -74.1890207,
          4.5954624
        ]
      }
    },
    {
      "type": "Feature",
      "properties": {
        "id": 408751226,
        "nombre": "IE La Despensa Sede B",
        "categoria": "educacion",
        "subcategoria": "school",
        "tags": {
          "amenity": "school",
          "check_date": "2026-05-18",
          "name": "IE La Despensa Sede B"
        }
      },
      "geometry": {
        "type": "Point",
        "coordinates": [
          -74.1983052,
          4.5970493
        ]
      }
    },
    {
      "type": "Feature",
      "properties": {
        "id": 408779671,
        "nombre": "IED Francisco Javier Matiz Sede A",
        "categoria": "educacion",
        "subcategoria": "school",
        "tags": {
          "amenity": "school",
          "name": "IED Francisco Javier Matiz Sede A",
          "opening_hours": "Mo-Fr 06:00-17:00"
        }
      },
      "geometry": {
        "type": "Point",
        "coordinates": [
          -74.0938871,
          4.565525
        ]
      }
    },
    {
      "type": "Feature",
      "properties": {
        "id": 409010283,
        "nombre": "Colegio Canapro",
        "categoria": "educacion",
        "subcategoria": "school",
        "tags": {
          "amenity": "school",
          "name": "Colegio Canapro"
        }
      },
      "geometry": {
        "type": "Point",
        "coordinates": [
          -74.0412639,
          4.7526826
        ]
      }
    },
    {
      "type": "Feature",
      "properties": {
        "id": 409156782,
        "nombre": "Universidad Catolica Facultad de Psicologia",
        "categoria": "educacion",
        "subcategoria": "university",
        "tags": {
          "addr:housenumber": "46-40",
          "addr:street": "Avenida Caracas",
          "amenity": "university",
          "name": "Universidad Catolica Facultad de Psicologia",
          "source": "Kaart Ground Survey 2017"
        }
      },
      "geometry": {
        "type": "Point",
        "coordinates": [
          -74.0669457,
          4.6337133
        ]
      }
    },
    {
      "type": "Feature",
      "properties": {
        "id": 409272904,
        "nombre": "Sin Nombre",
        "categoria": "educacion",
        "subcategoria": "university",
        "tags": {
          "amenity": "university"
        }
      },
      "geometry": {
        "type": "Point",
        "coordinates": [
          -74.0679116,
          4.6331902
        ]
      }
    },
    {
      "type": "Feature",
      "properties": {
        "id": 409340209,
        "nombre": "Liceo Hypatia",
        "categoria": "educacion",
        "subcategoria": "school",
        "tags": {
          "amenity": "school",
          "barrier": "yes",
          "name": "Liceo Hypatia"
        }
      },
      "geometry": {
        "type": "Point",
        "coordinates": [
          -74.0837772,
          4.7508557
        ]
      }
    },
    {
      "type": "Feature",
      "properties": {
        "id": 409340210,
        "nombre": "Educación y vida",
        "categoria": "educacion",
        "subcategoria": "school",
        "tags": {
          "amenity": "school",
          "barrier": "yes",
          "name": "Educación y vida"
        }
      },
      "geometry": {
        "type": "Point",
        "coordinates": [
          -74.0843975,
          4.7512102
        ]
      }
    },
    {
      "type": "Feature",
      "properties": {
        "id": 409386989,
        "nombre": "MIS PEQUEÑOS GENIOS",
        "categoria": "educacion",
        "subcategoria": "school",
        "tags": {
          "addr:street": "Carrera 87 BIS 49C-23",
          "amenity": "school",
          "name": "MIS PEQUEÑOS GENIOS"
        }
      },
      "geometry": {
        "type": "Point",
        "coordinates": [
          -74.1776467,
          4.6288056
        ]
      }
    },
    {
      "type": "Feature",
      "properties": {
        "id": 409389103,
        "nombre": "Colegio Francisco I",
        "categoria": "educacion",
        "subcategoria": "school",
        "tags": {
          "addr:street": "Carrera 87 BIS 49C-53",
          "amenity": "school",
          "name": "Colegio Francisco I"
        }
      },
      "geometry": {
        "type": "Point",
        "coordinates": [
          -74.1779118,
          4.6285951
        ]
      }
    },
    {
      "type": "Feature",
      "properties": {
        "id": 409389107,
        "nombre": "Colegio Francisco I",
        "categoria": "educacion",
        "subcategoria": "school",
        "tags": {
          "addr:city": "Bogotá",
          "addr:full": "Carrera 87A 49C-12",
          "addr:housenumber": "49C-12",
          "addr:street": "Carrera 87A",
          "amenity": "school",
          "name": "Colegio Francisco I"
        }
      },
      "geometry": {
        "type": "Point",
        "coordinates": [
          -74.1780971,
          4.6285647
        ]
      }
    },
    {
      "type": "Feature",
      "properties": {
        "id": 409390051,
        "nombre": "Gimnasio Los Pinos",
        "categoria": "educacion",
        "subcategoria": "school",
        "tags": {
          "amenity": "school",
          "education": "school",
          "grades": "0-11",
          "name": "Gimnasio Los Pinos",
          "website": "https://gimnasiolospinos.edu.co/"
        }
      },
      "geometry": {
        "type": "Point",
        "coordinates": [
          -74.0328461,
          4.7713283
        ]
      }
    },
    {
      "type": "Feature",
      "properties": {
        "id": 409394394,
        "nombre": "UniCervantina",
        "categoria": "educacion",
        "subcategoria": "university",
        "tags": {
          "amenity": "university",
          "barrier": "yes",
          "name": "UniCervantina"
        }
      },
      "geometry": {
        "type": "Point",
        "coordinates": [
          -74.0673142,
          4.7881833
        ]
      }
    },
    {
      "type": "Feature",
      "properties": {
        "id": 409394397,
        "nombre": "Colegio Santa Mariana de Jesús",
        "categoria": "educacion",
        "subcategoria": "school",
        "tags": {
          "addr:city": "Bogotá D.C.",
          "addr:street": "Calle 194",
          "amenity": "school",
          "denomination": "catholic",
          "description": "hermanas Marianitas",
          "name": "Colegio Santa Mariana de Jesús",
          "religion": "christian"
        }
      },
      "geometry": {
        "type": "Point",
        "coordinates": [
          -74.0454292,
          4.7719127
        ]
      }
    },
    {
      "type": "Feature",
      "properties": {
        "id": 409394637,
        "nombre": "Sin Nombre",
        "categoria": "educacion",
        "subcategoria": "school",
        "tags": {
          "addr:street": "Diagonal 49 Sur 86C-17",
          "amenity": "school"
        }
      },
      "geometry": {
        "type": "Point",
        "coordinates": [
          -74.1772866,
          4.6273793
        ]
      }
    },
    {
      "type": "Feature",
      "properties": {
        "id": 409625083,
        "nombre": "Gimnasio Cristiano Luz y Vida",
        "categoria": "educacion",
        "subcategoria": "school",
        "tags": {
          "amenity": "school",
          "name": "Gimnasio Cristiano Luz y Vida"
        }
      },
      "geometry": {
        "type": "Point",
        "coordinates": [
          -74.1624906,
          4.636414
        ]
      }
    },
    {
      "type": "Feature",
      "properties": {
        "id": 409625095,
        "nombre": "Sin Nombre",
        "categoria": "educacion",
        "subcategoria": "school",
        "tags": {
          "amenity": "school"
        }
      },
      "geometry": {
        "type": "Point",
        "coordinates": [
          -74.162627,
          4.6365892
        ]
      }
    },
    {
      "type": "Feature",
      "properties": {
        "id": 409882516,
        "nombre": "IED Nicolas Gomez Davila",
        "categoria": "educacion",
        "subcategoria": "school",
        "tags": {
          "amenity": "school",
          "name": "IED Nicolas Gomez Davila"
        }
      },
      "geometry": {
        "type": "Point",
        "coordinates": [
          -74.148772,
          4.5637093
        ]
      }
    },
    {
      "type": "Feature",
      "properties": {
        "id": 409882535,
        "nombre": "Instituto San Francisco",
        "categoria": "educacion",
        "subcategoria": "school",
        "tags": {
          "amenity": "school",
          "name": "Instituto San Francisco"
        }
      },
      "geometry": {
        "type": "Point",
        "coordinates": [
          -74.1488019,
          4.5641873
        ]
      }
    },
    {
      "type": "Feature",
      "properties": {
        "id": 409890196,
        "nombre": "iInstituto Cultural Colombo-Alemán",
        "categoria": "educacion",
        "subcategoria": "college",
        "tags": {
          "addr:street": "Avenida Carrera 7",
          "amenity": "college",
          "name": "iInstituto Cultural Colombo-Alemán",
          "short_name": "ICA",
          "source": "Kaart Ground Survey 2017"
        }
      },
      "geometry": {
        "type": "Point",
        "coordinates": [
          -74.0650196,
          4.6296449
        ]
      }
    },
    {
      "type": "Feature",
      "properties": {
        "id": 410109431,
        "nombre": "Instituto Geofísico Universidad Javeriana",
        "categoria": "educacion",
        "subcategoria": "college",
        "tags": {
          "addr:street": "Avenida Carrera 7",
          "amenity": "college",
          "name": "Instituto Geofísico Universidad Javeriana",
          "source": "Kaart Ground Survey 2017"
        }
      },
      "geometry": {
        "type": "Point",
        "coordinates": [
          -74.0651448,
          4.6298205
        ]
      }
    },
    {
      "type": "Feature",
      "properties": {
        "id": 410301079,
        "nombre": "Corporación Educativa Nacional CEN",
        "categoria": "educacion",
        "subcategoria": "college",
        "tags": {
          "amenity": "college",
          "name": "Corporación Educativa Nacional CEN"
        }
      },
      "geometry": {
        "type": "Point",
        "coordinates": [
          -74.2152246,
          4.7154611
        ]
      }
    },
    {
      "type": "Feature",
      "properties": {
        "id": 410325804,
        "nombre": "Colegio Antonio Nariño",
        "categoria": "educacion",
        "subcategoria": "school",
        "tags": {
          "addr:city": "Bogotá",
          "addr:street": "Calle 60",
          "amenity": "school",
          "name": "Colegio Antonio Nariño",
          "source": "Kaart Ground Survey 2017"
        }
      },
      "geometry": {
        "type": "Point",
        "coordinates": [
          -74.0675164,
          4.6479941
        ]
      }
    },
    {
      "type": "Feature",
      "properties": {
        "id": 410384214,
        "nombre": "IED Alban Holguín Sede C",
        "categoria": "educacion",
        "subcategoria": "school",
        "tags": {
          "amenity": "school",
          "barrier": "yes",
          "name": "IED Alban Holguín Sede C"
        }
      },
      "geometry": {
        "type": "Point",
        "coordinates": [
          -74.2096482,
          4.6140562
        ]
      }
    },
    {
      "type": "Feature",
      "properties": {
        "id": 411099453,
        "nombre": "Colegio Agustiniano Tagaste",
        "categoria": "educacion",
        "subcategoria": "college",
        "tags": {
          "addr:street": "Carrera 88",
          "amenity": "college",
          "name": "Colegio Agustiniano Tagaste",
          "source": "Kaart Ground Survey 2017"
        }
      },
      "geometry": {
        "type": "Point",
        "coordinates": [
          -74.1471571,
          4.6548118
        ]
      }
    },
    {
      "type": "Feature",
      "properties": {
        "id": 412171133,
        "nombre": "Colegio General Gustavo Rojas Pinilla",
        "categoria": "educacion",
        "subcategoria": "school",
        "tags": {
          "addr:city": "Bogotá",
          "addr:housenumber": "1",
          "addr:street": "Calle 11B # 80B 61",
          "amenity": "school",
          "name": "Colegio General Gustavo Rojas Pinilla"
        }
      },
      "geometry": {
        "type": "Point",
        "coordinates": [
          -74.1408991,
          4.6488382
        ]
      }
    },
    {
      "type": "Feature",
      "properties": {
        "id": 412247867,
        "nombre": "Colegio Salesiano León XIII",
        "categoria": "educacion",
        "subcategoria": "school",
        "tags": {
          "amenity": "school",
          "name": "Colegio Salesiano León XIII"
        }
      },
      "geometry": {
        "type": "Point",
        "coordinates": [
          -74.0945208,
          4.622234
        ]
      }
    },
    {
      "type": "Feature",
      "properties": {
        "id": 413217363,
        "nombre": "Universidad Católica Luís Amigó",
        "categoria": "educacion",
        "subcategoria": "university",
        "tags": {
          "amenity": "university",
          "name": "Universidad Católica Luís Amigó",
          "website": "https://www.funlam.edu.co/modules/sedebogota/"
        }
      },
      "geometry": {
        "type": "Point",
        "coordinates": [
          -74.0745124,
          4.7168777
        ]
      }
    },
    {
      "type": "Feature",
      "properties": {
        "id": 414819235,
        "nombre": "IED Gabriel Betancourt Mejia Sede B",
        "categoria": "educacion",
        "subcategoria": "school",
        "tags": {
          "amenity": "school",
          "education": "school",
          "name": "IED Gabriel Betancourt Mejia Sede B"
        }
      },
      "geometry": {
        "type": "Point",
        "coordinates": [
          -74.1570375,
          4.6573522
        ]
      }
    },
    {
      "type": "Feature",
      "properties": {
        "id": 414899994,
        "nombre": "Colegio Distrital Magdalena Ortega de Nariño",
        "categoria": "educacion",
        "subcategoria": "school",
        "tags": {
          "amenity": "school",
          "name": "Colegio Distrital Magdalena Ortega de Nariño"
        }
      },
      "geometry": {
        "type": "Point",
        "coordinates": [
          -74.0830343,
          4.6865611
        ]
      }
    },
    {
      "type": "Feature",
      "properties": {
        "id": 415097075,
        "nombre": "I.E.D Bolivia Colegio Rodolfo Llinas",
        "categoria": "educacion",
        "subcategoria": "school",
        "tags": {
          "addr:city": "Engativá",
          "addr:housenumber": "103c-80",
          "addr:street": "Diagonal 86A",
          "amenity": "school",
          "denomination": "nondenominational",
          "name": "I.E.D Bolivia Colegio Rodolfo Llinas",
          "operator": "Secretaría de Educación de Bogotá",
          "operator:type": "public",
          "religion": "no"
        }
      },
      "geometry": {
        "type": "Point",
        "coordinates": [
          -74.1079713,
          4.7200481
        ]
      }
    },
    {
      "type": "Feature",
      "properties": {
        "id": 417666732,
        "nombre": "Colegio Agustín Fernández Sede C",
        "categoria": "educacion",
        "subcategoria": "school",
        "tags": {
          "amenity": "school",
          "building": "yes",
          "name": "Colegio Agustín Fernández Sede C"
        }
      },
      "geometry": {
        "type": "Point",
        "coordinates": [
          -74.0168824,
          4.7343414
        ]
      }
    },
    {
      "type": "Feature",
      "properties": {
        "id": 417988633,
        "nombre": "Colegio Integral Femenino",
        "categoria": "educacion",
        "subcategoria": "school",
        "tags": {
          "addr:postcode": "250051",
          "addr:street": "Calle 13",
          "amenity": "school",
          "barrier": "yes",
          "denomination": "catholic",
          "name": "Colegio Integral Femenino",
          "religion": "christian"
        }
      },
      "geometry": {
        "type": "Point",
        "coordinates": [
          -74.2194437,
          4.5865257
        ]
      }
    },
    {
      "type": "Feature",
      "properties": {
        "id": 418404285,
        "nombre": "Colegio Girazoma",
        "categoria": "educacion",
        "subcategoria": "school",
        "tags": {
          "amenity": "school",
          "name": "Colegio Girazoma"
        }
      },
      "geometry": {
        "type": "Point",
        "coordinates": [
          -74.0771308,
          4.6725212
        ]
      }
    },
    {
      "type": "Feature",
      "properties": {
        "id": 419899716,
        "nombre": "San Luis Gonzaga",
        "categoria": "educacion",
        "subcategoria": "school",
        "tags": {
          "amenity": "school",
          "name": "San Luis Gonzaga",
          "source": "Kaart Ground Survey 2017"
        }
      },
      "geometry": {
        "type": "Point",
        "coordinates": [
          -74.0844542,
          4.7481591
        ]
      }
    },
    {
      "type": "Feature",
      "properties": {
        "id": 421201422,
        "nombre": "Institución Educativa Juan Luis Londoña De la cuesta",
        "categoria": "educacion",
        "subcategoria": "school",
        "tags": {
          "amenity": "school",
          "name": "Institución Educativa Juan Luis Londoña De la cuesta"
        }
      },
      "geometry": {
        "type": "Point",
        "coordinates": [
          -74.2277761,
          4.7030322
        ]
      }
    },
    {
      "type": "Feature",
      "properties": {
        "id": 422048331,
        "nombre": "Unilatina",
        "categoria": "educacion",
        "subcategoria": "college",
        "tags": {
          "addr:city": "Bogotá D.C.",
          "addr:street": "Calle 46 No. 3-05",
          "amenity": "college",
          "name": "Unilatina"
        }
      },
      "geometry": {
        "type": "Point",
        "coordinates": [
          -74.061515,
          4.6317435
        ]
      }
    },
    {
      "type": "Feature",
      "properties": {
        "id": 424204817,
        "nombre": "Fund. Aeiotú Pasadena",
        "categoria": "educacion",
        "subcategoria": "school",
        "tags": {
          "amenity": "school",
          "name": "Fund. Aeiotú Pasadena"
        }
      },
      "geometry": {
        "type": "Point",
        "coordinates": [
          -74.0589082,
          4.6951125
        ]
      }
    },
    {
      "type": "Feature",
      "properties": {
        "id": 425445376,
        "nombre": "Sin Nombre",
        "categoria": "educacion",
        "subcategoria": "school",
        "tags": {
          "amenity": "school"
        }
      },
      "geometry": {
        "type": "Point",
        "coordinates": [
          -74.1008131,
          4.6080449
        ]
      }
    },
    {
      "type": "Feature",
      "properties": {
        "id": 425445377,
        "nombre": "IED Nuevo San Andrés de los Altos",
        "categoria": "educacion",
        "subcategoria": "school",
        "tags": {
          "amenity": "school",
          "name": "IED Nuevo San Andrés de los Altos"
        }
      },
      "geometry": {
        "type": "Point",
        "coordinates": [
          -74.1199673,
          4.5250487
        ]
      }
    },
    {
      "type": "Feature",
      "properties": {
        "id": 428514302,
        "nombre": "Colegio Militar Coronel Juan José Rondón",
        "categoria": "educacion",
        "subcategoria": "school",
        "tags": {
          "amenity": "school",
          "barrier": "yes",
          "name": "Colegio Militar Coronel Juan José Rondón"
        }
      },
      "geometry": {
        "type": "Point",
        "coordinates": [
          -74.2031826,
          4.707805
        ]
      }
    },
    {
      "type": "Feature",
      "properties": {
        "id": 429760249,
        "nombre": "Colegio Mayor de los Andes",
        "categoria": "educacion",
        "subcategoria": "school",
        "tags": {
          "amenity": "school",
          "name": "Colegio Mayor de los Andes"
        }
      },
      "geometry": {
        "type": "Point",
        "coordinates": [
          -74.0366163,
          4.8995853
        ]
      }
    },
    {
      "type": "Feature",
      "properties": {
        "id": 429766034,
        "nombre": "Kabalia Academia ecuestre",
        "categoria": "educacion",
        "subcategoria": "school",
        "tags": {
          "amenity": "school",
          "name": "Kabalia Academia ecuestre"
        }
      },
      "geometry": {
        "type": "Point",
        "coordinates": [
          -74.0617021,
          4.870563
        ]
      }
    },
    {
      "type": "Feature",
      "properties": {
        "id": 433098233,
        "nombre": "Colegio Fonquetá",
        "categoria": "educacion",
        "subcategoria": "school",
        "tags": {
          "amenity": "school",
          "name": "Colegio Fonquetá"
        }
      },
      "geometry": {
        "type": "Point",
        "coordinates": [
          -74.0714363,
          4.8625362
        ]
      }
    },
    {
      "type": "Feature",
      "properties": {
        "id": 433476116,
        "nombre": "Colegio Nacional Diversificado \"Conaldi\"",
        "categoria": "educacion",
        "subcategoria": "school",
        "tags": {
          "addr:street": "Calle 9",
          "amenity": "school",
          "name": "Colegio Nacional Diversificado \"Conaldi\"",
          "source": "Kaart Ground Survey 2017"
        }
      },
      "geometry": {
        "type": "Point",
        "coordinates": [
          -74.0565277,
          4.8568308
        ]
      }
    },
    {
      "type": "Feature",
      "properties": {
        "id": 433871191,
        "nombre": "Colegio Santa Rosa de Lima",
        "categoria": "educacion",
        "subcategoria": "school",
        "tags": {
          "amenity": "school",
          "name": "Colegio Santa Rosa de Lima"
        }
      },
      "geometry": {
        "type": "Point",
        "coordinates": [
          -74.0724065,
          4.6643935
        ]
      }
    },
    {
      "type": "Feature",
      "properties": {
        "id": 439020723,
        "nombre": "Colegio Psicopedagogico",
        "categoria": "educacion",
        "subcategoria": "school",
        "tags": {
          "addr:city": "Bogotá",
          "addr:street": "Calle 17 No. 96 A - 52",
          "amenity": "school",
          "building:levels": "3",
          "name": "Colegio Psicopedagogico"
        }
      },
      "geometry": {
        "type": "Point",
        "coordinates": [
          -74.1495095,
          4.678284
        ]
      }
    },
    {
      "type": "Feature",
      "properties": {
        "id": 439020833,
        "nombre": "Colegio Psicopedagogico",
        "categoria": "educacion",
        "subcategoria": "school",
        "tags": {
          "amenity": "school",
          "name": "Colegio Psicopedagogico"
        }
      },
      "geometry": {
        "type": "Point",
        "coordinates": [
          -74.1492392,
          4.6784297
        ]
      }
    },
    {
      "type": "Feature",
      "properties": {
        "id": 439382905,
        "nombre": "IE Nuestra Señora de Loreto",
        "categoria": "educacion",
        "subcategoria": "school",
        "tags": {
          "amenity": "school",
          "barrier": "yes",
          "name": "IE Nuestra Señora de Loreto"
        }
      },
      "geometry": {
        "type": "Point",
        "coordinates": [
          -74.2696342,
          4.7239654
        ]
      }
    },
    {
      "type": "Feature",
      "properties": {
        "id": 439382908,
        "nombre": "Institución Educativa Departamental Tecnológico de Madrid",
        "categoria": "educacion",
        "subcategoria": "school",
        "tags": {
          "addr:city": "Madrid",
          "addr:postcode": "250030",
          "addr:street": "Carrera 22",
          "amenity": "school",
          "barrier": "yes",
          "name": "Institución Educativa Departamental Tecnológico de Madrid",
          "operator": "Público",
          "operator:type": "public"
        }
      },
      "geometry": {
        "type": "Point",
        "coordinates": [
          -74.2794537,
          4.7298116
        ]
      }
    },
    {
      "type": "Feature",
      "properties": {
        "id": 439382910,
        "nombre": "I.E.D. María Teresa Ortiz",
        "categoria": "educacion",
        "subcategoria": "school",
        "tags": {
          "amenity": "school",
          "barrier": "yes",
          "name": "I.E.D. María Teresa Ortiz",
          "operator": "Público",
          "operator:type": "public"
        }
      },
      "geometry": {
        "type": "Point",
        "coordinates": [
          -74.276336,
          4.7312323
        ]
      }
    },
    {
      "type": "Feature",
      "properties": {
        "id": 449015785,
        "nombre": "Colegio Santiago Mayor",
        "categoria": "educacion",
        "subcategoria": "school",
        "tags": {
          "amenity": "school",
          "barrier": "yes",
          "name": "Colegio Santiago Mayor"
        }
      },
      "geometry": {
        "type": "Point",
        "coordinates": [
          -74.0629886,
          4.7651053
        ]
      }
    },
    {
      "type": "Feature",
      "properties": {
        "id": 450669411,
        "nombre": "Santa Rosita Las Vegas",
        "categoria": "educacion",
        "subcategoria": "school",
        "tags": {
          "amenity": "school",
          "name": "Santa Rosita Las Vegas"
        }
      },
      "geometry": {
        "type": "Point",
        "coordinates": [
          -74.163769,
          4.5753157
        ]
      }
    },
    {
      "type": "Feature",
      "properties": {
        "id": 454127893,
        "nombre": "Colegio Parroquial de Nuestra Señora",
        "categoria": "educacion",
        "subcategoria": "school",
        "tags": {
          "amenity": "school",
          "description": "Sede primaria",
          "name": "Colegio Parroquial de Nuestra Señora"
        }
      },
      "geometry": {
        "type": "Point",
        "coordinates": [
          -74.1140951,
          4.5817006
        ]
      }
    },
    {
      "type": "Feature",
      "properties": {
        "id": 454128026,
        "nombre": "Colegio Parroquial de Nuestra Señora",
        "categoria": "educacion",
        "subcategoria": "school",
        "tags": {
          "amenity": "school",
          "description": "Sede bachillerato",
          "name": "Colegio Parroquial de Nuestra Señora",
          "operator": "Iglesia católica",
          "operator:type": "private"
        }
      },
      "geometry": {
        "type": "Point",
        "coordinates": [
          -74.1132807,
          4.5817723
        ]
      }
    },
    {
      "type": "Feature",
      "properties": {
        "id": 456130259,
        "nombre": "Institución Educativa Departamental La Aurora - Sede Aurora Alta",
        "categoria": "educacion",
        "subcategoria": "school",
        "tags": {
          "amenity": "school",
          "name": "Institución Educativa Departamental La Aurora - Sede Aurora Alta"
        }
      },
      "geometry": {
        "type": "Point",
        "coordinates": [
          -74.0157066,
          4.761662
        ]
      }
    },
    {
      "type": "Feature",
      "properties": {
        "id": 461470607,
        "nombre": "Colegio Manuel Elkin Patarroyo",
        "categoria": "educacion",
        "subcategoria": "school",
        "tags": {
          "amenity": "school",
          "name": "Colegio Manuel Elkin Patarroyo"
        }
      },
      "geometry": {
        "type": "Point",
        "coordinates": [
          -74.1635642,
          4.5687463
        ]
      }
    },
    {
      "type": "Feature",
      "properties": {
        "id": 461477980,
        "nombre": "Sin Nombre",
        "categoria": "educacion",
        "subcategoria": "school",
        "tags": {
          "amenity": "school",
          "education": "school"
        }
      },
      "geometry": {
        "type": "Point",
        "coordinates": [
          -74.1662714,
          4.5667018
        ]
      }
    },
    {
      "type": "Feature",
      "properties": {
        "id": 465222042,
        "nombre": "Colegio San Angelo",
        "categoria": "educacion",
        "subcategoria": "school",
        "tags": {
          "addr:city": "Bogotá",
          "addr:postcode": "111166",
          "addr:street": "Calle 223",
          "amenity": "school",
          "name": "Colegio San Angelo"
        }
      },
      "geometry": {
        "type": "Point",
        "coordinates": [
          -74.0450962,
          4.8005427
        ]
      }
    },
    {
      "type": "Feature",
      "properties": {
        "id": 465237269,
        "nombre": "Liceo Católico Campestre",
        "categoria": "educacion",
        "subcategoria": "school",
        "tags": {
          "addr:city": "Bogotá",
          "addr:postcode": "111166",
          "addr:street": "Carrera 52",
          "amenity": "school",
          "name": "Liceo Católico Campestre",
          "operator": "Liceo Católico Campestre"
        }
      },
      "geometry": {
        "type": "Point",
        "coordinates": [
          -74.0423864,
          4.7982508
        ]
      }
    },
    {
      "type": "Feature",
      "properties": {
        "id": 473871451,
        "nombre": "Uniminuto Sede Soacha",
        "categoria": "educacion",
        "subcategoria": "university",
        "tags": {
          "amenity": "university",
          "barrier": "yes",
          "name": "Uniminuto Sede Soacha"
        }
      },
      "geometry": {
        "type": "Point",
        "coordinates": [
          -74.224199,
          4.5764931
        ]
      }
    },
    {
      "type": "Feature",
      "properties": {
        "id": 474649846,
        "nombre": "Colegio Sur Oriental Panamericano A",
        "categoria": "educacion",
        "subcategoria": "college",
        "tags": {
          "amenity": "college",
          "name": "Colegio Sur Oriental Panamericano A"
        }
      },
      "geometry": {
        "type": "Point",
        "coordinates": [
          -74.0927867,
          4.5515581
        ]
      }
    },
    {
      "type": "Feature",
      "properties": {
        "id": 474649847,
        "nombre": "Colegio Sur Oriental Panamericano B",
        "categoria": "educacion",
        "subcategoria": "college",
        "tags": {
          "amenity": "college",
          "name": "Colegio Sur Oriental Panamericano B"
        }
      },
      "geometry": {
        "type": "Point",
        "coordinates": [
          -74.0932265,
          4.5517218
        ]
      }
    },
    {
      "type": "Feature",
      "properties": {
        "id": 474649848,
        "nombre": "Colegio Sur Oriental Panamericano C",
        "categoria": "educacion",
        "subcategoria": "college",
        "tags": {
          "amenity": "college",
          "name": "Colegio Sur Oriental Panamericano C"
        }
      },
      "geometry": {
        "type": "Point",
        "coordinates": [
          -74.0927797,
          4.5512741
        ]
      }
    },
    {
      "type": "Feature",
      "properties": {
        "id": 475333395,
        "nombre": "Colegio Cafam Nueva Roma Oriental",
        "categoria": "educacion",
        "subcategoria": "school",
        "tags": {
          "amenity": "school",
          "name": "Colegio Cafam Nueva Roma Oriental"
        }
      },
      "geometry": {
        "type": "Point",
        "coordinates": [
          -74.0959662,
          4.5411551
        ]
      }
    },
    {
      "type": "Feature",
      "properties": {
        "id": 477211319,
        "nombre": "Ateneo Integral Ana B. de Flórez",
        "categoria": "educacion",
        "subcategoria": "school",
        "tags": {
          "amenity": "school",
          "education": "school",
          "name": "Ateneo Integral Ana B. de Flórez",
          "operator": "Ministerio de Educación Nacional",
          "operator:type": "government",
          "operator:wikidata": "Q3062480"
        }
      },
      "geometry": {
        "type": "Point",
        "coordinates": [
          -74.140658,
          4.6737303
        ]
      }
    },
    {
      "type": "Feature",
      "properties": {
        "id": 479815492,
        "nombre": "IED Los Periodistas",
        "categoria": "educacion",
        "subcategoria": "school",
        "tags": {
          "amenity": "school",
          "name": "IED Los Periodistas"
        }
      },
      "geometry": {
        "type": "Point",
        "coordinates": [
          -74.1584822,
          4.6175354
        ]
      }
    },
    {
      "type": "Feature",
      "properties": {
        "id": 480548548,
        "nombre": "Colegio campestre Monte Cervino",
        "categoria": "educacion",
        "subcategoria": "school",
        "tags": {
          "amenity": "school",
          "name": "Colegio campestre Monte Cervino"
        }
      },
      "geometry": {
        "type": "Point",
        "coordinates": [
          -74.0661837,
          4.873301
        ]
      }
    },
    {
      "type": "Feature",
      "properties": {
        "id": 481482665,
        "nombre": "Liceo Mayor de Soacha",
        "categoria": "educacion",
        "subcategoria": "school",
        "tags": {
          "amenity": "school",
          "barrier": "yes",
          "name": "Liceo Mayor de Soacha"
        }
      },
      "geometry": {
        "type": "Point",
        "coordinates": [
          -74.1948642,
          4.582718
        ]
      }
    },
    {
      "type": "Feature",
      "properties": {
        "id": 481692940,
        "nombre": "fundacion Gimnasio Real Americano",
        "categoria": "educacion",
        "subcategoria": "school",
        "tags": {
          "amenity": "school",
          "name": "fundacion Gimnasio Real Americano"
        }
      },
      "geometry": {
        "type": "Point",
        "coordinates": [
          -74.1955604,
          4.6301627
        ]
      }
    },
    {
      "type": "Feature",
      "properties": {
        "id": 481692943,
        "nombre": "Gimnasio Real Americano",
        "categoria": "educacion",
        "subcategoria": "school",
        "tags": {
          "amenity": "school",
          "name": "Gimnasio Real Americano"
        }
      },
      "geometry": {
        "type": "Point",
        "coordinates": [
          -74.1951954,
          4.6301019
        ]
      }
    },
    {
      "type": "Feature",
      "properties": {
        "id": 481741259,
        "nombre": "Colegio Muñecos y figuras",
        "categoria": "educacion",
        "subcategoria": "school",
        "tags": {
          "amenity": "school",
          "name": "Colegio Muñecos y figuras"
        }
      },
      "geometry": {
        "type": "Point",
        "coordinates": [
          -74.1444448,
          4.6122521
        ]
      }
    },
    {
      "type": "Feature",
      "properties": {
        "id": 482487595,
        "nombre": "Sin Nombre",
        "categoria": "educacion",
        "subcategoria": "school",
        "tags": {
          "amenity": "school",
          "education": "school"
        }
      },
      "geometry": {
        "type": "Point",
        "coordinates": [
          -74.0310703,
          4.74944
        ]
      }
    },
    {
      "type": "Feature",
      "properties": {
        "id": 490297418,
        "nombre": "I. E. D. Colegio República de China Sede B",
        "categoria": "educacion",
        "subcategoria": "school",
        "tags": {
          "addr:city": "Bogotá D.C.",
          "addr:housenumber": "#92-39",
          "addr:street": "Calle 78B",
          "amenity": "school",
          "building": "yes",
          "building:levels": "1",
          "description": "Sede de Preescolar y Primaria de colegio oficial.",
          "name": "I. E. D. Colegio República de China Sede B",
          "operator": "Secretaría de Educación Distrital"
        }
      },
      "geometry": {
        "type": "Point",
        "coordinates": [
          -74.1060873,
          4.7058633
        ]
      }
    },
    {
      "type": "Feature",
      "properties": {
        "id": 496529430,
        "nombre": "Centro Educativo Moyano",
        "categoria": "educacion",
        "subcategoria": "school",
        "tags": {
          "addr:city": "Madrid",
          "amenity": "school",
          "name": "Centro Educativo Moyano",
          "operator": "Oficial"
        }
      },
      "geometry": {
        "type": "Point",
        "coordinates": [
          -74.2952375,
          4.7927524
        ]
      }
    },
    {
      "type": "Feature",
      "properties": {
        "id": 498655628,
        "nombre": "Colegio Distrital República Dominicana - Sede a",
        "categoria": "educacion",
        "subcategoria": "school",
        "tags": {
          "amenity": "school",
          "name": "Colegio Distrital República Dominicana - Sede a"
        }
      },
      "geometry": {
        "type": "Point",
        "coordinates": [
          -74.1079736,
          4.7349349
        ]
      }
    },
    {
      "type": "Feature",
      "properties": {
        "id": 498697160,
        "nombre": "Colegio Ekirayá de Educación Montessori",
        "categoria": "educacion",
        "subcategoria": "school",
        "tags": {
          "amenity": "school",
          "name": "Colegio Ekirayá de Educación Montessori"
        }
      },
      "geometry": {
        "type": "Point",
        "coordinates": [
          -74.0088928,
          4.6597846
        ]
      }
    },
    {
      "type": "Feature",
      "properties": {
        "id": 503850763,
        "nombre": "Universidad La Gran Colombia",
        "categoria": "educacion",
        "subcategoria": "university",
        "tags": {
          "amenity": "university",
          "check_date": "2025-05-13",
          "name": "Universidad La Gran Colombia",
          "wikidata": "Q6156504",
          "wikipedia": "es:Universidad La Gran Colombia"
        }
      },
      "geometry": {
        "type": "Point",
        "coordinates": [
          -74.0727076,
          4.599593
        ]
      }
    },
    {
      "type": "Feature",
      "properties": {
        "id": 503850764,
        "nombre": "Universidad La Gran Colombia",
        "categoria": "educacion",
        "subcategoria": "university",
        "tags": {
          "amenity": "university",
          "building": "yes",
          "name": "Universidad La Gran Colombia"
        }
      },
      "geometry": {
        "type": "Point",
        "coordinates": [
          -74.0735558,
          4.5980403
        ]
      }
    },
    {
      "type": "Feature",
      "properties": {
        "id": 505666016,
        "nombre": "Colegio Clermont",
        "categoria": "educacion",
        "subcategoria": "school",
        "tags": {
          "amenity": "school",
          "name": "Colegio Clermont"
        }
      },
      "geometry": {
        "type": "Point",
        "coordinates": [
          -74.0608799,
          4.7948434
        ]
      }
    },
    {
      "type": "Feature",
      "properties": {
        "id": 505667495,
        "nombre": "Colegio Colombo Americano",
        "categoria": "educacion",
        "subcategoria": "school",
        "tags": {
          "amenity": "school",
          "name": "Colegio Colombo Americano"
        }
      },
      "geometry": {
        "type": "Point",
        "coordinates": [
          -74.0600481,
          4.7967943
        ]
      }
    },
    {
      "type": "Feature",
      "properties": {
        "id": 505667600,
        "nombre": "Gimnasio La Montaña",
        "categoria": "educacion",
        "subcategoria": "school",
        "tags": {
          "amenity": "school",
          "name": "Gimnasio La Montaña"
        }
      },
      "geometry": {
        "type": "Point",
        "coordinates": [
          -74.0481497,
          4.7921172
        ]
      }
    },
    {
      "type": "Feature",
      "properties": {
        "id": 505851108,
        "nombre": "IED San Rafael",
        "categoria": "educacion",
        "subcategoria": "school",
        "tags": {
          "amenity": "school",
          "name": "IED San Rafael"
        }
      },
      "geometry": {
        "type": "Point",
        "coordinates": [
          -74.1620553,
          4.617395
        ]
      }
    },
    {
      "type": "Feature",
      "properties": {
        "id": 505852080,
        "nombre": "Colegio Cooperativo de Timiza",
        "categoria": "educacion",
        "subcategoria": "school",
        "tags": {
          "amenity": "school",
          "name": "Colegio Cooperativo de Timiza"
        }
      },
      "geometry": {
        "type": "Point",
        "coordinates": [
          -74.1506121,
          4.6081709
        ]
      }
    },
    {
      "type": "Feature",
      "properties": {
        "id": 507663697,
        "nombre": "Colegio La Enseñanza",
        "categoria": "educacion",
        "subcategoria": "school",
        "tags": {
          "addr:city": "Bogotá",
          "amenity": "school",
          "name": "Colegio La Enseñanza"
        }
      },
      "geometry": {
        "type": "Point",
        "coordinates": [
          -74.0527021,
          4.7820518
        ]
      }
    },
    {
      "type": "Feature",
      "properties": {
        "id": 507663698,
        "nombre": "Colegio Los Nogales",
        "categoria": "educacion",
        "subcategoria": "school",
        "tags": {
          "addr:city": "Bogotá",
          "amenity": "school",
          "name": "Colegio Los Nogales"
        }
      },
      "geometry": {
        "type": "Point",
        "coordinates": [
          -74.0548968,
          4.7821816
        ]
      }
    },
    {
      "type": "Feature",
      "properties": {
        "id": 511190637,
        "nombre": "IED Nelson Mandela",
        "categoria": "educacion",
        "subcategoria": "school",
        "tags": {
          "addr:street": "Carrera 90A",
          "amenity": "school",
          "building:levels": "2",
          "education": "school",
          "name": "IED Nelson Mandela"
        }
      },
      "geometry": {
        "type": "Point",
        "coordinates": [
          -74.1779198,
          4.6358847
        ]
      }
    },
    {
      "type": "Feature",
      "properties": {
        "id": 517742208,
        "nombre": "IED De Cultura Popular Sede C",
        "categoria": "educacion",
        "subcategoria": "school",
        "tags": {
          "amenity": "school",
          "education": "school",
          "name": "IED De Cultura Popular Sede C"
        }
      },
      "geometry": {
        "type": "Point",
        "coordinates": [
          -74.1252109,
          4.6015262
        ]
      }
    },
    {
      "type": "Feature",
      "properties": {
        "id": 517805523,
        "nombre": "Colegio Técnico Benjamin Herrera Sede A",
        "categoria": "educacion",
        "subcategoria": "school",
        "tags": {
          "addr:housenumber": "26-38",
          "addr:street": "Avenida Primero de Mayo",
          "amenity": "school",
          "name": "Colegio Técnico Benjamin Herrera Sede A",
          "source": "Kaart Ground Survey 2017"
        }
      },
      "geometry": {
        "type": "Point",
        "coordinates": [
          -74.1236828,
          4.6033389
        ]
      }
    },
    {
      "type": "Feature",
      "properties": {
        "id": 523826009,
        "nombre": "Sin Nombre",
        "categoria": "educacion",
        "subcategoria": "school",
        "tags": {
          "amenity": "school",
          "source": "Bing Aerial Image"
        }
      },
      "geometry": {
        "type": "Point",
        "coordinates": [
          -73.9394125,
          4.4896074
        ]
      }
    },
    {
      "type": "Feature",
      "properties": {
        "id": 526368446,
        "nombre": "Colegio Distrital San Francisco de Asis",
        "categoria": "educacion",
        "subcategoria": "school",
        "tags": {
          "amenity": "school",
          "education": "school",
          "name": "Colegio Distrital San Francisco de Asis"
        }
      },
      "geometry": {
        "type": "Point",
        "coordinates": [
          -74.0922553,
          4.5939489
        ]
      }
    },
    {
      "type": "Feature",
      "properties": {
        "id": 526552511,
        "nombre": "Fundación Educativa Colegio Wesleyano del Norte",
        "categoria": "educacion",
        "subcategoria": "school",
        "tags": {
          "addr:street": "Avenida Calle 161",
          "amenity": "school",
          "building": "yes",
          "name": "Fundación Educativa Colegio Wesleyano del Norte",
          "source": "Kaart Ground Survey 2017"
        }
      },
      "geometry": {
        "type": "Point",
        "coordinates": [
          -74.047252,
          4.7413966
        ]
      }
    },
    {
      "type": "Feature",
      "properties": {
        "id": 527319672,
        "nombre": "IED Agustín Fernández",
        "categoria": "educacion",
        "subcategoria": "school",
        "tags": {
          "addr:full": "CARRERA 7 No. 155 - 20",
          "addr:street": "Avenida Carrera 7",
          "amenity": "school",
          "check_date": "2025-01-22",
          "name": "IED Agustín Fernández",
          "source": "Kaart Ground Survey 2017"
        }
      },
      "geometry": {
        "type": "Point",
        "coordinates": [
          -74.0235935,
          4.7294793
        ]
      }
    },
    {
      "type": "Feature",
      "properties": {
        "id": 527383487,
        "nombre": "Escuela de defensoria roberto camacho",
        "categoria": "educacion",
        "subcategoria": "school",
        "tags": {
          "addr:street": "Diagonal 40A",
          "addr:unit": "15-21",
          "amenity": "school",
          "name": "Escuela de defensoria roberto camacho"
        }
      },
      "geometry": {
        "type": "Point",
        "coordinates": [
          -74.0698547,
          4.6286672
        ]
      }
    },
    {
      "type": "Feature",
      "properties": {
        "id": 527899215,
        "nombre": "Colegio Nuestra Señora del Rosario",
        "categoria": "educacion",
        "subcategoria": "school",
        "tags": {
          "addr:street": "Carrera 12",
          "amenity": "school",
          "name": "Colegio Nuestra Señora del Rosario",
          "source": "Kaart Ground Survey 2017"
        }
      },
      "geometry": {
        "type": "Point",
        "coordinates": [
          -74.2123674,
          4.7146934
        ]
      }
    },
    {
      "type": "Feature",
      "properties": {
        "id": 527972479,
        "nombre": "Colegio Communal las Orquideas",
        "categoria": "educacion",
        "subcategoria": "school",
        "tags": {
          "addr:street": "Avenida Calle 161",
          "amenity": "school",
          "name": "Colegio Communal las Orquideas",
          "source": "Kaart Ground Survey 2017"
        }
      },
      "geometry": {
        "type": "Point",
        "coordinates": [
          -74.0398277,
          4.7396749
        ]
      }
    },
    {
      "type": "Feature",
      "properties": {
        "id": 528312254,
        "nombre": "Hogar infantil Cafeterito",
        "categoria": "educacion",
        "subcategoria": "school",
        "tags": {
          "amenity": "school",
          "name": "Hogar infantil Cafeterito"
        }
      },
      "geometry": {
        "type": "Point",
        "coordinates": [
          -74.0702431,
          4.6282011
        ]
      }
    },
    {
      "type": "Feature",
      "properties": {
        "id": 528454937,
        "nombre": "Hogar infantil Los Eucaliptos",
        "categoria": "educacion",
        "subcategoria": "school",
        "tags": {
          "amenity": "school",
          "name": "Hogar infantil Los Eucaliptos"
        }
      },
      "geometry": {
        "type": "Point",
        "coordinates": [
          -74.1141508,
          4.620398
        ]
      }
    },
    {
      "type": "Feature",
      "properties": {
        "id": 528476665,
        "nombre": "San Martín",
        "categoria": "educacion",
        "subcategoria": "university",
        "tags": {
          "addr:street": "Carrera 19",
          "amenity": "university",
          "building": "yes",
          "name": "San Martín",
          "source": "Kaart Ground Survey 2017",
          "wheelchair": "limited"
        }
      },
      "geometry": {
        "type": "Point",
        "coordinates": [
          -74.0587013,
          4.6682106
        ]
      }
    },
    {
      "type": "Feature",
      "properties": {
        "id": 528535552,
        "nombre": "Colegio de la Presentacion",
        "categoria": "educacion",
        "subcategoria": "school",
        "tags": {
          "addr:street": "Carrera 69H",
          "amenity": "school",
          "building": "yes",
          "name": "Colegio de la Presentacion",
          "source": "Kaart Ground Survey 2017"
        }
      },
      "geometry": {
        "type": "Point",
        "coordinates": [
          -74.085844,
          4.6851745
        ]
      }
    },
    {
      "type": "Feature",
      "properties": {
        "id": 528600315,
        "nombre": "GimnasioPpsicopedagogico Guildfor",
        "categoria": "educacion",
        "subcategoria": "school",
        "tags": {
          "addr:city": "Bogotá",
          "addr:housenumber": "95",
          "addr:street": "Carrera 91",
          "amenity": "school",
          "grades": "0-6",
          "name": "GimnasioPpsicopedagogico Guildfor"
        }
      },
      "geometry": {
        "type": "Point",
        "coordinates": [
          -74.0871702,
          4.7331161
        ]
      }
    },
    {
      "type": "Feature",
      "properties": {
        "id": 528857062,
        "nombre": "Summerhill School",
        "categoria": "educacion",
        "subcategoria": "school",
        "tags": {
          "addr:street": "Via Siberia - Cota",
          "amenity": "school",
          "name": "Summerhill School",
          "source": "Kaart Ground Survey 2017"
        }
      },
      "geometry": {
        "type": "Point",
        "coordinates": [
          -74.1311988,
          4.7812987
        ]
      }
    },
    {
      "type": "Feature",
      "properties": {
        "id": 528857064,
        "nombre": "Gimnasio San Francisco de Sales",
        "categoria": "educacion",
        "subcategoria": "school",
        "tags": {
          "addr:street": "Via Siberia - Cota",
          "amenity": "school",
          "barrier": "yes",
          "name": "Gimnasio San Francisco de Sales",
          "source": "Kaart Ground Survey 2017"
        }
      },
      "geometry": {
        "type": "Point",
        "coordinates": [
          -74.1398411,
          4.7775814
        ]
      }
    },
    {
      "type": "Feature",
      "properties": {
        "id": 529058539,
        "nombre": "IED Jorge Isaacs",
        "categoria": "educacion",
        "subcategoria": "school",
        "tags": {
          "amenity": "school",
          "barrier": "yes",
          "name": "IED Jorge Isaacs"
        }
      },
      "geometry": {
        "type": "Point",
        "coordinates": [
          -74.2022636,
          4.62662
        ]
      }
    },
    {
      "type": "Feature",
      "properties": {
        "id": 529093229,
        "nombre": "IED Cultura Popular - Sede B",
        "categoria": "educacion",
        "subcategoria": "school",
        "tags": {
          "addr:full": "CARRERA 41 No. 34 - 35 SUR",
          "amenity": "school",
          "name": "IED Cultura Popular - Sede B"
        }
      },
      "geometry": {
        "type": "Point",
        "coordinates": [
          -74.1238743,
          4.5981471
        ]
      }
    },
    {
      "type": "Feature",
      "properties": {
        "id": 529230336,
        "nombre": "TEINCO - Sede Teusaquillo",
        "categoria": "educacion",
        "subcategoria": "college",
        "tags": {
          "addr:city": "Bogotá",
          "addr:housenumber": "16-86",
          "addr:street": "Calle 42",
          "amenity": "college",
          "name": "TEINCO - Sede Teusaquillo"
        }
      },
      "geometry": {
        "type": "Point",
        "coordinates": [
          -74.070731,
          4.630819
        ]
      }
    },
    {
      "type": "Feature",
      "properties": {
        "id": 529287101,
        "nombre": "Colegio Técnico Benjamin Herrera Sede C",
        "categoria": "educacion",
        "subcategoria": "school",
        "tags": {
          "amenity": "school",
          "building:levels": "1",
          "name": "Colegio Técnico Benjamin Herrera Sede C"
        }
      },
      "geometry": {
        "type": "Point",
        "coordinates": [
          -74.1213426,
          4.6016088
        ]
      }
    },
    {
      "type": "Feature",
      "properties": {
        "id": 529328444,
        "nombre": "Antonia Santos O.E.A",
        "categoria": "educacion",
        "subcategoria": "school",
        "tags": {
          "amenity": "school",
          "name": "Antonia Santos O.E.A"
        }
      },
      "geometry": {
        "type": "Point",
        "coordinates": [
          -74.140878,
          4.6093237
        ]
      }
    },
    {
      "type": "Feature",
      "properties": {
        "id": 529515453,
        "nombre": "Colegio Distrital República de Panamá Sede C",
        "categoria": "educacion",
        "subcategoria": "college",
        "tags": {
          "addr:street": "Calle 78",
          "amenity": "college",
          "building": "yes",
          "name": "Colegio Distrital República de Panamá Sede C",
          "source": "Kaart Ground Survey 2017"
        }
      },
      "geometry": {
        "type": "Point",
        "coordinates": [
          -74.0765144,
          4.6765187
        ]
      }
    },
    {
      "type": "Feature",
      "properties": {
        "id": 529531438,
        "nombre": "Sin Nombre",
        "categoria": "educacion",
        "subcategoria": "college",
        "tags": {
          "addr:city": "Bogotá D.C.",
          "addr:housenumber": "34-48",
          "addr:street": "Avenida Caracas",
          "amenity": "college",
          "building:levels": "3",
          "source": "Kaart Ground Survey 2017;Astro 2019"
        }
      },
      "geometry": {
        "type": "Point",
        "coordinates": [
          -74.0690771,
          4.6232377
        ]
      }
    },
    {
      "type": "Feature",
      "properties": {
        "id": 529552325,
        "nombre": "Colegio Santa Helena Baviera",
        "categoria": "educacion",
        "subcategoria": "school",
        "tags": {
          "addr:street": "Carrera 47",
          "amenity": "school",
          "building": "yes",
          "name": "Colegio Santa Helena Baviera",
          "source": "Kaart Ground Survey 2017"
        }
      },
      "geometry": {
        "type": "Point",
        "coordinates": [
          -74.0519317,
          4.7291804
        ]
      }
    },
    {
      "type": "Feature",
      "properties": {
        "id": 529558758,
        "nombre": "Instituto Nueva Colombia",
        "categoria": "educacion",
        "subcategoria": "school",
        "tags": {
          "addr:street": "Calle 145",
          "amenity": "school",
          "building": "yes",
          "name": "Instituto Nueva Colombia",
          "source": "Kaart Ground Survey 2017"
        }
      },
      "geometry": {
        "type": "Point",
        "coordinates": [
          -74.0521867,
          4.7279738
        ]
      }
    },
    {
      "type": "Feature",
      "properties": {
        "id": 529739639,
        "nombre": "Colegio Campestre San Carlos de Cota",
        "categoria": "educacion",
        "subcategoria": "school",
        "tags": {
          "addr:street": "Camellon de las Flores",
          "amenity": "school",
          "name": "Colegio Campestre San Carlos de Cota",
          "source": "Kaart Ground Survey 2017"
        }
      },
      "geometry": {
        "type": "Point",
        "coordinates": [
          -74.1008707,
          4.8189093
        ]
      }
    },
    {
      "type": "Feature",
      "properties": {
        "id": 529792347,
        "nombre": "Sin Nombre",
        "categoria": "educacion",
        "subcategoria": "school",
        "tags": {
          "addr:street": "Calle 163",
          "amenity": "school",
          "fixme": "name",
          "source": "Kaart Ground Survey 2017"
        }
      },
      "geometry": {
        "type": "Point",
        "coordinates": [
          -74.0261706,
          4.7386182
        ]
      }
    },
    {
      "type": "Feature",
      "properties": {
        "id": 529807849,
        "nombre": "Colegio Casablanca",
        "categoria": "educacion",
        "subcategoria": "school",
        "tags": {
          "addr:street": "Calle 163A",
          "amenity": "school",
          "name": "Colegio Casablanca",
          "source": "Kaart Ground Survey 2017"
        }
      },
      "geometry": {
        "type": "Point",
        "coordinates": [
          -74.0269734,
          4.7398732
        ]
      }
    },
    {
      "type": "Feature",
      "properties": {
        "id": 529810331,
        "nombre": "Gimnasio Karporé",
        "categoria": "educacion",
        "subcategoria": "school",
        "tags": {
          "addr:street": "Calle 117",
          "amenity": "school",
          "building": "school",
          "grades": "1-11",
          "internet_access": "yes",
          "name": "Gimnasio Karporé",
          "operator": "Grupo Kaiporé Innova S.a.s",
          "operator:type": "private",
          "religion": "none",
          "source": "Kaart Ground Survey 2017",
          "website": "https://gimnasiokaipore.edu.co/",
          "wheelchair": "yes"
        }
      },
      "geometry": {
        "type": "Point",
        "coordinates": [
          -74.0741191,
          4.7004891
        ]
      }
    },
    {
      "type": "Feature",
      "properties": {
        "id": 530124514,
        "nombre": "Pres Escolar San Angelo",
        "categoria": "educacion",
        "subcategoria": "school",
        "tags": {
          "addr:street": "Calle 142",
          "amenity": "school",
          "building": "yes",
          "name": "Pres Escolar San Angelo",
          "source": "Kaart Ground Survey 2017"
        }
      },
      "geometry": {
        "type": "Point",
        "coordinates": [
          -74.0453577,
          4.7237906
        ]
      }
    },
    {
      "type": "Feature",
      "properties": {
        "id": 530370633,
        "nombre": "Liceo Montana",
        "categoria": "educacion",
        "subcategoria": "school",
        "tags": {
          "addr:street": "Carrera 18",
          "amenity": "school",
          "building": "yes",
          "name": "Liceo Montana",
          "source": "Kaart Ground Survey 2017"
        }
      },
      "geometry": {
        "type": "Point",
        "coordinates": [
          -74.0448134,
          4.7222664
        ]
      }
    },
    {
      "type": "Feature",
      "properties": {
        "id": 530373941,
        "nombre": "Colegio Padre José Manyanet",
        "categoria": "educacion",
        "subcategoria": "school",
        "tags": {
          "addr:street": "Calle 69A",
          "amenity": "school",
          "name": "Colegio Padre José Manyanet",
          "source": "Kaart Ground Survey 2017"
        }
      },
      "geometry": {
        "type": "Point",
        "coordinates": [
          -74.1103097,
          4.693117
        ]
      }
    },
    {
      "type": "Feature",
      "properties": {
        "id": 530427396,
        "nombre": "Universitaria de Cataluña",
        "categoria": "educacion",
        "subcategoria": "university",
        "tags": {
          "addr:housenumber": "18B-18",
          "addr:street": "Calle 106A",
          "amenity": "university",
          "building": "yes",
          "name": "Universitaria de Cataluña",
          "source": "Kaart Ground Survey 2017"
        }
      },
      "geometry": {
        "type": "Point",
        "coordinates": [
          -74.049929,
          4.6934008
        ]
      }
    },
    {
      "type": "Feature",
      "properties": {
        "id": 530629950,
        "nombre": "Boys & Girls",
        "categoria": "educacion",
        "subcategoria": "school",
        "tags": {
          "addr:street": "Calle 104",
          "amenity": "school",
          "building": "school",
          "grades": "0-6",
          "name": "Boys & Girls",
          "religion": "no",
          "source": "survey;local knowledge",
          "website": "https://jardinboysandgirls.edu.co/"
        }
      },
      "geometry": {
        "type": "Point",
        "coordinates": [
          -74.0532757,
          4.6904747
        ]
      }
    },
    {
      "type": "Feature",
      "properties": {
        "id": 530636359,
        "nombre": "Colegio Gustavo Morales Morales",
        "categoria": "educacion",
        "subcategoria": "school",
        "tags": {
          "addr:street": "Calle 129",
          "amenity": "school",
          "name": "Colegio Gustavo Morales Morales",
          "source": "Kaart Ground Survey 2017"
        }
      },
      "geometry": {
        "type": "Point",
        "coordinates": [
          -74.0644817,
          4.716325
        ]
      }
    },
    {
      "type": "Feature",
      "properties": {
        "id": 531280964,
        "nombre": "Universidad Antonio Narino Centro de Convecciones",
        "categoria": "educacion",
        "subcategoria": "university",
        "tags": {
          "addr:street": "Transversal 21",
          "amenity": "university",
          "building": "yes",
          "name": "Universidad Antonio Narino Centro de Convecciones",
          "source": "Kaart Ground Survey 2017"
        }
      },
      "geometry": {
        "type": "Point",
        "coordinates": [
          -74.0547546,
          4.6839769
        ]
      }
    },
    {
      "type": "Feature",
      "properties": {
        "id": 531293718,
        "nombre": "Gimnasio el Lago",
        "categoria": "educacion",
        "subcategoria": "school",
        "tags": {
          "addr:street": "Calle 74A",
          "amenity": "school",
          "building": "yes",
          "name": "Gimnasio el Lago",
          "source": "Kaart Ground Survey 2017"
        }
      },
      "geometry": {
        "type": "Point",
        "coordinates": [
          -74.0955329,
          4.6913748
        ]
      }
    },
    {
      "type": "Feature",
      "properties": {
        "id": 531339586,
        "nombre": "Colegio Distrital Toberin",
        "categoria": "educacion",
        "subcategoria": "school",
        "tags": {
          "addr:street": "Carrera 17",
          "amenity": "school",
          "name": "Colegio Distrital Toberin",
          "shop": "travel_agency",
          "source": "Kaart Ground Survey 2017"
        }
      },
      "geometry": {
        "type": "Point",
        "coordinates": [
          -74.0403255,
          4.7429858
        ]
      }
    },
    {
      "type": "Feature",
      "properties": {
        "id": 531541118,
        "nombre": "Liceo San Andres",
        "categoria": "educacion",
        "subcategoria": "school",
        "tags": {
          "addr:street": "Calle 144A",
          "amenity": "school",
          "building": "yes",
          "name": "Liceo San Andres",
          "source": "Kaart Ground Survey 2017"
        }
      },
      "geometry": {
        "type": "Point",
        "coordinates": [
          -74.0548043,
          4.7280827
        ]
      }
    },
    {
      "type": "Feature",
      "properties": {
        "id": 531560477,
        "nombre": "Colegio Prado Veraniego",
        "categoria": "educacion",
        "subcategoria": "school",
        "tags": {
          "addr:street": "Carrera 53A",
          "amenity": "school",
          "building": "yes",
          "name": "Colegio Prado Veraniego",
          "source": "Kaart Ground Survey 2017"
        }
      },
      "geometry": {
        "type": "Point",
        "coordinates": [
          -74.0608102,
          4.7134842
        ]
      }
    },
    {
      "type": "Feature",
      "properties": {
        "id": 531725891,
        "nombre": "Colegio San José de Calasanz",
        "categoria": "educacion",
        "subcategoria": "school",
        "tags": {
          "addr:street": "Calle 129",
          "amenity": "school",
          "education": "school",
          "name": "Colegio San José de Calasanz",
          "source": "Kaart Ground Survey 2017"
        }
      },
      "geometry": {
        "type": "Point",
        "coordinates": [
          -74.0881891,
          4.7224674
        ]
      }
    },
    {
      "type": "Feature",
      "properties": {
        "id": 531735934,
        "nombre": "Liceo Comercial las Américas Inscripciones Abiertas",
        "categoria": "educacion",
        "subcategoria": "school",
        "tags": {
          "addr:street": "Carrera 83",
          "amenity": "school",
          "building": "yes",
          "name": "Liceo Comercial las Américas Inscripciones Abiertas",
          "source": "Kaart Ground Survey 2017"
        }
      },
      "geometry": {
        "type": "Point",
        "coordinates": [
          -74.1023798,
          4.696389
        ]
      }
    },
    {
      "type": "Feature",
      "properties": {
        "id": 531738265,
        "nombre": "Institucion Educativa Distrital Hunzá Sede B",
        "categoria": "educacion",
        "subcategoria": "school",
        "tags": {
          "addr:street": "Calle 128B",
          "amenity": "school",
          "building": "yes",
          "name": "Institucion Educativa Distrital Hunzá Sede B",
          "source": "Kaart Ground Survey 2017"
        }
      },
      "geometry": {
        "type": "Point",
        "coordinates": [
          -74.0873318,
          4.7205568
        ]
      }
    },
    {
      "type": "Feature",
      "properties": {
        "id": 531777030,
        "nombre": "Liceo Terioska",
        "categoria": "educacion",
        "subcategoria": "school",
        "tags": {
          "addr:street": "Calle 134D",
          "amenity": "school",
          "building": "yes",
          "name": "Liceo Terioska",
          "source": "Kaart Ground Survey 2017"
        }
      },
      "geometry": {
        "type": "Point",
        "coordinates": [
          -74.0560438,
          4.7215968
        ]
      }
    },
    {
      "type": "Feature",
      "properties": {
        "id": 531784646,
        "nombre": "Sin Nombre",
        "categoria": "educacion",
        "subcategoria": "school",
        "tags": {
          "addr:street": "Calle 130D",
          "amenity": "school",
          "source": "Kaart Ground Survey 2017"
        }
      },
      "geometry": {
        "type": "Point",
        "coordinates": [
          -74.086722,
          4.7268738
        ]
      }
    },
    {
      "type": "Feature",
      "properties": {
        "id": 531820108,
        "nombre": "Colegio Distrito Nueva Colombia I.E.D.",
        "categoria": "educacion",
        "subcategoria": "school",
        "tags": {
          "addr:street": "Carrera 102A",
          "amenity": "school",
          "name": "Colegio Distrito Nueva Colombia I.E.D.",
          "name:es": "Colegio Distrito Nueva Colombia I.E.D.",
          "source": "Kaart Ground Survey 2017"
        }
      },
      "geometry": {
        "type": "Point",
        "coordinates": [
          -74.0995602,
          4.728429
        ]
      }
    },
    {
      "type": "Feature",
      "properties": {
        "id": 531972449,
        "nombre": "Escuela de Operaciones y Capacitacion de Copa Airlines",
        "categoria": "educacion",
        "subcategoria": "school",
        "tags": {
          "addr:city": "Bogotá D. C.",
          "addr:housenumber": "25f-38",
          "addr:street": "Avenida Carrera 103",
          "amenity": "school",
          "building:levels": "2",
          "building:material": "glass",
          "name": "Escuela de Operaciones y Capacitacion de Copa Airlines",
          "operator": "Copa Airlines",
          "operator:type": "private",
          "website": "https://www.copaair.com/es/web/co"
        }
      },
      "geometry": {
        "type": "Point",
        "coordinates": [
          -74.1319729,
          4.6880996
        ]
      }
    },
    {
      "type": "Feature",
      "properties": {
        "id": 532358960,
        "nombre": "Colegio Bogotá Andino",
        "categoria": "educacion",
        "subcategoria": "school",
        "tags": {
          "addr:street": "Calle 67",
          "amenity": "school",
          "building": "yes",
          "name": "Colegio Bogotá Andino",
          "source": "Kaart Ground Survey 2017"
        }
      },
      "geometry": {
        "type": "Point",
        "coordinates": [
          -74.1048406,
          4.6865283
        ]
      }
    },
    {
      "type": "Feature",
      "properties": {
        "id": 532358961,
        "nombre": "Colegio Antonio Nariño",
        "categoria": "educacion",
        "subcategoria": "school",
        "tags": {
          "addr:street": "Carrera 77 C",
          "amenity": "school",
          "name": "Colegio Antonio Nariño",
          "source": "Kaart Ground Survey 2017"
        }
      },
      "geometry": {
        "type": "Point",
        "coordinates": [
          -74.1041187,
          4.686261
        ]
      }
    },
    {
      "type": "Feature",
      "properties": {
        "id": 532379048,
        "nombre": "Campoalto",
        "categoria": "educacion",
        "subcategoria": "university",
        "tags": {
          "addr:housenumber": "34-22",
          "addr:street": "Avenida Carrera 14",
          "amenity": "university",
          "building": "university",
          "name": "Campoalto",
          "source": "Kaart Ground Survey 2017"
        }
      },
      "geometry": {
        "type": "Point",
        "coordinates": [
          -74.0691698,
          4.6229337
        ]
      }
    },
    {
      "type": "Feature",
      "properties": {
        "id": 532379049,
        "nombre": "Cenda",
        "categoria": "educacion",
        "subcategoria": "university",
        "tags": {
          "addr:city": "Bogotá D.C.",
          "addr:housenumber": "35 - 02",
          "addr:street": "Calle",
          "amenity": "university",
          "building": "yes",
          "name": "Cenda",
          "source": "Kaart Ground Survey 2017"
        }
      },
      "geometry": {
        "type": "Point",
        "coordinates": [
          -74.06891,
          4.6239994
        ]
      }
    },
    {
      "type": "Feature",
      "properties": {
        "id": 532978812,
        "nombre": "ECOTET - Escuela Colombiana de Hoteleria y Turismo",
        "categoria": "educacion",
        "subcategoria": "college",
        "tags": {
          "addr:city": "Bogotá D.C.",
          "addr:housename": "Autopista Norte # 106-63",
          "addr:street": "Autopista Norte",
          "amenity": "college",
          "building": "yes",
          "name": "ECOTET - Escuela Colombiana de Hoteleria y Turismo",
          "operator": "Ecotet",
          "source": "Kaart Ground Survey 2017"
        }
      },
      "geometry": {
        "type": "Point",
        "coordinates": [
          -74.0565142,
          4.694841
        ]
      }
    },
    {
      "type": "Feature",
      "properties": {
        "id": 533040986,
        "nombre": "College of Miami",
        "categoria": "educacion",
        "subcategoria": "college",
        "tags": {
          "addr:street": "Avenida Carrera 14",
          "amenity": "college",
          "building": "yes",
          "name": "College of Miami",
          "source": "Kaart Ground Survey 2017"
        }
      },
      "geometry": {
        "type": "Point",
        "coordinates": [
          -74.0649212,
          4.649926
        ]
      }
    },
    {
      "type": "Feature",
      "properties": {
        "id": 533040989,
        "nombre": "Colombo Germana",
        "categoria": "educacion",
        "subcategoria": "college",
        "tags": {
          "addr:street": "Avenida Carrera 14",
          "amenity": "college",
          "building": "yes",
          "name": "Colombo Germana",
          "source": "Kaart Ground Survey 2017"
        }
      },
      "geometry": {
        "type": "Point",
        "coordinates": [
          -74.0647304,
          4.6512732
        ]
      }
    },
    {
      "type": "Feature",
      "properties": {
        "id": 533046355,
        "nombre": "Sin Nombre",
        "categoria": "educacion",
        "subcategoria": "school",
        "tags": {
          "addr:street": "Carrera 92",
          "amenity": "school",
          "source": "Kaart Ground Survey 2017"
        }
      },
      "geometry": {
        "type": "Point",
        "coordinates": [
          -74.0871823,
          4.731285
        ]
      }
    },
    {
      "type": "Feature",
      "properties": {
        "id": 533051128,
        "nombre": "Colégio Compartir Mosquera",
        "categoria": "educacion",
        "subcategoria": "school",
        "tags": {
          "addr:housenumber": "10-77",
          "addr:street": "Carrera 3 Este",
          "amenity": "school",
          "name": "Colégio Compartir Mosquera",
          "source": "Kaart Ground Survey 2017"
        }
      },
      "geometry": {
        "type": "Point",
        "coordinates": [
          -74.222377,
          4.7079199
        ]
      }
    },
    {
      "type": "Feature",
      "properties": {
        "id": 533186261,
        "nombre": "Colegio San Nicolas de Tolentino",
        "categoria": "educacion",
        "subcategoria": "school",
        "tags": {
          "addr:street": "Carrera 94",
          "amenity": "school",
          "building": "yes",
          "name": "Colegio San Nicolas de Tolentino",
          "source": "Kaart Ground Survey 2017"
        }
      },
      "geometry": {
        "type": "Point",
        "coordinates": [
          -74.0911715,
          4.7284788
        ]
      }
    },
    {
      "type": "Feature",
      "properties": {
        "id": 533827423,
        "nombre": "Colegio Psicopedacdgico el Arte del Saber",
        "categoria": "educacion",
        "subcategoria": "university",
        "tags": {
          "addr:street": "Carrera 109A",
          "amenity": "university",
          "building": "yes",
          "name": "Colegio Psicopedacdgico el Arte del Saber",
          "source": "Kaart Ground Survey 2017"
        }
      },
      "geometry": {
        "type": "Point",
        "coordinates": [
          -74.1304214,
          4.7006091
        ]
      }
    },
    {
      "type": "Feature",
      "properties": {
        "id": 534668481,
        "nombre": "Sin Nombre",
        "categoria": "educacion",
        "subcategoria": "school",
        "tags": {
          "addr:street": "Calle 70C",
          "amenity": "school",
          "source": "Kaart Ground Survey 2017"
        }
      },
      "geometry": {
        "type": "Point",
        "coordinates": [
          -74.130939,
          4.710169
        ]
      }
    },
    {
      "type": "Feature",
      "properties": {
        "id": 534908336,
        "nombre": "Virgen De La Peña",
        "categoria": "educacion",
        "subcategoria": "college",
        "tags": {
          "addr:street": "Carrera 110",
          "amenity": "college",
          "name": "Virgen De La Peña",
          "source": "Kaart Ground Survey 2017"
        }
      },
      "geometry": {
        "type": "Point",
        "coordinates": [
          -74.1267615,
          4.7083234
        ]
      }
    },
    {
      "type": "Feature",
      "properties": {
        "id": 537783620,
        "nombre": "Colegio Distrital San Francisco de Asis",
        "categoria": "educacion",
        "subcategoria": "school",
        "tags": {
          "addr:full": "Carrera 21 No. 1 D - 06",
          "addr:street": "Transversal 22",
          "amenity": "school",
          "education": "school",
          "name": "Colegio Distrital San Francisco de Asis",
          "source": "Kaart Ground Survey 2017"
        }
      },
      "geometry": {
        "type": "Point",
        "coordinates": [
          -74.0942178,
          4.5961262
        ]
      }
    },
    {
      "type": "Feature",
      "properties": {
        "id": 537794697,
        "nombre": "Escuela Nacional de Comercio",
        "categoria": "educacion",
        "subcategoria": "school",
        "tags": {
          "addr:street": "Carrera 3 E",
          "amenity": "school",
          "barrier": "yes",
          "name": "Escuela Nacional de Comercio",
          "source": "Kaart Ground Survey 2017"
        }
      },
      "geometry": {
        "type": "Point",
        "coordinates": [
          -74.0701488,
          4.5930162
        ]
      }
    },
    {
      "type": "Feature",
      "properties": {
        "id": 537812414,
        "nombre": "Colegio Interamericano",
        "categoria": "educacion",
        "subcategoria": "school",
        "tags": {
          "addr:street": "Calle 19 Sur",
          "amenity": "school",
          "name": "Colegio Interamericano",
          "source": "Kaart Ground Survey 2017"
        }
      },
      "geometry": {
        "type": "Point",
        "coordinates": [
          -74.0924639,
          4.5744945
        ]
      }
    },
    {
      "type": "Feature",
      "properties": {
        "id": 538364675,
        "nombre": "Institucion Educativa Distrital San Jose de Castilla SEDE A",
        "categoria": "educacion",
        "subcategoria": "school",
        "tags": {
          "amenity": "school",
          "capacity": "3200",
          "grades": "6-11",
          "internet_access": "yes",
          "name": "Institucion Educativa Distrital San Jose de Castilla SEDE A",
          "website": "https://www.iedsanjosedecastilla.com/"
        }
      },
      "geometry": {
        "type": "Point",
        "coordinates": [
          -74.1438438,
          4.6383277
        ]
      }
    },
    {
      "type": "Feature",
      "properties": {
        "id": 538376273,
        "nombre": "Colegio San Jose de Castilla - Sede C",
        "categoria": "educacion",
        "subcategoria": "school",
        "tags": {
          "amenity": "school",
          "name": "Colegio San Jose de Castilla - Sede C"
        }
      },
      "geometry": {
        "type": "Point",
        "coordinates": [
          -74.1350085,
          4.6506944
        ]
      }
    },
    {
      "type": "Feature",
      "properties": {
        "id": 538814316,
        "nombre": "IED Rafael Nuñez",
        "categoria": "educacion",
        "subcategoria": "school",
        "tags": {
          "addr:full": "CARRERA 9 A No. 18 - 74 SUR",
          "addr:street": "Carrera 9A",
          "amenity": "school",
          "name": "IED Rafael Nuñez",
          "source": "Kaart Ground Survey 2017"
        }
      },
      "geometry": {
        "type": "Point",
        "coordinates": [
          -74.0930468,
          4.5762357
        ]
      }
    },
    {
      "type": "Feature",
      "properties": {
        "id": 540280431,
        "nombre": "San Mateo C.A.E",
        "categoria": "educacion",
        "subcategoria": "university",
        "tags": {
          "addr:street": "Calle 30B Sur",
          "amenity": "university",
          "name": "San Mateo C.A.E",
          "source": "Kaart Ground Survey 2017"
        }
      },
      "geometry": {
        "type": "Point",
        "coordinates": [
          -74.0988976,
          4.5703373
        ]
      }
    },
    {
      "type": "Feature",
      "properties": {
        "id": 540281959,
        "nombre": "Colegio Distrital Técnico Menorah",
        "categoria": "educacion",
        "subcategoria": "college",
        "tags": {
          "addr:street": "Carrera 19A Bis",
          "amenity": "college",
          "name": "Colegio Distrital Técnico Menorah",
          "source": "Kaart Ground Survey 2017"
        }
      },
      "geometry": {
        "type": "Point",
        "coordinates": [
          -74.0927104,
          4.5944154
        ]
      }
    },
    {
      "type": "Feature",
      "properties": {
        "id": 540283463,
        "nombre": "IED Canadá Güira - Sede C",
        "categoria": "educacion",
        "subcategoria": "school",
        "tags": {
          "addr:full": "CALLE 48 SUR No. 2 - 27 ESTE",
          "addr:housenumber": "2-27",
          "addr:street": "calle 48 Sur",
          "amenity": "school",
          "name": "IED Canadá Güira - Sede C",
          "source": "Kaart Ground Survey 2017"
        }
      },
      "geometry": {
        "type": "Point",
        "coordinates": [
          -74.0988375,
          4.5444341
        ]
      }
    },
    {
      "type": "Feature",
      "properties": {
        "id": 540286164,
        "nombre": "Fundacion Universitaria Compensar",
        "categoria": "educacion",
        "subcategoria": "university",
        "tags": {
          "addr:street": "Avenida Carrera 68",
          "amenity": "university",
          "building": "yes",
          "building:levels": "17",
          "building:material": "concrete",
          "building:use": "education",
          "name": "Fundacion Universitaria Compensar",
          "operator:type": "private",
          "roof:shape": "flat",
          "source": "Kaart Ground Survey 2017"
        }
      },
      "geometry": {
        "type": "Point",
        "coordinates": [
          -74.0877077,
          4.6760705
        ]
      }
    },
    {
      "type": "Feature",
      "properties": {
        "id": 540461324,
        "nombre": "Colegio Adventista Emmanuel",
        "categoria": "educacion",
        "subcategoria": "college",
        "tags": {
          "addr:street": "Calle 12 Sur",
          "amenity": "college",
          "name": "Colegio Adventista Emmanuel",
          "source": "Kaart Ground Survey 2017"
        }
      },
      "geometry": {
        "type": "Point",
        "coordinates": [
          -74.0977304,
          4.5885341
        ]
      }
    },
    {
      "type": "Feature",
      "properties": {
        "id": 540488061,
        "nombre": "Colegio Ciudad de Bogotá Sede Rockefeller",
        "categoria": "educacion",
        "subcategoria": "school",
        "tags": {
          "addr:street": "Calle 55A S",
          "amenity": "school",
          "name": "Colegio Ciudad de Bogotá Sede Rockefeller",
          "source": "Kaart Ground Survey 2017"
        }
      },
      "geometry": {
        "type": "Point",
        "coordinates": [
          -74.1403049,
          4.5771582
        ]
      }
    },
    {
      "type": "Feature",
      "properties": {
        "id": 540495067,
        "nombre": "IED San Isidro Sur Oriental",
        "categoria": "educacion",
        "subcategoria": "school",
        "tags": {
          "addr:housenumber": "7A-88",
          "addr:street": "Carrera 8",
          "amenity": "school",
          "name": "IED San Isidro Sur Oriental",
          "source": "Kaart Ground Survey 2017"
        }
      },
      "geometry": {
        "type": "Point",
        "coordinates": [
          -74.1008719,
          4.5656641
        ]
      }
    },
    {
      "type": "Feature",
      "properties": {
        "id": 540757729,
        "nombre": "IED Francisco Jose de Sucre",
        "categoria": "educacion",
        "subcategoria": "school",
        "tags": {
          "addr:full": "CALLE 11 No. 65 B - 10",
          "addr:street": "Calle 11",
          "amenity": "school",
          "name": "IED Francisco Jose de Sucre",
          "source": "Kaart Ground Survey 2017"
        }
      },
      "geometry": {
        "type": "Point",
        "coordinates": [
          -74.1181706,
          4.6337706
        ]
      }
    },
    {
      "type": "Feature",
      "properties": {
        "id": 540828870,
        "nombre": "Colegio Distrital Cooperativo Altamira - Sede B",
        "categoria": "educacion",
        "subcategoria": "school",
        "tags": {
          "addr:full": "TRANSVERSAL 11 A ESTE NO 44 - 25 SUR",
          "addr:street": "Carrera 9 Este",
          "amenity": "school",
          "name": "Colegio Distrital Cooperativo Altamira - Sede B",
          "source": "Kaart Ground Survey 2017"
        }
      },
      "geometry": {
        "type": "Point",
        "coordinates": [
          -74.0893792,
          4.5441469
        ]
      }
    },
    {
      "type": "Feature",
      "properties": {
        "id": 540830830,
        "nombre": "Sin Nombre",
        "categoria": "educacion",
        "subcategoria": "school",
        "tags": {
          "addr:street": "Avenida Calle 17",
          "amenity": "school",
          "source": "Kaart Ground Survey 2017"
        }
      },
      "geometry": {
        "type": "Point",
        "coordinates": [
          -74.1085348,
          4.6327847
        ]
      }
    },
    {
      "type": "Feature",
      "properties": {
        "id": 541163845,
        "nombre": "Sin Nombre",
        "categoria": "educacion",
        "subcategoria": "school",
        "tags": {
          "amenity": "school",
          "building": "yes"
        }
      },
      "geometry": {
        "type": "Point",
        "coordinates": [
          -74.0693554,
          4.8428104
        ]
      }
    },
    {
      "type": "Feature",
      "properties": {
        "id": 541379007,
        "nombre": "Gimnasio Maria Isabel",
        "categoria": "educacion",
        "subcategoria": "school",
        "tags": {
          "addr:street": "Calle 5",
          "amenity": "school",
          "building": "yes",
          "contact:email": "info@mariaisabel.edu.co",
          "contact:facebook": "https://www.facebook.com/gimmariaisabel/",
          "contact:instagram": "https://www.instagram.com/gimmariaisabel/",
          "contact:mobile": "+57 320 8411582",
          "contact:website": "https://mariaisabel.edu.co",
          "name": "Gimnasio Maria Isabel"
        }
      },
      "geometry": {
        "type": "Point",
        "coordinates": [
          -74.1327572,
          4.6275994
        ]
      }
    },
    {
      "type": "Feature",
      "properties": {
        "id": 541379015,
        "nombre": "Colegio Superior Americano",
        "categoria": "educacion",
        "subcategoria": "school",
        "tags": {
          "addr:street": "Carrera 71C",
          "amenity": "school",
          "name": "Colegio Superior Americano",
          "source": "Kaart Ground Survey 2017"
        }
      },
      "geometry": {
        "type": "Point",
        "coordinates": [
          -74.1359811,
          4.6263827
        ]
      }
    },
    {
      "type": "Feature",
      "properties": {
        "id": 541906518,
        "nombre": "Gimnasio My Huellitas",
        "categoria": "educacion",
        "subcategoria": "school",
        "tags": {
          "addr:housenumber": "5-21",
          "addr:street": "Carrera 71A",
          "amenity": "school",
          "name": "Gimnasio My Huellitas",
          "source": "Kaart Ground Survey 2017"
        }
      },
      "geometry": {
        "type": "Point",
        "coordinates": [
          -74.1337079,
          4.6277359
        ]
      }
    },
    {
      "type": "Feature",
      "properties": {
        "id": 541908496,
        "nombre": "IED Marco Antonio Carreño",
        "categoria": "educacion",
        "subcategoria": "school",
        "tags": {
          "addr:city": "Bogotá D.C.",
          "addr:street": "Carrera 35",
          "amenity": "school",
          "name": "IED Marco Antonio Carreño",
          "source": "Kaart Ground Survey 2017"
        }
      },
      "geometry": {
        "type": "Point",
        "coordinates": [
          -74.1091076,
          4.6028094
        ]
      }
    },
    {
      "type": "Feature",
      "properties": {
        "id": 541935406,
        "nombre": "IED Benjamin Herrera Sede B",
        "categoria": "educacion",
        "subcategoria": "school",
        "tags": {
          "addr:full": "CARRERA 51 C No. 33 - 41 SUR",
          "addr:street": "Calle 33 Sur",
          "amenity": "school",
          "name": "IED Benjamin Herrera Sede B",
          "source": "Kaart Ground Survey 2017"
        }
      },
      "geometry": {
        "type": "Point",
        "coordinates": [
          -74.1273232,
          4.6021561
        ]
      }
    },
    {
      "type": "Feature",
      "properties": {
        "id": 541940276,
        "nombre": "Fabulas de Pombo",
        "categoria": "educacion",
        "subcategoria": "school",
        "tags": {
          "amenity": "school",
          "building": "residential",
          "name": "Fabulas de Pombo",
          "source": "Kaart Ground Survey 2017"
        }
      },
      "geometry": {
        "type": "Point",
        "coordinates": [
          -74.1210679,
          4.6079821
        ]
      }
    },
    {
      "type": "Feature",
      "properties": {
        "id": 542133273,
        "nombre": "Liceo Contadora",
        "categoria": "educacion",
        "subcategoria": "school",
        "tags": {
          "addr:street": "Calle 67 Bis Sur",
          "amenity": "school",
          "building": "school",
          "name": "Liceo Contadora",
          "source": "Kaart Ground Survey 2017"
        }
      },
      "geometry": {
        "type": "Point",
        "coordinates": [
          -74.153502,
          4.5757287
        ]
      }
    },
    {
      "type": "Feature",
      "properties": {
        "id": 542171644,
        "nombre": "IED Colegio Luis Carlos Galán Sarmiento",
        "categoria": "educacion",
        "subcategoria": "school",
        "tags": {
          "addr:street": "Transversal 52B",
          "amenity": "school",
          "name": "IED Colegio Luis Carlos Galán Sarmiento",
          "source": "Kaart Ground Survey 2017"
        }
      },
      "geometry": {
        "type": "Point",
        "coordinates": [
          -74.1184858,
          4.6118546
        ]
      }
    },
    {
      "type": "Feature",
      "properties": {
        "id": 542172913,
        "nombre": "IED Arborizadora Baja",
        "categoria": "educacion",
        "subcategoria": "school",
        "tags": {
          "addr:full": "CALLE 59 I SUR No. 44 A - 02",
          "addr:street": "Carrera 45A",
          "amenity": "school",
          "name": "IED Arborizadora Baja",
          "source": "Kaart Ground Survey 2017"
        }
      },
      "geometry": {
        "type": "Point",
        "coordinates": [
          -74.151735,
          4.5751585
        ]
      }
    },
    {
      "type": "Feature",
      "properties": {
        "id": 542297746,
        "nombre": "Liceo Moderno León Baez",
        "categoria": "educacion",
        "subcategoria": "school",
        "tags": {
          "addr:street": "Carrera 86F",
          "amenity": "school",
          "building": "yes",
          "name": "Liceo Moderno León Baez",
          "source": "Kaart Ground Survey 2017"
        }
      },
      "geometry": {
        "type": "Point",
        "coordinates": [
          -74.1612775,
          4.6377347
        ]
      }
    },
    {
      "type": "Feature",
      "properties": {
        "id": 542317422,
        "nombre": "IED Andres Bello",
        "categoria": "educacion",
        "subcategoria": "school",
        "tags": {
          "addr:city": "Bogotá",
          "addr:full": "CALLE 39 SUR No. 51 D - 19",
          "addr:street": "Calle 39 Sur",
          "amenity": "school",
          "name": "IED Andres Bello",
          "source": "Kaart Ground Survey 2017"
        }
      },
      "geometry": {
        "type": "Point",
        "coordinates": [
          -74.1306001,
          4.5988373
        ]
      }
    },
    {
      "type": "Feature",
      "properties": {
        "id": 543137343,
        "nombre": "Liceo Reynel",
        "categoria": "educacion",
        "subcategoria": "school",
        "tags": {
          "addr:street": "Calle 39 Sur",
          "amenity": "school",
          "name": "Liceo Reynel",
          "source": "Kaart Ground Survey 2017"
        }
      },
      "geometry": {
        "type": "Point",
        "coordinates": [
          -74.1386072,
          4.6026583
        ]
      }
    },
    {
      "type": "Feature",
      "properties": {
        "id": 543156094,
        "nombre": "Politécnico Internacional",
        "categoria": "educacion",
        "subcategoria": "university",
        "tags": {
          "addr:street": "Carrera 78K",
          "amenity": "university",
          "building": "school",
          "name": "Politécnico Internacional",
          "source": "Kaart Ground Survey 2017"
        }
      },
      "geometry": {
        "type": "Point",
        "coordinates": [
          -74.1517567,
          4.6261921
        ]
      }
    },
    {
      "type": "Feature",
      "properties": {
        "id": 543207669,
        "nombre": "Colegio Ciudad Patio Bonito",
        "categoria": "educacion",
        "subcategoria": "school",
        "tags": {
          "addr:housenumber": "34B-21",
          "addr:street": "Carrera 87F",
          "amenity": "school",
          "building": "yes",
          "name": "Colegio Ciudad Patio Bonito",
          "source": "Kaart Ground Survey 2017"
        }
      },
      "geometry": {
        "type": "Point",
        "coordinates": [
          -74.1640002,
          4.6382694
        ]
      }
    },
    {
      "type": "Feature",
      "properties": {
        "id": 543917118,
        "nombre": "Colegio Santiago Alberione",
        "categoria": "educacion",
        "subcategoria": "school",
        "tags": {
          "amenity": "school",
          "barrier": "yes",
          "check_date": "2024-05-18",
          "level": "2",
          "name": "Colegio Santiago Alberione",
          "operator": "Hermanas Pastorcitas"
        }
      },
      "geometry": {
        "type": "Point",
        "coordinates": [
          -74.0594525,
          4.7534222
        ]
      }
    },
    {
      "type": "Feature",
      "properties": {
        "id": 543945797,
        "nombre": "Liceo Moderno Campestre",
        "categoria": "educacion",
        "subcategoria": "school",
        "tags": {
          "amenity": "school",
          "education": "school",
          "level": "1",
          "name": "Liceo Moderno Campestre"
        }
      },
      "geometry": {
        "type": "Point",
        "coordinates": [
          -74.0607854,
          4.7528265
        ]
      }
    },
    {
      "type": "Feature",
      "properties": {
        "id": 543987551,
        "nombre": "Gimnasio Campestre Escalemos",
        "categoria": "educacion",
        "subcategoria": "school",
        "tags": {
          "amenity": "school",
          "level": "4",
          "name": "Gimnasio Campestre Escalemos"
        }
      },
      "geometry": {
        "type": "Point",
        "coordinates": [
          -74.0569865,
          4.7513952
        ]
      }
    },
    {
      "type": "Feature",
      "properties": {
        "id": 544594394,
        "nombre": "Universidad del Rosario",
        "categoria": "educacion",
        "subcategoria": "university",
        "tags": {
          "addr:full": "CALLE 63 D No. 24 - 31",
          "alt_name": "Parque Mutis",
          "amenity": "university",
          "education": "university",
          "name": "Universidad del Rosario"
        }
      },
      "geometry": {
        "type": "Point",
        "coordinates": [
          -74.0729771,
          4.6543755
        ]
      }
    },
    {
      "type": "Feature",
      "properties": {
        "id": 544602909,
        "nombre": "IED Llano Oriental",
        "categoria": "educacion",
        "subcategoria": "school",
        "tags": {
          "amenity": "school",
          "description": "Colegio Distrital, Educación preescolar, primaria y bachillerato.",
          "name": "IED Llano Oriental",
          "operator": "Secretaría de Educación de Bogotá, D.C."
        }
      },
      "geometry": {
        "type": "Point",
        "coordinates": [
          -74.200079,
          4.6034439
        ]
      }
    },
    {
      "type": "Feature",
      "properties": {
        "id": 544674879,
        "nombre": "Everning School",
        "categoria": "educacion",
        "subcategoria": "school",
        "tags": {
          "amenity": "school",
          "barrier": "yes",
          "name": "Everning School"
        }
      },
      "geometry": {
        "type": "Point",
        "coordinates": [
          -74.059415,
          4.7573022
        ]
      }
    },
    {
      "type": "Feature",
      "properties": {
        "id": 544674880,
        "nombre": "Colegio El Bosque (anexo)",
        "categoria": "educacion",
        "subcategoria": "school",
        "tags": {
          "amenity": "school",
          "barrier": "yes",
          "name": "Colegio El Bosque (anexo)"
        }
      },
      "geometry": {
        "type": "Point",
        "coordinates": [
          -74.0599994,
          4.7568218
        ]
      }
    },
    {
      "type": "Feature",
      "properties": {
        "id": 545540972,
        "nombre": "SENA Centro de Desarrollo Agroempresarial",
        "categoria": "educacion",
        "subcategoria": "college",
        "tags": {
          "amenity": "college",
          "internet_access": "yes",
          "internet_access:fee": "no",
          "name": "SENA Centro de Desarrollo Agroempresarial",
          "operator": "Servicio Nacional de Aprendizaje",
          "operator:short": "SENA",
          "operator:type": "public",
          "operator:wikidata": "Q6974078",
          "operator:wikipedia": "es:Servicio Nacional de Aprendizaje",
          "phone": "+57 1 8844545",
          "wall": "yes",
          "website": "https://www.sena.edu.co/"
        }
      },
      "geometry": {
        "type": "Point",
        "coordinates": [
          -74.0543303,
          4.8771549
        ]
      }
    },
    {
      "type": "Feature",
      "properties": {
        "id": 546417208,
        "nombre": "IED Kimy Pernía Domicó",
        "categoria": "educacion",
        "subcategoria": "school",
        "tags": {
          "addr:city": "Bogotá",
          "addr:housenumber": "89-21",
          "addr:postcode": "110721",
          "addr:street": "Calle 82 Sur",
          "amenity": "school",
          "barrier": "yes",
          "grades": "0-11",
          "name": "IED Kimy Pernía Domicó",
          "religion": "none",
          "wheelchair": "yes"
        }
      },
      "geometry": {
        "type": "Point",
        "coordinates": [
          -74.2079442,
          4.6223563
        ]
      }
    },
    {
      "type": "Feature",
      "properties": {
        "id": 546443654,
        "nombre": "IE Soacha Avanza La Unidad",
        "categoria": "educacion",
        "subcategoria": "school",
        "tags": {
          "addr:housenumber": "14-72",
          "addr:postcode": "250051",
          "addr:street": "Avenida Carrera 38",
          "amenity": "school",
          "barrier": "fence",
          "construction": "school",
          "name": "IE Soacha Avanza La Unidad",
          "operator": "Secretaría de Educación de Soacha",
          "operator:type": "public",
          "religion": "none",
          "website": "http://iesoachalaunidad.winxsite.com"
        }
      },
      "geometry": {
        "type": "Point",
        "coordinates": [
          -74.2240355,
          4.6096275
        ]
      }
    },
    {
      "type": "Feature",
      "properties": {
        "id": 546666112,
        "nombre": "Instituto Campestre Senderos",
        "categoria": "educacion",
        "subcategoria": "school",
        "tags": {
          "amenity": "school",
          "name": "Instituto Campestre Senderos"
        }
      },
      "geometry": {
        "type": "Point",
        "coordinates": [
          -74.2066986,
          4.5820423
        ]
      }
    },
    {
      "type": "Feature",
      "properties": {
        "id": 546691711,
        "nombre": "Institucion Educativa Integrado de Soacha",
        "categoria": "educacion",
        "subcategoria": "school",
        "tags": {
          "amenity": "school",
          "name": "Institucion Educativa Integrado de Soacha"
        }
      },
      "geometry": {
        "type": "Point",
        "coordinates": [
          -74.220578,
          4.5849352
        ]
      }
    },
    {
      "type": "Feature",
      "properties": {
        "id": 547523318,
        "nombre": "IE Las Villas Sede Varon del Sol",
        "categoria": "educacion",
        "subcategoria": "school",
        "tags": {
          "amenity": "school",
          "barrier": "yes",
          "name": "IE Las Villas Sede Varon del Sol",
          "operator": "IE Las Villas"
        }
      },
      "geometry": {
        "type": "Point",
        "coordinates": [
          -74.2150178,
          4.575735
        ]
      }
    },
    {
      "type": "Feature",
      "properties": {
        "id": 547523352,
        "nombre": "IE Las Villas Sede Sol Naciente",
        "categoria": "educacion",
        "subcategoria": "school",
        "tags": {
          "amenity": "school",
          "barrier": "yes",
          "name": "IE Las Villas Sede Sol Naciente",
          "operator": "IE Las Villas",
          "operator:type": "public"
        }
      },
      "geometry": {
        "type": "Point",
        "coordinates": [
          -74.2144474,
          4.5778818
        ]
      }
    },
    {
      "type": "Feature",
      "properties": {
        "id": 547533015,
        "nombre": "Instituto Tecnológico Los Andes",
        "categoria": "educacion",
        "subcategoria": "school",
        "tags": {
          "amenity": "school",
          "name": "Instituto Tecnológico Los Andes"
        }
      },
      "geometry": {
        "type": "Point",
        "coordinates": [
          -74.2176204,
          4.5743289
        ]
      }
    },
    {
      "type": "Feature",
      "properties": {
        "id": 547745242,
        "nombre": "Colegio José María Obando",
        "categoria": "educacion",
        "subcategoria": "school",
        "tags": {
          "amenity": "school",
          "name": "Colegio José María Obando"
        }
      },
      "geometry": {
        "type": "Point",
        "coordinates": [
          -74.2623598,
          4.8527056
        ]
      }
    },
    {
      "type": "Feature",
      "properties": {
        "id": 547751240,
        "nombre": "Sin Nombre",
        "categoria": "educacion",
        "subcategoria": "school",
        "tags": {
          "amenity": "school"
        }
      },
      "geometry": {
        "type": "Point",
        "coordinates": [
          -74.2591778,
          4.8353469
        ]
      }
    },
    {
      "type": "Feature",
      "properties": {
        "id": 548021799,
        "nombre": "Colegio Militar Almirante Padilla",
        "categoria": "educacion",
        "subcategoria": "school",
        "tags": {
          "amenity": "school",
          "barrier": "wall",
          "name": "Colegio Militar Almirante Padilla"
        }
      },
      "geometry": {
        "type": "Point",
        "coordinates": [
          -74.2291965,
          4.5681105
        ]
      }
    },
    {
      "type": "Feature",
      "properties": {
        "id": 548023109,
        "nombre": "Centro Industrial y de Desarrollo Empresarial SENA",
        "categoria": "educacion",
        "subcategoria": "college",
        "tags": {
          "addr:street": "Avenida Carrera 36",
          "amenity": "college",
          "barrier": "yes",
          "description": "Sede nueva del SENA",
          "name": "Centro Industrial y de Desarrollo Empresarial SENA",
          "operator": "Servicio Nacional de Aprendizaje",
          "operator:short": "SENA",
          "operator:type": "public",
          "operator:wikidata": "Q6974078",
          "wikidata": "Q6974078",
          "wikipedia": "es:Servicio Nacional de Aprendizaje"
        }
      },
      "geometry": {
        "type": "Point",
        "coordinates": [
          -74.2193717,
          4.6062596
        ]
      }
    },
    {
      "type": "Feature",
      "properties": {
        "id": 548419981,
        "nombre": "Colegio Dios es Amor",
        "categoria": "educacion",
        "subcategoria": "school",
        "tags": {
          "amenity": "school",
          "name": "Colegio Dios es Amor"
        }
      },
      "geometry": {
        "type": "Point",
        "coordinates": [
          -74.18236,
          4.5800698
        ]
      }
    },
    {
      "type": "Feature",
      "properties": {
        "id": 548419990,
        "nombre": "IE Buenos Aires",
        "categoria": "educacion",
        "subcategoria": "school",
        "tags": {
          "amenity": "school",
          "barrier": "yes",
          "name": "IE Buenos Aires"
        }
      },
      "geometry": {
        "type": "Point",
        "coordinates": [
          -74.1858551,
          4.5647855
        ]
      }
    },
    {
      "type": "Feature",
      "properties": {
        "id": 548426219,
        "nombre": "IE Cazucá",
        "categoria": "educacion",
        "subcategoria": "school",
        "tags": {
          "addr:street": "Calle 49C",
          "amenity": "school",
          "barrier": "yes",
          "name": "IE Cazucá",
          "operator": "Secretaría de Educación de Soacha"
        }
      },
      "geometry": {
        "type": "Point",
        "coordinates": [
          -74.1877973,
          4.5868008
        ]
      }
    },
    {
      "type": "Feature",
      "properties": {
        "id": 548426224,
        "nombre": "Colegio Jorge Isaacs",
        "categoria": "educacion",
        "subcategoria": "school",
        "tags": {
          "amenity": "school",
          "name": "Colegio Jorge Isaacs"
        }
      },
      "geometry": {
        "type": "Point",
        "coordinates": [
          -74.1881781,
          4.5861781
        ]
      }
    },
    {
      "type": "Feature",
      "properties": {
        "id": 548784930,
        "nombre": "IE Nuevo Compartir",
        "categoria": "educacion",
        "subcategoria": "school",
        "tags": {
          "amenity": "school",
          "barrier": "yes",
          "name": "IE Nuevo Compartir"
        }
      },
      "geometry": {
        "type": "Point",
        "coordinates": [
          -74.2421661,
          4.5722486
        ]
      }
    },
    {
      "type": "Feature",
      "properties": {
        "id": 549427207,
        "nombre": "IE Vida Nueva",
        "categoria": "educacion",
        "subcategoria": "school",
        "tags": {
          "addr:city": "Soacha",
          "addr:housenumber": "4-140 Sur",
          "addr:street": "Carrera 19A",
          "amenity": "school",
          "barrier": "retaining_wall",
          "name": "IE Vida Nueva",
          "operator": "Secretaría de Educación de Soacha",
          "operator:type": "public"
        }
      },
      "geometry": {
        "type": "Point",
        "coordinates": [
          -74.2284706,
          4.5910217
        ]
      }
    },
    {
      "type": "Feature",
      "properties": {
        "id": 549439509,
        "nombre": "IE Santa Ana",
        "categoria": "educacion",
        "subcategoria": "school",
        "tags": {
          "amenity": "school",
          "name": "IE Santa Ana",
          "operator": "Secretaría de Educación de Soacha"
        }
      },
      "geometry": {
        "type": "Point",
        "coordinates": [
          -74.2319971,
          4.5621277
        ]
      }
    },
    {
      "type": "Feature",
      "properties": {
        "id": 549989942,
        "nombre": "IE Ciudadela Sucre",
        "categoria": "educacion",
        "subcategoria": "school",
        "tags": {
          "addr:housenumber": "33B-35",
          "addr:street": "Calle 37C",
          "amenity": "school",
          "barrier": "wall",
          "name": "IE Ciudadela Sucre",
          "operator": "Secretaría de Educación de Soacha",
          "operator:type": "public"
        }
      },
      "geometry": {
        "type": "Point",
        "coordinates": [
          -74.1870747,
          4.5685917
        ]
      }
    },
    {
      "type": "Feature",
      "properties": {
        "id": 550938457,
        "nombre": "IED Gran Colombiano Sede B",
        "categoria": "educacion",
        "subcategoria": "school",
        "tags": {
          "amenity": "school",
          "name": "IED Gran Colombiano Sede B",
          "operator": "Secretaría de Educación de Bogotá"
        }
      },
      "geometry": {
        "type": "Point",
        "coordinates": [
          -74.2001934,
          4.6093093
        ]
      }
    },
    {
      "type": "Feature",
      "properties": {
        "id": 550950566,
        "nombre": "IED Bosanova",
        "categoria": "educacion",
        "subcategoria": "school",
        "tags": {
          "amenity": "school",
          "name": "IED Bosanova"
        }
      },
      "geometry": {
        "type": "Point",
        "coordinates": [
          -74.1851784,
          4.6094266
        ]
      }
    },
    {
      "type": "Feature",
      "properties": {
        "id": 550950574,
        "nombre": "Colegio Claretiano El Libertador",
        "categoria": "educacion",
        "subcategoria": "school",
        "tags": {
          "amenity": "school",
          "name": "Colegio Claretiano El Libertador"
        }
      },
      "geometry": {
        "type": "Point",
        "coordinates": [
          -74.1841548,
          4.6103861
        ]
      }
    },
    {
      "type": "Feature",
      "properties": {
        "id": 550950586,
        "nombre": "Colegio Nuestra Señora de Nazareth",
        "categoria": "educacion",
        "subcategoria": "school",
        "tags": {
          "amenity": "school",
          "name": "Colegio Nuestra Señora de Nazareth"
        }
      },
      "geometry": {
        "type": "Point",
        "coordinates": [
          -74.1864623,
          4.6082281
        ]
      }
    },
    {
      "type": "Feature",
      "properties": {
        "id": 550961983,
        "nombre": "IED José Antonio Galán",
        "categoria": "educacion",
        "subcategoria": "school",
        "tags": {
          "amenity": "school",
          "name": "IED José Antonio Galán",
          "operator": "Secretaría de Educación de Bogotá"
        }
      },
      "geometry": {
        "type": "Point",
        "coordinates": [
          -74.1786661,
          4.6061635
        ]
      }
    },
    {
      "type": "Feature",
      "properties": {
        "id": 551338959,
        "nombre": "Liceo Nobel",
        "categoria": "educacion",
        "subcategoria": "school",
        "tags": {
          "amenity": "school",
          "name": "Liceo Nobel"
        }
      },
      "geometry": {
        "type": "Point",
        "coordinates": [
          -74.1877932,
          4.606324
        ]
      }
    },
    {
      "type": "Feature",
      "properties": {
        "id": 551338963,
        "nombre": "Colegio Bilingue Michigan San José Campestre",
        "categoria": "educacion",
        "subcategoria": "school",
        "tags": {
          "amenity": "school",
          "name": "Colegio Bilingue Michigan San José Campestre"
        }
      },
      "geometry": {
        "type": "Point",
        "coordinates": [
          -74.2133531,
          4.6160084
        ]
      }
    },
    {
      "type": "Feature",
      "properties": {
        "id": 551338977,
        "nombre": "IED San Bernardino",
        "categoria": "educacion",
        "subcategoria": "school",
        "tags": {
          "amenity": "school",
          "name": "IED San Bernardino"
        }
      },
      "geometry": {
        "type": "Point",
        "coordinates": [
          -74.2043467,
          4.6181724
        ]
      }
    },
    {
      "type": "Feature",
      "properties": {
        "id": 551338995,
        "nombre": "IED Alfonso Lopez Michelsen",
        "categoria": "educacion",
        "subcategoria": "school",
        "tags": {
          "amenity": "school",
          "barrier": "yes",
          "name": "IED Alfonso Lopez Michelsen"
        }
      },
      "geometry": {
        "type": "Point",
        "coordinates": [
          -74.2063878,
          4.631236
        ]
      }
    },
    {
      "type": "Feature",
      "properties": {
        "id": 551339009,
        "nombre": "IED Carlos Pizarro Leon Gomez B",
        "categoria": "educacion",
        "subcategoria": "school",
        "tags": {
          "amenity": "school",
          "name": "IED Carlos Pizarro Leon Gomez B"
        }
      },
      "geometry": {
        "type": "Point",
        "coordinates": [
          -74.2021579,
          4.6369944
        ]
      }
    },
    {
      "type": "Feature",
      "properties": {
        "id": 551339011,
        "nombre": "Liceo Ciudad Capital",
        "categoria": "educacion",
        "subcategoria": "school",
        "tags": {
          "amenity": "school",
          "name": "Liceo Ciudad Capital"
        }
      },
      "geometry": {
        "type": "Point",
        "coordinates": [
          -74.2014428,
          4.6372659
        ]
      }
    },
    {
      "type": "Feature",
      "properties": {
        "id": 551352300,
        "nombre": "Centro Educativo Colombo Latino",
        "categoria": "educacion",
        "subcategoria": "school",
        "tags": {
          "amenity": "school",
          "barrier": "wall",
          "name": "Centro Educativo Colombo Latino"
        }
      },
      "geometry": {
        "type": "Point",
        "coordinates": [
          -74.1913709,
          4.5958898
        ]
      }
    },
    {
      "type": "Feature",
      "properties": {
        "id": 551354109,
        "nombre": "Colegio Bolívar",
        "categoria": "educacion",
        "subcategoria": "school",
        "tags": {
          "amenity": "school",
          "name": "Colegio Bolívar"
        }
      },
      "geometry": {
        "type": "Point",
        "coordinates": [
          -74.2193999,
          4.5801637
        ]
      }
    },
    {
      "type": "Feature",
      "properties": {
        "id": 553266308,
        "nombre": "Liceo Matovelle",
        "categoria": "educacion",
        "subcategoria": "school",
        "tags": {
          "Localidad": "Suba",
          "addr:city": "Bogotá D.C.",
          "addr:country": "CO",
          "amenity": "school",
          "barrier": "yes",
          "email": "info@liceomatovelle.com",
          "name": "Liceo Matovelle",
          "official_name": "Liceo Matovelle - Congregación de Misioneros Oblatos de los Corazones Santíisimos",
          "operator": "- Congregación de Misioneros Oblatos de los Corazones Santíisimos",
          "operator:type": "religious",
          "phone": "571 601 669 8301",
          "postal_code": "571",
          "start_date": "1994-02-14",
          "website": "https://www.liceomatovelle.com/"
        }
      },
      "geometry": {
        "type": "Point",
        "coordinates": [
          -74.0605762,
          4.7579074
        ]
      }
    },
    {
      "type": "Feature",
      "properties": {
        "id": 553338447,
        "nombre": "IED Porfirio Jacob Sede B",
        "categoria": "educacion",
        "subcategoria": "school",
        "tags": {
          "amenity": "school",
          "name": "IED Porfirio Jacob Sede B",
          "operator": "Secretaría de Educación de Bogotá"
        }
      },
      "geometry": {
        "type": "Point",
        "coordinates": [
          -74.1957053,
          4.6134282
        ]
      }
    },
    {
      "type": "Feature",
      "properties": {
        "id": 553394447,
        "nombre": "Universidad Antonio Nariño",
        "categoria": "educacion",
        "subcategoria": "university",
        "tags": {
          "addr:postcode": "11001",
          "amenity": "university",
          "contact:facebook": "uniantonionarino",
          "contact:instagram": "uniantonionarino",
          "contact:twitter": "uantonionarino",
          "name": "Universidad Antonio Nariño",
          "name:en": "Antonio Nariño University",
          "website": "https://www.uan.edu.co",
          "wikidata": "Q6156336",
          "wikimedia_commons": "Category:Universidad Antonio Nariño",
          "wikipedia": "es:Universidad Antonio Nariño"
        }
      },
      "geometry": {
        "type": "Point",
        "coordinates": [
          -74.0583065,
          4.6347244
        ]
      }
    },
    {
      "type": "Feature",
      "properties": {
        "id": 554573741,
        "nombre": "Colegio Giovanni Antonio Farina",
        "categoria": "educacion",
        "subcategoria": "school",
        "tags": {
          "amenity": "school",
          "barrier": "yes",
          "denomination": "roman_catholic",
          "name": "Colegio Giovanni Antonio Farina",
          "religion": "christian"
        }
      },
      "geometry": {
        "type": "Point",
        "coordinates": [
          -74.1865217,
          4.6291019
        ]
      }
    },
    {
      "type": "Feature",
      "properties": {
        "id": 554573742,
        "nombre": "IED Francisco Pio Socarrás",
        "categoria": "educacion",
        "subcategoria": "school",
        "tags": {
          "amenity": "school",
          "name": "IED Francisco Pio Socarrás"
        }
      },
      "geometry": {
        "type": "Point",
        "coordinates": [
          -74.1948678,
          4.6262828
        ]
      }
    },
    {
      "type": "Feature",
      "properties": {
        "id": 556144279,
        "nombre": "Colegio Santa Isabel",
        "categoria": "educacion",
        "subcategoria": "school",
        "tags": {
          "amenity": "school",
          "name": "Colegio Santa Isabel"
        }
      },
      "geometry": {
        "type": "Point",
        "coordinates": [
          -74.2201631,
          4.5857339
        ]
      }
    },
    {
      "type": "Feature",
      "properties": {
        "id": 556144288,
        "nombre": "IE Paz y Esperanza",
        "categoria": "educacion",
        "subcategoria": "school",
        "tags": {
          "addr:city": "Soacha",
          "addr:housenumber": "15A-16",
          "addr:postcode": "250052",
          "addr:street": "Avenida Calle 9 Sur",
          "amenity": "school",
          "barrier": "wall",
          "name": "IE Paz y Esperanza",
          "operator": "Secretaría de Educación de Soacha",
          "operator:type": "public",
          "website": "https://www.pazyesperanza.edu.co/sitio/"
        }
      },
      "geometry": {
        "type": "Point",
        "coordinates": [
          -74.2347413,
          4.5782022
        ]
      }
    },
    {
      "type": "Feature",
      "properties": {
        "id": 557062552,
        "nombre": "Colegio Guillermo León Valencia",
        "categoria": "educacion",
        "subcategoria": "school",
        "tags": {
          "amenity": "school",
          "description": "Colegio Primaria-bachillerato",
          "name": "Colegio Guillermo León Valencia"
        }
      },
      "geometry": {
        "type": "Point",
        "coordinates": [
          -74.1085072,
          4.7042532
        ]
      }
    },
    {
      "type": "Feature",
      "properties": {
        "id": 557062562,
        "nombre": "Colegio Nidia Quintero de Turbay IED",
        "categoria": "educacion",
        "subcategoria": "school",
        "tags": {
          "amenity": "school",
          "description": "Colegio Distrital",
          "name": "Colegio Nidia Quintero de Turbay IED"
        }
      },
      "geometry": {
        "type": "Point",
        "coordinates": [
          -74.1080405,
          4.7013607
        ]
      }
    },
    {
      "type": "Feature",
      "properties": {
        "id": 557103178,
        "nombre": "Escuela Florencia",
        "categoria": "educacion",
        "subcategoria": "school",
        "tags": {
          "amenity": "school",
          "name": "Escuela Florencia"
        }
      },
      "geometry": {
        "type": "Point",
        "coordinates": [
          -74.10525,
          4.7010683
        ]
      }
    },
    {
      "type": "Feature",
      "properties": {
        "id": 557826609,
        "nombre": "IED Juan Lozano",
        "categoria": "educacion",
        "subcategoria": "school",
        "tags": {
          "amenity": "school",
          "barrier": "yes",
          "name": "IED Juan Lozano",
          "operator": "Secretaría de Educación de Bogotá"
        }
      },
      "geometry": {
        "type": "Point",
        "coordinates": [
          -74.0863284,
          4.7539824
        ]
      }
    },
    {
      "type": "Feature",
      "properties": {
        "id": 558839437,
        "nombre": "Colegio Distrital Gerardo Paredes",
        "categoria": "educacion",
        "subcategoria": "school",
        "tags": {
          "addr:full": "CARRERA 94 C No. 129 A - 04",
          "amenity": "school",
          "name": "Colegio Distrital Gerardo Paredes"
        }
      },
      "geometry": {
        "type": "Point",
        "coordinates": [
          -74.091938,
          4.7311019
        ]
      }
    },
    {
      "type": "Feature",
      "properties": {
        "id": 558839826,
        "nombre": "Colegio Diosa Chia Primaria",
        "categoria": "educacion",
        "subcategoria": "school",
        "tags": {
          "addr:city": "Chía",
          "addr:housenumber": "Cl. 12 #2a-49",
          "addr:street": "Carrera 7A",
          "amenity": "school",
          "name": "Colegio Diosa Chia Primaria",
          "operator": "alcaldia de Chia",
          "religion": "none"
        }
      },
      "geometry": {
        "type": "Point",
        "coordinates": [
          -74.0574016,
          4.8599949
        ]
      }
    },
    {
      "type": "Feature",
      "properties": {
        "id": 558852179,
        "nombre": "Colegio Departamental Jose Joaquin casas",
        "categoria": "educacion",
        "subcategoria": "school",
        "tags": {
          "addr:city": "Chía",
          "addr:postcode": "25001",
          "addr:street": "Carrera 7",
          "amenity": "school",
          "name": "Colegio Departamental Jose Joaquin casas",
          "religion": "none"
        }
      },
      "geometry": {
        "type": "Point",
        "coordinates": [
          -74.0542826,
          4.8656458
        ]
      }
    },
    {
      "type": "Feature",
      "properties": {
        "id": 559269836,
        "nombre": "IED Quiba Alta",
        "categoria": "educacion",
        "subcategoria": "school",
        "tags": {
          "amenity": "school",
          "name": "IED Quiba Alta"
        }
      },
      "geometry": {
        "type": "Point",
        "coordinates": [
          -74.1646341,
          4.5138717
        ]
      }
    },
    {
      "type": "Feature",
      "properties": {
        "id": 559509170,
        "nombre": "IED José Celestino Mutis",
        "categoria": "educacion",
        "subcategoria": "school",
        "tags": {
          "amenity": "school",
          "name": "IED José Celestino Mutis",
          "operator": "Secretaria Distrital de Educacion",
          "operator:type": "public"
        }
      },
      "geometry": {
        "type": "Point",
        "coordinates": [
          -74.1520056,
          4.5113921
        ]
      }
    },
    {
      "type": "Feature",
      "properties": {
        "id": 565843313,
        "nombre": "IED Federico Garcia Lorca",
        "categoria": "educacion",
        "subcategoria": "school",
        "tags": {
          "amenity": "school",
          "name": "IED Federico Garcia Lorca"
        }
      },
      "geometry": {
        "type": "Point",
        "coordinates": [
          -74.1075278,
          4.5073134
        ]
      }
    },
    {
      "type": "Feature",
      "properties": {
        "id": 567214757,
        "nombre": "Colegio Distrital Villa Hermosa",
        "categoria": "educacion",
        "subcategoria": "school",
        "tags": {
          "addr:full": "CALLE 97 SUR No. 6 F - 08 ESTE",
          "amenity": "school",
          "name": "Colegio Distrital Villa Hermosa"
        }
      },
      "geometry": {
        "type": "Point",
        "coordinates": [
          -74.102256,
          4.49429
        ]
      }
    },
    {
      "type": "Feature",
      "properties": {
        "id": 569696505,
        "nombre": "Colegio Parroquial Nuestra Señora del Rosario",
        "categoria": "educacion",
        "subcategoria": "school",
        "tags": {
          "amenity": "school",
          "name": "Colegio Parroquial Nuestra Señora del Rosario"
        }
      },
      "geometry": {
        "type": "Point",
        "coordinates": [
          -74.1432471,
          4.6880647
        ]
      }
    },
    {
      "type": "Feature",
      "properties": {
        "id": 570293075,
        "nombre": "Elisa Borrero de Pastrana",
        "categoria": "educacion",
        "subcategoria": "school",
        "tags": {
          "addr:city": "Bogotá D.C.",
          "addr:housenumber": "72 A 60",
          "addr:neighbourhood": "Santa Rosita",
          "addr:street": "Carrera 94A",
          "amenity": "school",
          "is_in:city": "Bogotá",
          "is_in:country": "Colombia",
          "name": "Elisa Borrero de Pastrana"
        }
      },
      "geometry": {
        "type": "Point",
        "coordinates": [
          -74.1120813,
          4.7016736
        ]
      }
    },
    {
      "type": "Feature",
      "properties": {
        "id": 571828223,
        "nombre": "IED San Francisco",
        "categoria": "educacion",
        "subcategoria": "school",
        "tags": {
          "amenity": "school",
          "name": "IED San Francisco",
          "operator": "Secretaría de Educación de Bogotá, D.C."
        }
      },
      "geometry": {
        "type": "Point",
        "coordinates": [
          -74.1471375,
          4.566328
        ]
      }
    },
    {
      "type": "Feature",
      "properties": {
        "id": 571836317,
        "nombre": "IED Ismael Perdomo",
        "categoria": "educacion",
        "subcategoria": "school",
        "tags": {
          "addr:city": "Ciudad Bolivar",
          "amenity": "school",
          "barrier": "yes",
          "name": "IED Ismael Perdomo",
          "operator": "Secretaría de Educación de Bogotá"
        }
      },
      "geometry": {
        "type": "Point",
        "coordinates": [
          -74.1653882,
          4.5874073
        ]
      }
    },
    {
      "type": "Feature",
      "properties": {
        "id": 572099332,
        "nombre": "Sin Nombre",
        "categoria": "educacion",
        "subcategoria": "school",
        "tags": {
          "amenity": "school",
          "building": "yes"
        }
      },
      "geometry": {
        "type": "Point",
        "coordinates": [
          -74.0696262,
          4.8378881
        ]
      }
    },
    {
      "type": "Feature",
      "properties": {
        "id": 574848976,
        "nombre": "IED Compartir Suba Bachillerato",
        "categoria": "educacion",
        "subcategoria": "school",
        "tags": {
          "amenity": "school",
          "name": "IED Compartir Suba Bachillerato"
        }
      },
      "geometry": {
        "type": "Point",
        "coordinates": [
          -74.1057569,
          4.7555565
        ]
      }
    },
    {
      "type": "Feature",
      "properties": {
        "id": 581438252,
        "nombre": "Institución Educativa Roberto Velandia - Sede La Armonía.",
        "categoria": "educacion",
        "subcategoria": "school",
        "tags": {
          "addr:postcode": "250040",
          "amenity": "school",
          "area": "yes",
          "barrier": "yes",
          "name": "Institución Educativa Roberto Velandia - Sede La Armonía."
        }
      },
      "geometry": {
        "type": "Point",
        "coordinates": [
          -74.227783,
          4.7270911
        ]
      }
    },
    {
      "type": "Feature",
      "properties": {
        "id": 582367758,
        "nombre": "Colegio Británico Brigton",
        "categoria": "educacion",
        "subcategoria": "school",
        "tags": {
          "addr:city": "Soacha",
          "addr:housenumber": "37-51",
          "addr:postcode": "250051",
          "addr:street": "Calle 17",
          "amenity": "school",
          "barrier": "yes",
          "name": "Colegio Británico Brigton"
        }
      },
      "geometry": {
        "type": "Point",
        "coordinates": [
          -74.2223922,
          4.6080727
        ]
      }
    },
    {
      "type": "Feature",
      "properties": {
        "id": 586687944,
        "nombre": "Colegio Santa Luisa",
        "categoria": "educacion",
        "subcategoria": "school",
        "tags": {
          "amenity": "school",
          "barrier": "yes",
          "name": "Colegio Santa Luisa"
        }
      },
      "geometry": {
        "type": "Point",
        "coordinates": [
          -74.1572247,
          4.6093801
        ]
      }
    },
    {
      "type": "Feature",
      "properties": {
        "id": 591086189,
        "nombre": "IED Jose María Vargas Vila",
        "categoria": "educacion",
        "subcategoria": "school",
        "tags": {
          "amenity": "school",
          "name": "IED Jose María Vargas Vila"
        }
      },
      "geometry": {
        "type": "Point",
        "coordinates": [
          -74.1620488,
          4.5432437
        ]
      }
    },
    {
      "type": "Feature",
      "properties": {
        "id": 591150929,
        "nombre": "IED Unión Colombia",
        "categoria": "educacion",
        "subcategoria": "school",
        "tags": {
          "amenity": "school",
          "name": "IED Unión Colombia"
        }
      },
      "geometry": {
        "type": "Point",
        "coordinates": [
          -74.027965,
          4.7651714
        ]
      }
    },
    {
      "type": "Feature",
      "properties": {
        "id": 596733118,
        "nombre": "IED La Estancia San Isidro",
        "categoria": "educacion",
        "subcategoria": "school",
        "tags": {
          "addr:full": "CALLE 59 A SUR No. 75 B - 75",
          "amenity": "school",
          "name": "IED La Estancia San Isidro"
        }
      },
      "geometry": {
        "type": "Point",
        "coordinates": [
          -74.1762001,
          4.5930041
        ]
      }
    },
    {
      "type": "Feature",
      "properties": {
        "id": 597154424,
        "nombre": "Colegio Maria Auxiliadora",
        "categoria": "educacion",
        "subcategoria": "school",
        "tags": {
          "addr:city": "Bogotá D.C.",
          "addr:street": "Carrera 8H",
          "amenity": "school",
          "denomination": "catholic",
          "name": "Colegio Maria Auxiliadora",
          "religion": "christian"
        }
      },
      "geometry": {
        "type": "Point",
        "coordinates": [
          -74.0289634,
          4.7448384
        ]
      }
    },
    {
      "type": "Feature",
      "properties": {
        "id": 599913106,
        "nombre": "Colegio Departamental de Funza",
        "categoria": "educacion",
        "subcategoria": "school",
        "tags": {
          "amenity": "school",
          "barrier": "yes",
          "name": "Colegio Departamental de Funza",
          "operator": "Alcaldía de Funza"
        }
      },
      "geometry": {
        "type": "Point",
        "coordinates": [
          -74.2019854,
          4.7061382
        ]
      }
    },
    {
      "type": "Feature",
      "properties": {
        "id": 608481510,
        "nombre": "Universidad Nacional de Colombia - Campus Santa Rosa",
        "categoria": "educacion",
        "subcategoria": "university",
        "tags": {
          "amenity": "university",
          "barrier": "fence",
          "name": "Universidad Nacional de Colombia - Campus Santa Rosa"
        }
      },
      "geometry": {
        "type": "Point",
        "coordinates": [
          -74.0961023,
          4.6485619
        ]
      }
    },
    {
      "type": "Feature",
      "properties": {
        "id": 609627259,
        "nombre": "Sin Nombre",
        "categoria": "educacion",
        "subcategoria": "school",
        "tags": {
          "amenity": "school"
        }
      },
      "geometry": {
        "type": "Point",
        "coordinates": [
          -74.0771045,
          4.7598581
        ]
      }
    },
    {
      "type": "Feature",
      "properties": {
        "id": 609627260,
        "nombre": "Sin Nombre",
        "categoria": "educacion",
        "subcategoria": "school",
        "tags": {
          "amenity": "school"
        }
      },
      "geometry": {
        "type": "Point",
        "coordinates": [
          -74.0770568,
          4.7604636
        ]
      }
    },
    {
      "type": "Feature",
      "properties": {
        "id": 611269548,
        "nombre": "Colegio Teresiano",
        "categoria": "educacion",
        "subcategoria": "school",
        "tags": {
          "addr:city": "Bogotá D.C.",
          "addr:street": "Calle 152",
          "amenity": "school",
          "denomination": "roman_catholic",
          "education": "school",
          "name": "Colegio Teresiano",
          "operator": "Compañía de Santa Teresa",
          "religion": "christian",
          "website": "https://www.teresianobogota.edu.co/",
          "wheelchair": "yes"
        }
      },
      "geometry": {
        "type": "Point",
        "coordinates": [
          -74.0465408,
          4.7348122
        ]
      }
    },
    {
      "type": "Feature",
      "properties": {
        "id": 612393488,
        "nombre": "IED Manuel Cepeda Vargas",
        "categoria": "educacion",
        "subcategoria": "school",
        "tags": {
          "amenity": "school",
          "name": "IED Manuel Cepeda Vargas"
        }
      },
      "geometry": {
        "type": "Point",
        "coordinates": [
          -74.177312,
          4.6162891
        ]
      }
    },
    {
      "type": "Feature",
      "properties": {
        "id": 612393490,
        "nombre": "Institución Educativa Distrital Class",
        "categoria": "educacion",
        "subcategoria": "school",
        "tags": {
          "amenity": "school",
          "name": "Institución Educativa Distrital Class"
        }
      },
      "geometry": {
        "type": "Point",
        "coordinates": [
          -74.1787852,
          4.6140651
        ]
      }
    },
    {
      "type": "Feature",
      "properties": {
        "id": 612393491,
        "nombre": "Sin Nombre",
        "categoria": "educacion",
        "subcategoria": "school",
        "tags": {
          "amenity": "school"
        }
      },
      "geometry": {
        "type": "Point",
        "coordinates": [
          -74.1827214,
          4.6141557
        ]
      }
    },
    {
      "type": "Feature",
      "properties": {
        "id": 616354673,
        "nombre": "Sin Nombre",
        "categoria": "educacion",
        "subcategoria": "school",
        "tags": {
          "amenity": "school",
          "building": "school"
        }
      },
      "geometry": {
        "type": "Point",
        "coordinates": [
          -74.1585307,
          4.6889777
        ]
      }
    },
    {
      "type": "Feature",
      "properties": {
        "id": 616808435,
        "nombre": "Colegio San Juan Bosco",
        "categoria": "educacion",
        "subcategoria": "school",
        "tags": {
          "amenity": "school",
          "denomination": "catholic",
          "name": "Colegio San Juan Bosco",
          "religion": "christian"
        }
      },
      "geometry": {
        "type": "Point",
        "coordinates": [
          -74.0858449,
          4.5775433
        ]
      }
    },
    {
      "type": "Feature",
      "properties": {
        "id": 616808961,
        "nombre": "Colegio José Felix Restrepo - Sede B",
        "categoria": "educacion",
        "subcategoria": "school",
        "tags": {
          "addr:full": "CALLE 10 A SUR No. 3 A - 61",
          "amenity": "school",
          "name": "Colegio José Felix Restrepo - Sede B"
        }
      },
      "geometry": {
        "type": "Point",
        "coordinates": [
          -74.0841545,
          4.5769934
        ]
      }
    },
    {
      "type": "Feature",
      "properties": {
        "id": 617868985,
        "nombre": "IED José María Carbonell",
        "categoria": "educacion",
        "subcategoria": "school",
        "tags": {
          "amenity": "school",
          "name": "IED José María Carbonell"
        }
      },
      "geometry": {
        "type": "Point",
        "coordinates": [
          -74.1977365,
          4.5996961
        ]
      }
    },
    {
      "type": "Feature",
      "properties": {
        "id": 617868999,
        "nombre": "IED Paulo de Tarso - Sede B",
        "categoria": "educacion",
        "subcategoria": "school",
        "tags": {
          "amenity": "school",
          "name": "IED Paulo de Tarso - Sede B"
        }
      },
      "geometry": {
        "type": "Point",
        "coordinates": [
          -74.19447,
          4.5995143
        ]
      }
    },
    {
      "type": "Feature",
      "properties": {
        "id": 620185159,
        "nombre": "IED Islandia",
        "categoria": "educacion",
        "subcategoria": "school",
        "tags": {
          "amenity": "school",
          "check_date": "2025-01-08",
          "name": "IED Islandia"
        }
      },
      "geometry": {
        "type": "Point",
        "coordinates": [
          -74.1964751,
          4.61491
        ]
      }
    },
    {
      "type": "Feature",
      "properties": {
        "id": 620185163,
        "nombre": "IED Bicentenario de la Independencia",
        "categoria": "educacion",
        "subcategoria": "school",
        "tags": {
          "amenity": "school",
          "barrier": "yes",
          "name": "IED Bicentenario de la Independencia"
        }
      },
      "geometry": {
        "type": "Point",
        "coordinates": [
          -74.2040404,
          4.6154615
        ]
      }
    },
    {
      "type": "Feature",
      "properties": {
        "id": 623818840,
        "nombre": "Colegio Sorreto",
        "categoria": "educacion",
        "subcategoria": "school",
        "tags": {
          "amenity": "school",
          "name": "Colegio Sorreto"
        }
      },
      "geometry": {
        "type": "Point",
        "coordinates": [
          -74.11314,
          4.6232
        ]
      }
    },
    {
      "type": "Feature",
      "properties": {
        "id": 624250819,
        "nombre": "IED Higita Herrera",
        "categoria": "educacion",
        "subcategoria": "school",
        "tags": {
          "amenity": "school",
          "name": "IED Higita Herrera",
          "operator": "Secretaría de Educación de Bogotá"
        }
      },
      "geometry": {
        "type": "Point",
        "coordinates": [
          -74.1878358,
          4.6249657
        ]
      }
    },
    {
      "type": "Feature",
      "properties": {
        "id": 624250838,
        "nombre": "Oratorio Salesiano Niño Jesús",
        "categoria": "educacion",
        "subcategoria": "school",
        "tags": {
          "amenity": "school",
          "name": "Oratorio Salesiano Niño Jesús"
        }
      },
      "geometry": {
        "type": "Point",
        "coordinates": [
          -74.1870364,
          4.6308539
        ]
      }
    },
    {
      "type": "Feature",
      "properties": {
        "id": 625163340,
        "nombre": "IED Francisco de Miranda",
        "categoria": "educacion",
        "subcategoria": "school",
        "tags": {
          "amenity": "school",
          "name": "IED Francisco de Miranda"
        }
      },
      "geometry": {
        "type": "Point",
        "coordinates": [
          -74.1542004,
          4.6126618
        ]
      }
    },
    {
      "type": "Feature",
      "properties": {
        "id": 625163341,
        "nombre": "Colegio de Formación Integral Nuevo Mundo",
        "categoria": "educacion",
        "subcategoria": "school",
        "tags": {
          "amenity": "school",
          "name": "Colegio de Formación Integral Nuevo Mundo"
        }
      },
      "geometry": {
        "type": "Point",
        "coordinates": [
          -74.1554125,
          4.612742
        ]
      }
    },
    {
      "type": "Feature",
      "properties": {
        "id": 625188126,
        "nombre": "Colegio George Washington",
        "categoria": "educacion",
        "subcategoria": "school",
        "tags": {
          "amenity": "school",
          "name": "Colegio George Washington",
          "source": "Survey; BING"
        }
      },
      "geometry": {
        "type": "Point",
        "coordinates": [
          -74.0070243,
          4.7633944
        ]
      }
    },
    {
      "type": "Feature",
      "properties": {
        "id": 625188127,
        "nombre": "Colegio Cambridge",
        "categoria": "educacion",
        "subcategoria": "school",
        "tags": {
          "amenity": "school",
          "name": "Colegio Cambridge",
          "name:es": "Colegio Cambridge",
          "opening_hours": "Mo-Fr 07:00-15:00",
          "phone": "+57 1 2181106",
          "source": "Survey; BING",
          "website": "http://www.Colegiocambridge.edu.com"
        }
      },
      "geometry": {
        "type": "Point",
        "coordinates": [
          -74.0060292,
          4.7681135
        ]
      }
    },
    {
      "type": "Feature",
      "properties": {
        "id": 625188128,
        "nombre": "Colegio Yerbabuena",
        "categoria": "educacion",
        "subcategoria": "school",
        "tags": {
          "amenity": "school",
          "name": "Colegio Yerbabuena",
          "source": "Survey; BING"
        }
      },
      "geometry": {
        "type": "Point",
        "coordinates": [
          -74.0041771,
          4.8544214
        ]
      }
    },
    {
      "type": "Feature",
      "properties": {
        "id": 625575144,
        "nombre": "Colegio Emma Reyes IED",
        "categoria": "educacion",
        "subcategoria": "school",
        "tags": {
          "amenity": "school",
          "barrier": "yes",
          "education": "school",
          "name": "Colegio Emma Reyes IED"
        }
      },
      "geometry": {
        "type": "Point",
        "coordinates": [
          -74.1511431,
          4.6367522
        ]
      }
    },
    {
      "type": "Feature",
      "properties": {
        "id": 625582729,
        "nombre": "Colegio Distrital Carlo Federici",
        "categoria": "educacion",
        "subcategoria": "school",
        "tags": {
          "addr:city": "Bogota",
          "addr:full": "CALLE 14 A No. 108 - 78",
          "addr:housenumber": "108-48",
          "addr:street": "Calle 14",
          "amenity": "school",
          "barrier": "yes",
          "name": "Colegio Distrital Carlo Federici",
          "phone": "+57314 2660377"
        }
      },
      "geometry": {
        "type": "Point",
        "coordinates": [
          -74.1591473,
          4.6718803
        ]
      }
    },
    {
      "type": "Feature",
      "properties": {
        "id": 625849597,
        "nombre": "Colegio Eugenio Díaz Castro",
        "categoria": "educacion",
        "subcategoria": "school",
        "tags": {
          "addr:housenumber": "10-32",
          "addr:street": "Calle 17A",
          "amenity": "school",
          "name": "Colegio Eugenio Díaz Castro"
        }
      },
      "geometry": {
        "type": "Point",
        "coordinates": [
          -74.2160715,
          4.5857124
        ]
      }
    },
    {
      "type": "Feature",
      "properties": {
        "id": 627290054,
        "nombre": "IED Nuevo Chile",
        "categoria": "educacion",
        "subcategoria": "school",
        "tags": {
          "amenity": "school",
          "name": "IED Nuevo Chile",
          "operator": "Secretaría de Educación de Bogotá, D.C."
        }
      },
      "geometry": {
        "type": "Point",
        "coordinates": [
          -74.1662908,
          4.6034613
        ]
      }
    },
    {
      "type": "Feature",
      "properties": {
        "id": 627294939,
        "nombre": "INEM San Francisco de Paula Sede B",
        "categoria": "educacion",
        "subcategoria": "school",
        "tags": {
          "amenity": "school",
          "name": "INEM San Francisco de Paula Sede B"
        }
      },
      "geometry": {
        "type": "Point",
        "coordinates": [
          -74.1531162,
          4.6266981
        ]
      }
    },
    {
      "type": "Feature",
      "properties": {
        "id": 630819294,
        "nombre": "Colegio Gabriel García Márquez",
        "categoria": "educacion",
        "subcategoria": "school",
        "tags": {
          "amenity": "school",
          "name": "Colegio Gabriel García Márquez",
          "operator": "Distrito"
        }
      },
      "geometry": {
        "type": "Point",
        "coordinates": [
          -74.0916217,
          4.5044843
        ]
      }
    },
    {
      "type": "Feature",
      "properties": {
        "id": 631194320,
        "nombre": "Colegio Fe y Alegría de Vitelma",
        "categoria": "educacion",
        "subcategoria": "school",
        "tags": {
          "amenity": "school",
          "name": "Colegio Fe y Alegría de Vitelma",
          "source": "BING"
        }
      },
      "geometry": {
        "type": "Point",
        "coordinates": [
          -74.0713004,
          4.5772765
        ]
      }
    },
    {
      "type": "Feature",
      "properties": {
        "id": 636184217,
        "nombre": "UNAD",
        "categoria": "educacion",
        "subcategoria": "university",
        "tags": {
          "amenity": "university",
          "name": "UNAD"
        }
      },
      "geometry": {
        "type": "Point",
        "coordinates": [
          -74.108983,
          4.5976851
        ]
      }
    },
    {
      "type": "Feature",
      "properties": {
        "id": 636603241,
        "nombre": "Gimnasio Psicopedagógico Villa Madrigal Sede a",
        "categoria": "educacion",
        "subcategoria": "school",
        "tags": {
          "amenity": "school",
          "name": "Gimnasio Psicopedagógico Villa Madrigal Sede a"
        }
      },
      "geometry": {
        "type": "Point",
        "coordinates": [
          -74.1129026,
          4.7078338
        ]
      }
    },
    {
      "type": "Feature",
      "properties": {
        "id": 636607499,
        "nombre": "Colegio Fervan Primaria",
        "categoria": "educacion",
        "subcategoria": "school",
        "tags": {
          "amenity": "school",
          "name": "Colegio Fervan Primaria"
        }
      },
      "geometry": {
        "type": "Point",
        "coordinates": [
          -74.1124016,
          4.706113
        ]
      }
    },
    {
      "type": "Feature",
      "properties": {
        "id": 636607500,
        "nombre": "Colegio Fervan Primaria",
        "categoria": "educacion",
        "subcategoria": "school",
        "tags": {
          "amenity": "school",
          "name": "Colegio Fervan Primaria"
        }
      },
      "geometry": {
        "type": "Point",
        "coordinates": [
          -74.1122759,
          4.7060373
        ]
      }
    },
    {
      "type": "Feature",
      "properties": {
        "id": 636607501,
        "nombre": "Colegio Fervan Primaria",
        "categoria": "educacion",
        "subcategoria": "school",
        "tags": {
          "amenity": "school",
          "name": "Colegio Fervan Primaria"
        }
      },
      "geometry": {
        "type": "Point",
        "coordinates": [
          -74.1125575,
          4.7062063
        ]
      }
    },
    {
      "type": "Feature",
      "properties": {
        "id": 636607503,
        "nombre": "Colegio Fervan Bachiderato",
        "categoria": "educacion",
        "subcategoria": "school",
        "tags": {
          "amenity": "school",
          "name": "Colegio Fervan Bachiderato"
        }
      },
      "geometry": {
        "type": "Point",
        "coordinates": [
          -74.1160764,
          4.7066543
        ]
      }
    },
    {
      "type": "Feature",
      "properties": {
        "id": 637950240,
        "nombre": "Colegio Distrital La Floresta Sur Sede A",
        "categoria": "educacion",
        "subcategoria": "school",
        "tags": {
          "amenity": "school",
          "name": "Colegio Distrital La Floresta Sur Sede A"
        }
      },
      "geometry": {
        "type": "Point",
        "coordinates": [
          -74.1275753,
          4.6206887
        ]
      }
    },
    {
      "type": "Feature",
      "properties": {
        "id": 638369022,
        "nombre": "Colegio Antonio Nariño",
        "categoria": "educacion",
        "subcategoria": "school",
        "tags": {
          "addr:city": "Madrid",
          "addr:postcode": "250030",
          "amenity": "school",
          "barrier": "yes",
          "name": "Colegio Antonio Nariño"
        }
      },
      "geometry": {
        "type": "Point",
        "coordinates": [
          -74.2643005,
          4.7295633
        ]
      }
    },
    {
      "type": "Feature",
      "properties": {
        "id": 638369023,
        "nombre": "Instituto Zoraida Cadavid",
        "categoria": "educacion",
        "subcategoria": "school",
        "tags": {
          "addr:city": "Madrid",
          "addr:postcode": "250030",
          "amenity": "school",
          "barrier": "yes",
          "name": "Instituto Zoraida Cadavid"
        }
      },
      "geometry": {
        "type": "Point",
        "coordinates": [
          -74.2650515,
          4.7309613
        ]
      }
    },
    {
      "type": "Feature",
      "properties": {
        "id": 638369027,
        "nombre": "Centro Educativo Jardín Departamental",
        "categoria": "educacion",
        "subcategoria": "school",
        "tags": {
          "amenity": "school",
          "name": "Centro Educativo Jardín Departamental"
        }
      },
      "geometry": {
        "type": "Point",
        "coordinates": [
          -74.266594,
          4.7326583
        ]
      }
    },
    {
      "type": "Feature",
      "properties": {
        "id": 638369031,
        "nombre": "Institución Educativa Departamental Serrezuela",
        "categoria": "educacion",
        "subcategoria": "school",
        "tags": {
          "addr:postcode": "250030",
          "addr:street": "Calle 4",
          "amenity": "school",
          "barrier": "wall",
          "name": "Institución Educativa Departamental Serrezuela"
        }
      },
      "geometry": {
        "type": "Point",
        "coordinates": [
          -74.2636004,
          4.7279354
        ]
      }
    },
    {
      "type": "Feature",
      "properties": {
        "id": 638613547,
        "nombre": "Colegio San Pedro",
        "categoria": "educacion",
        "subcategoria": "school",
        "tags": {
          "amenity": "school",
          "name": "Colegio San Pedro"
        }
      },
      "geometry": {
        "type": "Point",
        "coordinates": [
          -74.2533073,
          4.7397762
        ]
      }
    },
    {
      "type": "Feature",
      "properties": {
        "id": 638616187,
        "nombre": "Instituto Cristiano San Pablo",
        "categoria": "educacion",
        "subcategoria": "school",
        "tags": {
          "amenity": "school",
          "name": "Instituto Cristiano San Pablo"
        }
      },
      "geometry": {
        "type": "Point",
        "coordinates": [
          -74.2851228,
          4.7365007
        ]
      }
    },
    {
      "type": "Feature",
      "properties": {
        "id": 639216781,
        "nombre": "IED La Amistad",
        "categoria": "educacion",
        "subcategoria": "school",
        "tags": {
          "addr:full": "CARRERA 78 No. 35 - 30 SUR",
          "amenity": "school",
          "name": "IED La Amistad"
        }
      },
      "geometry": {
        "type": "Point",
        "coordinates": [
          -74.1478692,
          4.6229582
        ]
      }
    },
    {
      "type": "Feature",
      "properties": {
        "id": 640181925,
        "nombre": "Pablo IV",
        "categoria": "educacion",
        "subcategoria": "school",
        "tags": {
          "amenity": "school",
          "name": "Pablo IV"
        }
      },
      "geometry": {
        "type": "Point",
        "coordinates": [
          -74.1583199,
          4.6211729
        ]
      }
    },
    {
      "type": "Feature",
      "properties": {
        "id": 640667818,
        "nombre": "Gimnasio Los Sauces",
        "categoria": "educacion",
        "subcategoria": "school",
        "tags": {
          "amenity": "school",
          "name": "Gimnasio Los Sauces"
        }
      },
      "geometry": {
        "type": "Point",
        "coordinates": [
          -74.1825099,
          4.6313147
        ]
      }
    },
    {
      "type": "Feature",
      "properties": {
        "id": 640667825,
        "nombre": "IED Germán Arciniegas Sede A",
        "categoria": "educacion",
        "subcategoria": "school",
        "tags": {
          "amenity": "school",
          "name": "IED Germán Arciniegas Sede A",
          "operator": "Secretaría de Educación de Bogotá, D.C."
        }
      },
      "geometry": {
        "type": "Point",
        "coordinates": [
          -74.1851044,
          4.6301481
        ]
      }
    },
    {
      "type": "Feature",
      "properties": {
        "id": 640752421,
        "nombre": "IED San Jorge",
        "categoria": "educacion",
        "subcategoria": "school",
        "tags": {
          "amenity": "school",
          "name": "IED San Jorge"
        }
      },
      "geometry": {
        "type": "Point",
        "coordinates": [
          -74.1587936,
          4.6246811
        ]
      }
    },
    {
      "type": "Feature",
      "properties": {
        "id": 640753650,
        "nombre": "Sin Nombre",
        "categoria": "educacion",
        "subcategoria": "school",
        "tags": {
          "amenity": "school"
        }
      },
      "geometry": {
        "type": "Point",
        "coordinates": [
          -74.1610735,
          4.6221721
        ]
      }
    },
    {
      "type": "Feature",
      "properties": {
        "id": 641013670,
        "nombre": "Fundación Solidaria Por Colombia",
        "categoria": "educacion",
        "subcategoria": "school",
        "tags": {
          "amenity": "school",
          "name": "Fundación Solidaria Por Colombia"
        }
      },
      "geometry": {
        "type": "Point",
        "coordinates": [
          -74.1611386,
          4.6345048
        ]
      }
    },
    {
      "type": "Feature",
      "properties": {
        "id": 641339138,
        "nombre": "IED Restrepo Millan - Sede C",
        "categoria": "educacion",
        "subcategoria": "school",
        "tags": {
          "amenity": "school",
          "name": "IED Restrepo Millan - Sede C",
          "operator": "Secretaría de Educación de Bogotá, D.C."
        }
      },
      "geometry": {
        "type": "Point",
        "coordinates": [
          -74.1195254,
          4.5755704
        ]
      }
    },
    {
      "type": "Feature",
      "properties": {
        "id": 641344592,
        "nombre": "Quiroga Alianza",
        "categoria": "educacion",
        "subcategoria": "school",
        "tags": {
          "amenity": "school",
          "name": "Quiroga Alianza",
          "website": "https://quirogaalianzapagi.wixsite.com/quirogaalianza"
        }
      },
      "geometry": {
        "type": "Point",
        "coordinates": [
          -74.1170288,
          4.5792793
        ]
      }
    },
    {
      "type": "Feature",
      "properties": {
        "id": 641731884,
        "nombre": "IED Villa Rica Sede B",
        "categoria": "educacion",
        "subcategoria": "school",
        "tags": {
          "amenity": "school",
          "name": "IED Villa Rica Sede B",
          "operator": "Secretaría de Educación de Bogotá, D.C."
        }
      },
      "geometry": {
        "type": "Point",
        "coordinates": [
          -74.1664129,
          4.6115231
        ]
      }
    },
    {
      "type": "Feature",
      "properties": {
        "id": 641732043,
        "nombre": "Colegio Cooperativo Carvajal",
        "categoria": "educacion",
        "subcategoria": "school",
        "tags": {
          "amenity": "school",
          "name": "Colegio Cooperativo Carvajal"
        }
      },
      "geometry": {
        "type": "Point",
        "coordinates": [
          -74.1428363,
          4.6136164
        ]
      }
    },
    {
      "type": "Feature",
      "properties": {
        "id": 642183354,
        "nombre": "IED Ramón de Zubiría",
        "categoria": "educacion",
        "subcategoria": "school",
        "tags": {
          "amenity": "school",
          "name": "IED Ramón de Zubiría",
          "operator": "Distrito"
        }
      },
      "geometry": {
        "type": "Point",
        "coordinates": [
          -74.0921641,
          4.7253896
        ]
      }
    },
    {
      "type": "Feature",
      "properties": {
        "id": 642184964,
        "nombre": "IED Gerardo Paredes",
        "categoria": "educacion",
        "subcategoria": "school",
        "tags": {
          "amenity": "school",
          "name": "IED Gerardo Paredes",
          "operator": "Distrito"
        }
      },
      "geometry": {
        "type": "Point",
        "coordinates": [
          -74.0936935,
          4.725736
        ]
      }
    },
    {
      "type": "Feature",
      "properties": {
        "id": 642708384,
        "nombre": "Colegio Mayor San Bartolomé",
        "categoria": "educacion",
        "subcategoria": "school",
        "tags": {
          "amenity": "school",
          "name": "Colegio Mayor San Bartolomé",
          "operator": "Colegio Mayor San Bartolomé"
        }
      },
      "geometry": {
        "type": "Point",
        "coordinates": [
          -74.1113491,
          4.5835301
        ]
      }
    },
    {
      "type": "Feature",
      "properties": {
        "id": 642708400,
        "nombre": "Escuela General de Policía General Santander",
        "categoria": "educacion",
        "subcategoria": "university",
        "tags": {
          "amenity": "university",
          "boundary": "urban",
          "name": "Escuela General de Policía General Santander",
          "operator": "Policía Nacional de Colombia",
          "police": "academy",
          "type": "boundary",
          "wikidata": "Q969519",
          "wikimedia_commons": "Category:Escuela de Cadetes de Policía Francisco de Paula Santander",
          "wikipedia": "es:Escuela de Cadetes de Policía General Santander"
        }
      },
      "geometry": {
        "type": "Point",
        "coordinates": [
          -74.1320207,
          4.589813
        ]
      }
    },
    {
      "type": "Feature",
      "properties": {
        "id": 642708435,
        "nombre": "Colegio Mayor del Quiroga",
        "categoria": "educacion",
        "subcategoria": "school",
        "tags": {
          "amenity": "school",
          "name": "Colegio Mayor del Quiroga"
        }
      },
      "geometry": {
        "type": "Point",
        "coordinates": [
          -74.1166112,
          4.5805672
        ]
      }
    },
    {
      "type": "Feature",
      "properties": {
        "id": 642708447,
        "nombre": "IED Luis López de Mesa",
        "categoria": "educacion",
        "subcategoria": "school",
        "tags": {
          "amenity": "school",
          "name": "IED Luis López de Mesa"
        }
      },
      "geometry": {
        "type": "Point",
        "coordinates": [
          -74.1115755,
          4.5726511
        ]
      }
    },
    {
      "type": "Feature",
      "properties": {
        "id": 643148927,
        "nombre": "IED Jairo Anibal Niño",
        "categoria": "educacion",
        "subcategoria": "school",
        "tags": {
          "amenity": "school",
          "name": "IED Jairo Anibal Niño",
          "operator": "Secretaría de Educación de Bogotá, D.C."
        }
      },
      "geometry": {
        "type": "Point",
        "coordinates": [
          -74.1671052,
          4.6369939
        ]
      }
    },
    {
      "type": "Feature",
      "properties": {
        "id": 643148998,
        "nombre": "Sin Nombre",
        "categoria": "educacion",
        "subcategoria": "school",
        "tags": {
          "amenity": "school"
        }
      },
      "geometry": {
        "type": "Point",
        "coordinates": [
          -74.1732207,
          4.634248
        ]
      }
    },
    {
      "type": "Feature",
      "properties": {
        "id": 643148999,
        "nombre": "IED Hernando Durán Dusan",
        "categoria": "educacion",
        "subcategoria": "school",
        "tags": {
          "amenity": "school",
          "name": "IED Hernando Durán Dusan"
        }
      },
      "geometry": {
        "type": "Point",
        "coordinates": [
          -74.1729886,
          4.6347799
        ]
      }
    },
    {
      "type": "Feature",
      "properties": {
        "id": 644236644,
        "nombre": "Sin Nombre",
        "categoria": "educacion",
        "subcategoria": "school",
        "tags": {
          "amenity": "school"
        }
      },
      "geometry": {
        "type": "Point",
        "coordinates": [
          -74.1706036,
          4.6199902
        ]
      }
    },
    {
      "type": "Feature",
      "properties": {
        "id": 645764439,
        "nombre": "Colegio Eduardo Umaña Luna IED",
        "categoria": "educacion",
        "subcategoria": "school",
        "tags": {
          "addr:housenumber": "42 A - 37 Sur",
          "addr:street": "Carrera 93A",
          "amenity": "school",
          "name": "Colegio Eduardo Umaña Luna IED",
          "website": "https://www.redacademica.edu.co/colegios/colegio-eduardo-umana-luna-ied"
        }
      },
      "geometry": {
        "type": "Point",
        "coordinates": [
          -74.175136,
          4.6416688
        ]
      }
    },
    {
      "type": "Feature",
      "properties": {
        "id": 645778721,
        "nombre": "IED El Libertador - Sede A",
        "categoria": "educacion",
        "subcategoria": "school",
        "tags": {
          "amenity": "school",
          "name": "IED El Libertador - Sede A"
        }
      },
      "geometry": {
        "type": "Point",
        "coordinates": [
          -74.1159145,
          4.5845593
        ]
      }
    },
    {
      "type": "Feature",
      "properties": {
        "id": 645886345,
        "nombre": "Sin Nombre",
        "categoria": "educacion",
        "subcategoria": "school",
        "tags": {
          "amenity": "school"
        }
      },
      "geometry": {
        "type": "Point",
        "coordinates": [
          -74.0633299,
          4.6829396
        ]
      }
    },
    {
      "type": "Feature",
      "properties": {
        "id": 645891227,
        "nombre": "Colegio Fundación Santa María",
        "categoria": "educacion",
        "subcategoria": "school",
        "tags": {
          "amenity": "school",
          "name": "Colegio Fundación Santa María"
        }
      },
      "geometry": {
        "type": "Point",
        "coordinates": [
          -74.0644122,
          4.6789637
        ]
      }
    },
    {
      "type": "Feature",
      "properties": {
        "id": 645897355,
        "nombre": "IED Gustavo Morales",
        "categoria": "educacion",
        "subcategoria": "school",
        "tags": {
          "amenity": "school",
          "name": "IED Gustavo Morales"
        }
      },
      "geometry": {
        "type": "Point",
        "coordinates": [
          -74.069874,
          4.7191557
        ]
      }
    },
    {
      "type": "Feature",
      "properties": {
        "id": 648002927,
        "nombre": "IED Antonio José Uribe",
        "categoria": "educacion",
        "subcategoria": "school",
        "tags": {
          "amenity": "school",
          "barrier": "yes",
          "education": "school",
          "name": "IED Antonio José Uribe"
        }
      },
      "geometry": {
        "type": "Point",
        "coordinates": [
          -74.0820265,
          4.5925384
        ]
      }
    },
    {
      "type": "Feature",
      "properties": {
        "id": 651469628,
        "nombre": "IED El Jazmín",
        "categoria": "educacion",
        "subcategoria": "school",
        "tags": {
          "amenity": "school",
          "name": "IED El Jazmín"
        }
      },
      "geometry": {
        "type": "Point",
        "coordinates": [
          -74.1147607,
          4.6097057
        ]
      }
    },
    {
      "type": "Feature",
      "properties": {
        "id": 652164639,
        "nombre": "Sin Nombre",
        "categoria": "educacion",
        "subcategoria": "school",
        "tags": {
          "amenity": "school"
        }
      },
      "geometry": {
        "type": "Point",
        "coordinates": [
          -74.1695766,
          4.6405313
        ]
      }
    },
    {
      "type": "Feature",
      "properties": {
        "id": 653618950,
        "nombre": "Jardín Social Santa Marta",
        "categoria": "educacion",
        "subcategoria": "school",
        "tags": {
          "amenity": "school",
          "name": "Jardín Social Santa Marta"
        }
      },
      "geometry": {
        "type": "Point",
        "coordinates": [
          -74.1875639,
          4.634291
        ]
      }
    },
    {
      "type": "Feature",
      "properties": {
        "id": 653660530,
        "nombre": "IED Bosanova",
        "categoria": "educacion",
        "subcategoria": "school",
        "tags": {
          "amenity": "school",
          "name": "IED Bosanova"
        }
      },
      "geometry": {
        "type": "Point",
        "coordinates": [
          -74.1883611,
          4.6227389
        ]
      }
    },
    {
      "type": "Feature",
      "properties": {
        "id": 653684485,
        "nombre": "IED El Porvenir",
        "categoria": "educacion",
        "subcategoria": "school",
        "tags": {
          "amenity": "school",
          "barrier": "yes",
          "name": "IED El Porvenir"
        }
      },
      "geometry": {
        "type": "Point",
        "coordinates": [
          -74.1976358,
          4.6420036
        ]
      }
    },
    {
      "type": "Feature",
      "properties": {
        "id": 655259531,
        "nombre": "IE El Bosque",
        "categoria": "educacion",
        "subcategoria": "school",
        "tags": {
          "addr:city": "San Mateo",
          "addr:housenumber": "# 31A - 64",
          "addr:street": "Carrera 19 Este",
          "amenity": "school",
          "grades": "0-11",
          "name": "IE El Bosque",
          "operator": "Secretaria de Educación y Cultura de Soacha",
          "operator:type": "government"
        }
      },
      "geometry": {
        "type": "Point",
        "coordinates": [
          -74.1972779,
          4.5754423
        ]
      }
    },
    {
      "type": "Feature",
      "properties": {
        "id": 655270820,
        "nombre": "Sin Nombre",
        "categoria": "educacion",
        "subcategoria": "school",
        "tags": {
          "amenity": "school",
          "barrier": "yes"
        }
      },
      "geometry": {
        "type": "Point",
        "coordinates": [
          -74.1254967,
          4.5800152
        ]
      }
    },
    {
      "type": "Feature",
      "properties": {
        "id": 655270821,
        "nombre": "I.E.D. Manuel del Socorro Rodríguez Sede A",
        "categoria": "educacion",
        "subcategoria": "school",
        "tags": {
          "amenity": "school",
          "name": "I.E.D. Manuel del Socorro Rodríguez Sede A",
          "operator": "Secretaría de Educación de Bogotá, D.C."
        }
      },
      "geometry": {
        "type": "Point",
        "coordinates": [
          -74.125727,
          4.5776689
        ]
      }
    },
    {
      "type": "Feature",
      "properties": {
        "id": 655270830,
        "nombre": "Instituto San Pablo Apóstol",
        "categoria": "educacion",
        "subcategoria": "school",
        "tags": {
          "addr:city": "Bogotá",
          "addr:street": "Carrera 24B No. 29A-02 Sur",
          "amenity": "school",
          "denomination": "catholic",
          "grades": "6-11",
          "name": "Instituto San Pablo Apóstol",
          "operator": "Arquidiocesis de Bogotá",
          "operator:type": "private",
          "religion": "christian",
          "website": "https://www.ispaeducacion.edu.co/"
        }
      },
      "geometry": {
        "type": "Point",
        "coordinates": [
          -74.1127796,
          4.5843673
        ]
      }
    },
    {
      "type": "Feature",
      "properties": {
        "id": 655270832,
        "nombre": "Centro Sopeña Bogotá Sur",
        "categoria": "educacion",
        "subcategoria": "school",
        "tags": {
          "amenity": "school",
          "denomination": "catholic",
          "name": "Centro Sopeña Bogotá Sur",
          "operator": "Fundación Dolores Sopeña",
          "religion": "christian",
          "website": "https://www.sopenabogota.co/"
        }
      },
      "geometry": {
        "type": "Point",
        "coordinates": [
          -74.1117675,
          4.5846546
        ]
      }
    },
    {
      "type": "Feature",
      "properties": {
        "id": 655270846,
        "nombre": "IED Gustavo Restrepo",
        "categoria": "educacion",
        "subcategoria": "school",
        "tags": {
          "amenity": "school",
          "barrier": "yes",
          "name": "IED Gustavo Restrepo"
        }
      },
      "geometry": {
        "type": "Point",
        "coordinates": [
          -74.1063365,
          4.5751945
        ]
      }
    },
    {
      "type": "Feature",
      "properties": {
        "id": 655270851,
        "nombre": "IED Alejandro Obregón",
        "categoria": "educacion",
        "subcategoria": "school",
        "tags": {
          "amenity": "school",
          "barrier": "yes",
          "name": "IED Alejandro Obregón"
        }
      },
      "geometry": {
        "type": "Point",
        "coordinates": [
          -74.108951,
          4.5762249
        ]
      }
    },
    {
      "type": "Feature",
      "properties": {
        "id": 656570484,
        "nombre": "Colegio Parroquial",
        "categoria": "educacion",
        "subcategoria": "school",
        "tags": {
          "amenity": "school",
          "building": "school",
          "name": "Colegio Parroquial"
        }
      },
      "geometry": {
        "type": "Point",
        "coordinates": [
          -74.092665,
          4.7255147
        ]
      }
    },
    {
      "type": "Feature",
      "properties": {
        "id": 656570487,
        "nombre": "Sin Nombre",
        "categoria": "educacion",
        "subcategoria": "school",
        "tags": {
          "amenity": "school",
          "building": "school"
        }
      },
      "geometry": {
        "type": "Point",
        "coordinates": [
          -74.0923698,
          4.7255177
        ]
      }
    },
    {
      "type": "Feature",
      "properties": {
        "id": 656570488,
        "nombre": "Sin Nombre",
        "categoria": "educacion",
        "subcategoria": "school",
        "tags": {
          "amenity": "school",
          "building": "school"
        }
      },
      "geometry": {
        "type": "Point",
        "coordinates": [
          -74.0923775,
          4.7253027
        ]
      }
    },
    {
      "type": "Feature",
      "properties": {
        "id": 656570489,
        "nombre": "Sin Nombre",
        "categoria": "educacion",
        "subcategoria": "school",
        "tags": {
          "amenity": "school",
          "building": "school"
        }
      },
      "geometry": {
        "type": "Point",
        "coordinates": [
          -74.0919679,
          4.7256105
        ]
      }
    },
    {
      "type": "Feature",
      "properties": {
        "id": 656570490,
        "nombre": "Sin Nombre",
        "categoria": "educacion",
        "subcategoria": "school",
        "tags": {
          "amenity": "school",
          "building": "school"
        }
      },
      "geometry": {
        "type": "Point",
        "coordinates": [
          -74.0919396,
          4.7253472
        ]
      }
    },
    {
      "type": "Feature",
      "properties": {
        "id": 656570670,
        "nombre": "Colegio Parroquial",
        "categoria": "educacion",
        "subcategoria": "school",
        "tags": {
          "amenity": "school",
          "name": "Colegio Parroquial"
        }
      },
      "geometry": {
        "type": "Point",
        "coordinates": [
          -74.0926178,
          4.725495
        ]
      }
    },
    {
      "type": "Feature",
      "properties": {
        "id": 657074747,
        "nombre": "IE Buenos Aires",
        "categoria": "educacion",
        "subcategoria": "school",
        "tags": {
          "amenity": "school",
          "name": "IE Buenos Aires"
        }
      },
      "geometry": {
        "type": "Point",
        "coordinates": [
          -74.1789095,
          4.5724809
        ]
      }
    },
    {
      "type": "Feature",
      "properties": {
        "id": 657074862,
        "nombre": "Fundación Universitaria San Alfonso",
        "categoria": "educacion",
        "subcategoria": "university",
        "tags": {
          "amenity": "university",
          "name": "Fundación Universitaria San Alfonso"
        }
      },
      "geometry": {
        "type": "Point",
        "coordinates": [
          -74.1171962,
          4.5824812
        ]
      }
    },
    {
      "type": "Feature",
      "properties": {
        "id": 657328722,
        "nombre": "IEDp Pablo Neruda",
        "categoria": "educacion",
        "subcategoria": "school",
        "tags": {
          "amenity": "school",
          "barrier": "yes",
          "email": "instpablo.neruda1@gmail.com",
          "name": "IEDp Pablo Neruda",
          "website": "http://www.iedpabloneruda.edu.co"
        }
      },
      "geometry": {
        "type": "Point",
        "coordinates": [
          -74.2358871,
          4.5271082
        ]
      }
    },
    {
      "type": "Feature",
      "properties": {
        "id": 657328768,
        "nombre": "Sede IED General Santander",
        "categoria": "educacion",
        "subcategoria": "school",
        "tags": {
          "alt_name": "Colegio Departamental",
          "amenity": "school",
          "building:levels": "3",
          "name": "Sede IED General Santander"
        }
      },
      "geometry": {
        "type": "Point",
        "coordinates": [
          -74.2576921,
          4.4931141
        ]
      }
    },
    {
      "type": "Feature",
      "properties": {
        "id": 662537972,
        "nombre": "Sin Nombre",
        "categoria": "educacion",
        "subcategoria": "school",
        "tags": {
          "amenity": "school"
        }
      },
      "geometry": {
        "type": "Point",
        "coordinates": [
          -74.181833,
          4.5980754
        ]
      }
    },
    {
      "type": "Feature",
      "properties": {
        "id": 662541314,
        "nombre": "Predesalud",
        "categoria": "educacion",
        "subcategoria": "college",
        "tags": {
          "amenity": "college",
          "name": "Predesalud"
        }
      },
      "geometry": {
        "type": "Point",
        "coordinates": [
          -74.1795414,
          4.5978695
        ]
      }
    },
    {
      "type": "Feature",
      "properties": {
        "id": 664275083,
        "nombre": "Colegio La Colina",
        "categoria": "educacion",
        "subcategoria": "college",
        "tags": {
          "amenity": "college",
          "name": "Colegio La Colina"
        }
      },
      "geometry": {
        "type": "Point",
        "coordinates": [
          -73.9934372,
          4.6786942
        ]
      }
    },
    {
      "type": "Feature",
      "properties": {
        "id": 664528661,
        "nombre": "San Luis - Policía Nacional",
        "categoria": "educacion",
        "subcategoria": "school",
        "tags": {
          "amenity": "school",
          "name": "San Luis - Policía Nacional"
        }
      },
      "geometry": {
        "type": "Point",
        "coordinates": [
          -74.0691085,
          4.7327283
        ]
      }
    },
    {
      "type": "Feature",
      "properties": {
        "id": 672383333,
        "nombre": "IED Juana Escobar Sede A",
        "categoria": "educacion",
        "subcategoria": "school",
        "tags": {
          "addr:city": "San Cristóbal",
          "addr:housenumber": "57A - 16",
          "addr:postcode": "110441",
          "addr:street": "Carrera 15A Este",
          "amenity": "school",
          "name": "IED Juana Escobar Sede A",
          "operator": "Secretaría de Educación de Bogotá, D.C.",
          "operator:type": "public",
          "wheelchair": "yes"
        }
      },
      "geometry": {
        "type": "Point",
        "coordinates": [
          -74.0854496,
          4.5307552
        ]
      }
    },
    {
      "type": "Feature",
      "properties": {
        "id": 675054286,
        "nombre": "IED Canadá",
        "categoria": "educacion",
        "subcategoria": "school",
        "tags": {
          "amenity": "school",
          "name": "IED Canadá"
        }
      },
      "geometry": {
        "type": "Point",
        "coordinates": [
          -74.1546419,
          4.5410503
        ]
      }
    },
    {
      "type": "Feature",
      "properties": {
        "id": 675058435,
        "nombre": "Centro Industrial y de Desarrollo Empresarial",
        "categoria": "educacion",
        "subcategoria": "college",
        "tags": {
          "addr:city": "Sibaté",
          "amenity": "college",
          "barrier": "yes",
          "education": "college",
          "name": "Centro Industrial y de Desarrollo Empresarial",
          "operator": "Servicio Nacional de Aprendizaje",
          "operator:short": "SENA",
          "operator:type": "public",
          "operator:wikidata": "Q6974078",
          "website": "https://sena.edu.co/",
          "wikidata": "Q6974078",
          "wikipedia": "es:Servicio Nacional de Aprendizaje"
        }
      },
      "geometry": {
        "type": "Point",
        "coordinates": [
          -74.2514669,
          4.4988458
        ]
      }
    },
    {
      "type": "Feature",
      "properties": {
        "id": 675058451,
        "nombre": "Colegio Parroquial La Asunción",
        "categoria": "educacion",
        "subcategoria": "school",
        "tags": {
          "amenity": "school",
          "name": "Colegio Parroquial La Asunción"
        }
      },
      "geometry": {
        "type": "Point",
        "coordinates": [
          -74.2591479,
          4.4943198
        ]
      }
    },
    {
      "type": "Feature",
      "properties": {
        "id": 675063812,
        "nombre": "Instituto Campestre",
        "categoria": "educacion",
        "subcategoria": "school",
        "tags": {
          "amenity": "school",
          "name": "Instituto Campestre"
        }
      },
      "geometry": {
        "type": "Point",
        "coordinates": [
          -74.253692,
          4.4927043
        ]
      }
    },
    {
      "type": "Feature",
      "properties": {
        "id": 675711473,
        "nombre": "Colegio Maria Auxiliadora",
        "categoria": "educacion",
        "subcategoria": "school",
        "tags": {
          "amenity": "school",
          "denomination": "catholic",
          "name": "Colegio Maria Auxiliadora",
          "religion": "christian"
        }
      },
      "geometry": {
        "type": "Point",
        "coordinates": [
          -74.069098,
          4.6178532
        ]
      }
    },
    {
      "type": "Feature",
      "properties": {
        "id": 678811203,
        "nombre": "Colegio San Simon",
        "categoria": "educacion",
        "subcategoria": "school",
        "tags": {
          "amenity": "school",
          "level": "4",
          "name": "Colegio San Simon"
        }
      },
      "geometry": {
        "type": "Point",
        "coordinates": [
          -74.0575751,
          4.7529182
        ]
      }
    },
    {
      "type": "Feature",
      "properties": {
        "id": 683611574,
        "nombre": "IED El Libertador Sede B",
        "categoria": "educacion",
        "subcategoria": "school",
        "tags": {
          "amenity": "school",
          "name": "IED El Libertador Sede B"
        }
      },
      "geometry": {
        "type": "Point",
        "coordinates": [
          -74.1176937,
          4.5884864
        ]
      }
    },
    {
      "type": "Feature",
      "properties": {
        "id": 683611584,
        "nombre": "IED Rafael Delgado Salguero",
        "categoria": "educacion",
        "subcategoria": "school",
        "tags": {
          "amenity": "school",
          "barrier": "yes",
          "name": "IED Rafael Delgado Salguero"
        }
      },
      "geometry": {
        "type": "Point",
        "coordinates": [
          -74.1203775,
          4.5849632
        ]
      }
    },
    {
      "type": "Feature",
      "properties": {
        "id": 683611591,
        "nombre": "Colegio Dios es Amor",
        "categoria": "educacion",
        "subcategoria": "school",
        "tags": {
          "amenity": "school",
          "name": "Colegio Dios es Amor"
        }
      },
      "geometry": {
        "type": "Point",
        "coordinates": [
          -74.1192231,
          4.5877551
        ]
      }
    },
    {
      "type": "Feature",
      "properties": {
        "id": 683611636,
        "nombre": "Colegio Quiroga Alianza",
        "categoria": "educacion",
        "subcategoria": "school",
        "tags": {
          "amenity": "school",
          "barrier": "yes",
          "name": "Colegio Quiroga Alianza"
        }
      },
      "geometry": {
        "type": "Point",
        "coordinates": [
          -74.1206216,
          4.5815358
        ]
      }
    },
    {
      "type": "Feature",
      "properties": {
        "id": 683611655,
        "nombre": "IED San Carlos - Sede B",
        "categoria": "educacion",
        "subcategoria": "school",
        "tags": {
          "amenity": "school",
          "barrier": "yes",
          "name": "IED San Carlos - Sede B",
          "operator": "Secretaría de Educación de Bogotá, D.C.",
          "operator:type": "public"
        }
      },
      "geometry": {
        "type": "Point",
        "coordinates": [
          -74.128006,
          4.569769
        ]
      }
    },
    {
      "type": "Feature",
      "properties": {
        "id": 685127234,
        "nombre": "Sin Nombre",
        "categoria": "educacion",
        "subcategoria": "school",
        "tags": {
          "amenity": "school",
          "education": "school"
        }
      },
      "geometry": {
        "type": "Point",
        "coordinates": [
          -74.1299282,
          4.6017718
        ]
      }
    },
    {
      "type": "Feature",
      "properties": {
        "id": 685147366,
        "nombre": "IED CEDID San Pablo",
        "categoria": "educacion",
        "subcategoria": "school",
        "tags": {
          "amenity": "school",
          "name": "IED CEDID San Pablo"
        }
      },
      "geometry": {
        "type": "Point",
        "coordinates": [
          -74.1874601,
          4.599852
        ]
      }
    },
    {
      "type": "Feature",
      "properties": {
        "id": 685161803,
        "nombre": "IED Gran Colombiano Sede A",
        "categoria": "educacion",
        "subcategoria": "school",
        "tags": {
          "amenity": "school",
          "name": "IED Gran Colombiano Sede A"
        }
      },
      "geometry": {
        "type": "Point",
        "coordinates": [
          -74.199968,
          4.6103078
        ]
      }
    },
    {
      "type": "Feature",
      "properties": {
        "id": 685162486,
        "nombre": "Colegio Distrital Gran Colombiano - Sede D",
        "categoria": "educacion",
        "subcategoria": "school",
        "tags": {
          "addr:city": "Bosa",
          "addr:full": "CALLE 72 A SUR No. 80 J - 20",
          "addr:housenumber": "80 J - 20",
          "addr:street": "Calle 72A Sur",
          "amenity": "school",
          "name": "Colegio Distrital Gran Colombiano - Sede D"
        }
      },
      "geometry": {
        "type": "Point",
        "coordinates": [
          -74.1965729,
          4.6081534
        ]
      }
    },
    {
      "type": "Feature",
      "properties": {
        "id": 685763428,
        "nombre": "IED Pablo de Tarso",
        "categoria": "educacion",
        "subcategoria": "school",
        "tags": {
          "amenity": "school",
          "name": "IED Pablo de Tarso"
        }
      },
      "geometry": {
        "type": "Point",
        "coordinates": [
          -74.187068,
          4.6037512
        ]
      }
    },
    {
      "type": "Feature",
      "properties": {
        "id": 686375901,
        "nombre": "IED Sierra Morena - Sede C",
        "categoria": "educacion",
        "subcategoria": "school",
        "tags": {
          "amenity": "school",
          "name": "IED Sierra Morena - Sede C",
          "operator": "Secretaría de Educación de Bogotá, D.C."
        }
      },
      "geometry": {
        "type": "Point",
        "coordinates": [
          -74.169377,
          4.5709201
        ]
      }
    },
    {
      "type": "Feature",
      "properties": {
        "id": 687665472,
        "nombre": "IED Porfirio Barba Jacob",
        "categoria": "educacion",
        "subcategoria": "school",
        "tags": {
          "amenity": "school",
          "check_date": "2025-01-08",
          "name": "IED Porfirio Barba Jacob"
        }
      },
      "geometry": {
        "type": "Point",
        "coordinates": [
          -74.1937152,
          4.6121231
        ]
      }
    },
    {
      "type": "Feature",
      "properties": {
        "id": 687693199,
        "nombre": "Colegio George Williams",
        "categoria": "educacion",
        "subcategoria": "school",
        "tags": {
          "amenity": "school",
          "name": "Colegio George Williams"
        }
      },
      "geometry": {
        "type": "Point",
        "coordinates": [
          -74.0739296,
          4.6182504
        ]
      }
    },
    {
      "type": "Feature",
      "properties": {
        "id": 688042145,
        "nombre": "IED El Ensueño",
        "categoria": "educacion",
        "subcategoria": "school",
        "tags": {
          "amenity": "school",
          "name": "IED El Ensueño"
        }
      },
      "geometry": {
        "type": "Point",
        "coordinates": [
          -74.1580796,
          4.5861819
        ]
      }
    },
    {
      "type": "Feature",
      "properties": {
        "id": 688441831,
        "nombre": "Colegio Emilio Valenzuela",
        "categoria": "educacion",
        "subcategoria": "school",
        "tags": {
          "amenity": "school",
          "barrier": "yes",
          "name": "Colegio Emilio Valenzuela"
        }
      },
      "geometry": {
        "type": "Point",
        "coordinates": [
          -74.0582841,
          4.7662886
        ]
      }
    },
    {
      "type": "Feature",
      "properties": {
        "id": 688441833,
        "nombre": "Academia Colombiana de Tenis",
        "categoria": "educacion",
        "subcategoria": "school",
        "tags": {
          "amenity": "school",
          "barrier": "yes",
          "name": "Academia Colombiana de Tenis"
        }
      },
      "geometry": {
        "type": "Point",
        "coordinates": [
          -74.0592405,
          4.7650083
        ]
      }
    },
    {
      "type": "Feature",
      "properties": {
        "id": 688441883,
        "nombre": "Colegio San Alberto Magno",
        "categoria": "educacion",
        "subcategoria": "school",
        "tags": {
          "amenity": "school",
          "barrier": "yes",
          "name": "Colegio San Alberto Magno"
        }
      },
      "geometry": {
        "type": "Point",
        "coordinates": [
          -74.0571862,
          4.765715
        ]
      }
    },
    {
      "type": "Feature",
      "properties": {
        "id": 688441912,
        "nombre": "Academia de Tenis Forest Hills",
        "categoria": "educacion",
        "subcategoria": "school",
        "tags": {
          "amenity": "school",
          "barrier": "yes",
          "name": "Academia de Tenis Forest Hills"
        }
      },
      "geometry": {
        "type": "Point",
        "coordinates": [
          -74.0617537,
          4.7595078
        ]
      }
    },
    {
      "type": "Feature",
      "properties": {
        "id": 688451756,
        "nombre": "Colegio Stella Matutina",
        "categoria": "educacion",
        "subcategoria": "school",
        "tags": {
          "amenity": "school",
          "barrier": "yes",
          "denomination": "roman_catholic",
          "name": "Colegio Stella Matutina",
          "operator": "Hermanas de Betania",
          "religion": "christian"
        }
      },
      "geometry": {
        "type": "Point",
        "coordinates": [
          -74.0552889,
          4.7651791
        ]
      }
    },
    {
      "type": "Feature",
      "properties": {
        "id": 688451794,
        "nombre": "Colegio Inglaterra Real",
        "categoria": "educacion",
        "subcategoria": "school",
        "tags": {
          "amenity": "school",
          "barrier": "yes",
          "name": "Colegio Inglaterra Real"
        }
      },
      "geometry": {
        "type": "Point",
        "coordinates": [
          -74.0560158,
          4.7666945
        ]
      }
    },
    {
      "type": "Feature",
      "properties": {
        "id": 688467106,
        "nombre": "IED Rodrigo de Bastidas",
        "categoria": "educacion",
        "subcategoria": "school",
        "tags": {
          "addr:full": "CALLE 56 A SUR No. 72 A - 54",
          "amenity": "school",
          "name": "IED Rodrigo de Bastidas"
        }
      },
      "geometry": {
        "type": "Point",
        "coordinates": [
          -74.1647562,
          4.6017497
        ]
      }
    },
    {
      "type": "Feature",
      "properties": {
        "id": 689045338,
        "nombre": "IED Alberto Lleras Camargo",
        "categoria": "educacion",
        "subcategoria": "school",
        "tags": {
          "amenity": "school",
          "name": "IED Alberto Lleras Camargo"
        }
      },
      "geometry": {
        "type": "Point",
        "coordinates": [
          -74.1018854,
          4.7436486
        ]
      }
    },
    {
      "type": "Feature",
      "properties": {
        "id": 689407484,
        "nombre": "Centro Educativo Distrital Ciudad Roma",
        "categoria": "educacion",
        "subcategoria": "school",
        "tags": {
          "amenity": "school",
          "name": "Centro Educativo Distrital Ciudad Roma"
        }
      },
      "geometry": {
        "type": "Point",
        "coordinates": [
          -74.1713702,
          4.6083795
        ]
      }
    },
    {
      "type": "Feature",
      "properties": {
        "id": 689411108,
        "nombre": "IED Las Americas - Sede B",
        "categoria": "educacion",
        "subcategoria": "school",
        "tags": {
          "amenity": "school",
          "name": "IED Las Americas - Sede B"
        }
      },
      "geometry": {
        "type": "Point",
        "coordinates": [
          -74.1691115,
          4.6101757
        ]
      }
    },
    {
      "type": "Feature",
      "properties": {
        "id": 689489733,
        "nombre": "Sin Nombre",
        "categoria": "educacion",
        "subcategoria": "school",
        "tags": {
          "amenity": "school"
        }
      },
      "geometry": {
        "type": "Point",
        "coordinates": [
          -74.1671276,
          4.6057013
        ]
      }
    },
    {
      "type": "Feature",
      "properties": {
        "id": 689527910,
        "nombre": "Colegio Bilingue Pio XII",
        "categoria": "educacion",
        "subcategoria": "school",
        "tags": {
          "amenity": "school",
          "barrier": "yes",
          "name": "Colegio Bilingue Pio XII"
        }
      },
      "geometry": {
        "type": "Point",
        "coordinates": [
          -74.1957777,
          4.6959121
        ]
      }
    },
    {
      "type": "Feature",
      "properties": {
        "id": 689539798,
        "nombre": "Liceo Campestre El Bosque",
        "categoria": "educacion",
        "subcategoria": "school",
        "tags": {
          "amenity": "school",
          "barrier": "yes",
          "name": "Liceo Campestre El Bosque"
        }
      },
      "geometry": {
        "type": "Point",
        "coordinates": [
          -74.1997314,
          4.692642
        ]
      }
    },
    {
      "type": "Feature",
      "properties": {
        "id": 690227916,
        "nombre": "Escuela Antonio Nariño",
        "categoria": "educacion",
        "subcategoria": "school",
        "tags": {
          "amenity": "school",
          "name": "Escuela Antonio Nariño"
        }
      },
      "geometry": {
        "type": "Point",
        "coordinates": [
          -74.2622565,
          4.8522387
        ]
      }
    },
    {
      "type": "Feature",
      "properties": {
        "id": 690320063,
        "nombre": "IED Carlos Arturo Torres",
        "categoria": "educacion",
        "subcategoria": "school",
        "tags": {
          "amenity": "school",
          "name": "IED Carlos Arturo Torres"
        }
      },
      "geometry": {
        "type": "Point",
        "coordinates": [
          -74.1464784,
          4.6000168
        ]
      }
    },
    {
      "type": "Feature",
      "properties": {
        "id": 690320066,
        "nombre": "IED Republica de Finlandia",
        "categoria": "educacion",
        "subcategoria": "school",
        "tags": {
          "addr:full": "TRANSVERSAL 72 B No. 44 C - 19 SUR",
          "amenity": "school",
          "name": "IED Republica de Finlandia"
        }
      },
      "geometry": {
        "type": "Point",
        "coordinates": [
          -74.1463662,
          4.5993801
        ]
      }
    },
    {
      "type": "Feature",
      "properties": {
        "id": 690771829,
        "nombre": "Liceo Samario",
        "categoria": "educacion",
        "subcategoria": "school",
        "tags": {
          "amenity": "school",
          "barrier": "yes",
          "name": "Liceo Samario"
        }
      },
      "geometry": {
        "type": "Point",
        "coordinates": [
          -74.1577787,
          4.6103383
        ]
      }
    },
    {
      "type": "Feature",
      "properties": {
        "id": 691543000,
        "nombre": "Gimnasio José Joaquín Casas",
        "categoria": "educacion",
        "subcategoria": "school",
        "tags": {
          "amenity": "school",
          "name": "Gimnasio José Joaquín Casas"
        }
      },
      "geometry": {
        "type": "Point",
        "coordinates": [
          -74.0234823,
          4.7524927
        ]
      }
    },
    {
      "type": "Feature",
      "properties": {
        "id": 692352100,
        "nombre": "Colegio San Benito de Tibati",
        "categoria": "educacion",
        "subcategoria": "school",
        "tags": {
          "amenity": "school",
          "name": "Colegio San Benito de Tibati"
        }
      },
      "geometry": {
        "type": "Point",
        "coordinates": [
          -74.0337569,
          4.7662672
        ]
      }
    },
    {
      "type": "Feature",
      "properties": {
        "id": 692488250,
        "nombre": "ANEP",
        "categoria": "educacion",
        "subcategoria": "university",
        "tags": {
          "amenity": "university",
          "name": "ANEP"
        }
      },
      "geometry": {
        "type": "Point",
        "coordinates": [
          -74.0718562,
          4.6264774
        ]
      }
    },
    {
      "type": "Feature",
      "properties": {
        "id": 692618120,
        "nombre": "IED Francisco de Paula Santander",
        "categoria": "educacion",
        "subcategoria": "school",
        "tags": {
          "amenity": "school",
          "name": "IED Francisco de Paula Santander"
        }
      },
      "geometry": {
        "type": "Point",
        "coordinates": [
          -74.114244,
          4.5909057
        ]
      }
    },
    {
      "type": "Feature",
      "properties": {
        "id": 692618121,
        "nombre": "IED Francisco de Paula Santander - Sede A",
        "categoria": "educacion",
        "subcategoria": "school",
        "tags": {
          "addr:full": "CALLE 23 SUR No. 28 - 47",
          "amenity": "school",
          "name": "IED Francisco de Paula Santander - Sede A"
        }
      },
      "geometry": {
        "type": "Point",
        "coordinates": [
          -74.1104112,
          4.589829
        ]
      }
    },
    {
      "type": "Feature",
      "properties": {
        "id": 693115795,
        "nombre": "Escuela Colombiana de Rehabilitacion",
        "categoria": "educacion",
        "subcategoria": "university",
        "tags": {
          "amenity": "university",
          "education": "university",
          "name": "Escuela Colombiana de Rehabilitacion",
          "operator": "Escuela Colombiana de Rehabilitacion"
        }
      },
      "geometry": {
        "type": "Point",
        "coordinates": [
          -74.0391889,
          4.7330813
        ]
      }
    },
    {
      "type": "Feature",
      "properties": {
        "id": 693115805,
        "nombre": "IED General Santander",
        "categoria": "educacion",
        "subcategoria": "school",
        "tags": {
          "amenity": "school",
          "name": "IED General Santander"
        }
      },
      "geometry": {
        "type": "Point",
        "coordinates": [
          -74.0282823,
          4.7350611
        ]
      }
    },
    {
      "type": "Feature",
      "properties": {
        "id": 693629566,
        "nombre": "Corporación Universal de Investigación y Tecnología",
        "categoria": "educacion",
        "subcategoria": "university",
        "tags": {
          "addr:housenumber": "15-36",
          "addr:street": "Avenida Calle 34",
          "amenity": "university",
          "contact:website": "https://www.coruniversitec.edu.co/",
          "name": "Corporación Universal de Investigación y Tecnología",
          "short_name": "Corunivesitec"
        }
      },
      "geometry": {
        "type": "Point",
        "coordinates": [
          -74.0707395,
          4.6237654
        ]
      }
    },
    {
      "type": "Feature",
      "properties": {
        "id": 693985735,
        "nombre": "Colegio Salesiano Juan del Rizzo",
        "categoria": "educacion",
        "subcategoria": "school",
        "tags": {
          "amenity": "school",
          "barrier": "yes",
          "denomination": "catholic",
          "grades": "7-11",
          "name": "Colegio Salesiano Juan del Rizzo",
          "religion": "christian"
        }
      },
      "geometry": {
        "type": "Point",
        "coordinates": [
          -74.0953939,
          4.5692478
        ]
      }
    },
    {
      "type": "Feature",
      "properties": {
        "id": 693985736,
        "nombre": "IED Salesiano Juan del Rizzo Sede B",
        "categoria": "educacion",
        "subcategoria": "school",
        "tags": {
          "addr:housenumber": "2b59",
          "addr:street": "Calle 27A S",
          "amenity": "school",
          "education": "school",
          "name": "IED Salesiano Juan del Rizzo Sede B",
          "opening_hours": "Mo-Sa"
        }
      },
      "geometry": {
        "type": "Point",
        "coordinates": [
          -74.0933861,
          4.5668605
        ]
      }
    },
    {
      "type": "Feature",
      "properties": {
        "id": 693993955,
        "nombre": "Colegio María Auxiliadora Norte",
        "categoria": "educacion",
        "subcategoria": "school",
        "tags": {
          "addr:city": "Bogotá D.C.",
          "addr:housenumber": "#8-41",
          "addr:street": "Avenida Calle 170",
          "amenity": "school",
          "denomination": "catholic",
          "name": "Colegio María Auxiliadora Norte"
        }
      },
      "geometry": {
        "type": "Point",
        "coordinates": [
          -74.027507,
          4.7466755
        ]
      }
    },
    {
      "type": "Feature",
      "properties": {
        "id": 694160361,
        "nombre": "Liceo Tomás Morales",
        "categoria": "educacion",
        "subcategoria": "school",
        "tags": {
          "addr:city": "Bogotá",
          "addr:housenumber": "46-11",
          "addr:street": "Carrera 14A",
          "amenity": "school",
          "name": "Liceo Tomás Morales"
        }
      },
      "geometry": {
        "type": "Point",
        "coordinates": [
          -74.0681623,
          4.6338312
        ]
      }
    },
    {
      "type": "Feature",
      "properties": {
        "id": 694202857,
        "nombre": "Centro de Educacion Jorde Tadeo Lozano",
        "categoria": "educacion",
        "subcategoria": "school",
        "tags": {
          "addr:housenumber": "64-31",
          "addr:street": "Carrera 123",
          "amenity": "school",
          "name": "Centro de Educacion Jorde Tadeo Lozano"
        }
      },
      "geometry": {
        "type": "Point",
        "coordinates": [
          -74.1420563,
          4.7155528
        ]
      }
    },
    {
      "type": "Feature",
      "properties": {
        "id": 694206569,
        "nombre": "Liceo Salomon Sabio",
        "categoria": "educacion",
        "subcategoria": "school",
        "tags": {
          "addr:city": "Bogotá",
          "addr:housenumber": "124-05",
          "addr:street": "Calle 64C",
          "amenity": "school",
          "name": "Liceo Salomon Sabio"
        }
      },
      "geometry": {
        "type": "Point",
        "coordinates": [
          -74.1419686,
          4.7165365
        ]
      }
    },
    {
      "type": "Feature",
      "properties": {
        "id": 694330609,
        "nombre": "Colegio Parroquial San Andrés",
        "categoria": "educacion",
        "subcategoria": "school",
        "tags": {
          "addr:city": "Bogotá D.C.",
          "addr:housenumber": "44-31",
          "addr:street": "Transversal 68G",
          "amenity": "school",
          "denomination": "catholic",
          "name": "Colegio Parroquial San Andrés",
          "religion": "christian",
          "website": "https://www.civico.com/lugar/colegio-parroquial-san-andres-bogota/"
        }
      },
      "geometry": {
        "type": "Point",
        "coordinates": [
          -74.1437199,
          4.5979848
        ]
      }
    },
    {
      "type": "Feature",
      "properties": {
        "id": 694338591,
        "nombre": "Colegio Rembrandt",
        "categoria": "educacion",
        "subcategoria": "school",
        "tags": {
          "addr:city": "Bogotá",
          "addr:housenumber": "63L-43",
          "addr:street": "Carrera 123",
          "amenity": "school",
          "name": "Colegio Rembrandt"
        }
      },
      "geometry": {
        "type": "Point",
        "coordinates": [
          -74.1427283,
          4.7152314
        ]
      }
    },
    {
      "type": "Feature",
      "properties": {
        "id": 694373446,
        "nombre": "Gimnasion Granadino",
        "categoria": "educacion",
        "subcategoria": "school",
        "tags": {
          "addr:city": "Teusaquillo",
          "addr:housenumber": "38-14",
          "addr:street": "Carrera 16",
          "amenity": "school",
          "name": "Gimnasion Granadino"
        }
      },
      "geometry": {
        "type": "Point",
        "coordinates": [
          -74.0705424,
          4.6267086
        ]
      }
    },
    {
      "type": "Feature",
      "properties": {
        "id": 694416090,
        "nombre": "Casa Académica Cultural",
        "categoria": "educacion",
        "subcategoria": "school",
        "tags": {
          "addr:city": "Bogotá",
          "addr:housenumber": "35-50",
          "addr:street": "Carrera 18",
          "amenity": "school",
          "name": "Casa Académica Cultural"
        }
      },
      "geometry": {
        "type": "Point",
        "coordinates": [
          -74.0725472,
          4.6248168
        ]
      }
    },
    {
      "type": "Feature",
      "properties": {
        "id": 694423553,
        "nombre": "CEAN - Centro Educativo Amigos de la Naturaleza",
        "categoria": "educacion",
        "subcategoria": "school",
        "tags": {
          "amenity": "school",
          "name": "CEAN - Centro Educativo Amigos de la Naturaleza"
        }
      },
      "geometry": {
        "type": "Point",
        "coordinates": [
          -74.171281,
          4.5727526
        ]
      }
    },
    {
      "type": "Feature",
      "properties": {
        "id": 697231829,
        "nombre": "IE Luis Henríquez",
        "categoria": "educacion",
        "subcategoria": "school",
        "tags": {
          "addr:city": "Soacha",
          "addr:housenumber": "5-51 Sur",
          "addr:postcode": "250051",
          "addr:street": "Carrera 19A",
          "amenity": "school",
          "barrier": "fence",
          "name": "IE Luis Henríquez",
          "website": "https://www.iesluishenriquez.edu.co/"
        }
      },
      "geometry": {
        "type": "Point",
        "coordinates": [
          -74.2297983,
          4.5919992
        ]
      }
    },
    {
      "type": "Feature",
      "properties": {
        "id": 697231836,
        "nombre": "Aula Ambiental Maiporé",
        "categoria": "educacion",
        "subcategoria": "school",
        "tags": {
          "amenity": "school",
          "name": "Aula Ambiental Maiporé"
        }
      },
      "geometry": {
        "type": "Point",
        "coordinates": [
          -74.2302971,
          4.5598596
        ]
      }
    },
    {
      "type": "Feature",
      "properties": {
        "id": 697231837,
        "nombre": "Colegio Colsubsudio Maiporé",
        "categoria": "educacion",
        "subcategoria": "school",
        "tags": {
          "amenity": "school",
          "barrier": "yes",
          "name": "Colegio Colsubsudio Maiporé"
        }
      },
      "geometry": {
        "type": "Point",
        "coordinates": [
          -74.2282666,
          4.5600151
        ]
      }
    },
    {
      "type": "Feature",
      "properties": {
        "id": 697459820,
        "nombre": "IED Ofelia Uribe de Acosta",
        "categoria": "educacion",
        "subcategoria": "school",
        "tags": {
          "amenity": "school",
          "name": "IED Ofelia Uribe de Acosta"
        }
      },
      "geometry": {
        "type": "Point",
        "coordinates": [
          -74.1028651,
          4.5062643
        ]
      }
    },
    {
      "type": "Feature",
      "properties": {
        "id": 699149522,
        "nombre": "IED Restrepo Millan - Sede B",
        "categoria": "educacion",
        "subcategoria": "school",
        "tags": {
          "addr:full": "CALLE 40 SUR No. 26 - 90",
          "amenity": "school",
          "name": "IED Restrepo Millan - Sede B"
        }
      },
      "geometry": {
        "type": "Point",
        "coordinates": [
          -74.123234,
          4.5832411
        ]
      }
    },
    {
      "type": "Feature",
      "properties": {
        "id": 699314546,
        "nombre": "IED Venecia - Sede B",
        "categoria": "educacion",
        "subcategoria": "school",
        "tags": {
          "addr:full": "CARRERA 59 No. 52 A - 30 SUR",
          "amenity": "school",
          "name": "IED Venecia - Sede B"
        }
      },
      "geometry": {
        "type": "Point",
        "coordinates": [
          -74.1473054,
          4.5864228
        ]
      }
    },
    {
      "type": "Feature",
      "properties": {
        "id": 699317495,
        "nombre": "IED Isla del Sol",
        "categoria": "educacion",
        "subcategoria": "school",
        "tags": {
          "addr:full": "CALLE 67 B SUR No. 63 - 15",
          "amenity": "school",
          "name": "IED Isla del Sol"
        }
      },
      "geometry": {
        "type": "Point",
        "coordinates": [
          -74.1523768,
          4.5892718
        ]
      }
    },
    {
      "type": "Feature",
      "properties": {
        "id": 700626382,
        "nombre": "Liceo Campestre Cafam",
        "categoria": "educacion",
        "subcategoria": "school",
        "tags": {
          "amenity": "school",
          "name": "Liceo Campestre Cafam"
        }
      },
      "geometry": {
        "type": "Point",
        "coordinates": [
          -74.1433373,
          4.5768853
        ]
      }
    },
    {
      "type": "Feature",
      "properties": {
        "id": 700978263,
        "nombre": "Colegio Rogelio Salmona I.E.D",
        "categoria": "educacion",
        "subcategoria": "school",
        "tags": {
          "addr:housenumber": "65 - 42",
          "addr:street": "Calle 59 Sur",
          "amenity": "school",
          "name": "Colegio Rogelio Salmona I.E.D",
          "operator": "Secretaría Distrital de Educación"
        }
      },
      "geometry": {
        "type": "Point",
        "coordinates": [
          -74.1541185,
          4.5873573
        ]
      }
    },
    {
      "type": "Feature",
      "properties": {
        "id": 702800168,
        "nombre": "Escuela Normal Superior Nuestra Señora de la Paz",
        "categoria": "educacion",
        "subcategoria": "school",
        "tags": {
          "amenity": "school",
          "denomination": "catholic",
          "education": "school",
          "name": "Escuela Normal Superior Nuestra Señora de la Paz",
          "religion": "christian"
        }
      },
      "geometry": {
        "type": "Point",
        "coordinates": [
          -74.113558,
          4.5892843
        ]
      }
    },
    {
      "type": "Feature",
      "properties": {
        "id": 702800170,
        "nombre": "Escuela Normal Superior Nuestra Señora de la Paz",
        "categoria": "educacion",
        "subcategoria": "school",
        "tags": {
          "amenity": "school",
          "denomination": "catholic",
          "education": "school",
          "name": "Escuela Normal Superior Nuestra Señora de la Paz",
          "religion": "christian"
        }
      },
      "geometry": {
        "type": "Point",
        "coordinates": [
          -74.1131601,
          4.5903483
        ]
      }
    },
    {
      "type": "Feature",
      "properties": {
        "id": 702809500,
        "nombre": "Colegio Parroquial Santo Cura de Ars",
        "categoria": "educacion",
        "subcategoria": "school",
        "tags": {
          "amenity": "school",
          "denomination": "catholic",
          "name": "Colegio Parroquial Santo Cura de Ars",
          "religion": "christian"
        }
      },
      "geometry": {
        "type": "Point",
        "coordinates": [
          -74.1072398,
          4.5952656
        ]
      }
    },
    {
      "type": "Feature",
      "properties": {
        "id": 703229844,
        "nombre": "IED Sierra Morena Sede Santo Domingo",
        "categoria": "educacion",
        "subcategoria": "school",
        "tags": {
          "amenity": "school",
          "name": "IED Sierra Morena Sede Santo Domingo",
          "operator": "Secretaría de Educación de Bogotá, D.C.",
          "operator:type": "public"
        }
      },
      "geometry": {
        "type": "Point",
        "coordinates": [
          -74.1792557,
          4.5786872
        ]
      }
    },
    {
      "type": "Feature",
      "properties": {
        "id": 704449808,
        "nombre": "IED Ciudad Bolívar Argentina - Sede A",
        "categoria": "educacion",
        "subcategoria": "school",
        "tags": {
          "addr:full": "CALLE 72 SUR No. 47 B - 03/09",
          "amenity": "school",
          "name": "IED Ciudad Bolívar Argentina - Sede A"
        }
      },
      "geometry": {
        "type": "Point",
        "coordinates": [
          -74.1652859,
          4.5783083
        ]
      }
    },
    {
      "type": "Feature",
      "properties": {
        "id": 704735901,
        "nombre": "Colegio Parroquial del Inmaculado Corazón de María",
        "categoria": "educacion",
        "subcategoria": "school",
        "tags": {
          "amenity": "school",
          "name": "Colegio Parroquial del Inmaculado Corazón de María"
        }
      },
      "geometry": {
        "type": "Point",
        "coordinates": [
          -74.1282887,
          4.5844364
        ]
      }
    },
    {
      "type": "Feature",
      "properties": {
        "id": 705002509,
        "nombre": "IED Canteras de Jerusalén",
        "categoria": "educacion",
        "subcategoria": "school",
        "tags": {
          "amenity": "school",
          "name": "IED Canteras de Jerusalén"
        }
      },
      "geometry": {
        "type": "Point",
        "coordinates": [
          -74.1606935,
          4.5775602
        ]
      }
    },
    {
      "type": "Feature",
      "properties": {
        "id": 706257484,
        "nombre": "Colegio Distrital Atanasio Girardot - Sede B",
        "categoria": "educacion",
        "subcategoria": "school",
        "tags": {
          "addr:full": "CARRERA 23 No 4 - 04 SUR",
          "amenity": "school",
          "name": "Colegio Distrital Atanasio Girardot - Sede B"
        }
      },
      "geometry": {
        "type": "Point",
        "coordinates": [
          -74.0976333,
          4.5931962
        ]
      }
    },
    {
      "type": "Feature",
      "properties": {
        "id": 707822475,
        "nombre": "IED Fidel Leal y Bernabé Riveros",
        "categoria": "educacion",
        "subcategoria": "school",
        "tags": {
          "amenity": "school",
          "barrier": "yes",
          "grades": "1-11",
          "name": "IED Fidel Leal y Bernabé Riveros",
          "website": "https://fidelealybernabe-edu.wixsite.com/fidelealybernabe-edu"
        }
      },
      "geometry": {
        "type": "Point",
        "coordinates": [
          -74.0252415,
          4.4002755
        ]
      }
    },
    {
      "type": "Feature",
      "properties": {
        "id": 712430648,
        "nombre": "IED Clemencia de Caycedo",
        "categoria": "educacion",
        "subcategoria": "school",
        "tags": {
          "amenity": "school",
          "barrier": "yes",
          "name": "IED Clemencia de Caycedo"
        }
      },
      "geometry": {
        "type": "Point",
        "coordinates": [
          -74.1144414,
          4.5807312
        ]
      }
    },
    {
      "type": "Feature",
      "properties": {
        "id": 715902803,
        "nombre": "Colegio Parroquial San Carlos",
        "categoria": "educacion",
        "subcategoria": "school",
        "tags": {
          "amenity": "school",
          "name": "Colegio Parroquial San Carlos"
        }
      },
      "geometry": {
        "type": "Point",
        "coordinates": [
          -74.130076,
          4.5663789
        ]
      }
    },
    {
      "type": "Feature",
      "properties": {
        "id": 718039028,
        "nombre": "IED San Benido Abad",
        "categoria": "educacion",
        "subcategoria": "school",
        "tags": {
          "amenity": "school",
          "name": "IED San Benido Abad"
        }
      },
      "geometry": {
        "type": "Point",
        "coordinates": [
          -74.1346233,
          4.5664376
        ]
      }
    },
    {
      "type": "Feature",
      "properties": {
        "id": 718039029,
        "nombre": "IED José Antonio Ricaurte",
        "categoria": "educacion",
        "subcategoria": "school",
        "tags": {
          "addr:full": "CARRERA 18 No. 56 A - 45 SUR",
          "amenity": "school",
          "name": "IED José Antonio Ricaurte"
        }
      },
      "geometry": {
        "type": "Point",
        "coordinates": [
          -74.1324748,
          4.5647006
        ]
      }
    },
    {
      "type": "Feature",
      "properties": {
        "id": 718046930,
        "nombre": "IED San Benito Abad",
        "categoria": "educacion",
        "subcategoria": "school",
        "tags": {
          "amenity": "school",
          "name": "IED San Benito Abad"
        }
      },
      "geometry": {
        "type": "Point",
        "coordinates": [
          -74.137132,
          4.5663156
        ]
      }
    },
    {
      "type": "Feature",
      "properties": {
        "id": 718428626,
        "nombre": "John Dewey",
        "categoria": "educacion",
        "subcategoria": "school",
        "tags": {
          "amenity": "school",
          "name": "John Dewey"
        }
      },
      "geometry": {
        "type": "Point",
        "coordinates": [
          -74.0641362,
          4.6986613
        ]
      }
    },
    {
      "type": "Feature",
      "properties": {
        "id": 719388130,
        "nombre": "Centro Salesiano Juan Bosco Obrero",
        "categoria": "educacion",
        "subcategoria": "college",
        "tags": {
          "amenity": "college",
          "name": "Centro Salesiano Juan Bosco Obrero",
          "operator": "Don Bosco"
        }
      },
      "geometry": {
        "type": "Point",
        "coordinates": [
          -74.1475119,
          4.5436202
        ]
      }
    },
    {
      "type": "Feature",
      "properties": {
        "id": 725972198,
        "nombre": "IEDp El Romeral",
        "categoria": "educacion",
        "subcategoria": "school",
        "tags": {
          "amenity": "school",
          "name": "IEDp El Romeral"
        }
      },
      "geometry": {
        "type": "Point",
        "coordinates": [
          -74.2354336,
          4.4365298
        ]
      }
    },
    {
      "type": "Feature",
      "properties": {
        "id": 727275801,
        "nombre": "IED República de México",
        "categoria": "educacion",
        "subcategoria": "school",
        "tags": {
          "amenity": "school",
          "name": "IED República de México"
        }
      },
      "geometry": {
        "type": "Point",
        "coordinates": [
          -74.1364459,
          4.5548114
        ]
      }
    },
    {
      "type": "Feature",
      "properties": {
        "id": 729202855,
        "nombre": "Academia Nacional de Medicina",
        "categoria": "educacion",
        "subcategoria": "university",
        "tags": {
          "addr:housenumber": "69-17",
          "addr:street": "Avenida Carrera 7",
          "amenity": "university",
          "building": "commercial",
          "check_date": "2025-06-23",
          "name": "Academia Nacional de Medicina"
        }
      },
      "geometry": {
        "type": "Point",
        "coordinates": [
          -74.0574821,
          4.6519282
        ]
      }
    },
    {
      "type": "Feature",
      "properties": {
        "id": 731808412,
        "nombre": "CED Pradera Esperanza",
        "categoria": "educacion",
        "subcategoria": "school",
        "tags": {
          "amenity": "school",
          "name": "CED Pradera Esperanza"
        }
      },
      "geometry": {
        "type": "Point",
        "coordinates": [
          -74.1621867,
          4.5688866
        ]
      }
    },
    {
      "type": "Feature",
      "properties": {
        "id": 734260494,
        "nombre": "IED San Francisco II",
        "categoria": "educacion",
        "subcategoria": "school",
        "tags": {
          "amenity": "school",
          "name": "IED San Francisco II"
        }
      },
      "geometry": {
        "type": "Point",
        "coordinates": [
          -74.1497105,
          4.5624613
        ]
      }
    },
    {
      "type": "Feature",
      "properties": {
        "id": 734260497,
        "nombre": "IED San Francisco III",
        "categoria": "educacion",
        "subcategoria": "school",
        "tags": {
          "amenity": "school",
          "name": "IED San Francisco III"
        }
      },
      "geometry": {
        "type": "Point",
        "coordinates": [
          -74.1492929,
          4.5621485
        ]
      }
    },
    {
      "type": "Feature",
      "properties": {
        "id": 734299973,
        "nombre": "Colegio Técnico Jaime Pardo Leal",
        "categoria": "educacion",
        "subcategoria": "school",
        "tags": {
          "amenity": "school",
          "name": "Colegio Técnico Jaime Pardo Leal"
        }
      },
      "geometry": {
        "type": "Point",
        "coordinates": [
          -74.0882441,
          4.5863612
        ]
      }
    },
    {
      "type": "Feature",
      "properties": {
        "id": 734303794,
        "nombre": "IED Maria Montessori - Sede B",
        "categoria": "educacion",
        "subcategoria": "school",
        "tags": {
          "addr:full": "CALLE 10 SUR No. 13 - 27",
          "amenity": "school",
          "name": "IED Maria Montessori - Sede B"
        }
      },
      "geometry": {
        "type": "Point",
        "coordinates": [
          -74.0937445,
          4.5858665
        ]
      }
    },
    {
      "type": "Feature",
      "properties": {
        "id": 734599928,
        "nombre": "Sin Nombre",
        "categoria": "educacion",
        "subcategoria": "school",
        "tags": {
          "amenity": "school",
          "building": "school",
          "building:levels": "2"
        }
      },
      "geometry": {
        "type": "Point",
        "coordinates": [
          -74.0807527,
          4.6629569
        ]
      }
    },
    {
      "type": "Feature",
      "properties": {
        "id": 734599931,
        "nombre": "Colegio Liceo Hermano Miguel de La Salle",
        "categoria": "educacion",
        "subcategoria": "school",
        "tags": {
          "amenity": "school",
          "name": "Colegio Liceo Hermano Miguel de La Salle"
        }
      },
      "geometry": {
        "type": "Point",
        "coordinates": [
          -74.0810412,
          4.6624116
        ]
      }
    },
    {
      "type": "Feature",
      "properties": {
        "id": 739105704,
        "nombre": "IED Misael Pastrana Borrero",
        "categoria": "educacion",
        "subcategoria": "school",
        "tags": {
          "addr:full": "TRANSVERSAL 11 A No. 38 G - 16 SUR",
          "amenity": "school",
          "name": "IED Misael Pastrana Borrero"
        }
      },
      "geometry": {
        "type": "Point",
        "coordinates": [
          -74.1086175,
          4.5645272
        ]
      }
    },
    {
      "type": "Feature",
      "properties": {
        "id": 739105714,
        "nombre": "IED José Martí - Resurrección",
        "categoria": "educacion",
        "subcategoria": "school",
        "tags": {
          "amenity": "school",
          "name": "IED José Martí - Resurrección"
        }
      },
      "geometry": {
        "type": "Point",
        "coordinates": [
          -74.1092364,
          4.5682035
        ]
      }
    },
    {
      "type": "Feature",
      "properties": {
        "id": 739110025,
        "nombre": "IED Nazaret - Jose Marti",
        "categoria": "educacion",
        "subcategoria": "school",
        "tags": {
          "addr:full": "DIAGONAL 32 B SUR No. 15 C - 25",
          "amenity": "school",
          "barrier": "yes",
          "name": "IED Nazaret - Jose Marti"
        }
      },
      "geometry": {
        "type": "Point",
        "coordinates": [
          -74.1129617,
          4.5742475
        ]
      }
    },
    {
      "type": "Feature",
      "properties": {
        "id": 739460826,
        "nombre": "IED Alexander Fleming Sede A",
        "categoria": "educacion",
        "subcategoria": "school",
        "tags": {
          "amenity": "school",
          "name": "IED Alexander Fleming Sede A"
        }
      },
      "geometry": {
        "type": "Point",
        "coordinates": [
          -74.120565,
          4.5719669
        ]
      }
    },
    {
      "type": "Feature",
      "properties": {
        "id": 739460828,
        "nombre": "IED Alexander Fleming Sede B",
        "categoria": "educacion",
        "subcategoria": "school",
        "tags": {
          "addr:full": "Calle 43 Sur # 16A - 40",
          "amenity": "school",
          "name": "IED Alexander Fleming Sede B"
        }
      },
      "geometry": {
        "type": "Point",
        "coordinates": [
          -74.1203201,
          4.5715005
        ]
      }
    },
    {
      "type": "Feature",
      "properties": {
        "id": 739462153,
        "nombre": "IED José Marti Sede C",
        "categoria": "educacion",
        "subcategoria": "school",
        "tags": {
          "amenity": "school",
          "name": "IED José Marti Sede C"
        }
      },
      "geometry": {
        "type": "Point",
        "coordinates": [
          -74.1162908,
          4.5713871
        ]
      }
    },
    {
      "type": "Feature",
      "properties": {
        "id": 740855377,
        "nombre": "Liceo Parroquial San José",
        "categoria": "educacion",
        "subcategoria": "school",
        "tags": {
          "amenity": "school",
          "name": "Liceo Parroquial San José"
        }
      },
      "geometry": {
        "type": "Point",
        "coordinates": [
          -74.1222483,
          4.5691447
        ]
      }
    },
    {
      "type": "Feature",
      "properties": {
        "id": 740857094,
        "nombre": "IED Reino de Holanda Sede Marco Fidel Suárez",
        "categoria": "educacion",
        "subcategoria": "school",
        "tags": {
          "amenity": "school",
          "name": "IED Reino de Holanda Sede Marco Fidel Suárez"
        }
      },
      "geometry": {
        "type": "Point",
        "coordinates": [
          -74.1153683,
          4.5674846
        ]
      }
    },
    {
      "type": "Feature",
      "properties": {
        "id": 740857095,
        "nombre": "IED Reino de Holanda Sede Parroquial San Judas Tadeo",
        "categoria": "educacion",
        "subcategoria": "school",
        "tags": {
          "amenity": "school",
          "name": "IED Reino de Holanda Sede Parroquial San Judas Tadeo"
        }
      },
      "geometry": {
        "type": "Point",
        "coordinates": [
          -74.1216554,
          4.5687788
        ]
      }
    },
    {
      "type": "Feature",
      "properties": {
        "id": 740857096,
        "nombre": "Colegio Hermanos Beltran",
        "categoria": "educacion",
        "subcategoria": "school",
        "tags": {
          "amenity": "school",
          "name": "Colegio Hermanos Beltran"
        }
      },
      "geometry": {
        "type": "Point",
        "coordinates": [
          -74.1199097,
          4.5696924
        ]
      }
    },
    {
      "type": "Feature",
      "properties": {
        "id": 741028876,
        "nombre": "Liceo Psicopedagógico Marco Fidel Suárez",
        "categoria": "educacion",
        "subcategoria": "school",
        "tags": {
          "amenity": "school",
          "name": "Liceo Psicopedagógico Marco Fidel Suárez"
        }
      },
      "geometry": {
        "type": "Point",
        "coordinates": [
          -74.1183556,
          4.5680115
        ]
      }
    },
    {
      "type": "Feature",
      "properties": {
        "id": 741040469,
        "nombre": "IED Reino de Holanda - Sede A",
        "categoria": "educacion",
        "subcategoria": "school",
        "tags": {
          "amenity": "school",
          "name": "IED Reino de Holanda - Sede A"
        }
      },
      "geometry": {
        "type": "Point",
        "coordinates": [
          -74.1221727,
          4.5682635
        ]
      }
    },
    {
      "type": "Feature",
      "properties": {
        "id": 741106687,
        "nombre": "IED Alexander Fleming Sede D",
        "categoria": "educacion",
        "subcategoria": "school",
        "tags": {
          "amenity": "school",
          "name": "IED Alexander Fleming Sede D"
        }
      },
      "geometry": {
        "type": "Point",
        "coordinates": [
          -74.1244551,
          4.5649479
        ]
      }
    },
    {
      "type": "Feature",
      "properties": {
        "id": 741117842,
        "nombre": "IED Alfredo Iriarte Sede La Merced Sur",
        "categoria": "educacion",
        "subcategoria": "school",
        "tags": {
          "amenity": "school",
          "name": "IED Alfredo Iriarte Sede La Merced Sur"
        }
      },
      "geometry": {
        "type": "Point",
        "coordinates": [
          -74.120887,
          4.5618085
        ]
      }
    },
    {
      "type": "Feature",
      "properties": {
        "id": 741705600,
        "nombre": "IED Alfredo Iriarte Sede Chircales",
        "categoria": "educacion",
        "subcategoria": "school",
        "tags": {
          "amenity": "school",
          "name": "IED Alfredo Iriarte Sede Chircales"
        }
      },
      "geometry": {
        "type": "Point",
        "coordinates": [
          -74.1122348,
          4.5577782
        ]
      }
    },
    {
      "type": "Feature",
      "properties": {
        "id": 741718827,
        "nombre": "IED El Mirador",
        "categoria": "educacion",
        "subcategoria": "school",
        "tags": {
          "amenity": "school",
          "name": "IED El Mirador"
        }
      },
      "geometry": {
        "type": "Point",
        "coordinates": [
          -74.1161088,
          4.5599029
        ]
      }
    },
    {
      "type": "Feature",
      "properties": {
        "id": 741718830,
        "nombre": "IED Maria Cano",
        "categoria": "educacion",
        "subcategoria": "school",
        "tags": {
          "amenity": "school",
          "name": "IED Maria Cano"
        }
      },
      "geometry": {
        "type": "Point",
        "coordinates": [
          -74.1148496,
          4.5593135
        ]
      }
    },
    {
      "type": "Feature",
      "properties": {
        "id": 741940658,
        "nombre": "IED Marruecos y Molinos - Sede A",
        "categoria": "educacion",
        "subcategoria": "school",
        "tags": {
          "addr:full": "CALLE 49 D BIS No. 5 X - 02 SUR",
          "amenity": "school",
          "name": "IED Marruecos y Molinos - Sede A"
        }
      },
      "geometry": {
        "type": "Point",
        "coordinates": [
          -74.1175221,
          4.5554634
        ]
      }
    },
    {
      "type": "Feature",
      "properties": {
        "id": 741940661,
        "nombre": "Montesori a La Infancia",
        "categoria": "educacion",
        "subcategoria": "school",
        "tags": {
          "amenity": "school",
          "name": "Montesori a La Infancia"
        }
      },
      "geometry": {
        "type": "Point",
        "coordinates": [
          -74.1197289,
          4.5546312
        ]
      }
    },
    {
      "type": "Feature",
      "properties": {
        "id": 743402553,
        "nombre": "Instituto Psicopedagógico Integral",
        "categoria": "educacion",
        "subcategoria": "school",
        "tags": {
          "amenity": "school",
          "name": "Instituto Psicopedagógico Integral"
        }
      },
      "geometry": {
        "type": "Point",
        "coordinates": [
          -74.1108893,
          4.5573447
        ]
      }
    },
    {
      "type": "Feature",
      "properties": {
        "id": 743453944,
        "nombre": "Colegio Fe y Alegría",
        "categoria": "educacion",
        "subcategoria": "school",
        "tags": {
          "amenity": "school",
          "name": "Colegio Fe y Alegría"
        }
      },
      "geometry": {
        "type": "Point",
        "coordinates": [
          -74.1087929,
          4.5531673
        ]
      }
    },
    {
      "type": "Feature",
      "properties": {
        "id": 743531013,
        "nombre": "IED Colombia Viva Sede A",
        "categoria": "educacion",
        "subcategoria": "school",
        "tags": {
          "amenity": "school",
          "name": "IED Colombia Viva Sede A"
        }
      },
      "geometry": {
        "type": "Point",
        "coordinates": [
          -74.1076318,
          4.5535138
        ]
      }
    },
    {
      "type": "Feature",
      "properties": {
        "id": 745407896,
        "nombre": "Colegio Distrital Colombia Viva Sede B",
        "categoria": "educacion",
        "subcategoria": "school",
        "tags": {
          "addr:full": "CARRERA 4 B No. 48 Z - 01 SUR",
          "amenity": "school",
          "name": "Colegio Distrital Colombia Viva Sede B"
        }
      },
      "geometry": {
        "type": "Point",
        "coordinates": [
          -74.109611,
          4.5472691
        ]
      }
    },
    {
      "type": "Feature",
      "properties": {
        "id": 745438531,
        "nombre": "IED San Agustin",
        "categoria": "educacion",
        "subcategoria": "school",
        "tags": {
          "amenity": "school",
          "name": "IED San Agustin"
        }
      },
      "geometry": {
        "type": "Point",
        "coordinates": [
          -74.1136728,
          4.5477409
        ]
      }
    },
    {
      "type": "Feature",
      "properties": {
        "id": 745448315,
        "nombre": "IED Diana Turbay Sede II",
        "categoria": "educacion",
        "subcategoria": "school",
        "tags": {
          "amenity": "school",
          "name": "IED Diana Turbay Sede II"
        }
      },
      "geometry": {
        "type": "Point",
        "coordinates": [
          -74.1077137,
          4.545281
        ]
      }
    },
    {
      "type": "Feature",
      "properties": {
        "id": 745509223,
        "nombre": "Colegio Fe y Alegría La Paz",
        "categoria": "educacion",
        "subcategoria": "school",
        "tags": {
          "amenity": "school",
          "name": "Colegio Fe y Alegría La Paz"
        }
      },
      "geometry": {
        "type": "Point",
        "coordinates": [
          -74.1123159,
          4.5443368
        ]
      }
    },
    {
      "type": "Feature",
      "properties": {
        "id": 745513347,
        "nombre": "IED La Paz",
        "categoria": "educacion",
        "subcategoria": "school",
        "tags": {
          "amenity": "school",
          "name": "IED La Paz"
        }
      },
      "geometry": {
        "type": "Point",
        "coordinates": [
          -74.1174391,
          4.5438194
        ]
      }
    },
    {
      "type": "Feature",
      "properties": {
        "id": 746034459,
        "nombre": "Colegio Fe y Alegría",
        "categoria": "educacion",
        "subcategoria": "school",
        "tags": {
          "amenity": "school",
          "name": "Colegio Fe y Alegría"
        }
      },
      "geometry": {
        "type": "Point",
        "coordinates": [
          -74.1134686,
          4.5378464
        ]
      }
    },
    {
      "type": "Feature",
      "properties": {
        "id": 746034461,
        "nombre": "Colegio Distrital Danubio Azul - Sede B",
        "categoria": "educacion",
        "subcategoria": "school",
        "tags": {
          "addr:full": "CALLE 56 A SUR No: 1 - 42 ESTE",
          "amenity": "school",
          "name": "Colegio Distrital Danubio Azul - Sede B"
        }
      },
      "geometry": {
        "type": "Point",
        "coordinates": [
          -74.1149813,
          4.5378681
        ]
      }
    },
    {
      "type": "Feature",
      "properties": {
        "id": 746276200,
        "nombre": "Colegio Internacional Camino a la Cima",
        "categoria": "educacion",
        "subcategoria": "school",
        "tags": {
          "amenity": "school",
          "name": "Colegio Internacional Camino a la Cima"
        }
      },
      "geometry": {
        "type": "Point",
        "coordinates": [
          -74.1282015,
          4.5763416
        ]
      }
    },
    {
      "type": "Feature",
      "properties": {
        "id": 749120474,
        "nombre": "IED Fiscala Alta",
        "categoria": "educacion",
        "subcategoria": "school",
        "tags": {
          "amenity": "school",
          "name": "IED Fiscala Alta"
        }
      },
      "geometry": {
        "type": "Point",
        "coordinates": [
          -74.103963,
          4.5329737
        ]
      }
    },
    {
      "type": "Feature",
      "properties": {
        "id": 749126677,
        "nombre": "IED Palermo Sur",
        "categoria": "educacion",
        "subcategoria": "school",
        "tags": {
          "addr:full": "CARRERA 2 B No. 49 D - 41 SUR",
          "amenity": "school",
          "name": "IED Palermo Sur"
        }
      },
      "geometry": {
        "type": "Point",
        "coordinates": [
          -74.1098494,
          4.5431546
        ]
      }
    },
    {
      "type": "Feature",
      "properties": {
        "id": 752714425,
        "nombre": "Colegio Distrital San Cipriano",
        "categoria": "educacion",
        "subcategoria": "school",
        "tags": {
          "addr:housenumber": "Carrera 54C",
          "addr:street": "Calle 166",
          "amenity": "school",
          "name": "Colegio Distrital San Cipriano"
        }
      },
      "geometry": {
        "type": "Point",
        "coordinates": [
          -74.0552233,
          4.7485168
        ]
      }
    },
    {
      "type": "Feature",
      "properties": {
        "id": 757373163,
        "nombre": "IED La Acacia II - Sede B",
        "categoria": "educacion",
        "subcategoria": "school",
        "tags": {
          "addr:full": "DIAGONAL 62 D SUR No. 19 B - 21",
          "amenity": "school",
          "name": "IED La Acacia II - Sede B"
        }
      },
      "geometry": {
        "type": "Point",
        "coordinates": [
          -74.1420872,
          4.5607874
        ]
      }
    },
    {
      "type": "Feature",
      "properties": {
        "id": 757400444,
        "nombre": "IED Unión Europea - Sede A",
        "categoria": "educacion",
        "subcategoria": "school",
        "tags": {
          "addr:housenumber": "TR. 18G NO.63D-15 SUR",
          "addr:street": "Domingo Lain",
          "amenity": "school",
          "name": "IED Unión Europea - Sede A"
        }
      },
      "geometry": {
        "type": "Point",
        "coordinates": [
          -74.1421007,
          4.5559755
        ]
      }
    },
    {
      "type": "Feature",
      "properties": {
        "id": 757408219,
        "nombre": "IED El Recuerdo - Sede B",
        "categoria": "educacion",
        "subcategoria": "school",
        "tags": {
          "addr:full": "DIAGONAL 65 D No. 18 A - 04 SUR",
          "amenity": "school",
          "name": "IED El Recuerdo - Sede B"
        }
      },
      "geometry": {
        "type": "Point",
        "coordinates": [
          -74.1435991,
          4.5532958
        ]
      }
    },
    {
      "type": "Feature",
      "properties": {
        "id": 757500809,
        "nombre": "IED Paulo Freire",
        "categoria": "educacion",
        "subcategoria": "school",
        "tags": {
          "addr:housenumber": "CR 1",
          "addr:street": "Calle 65G Sur",
          "amenity": "school",
          "name": "IED Paulo Freire"
        }
      },
      "geometry": {
        "type": "Point",
        "coordinates": [
          -74.1167391,
          4.5327499
        ]
      }
    },
    {
      "type": "Feature",
      "properties": {
        "id": 757676713,
        "nombre": "IED Santa Marta",
        "categoria": "educacion",
        "subcategoria": "school",
        "tags": {
          "addr:full": "CALLE 69 SUR No. 1 B - 37 ESTE",
          "amenity": "school",
          "name": "IED Santa Marta"
        }
      },
      "geometry": {
        "type": "Point",
        "coordinates": [
          -74.115534,
          4.525184
        ]
      }
    },
    {
      "type": "Feature",
      "properties": {
        "id": 757926618,
        "nombre": "IED Fabio Lozano Simonelli",
        "categoria": "educacion",
        "subcategoria": "school",
        "tags": {
          "addr:city": "BOGOTA",
          "addr:housenumber": "CR 4",
          "addr:street": "Calle 65 Sur",
          "amenity": "school",
          "name": "IED Fabio Lozano Simonelli",
          "operator": "OFICIAL"
        }
      },
      "geometry": {
        "type": "Point",
        "coordinates": [
          -74.1117459,
          4.5335511
        ]
      }
    },
    {
      "type": "Feature",
      "properties": {
        "id": 757926635,
        "nombre": "Colegio La Salle Juan Luis Londoño",
        "categoria": "educacion",
        "subcategoria": "school",
        "tags": {
          "amenity": "school",
          "name": "Colegio La Salle Juan Luis Londoño"
        }
      },
      "geometry": {
        "type": "Point",
        "coordinates": [
          -74.1144173,
          4.5311214
        ]
      }
    },
    {
      "type": "Feature",
      "properties": {
        "id": 758174194,
        "nombre": "IED La Aurora",
        "categoria": "educacion",
        "subcategoria": "school",
        "tags": {
          "addr:full": "TRANSVERSAL 3 B No. 70 A - 16 SUR",
          "amenity": "school",
          "name": "IED La Aurora"
        }
      },
      "geometry": {
        "type": "Point",
        "coordinates": [
          -74.121145,
          4.5213815
        ]
      }
    },
    {
      "type": "Feature",
      "properties": {
        "id": 758192996,
        "nombre": "IED El Cortijo - Vianey",
        "categoria": "educacion",
        "subcategoria": "school",
        "tags": {
          "addr:city": "Bogotá D.C.",
          "amenity": "school",
          "name": "IED El Cortijo - Vianey"
        }
      },
      "geometry": {
        "type": "Point",
        "coordinates": [
          -74.1191492,
          4.5178809
        ]
      }
    },
    {
      "type": "Feature",
      "properties": {
        "id": 758192997,
        "nombre": "Colegio Santa María de la Paz Sede A",
        "categoria": "educacion",
        "subcategoria": "school",
        "tags": {
          "addr:city": "Bogotá D.C.",
          "addr:housename": "Colegio Santa María de la Paz",
          "addr:postcode": "110511",
          "amenity": "school",
          "name": "Colegio Santa María de la Paz Sede A"
        }
      },
      "geometry": {
        "type": "Point",
        "coordinates": [
          -74.1190141,
          4.5174663
        ]
      }
    },
    {
      "type": "Feature",
      "properties": {
        "id": 758204169,
        "nombre": "Colegio Centro Cultural",
        "categoria": "educacion",
        "subcategoria": "school",
        "tags": {
          "amenity": "school",
          "name": "Colegio Centro Cultural"
        }
      },
      "geometry": {
        "type": "Point",
        "coordinates": [
          -74.1198243,
          4.5197286
        ]
      }
    },
    {
      "type": "Feature",
      "properties": {
        "id": 758213458,
        "nombre": "Sin Nombre",
        "categoria": "educacion",
        "subcategoria": "school",
        "tags": {
          "amenity": "school"
        }
      },
      "geometry": {
        "type": "Point",
        "coordinates": [
          -74.1227722,
          4.5165798
        ]
      }
    },
    {
      "type": "Feature",
      "properties": {
        "id": 758244547,
        "nombre": "Colegio Miravalle",
        "categoria": "educacion",
        "subcategoria": "school",
        "tags": {
          "amenity": "school",
          "name": "Colegio Miravalle"
        }
      },
      "geometry": {
        "type": "Point",
        "coordinates": [
          -74.1192953,
          4.5137982
        ]
      }
    },
    {
      "type": "Feature",
      "properties": {
        "id": 758274435,
        "nombre": "IED El Cortijo - Vianey",
        "categoria": "educacion",
        "subcategoria": "school",
        "tags": {
          "amenity": "school",
          "name": "IED El Cortijo - Vianey"
        }
      },
      "geometry": {
        "type": "Point",
        "coordinates": [
          -74.1190495,
          4.5150785
        ]
      }
    },
    {
      "type": "Feature",
      "properties": {
        "id": 758423188,
        "nombre": "Colegio Rómulo Gallegos",
        "categoria": "educacion",
        "subcategoria": "school",
        "tags": {
          "amenity": "school",
          "name": "Colegio Rómulo Gallegos"
        }
      },
      "geometry": {
        "type": "Point",
        "coordinates": [
          -74.1395984,
          4.55326
        ]
      }
    },
    {
      "type": "Feature",
      "properties": {
        "id": 758431621,
        "nombre": "IED Sotavento",
        "categoria": "educacion",
        "subcategoria": "school",
        "tags": {
          "addr:full": "CALLE 73 A SUR No. 16 F - 35",
          "amenity": "school",
          "name": "IED Sotavento"
        }
      },
      "geometry": {
        "type": "Point",
        "coordinates": [
          -74.1373123,
          4.544327
        ]
      }
    },
    {
      "type": "Feature",
      "properties": {
        "id": 758431627,
        "nombre": "Sin Nombre",
        "categoria": "educacion",
        "subcategoria": "school",
        "tags": {
          "amenity": "school"
        }
      },
      "geometry": {
        "type": "Point",
        "coordinates": [
          -74.1372844,
          4.5418863
        ]
      }
    },
    {
      "type": "Feature",
      "properties": {
        "id": 758634743,
        "nombre": "IED Mochuelo bajo",
        "categoria": "educacion",
        "subcategoria": "school",
        "tags": {
          "addr:full": "KILÓMETRO 5 VÍA OLARTE",
          "amenity": "school",
          "denomination": "catholic",
          "name": "IED Mochuelo bajo",
          "religion": "christian"
        }
      },
      "geometry": {
        "type": "Point",
        "coordinates": [
          -74.1461771,
          4.5066014
        ]
      }
    },
    {
      "type": "Feature",
      "properties": {
        "id": 758636558,
        "nombre": "IED José María Carbonell",
        "categoria": "educacion",
        "subcategoria": "school",
        "tags": {
          "amenity": "school",
          "name": "IED José María Carbonell"
        }
      },
      "geometry": {
        "type": "Point",
        "coordinates": [
          -74.0799022,
          4.5831409
        ]
      }
    },
    {
      "type": "Feature",
      "properties": {
        "id": 758636559,
        "nombre": "IED La Giralda",
        "categoria": "educacion",
        "subcategoria": "school",
        "tags": {
          "amenity": "school",
          "name": "IED La Giralda"
        }
      },
      "geometry": {
        "type": "Point",
        "coordinates": [
          -74.0789049,
          4.5836101
        ]
      }
    },
    {
      "type": "Feature",
      "properties": {
        "id": 758756993,
        "nombre": "IED Mochuelo",
        "categoria": "educacion",
        "subcategoria": "school",
        "tags": {
          "addr:full": "KM. 20 VÍA PASQUILLA",
          "amenity": "school",
          "name": "IED Mochuelo"
        }
      },
      "geometry": {
        "type": "Point",
        "coordinates": [
          -74.1482439,
          4.4887554
        ]
      }
    },
    {
      "type": "Feature",
      "properties": {
        "id": 758759831,
        "nombre": "IED Mochuelo Alto",
        "categoria": "educacion",
        "subcategoria": "school",
        "tags": {
          "addr:full": "KILÓMETRO 24 VÍA A PASQUILLA",
          "amenity": "school",
          "name": "IED Mochuelo Alto",
          "puesto_votacion": "MOCHUELO ALTO",
          "source": "Registraduría 2010"
        }
      },
      "geometry": {
        "type": "Point",
        "coordinates": [
          -74.1560807,
          4.4450547
        ]
      }
    },
    {
      "type": "Feature",
      "properties": {
        "id": 758784882,
        "nombre": "IED Valles de CAFAM",
        "categoria": "educacion",
        "subcategoria": "school",
        "tags": {
          "addr:full": "CARRERA 46 ESTE No. 94 - 93 SUR",
          "amenity": "school",
          "name": "IED Valles de CAFAM"
        }
      },
      "geometry": {
        "type": "Point",
        "coordinates": [
          -74.1180684,
          4.5074794
        ]
      }
    },
    {
      "type": "Feature",
      "properties": {
        "id": 758793747,
        "nombre": "IED Tenerife",
        "categoria": "educacion",
        "subcategoria": "school",
        "tags": {
          "addr:housename": "I.E.D. Tenerife Granada Sur",
          "addr:housenumber": "91-14 SUR",
          "addr:street": "CR. 2",
          "amenity": "school",
          "building": "school",
          "name": "IED Tenerife"
        }
      },
      "geometry": {
        "type": "Point",
        "coordinates": [
          -74.1154675,
          4.507388
        ]
      }
    },
    {
      "type": "Feature",
      "properties": {
        "id": 758793750,
        "nombre": "Colegio San Marino",
        "categoria": "educacion",
        "subcategoria": "school",
        "tags": {
          "amenity": "school",
          "name": "Colegio San Marino"
        }
      },
      "geometry": {
        "type": "Point",
        "coordinates": [
          -74.1144594,
          4.5068561
        ]
      }
    },
    {
      "type": "Feature",
      "properties": {
        "id": 758797564,
        "nombre": "Colegio Don Bosco II",
        "categoria": "educacion",
        "subcategoria": "school",
        "tags": {
          "amenity": "school",
          "name": "Colegio Don Bosco II"
        }
      },
      "geometry": {
        "type": "Point",
        "coordinates": [
          -74.1188976,
          4.5016449
        ]
      }
    },
    {
      "type": "Feature",
      "properties": {
        "id": 758797731,
        "nombre": "IED Luis Eduardo Mora Osejo",
        "categoria": "educacion",
        "subcategoria": "school",
        "tags": {
          "amenity": "school",
          "check_date": "2026-01-12",
          "name": "IED Luis Eduardo Mora Osejo"
        }
      },
      "geometry": {
        "type": "Point",
        "coordinates": [
          -74.118612,
          4.5038871
        ]
      }
    },
    {
      "type": "Feature",
      "properties": {
        "id": 758806782,
        "nombre": "IED Brazuelos",
        "categoria": "educacion",
        "subcategoria": "school",
        "tags": {
          "amenity": "school",
          "name": "IED Brazuelos"
        }
      },
      "geometry": {
        "type": "Point",
        "coordinates": [
          -74.1199305,
          4.49509
        ]
      }
    },
    {
      "type": "Feature",
      "properties": {
        "id": 758806798,
        "nombre": "Universidad Antonio Nariño - Sede Usme",
        "categoria": "educacion",
        "subcategoria": "university",
        "tags": {
          "amenity": "university",
          "name": "Universidad Antonio Nariño - Sede Usme"
        }
      },
      "geometry": {
        "type": "Point",
        "coordinates": [
          -74.1247666,
          4.4816463
        ]
      }
    },
    {
      "type": "Feature",
      "properties": {
        "id": 758842546,
        "nombre": "Colegio Distrital Francisco Antonio Zea - Sede A",
        "categoria": "educacion",
        "subcategoria": "school",
        "tags": {
          "addr:full": "TRANSVERSAL 2 A No. 135 - 78 SUR",
          "amenity": "school",
          "name": "Colegio Distrital Francisco Antonio Zea - Sede A"
        }
      },
      "geometry": {
        "type": "Point",
        "coordinates": [
          -74.1214262,
          4.4725926
        ]
      }
    },
    {
      "type": "Feature",
      "properties": {
        "id": 758844176,
        "nombre": "Escuela Distrital de Usme",
        "categoria": "educacion",
        "subcategoria": "school",
        "tags": {
          "amenity": "school",
          "name": "Escuela Distrital de Usme"
        }
      },
      "geometry": {
        "type": "Point",
        "coordinates": [
          -74.1252149,
          4.4694158
        ]
      }
    },
    {
      "type": "Feature",
      "properties": {
        "id": 758853297,
        "nombre": "IED Las Manitas",
        "categoria": "educacion",
        "subcategoria": "school",
        "tags": {
          "amenity": "school",
          "name": "IED Las Manitas"
        }
      },
      "geometry": {
        "type": "Point",
        "coordinates": [
          -74.1503404,
          4.5514746
        ]
      }
    },
    {
      "type": "Feature",
      "properties": {
        "id": 758853323,
        "nombre": "IED Rafael Uribe Uribe",
        "categoria": "educacion",
        "subcategoria": "school",
        "tags": {
          "amenity": "school",
          "name": "IED Rafael Uribe Uribe"
        }
      },
      "geometry": {
        "type": "Point",
        "coordinates": [
          -74.1486537,
          4.5472983
        ]
      }
    },
    {
      "type": "Feature",
      "properties": {
        "id": 758853324,
        "nombre": "IED Confederación Suiza",
        "categoria": "educacion",
        "subcategoria": "school",
        "tags": {
          "amenity": "school",
          "name": "IED Confederación Suiza"
        }
      },
      "geometry": {
        "type": "Point",
        "coordinates": [
          -74.1484543,
          4.5479677
        ]
      }
    },
    {
      "type": "Feature",
      "properties": {
        "id": 758861165,
        "nombre": "Colegio Dios es Amor",
        "categoria": "educacion",
        "subcategoria": "school",
        "tags": {
          "amenity": "school",
          "name": "Colegio Dios es Amor"
        }
      },
      "geometry": {
        "type": "Point",
        "coordinates": [
          -74.1466531,
          4.5526832
        ]
      }
    },
    {
      "type": "Feature",
      "properties": {
        "id": 759633207,
        "nombre": "Colegio Distrital Villa Mar - Sede A",
        "categoria": "educacion",
        "subcategoria": "school",
        "tags": {
          "addr:full": "CARRERA 18 M No. 69 J - 25 SUR",
          "amenity": "school",
          "name": "Colegio Distrital Villa Mar - Sede A"
        }
      },
      "geometry": {
        "type": "Point",
        "coordinates": [
          -74.1528557,
          4.5533917
        ]
      }
    },
    {
      "type": "Feature",
      "properties": {
        "id": 759648504,
        "nombre": "IED Villas del Diamante",
        "categoria": "educacion",
        "subcategoria": "school",
        "tags": {
          "amenity": "school",
          "name": "IED Villas del Diamante"
        }
      },
      "geometry": {
        "type": "Point",
        "coordinates": [
          -74.1529079,
          4.5504966
        ]
      }
    },
    {
      "type": "Feature",
      "properties": {
        "id": 759715209,
        "nombre": "Colegio Fanny Mikey",
        "categoria": "educacion",
        "subcategoria": "school",
        "tags": {
          "amenity": "school",
          "name": "Colegio Fanny Mikey"
        }
      },
      "geometry": {
        "type": "Point",
        "coordinates": [
          -74.1529099,
          4.5495132
        ]
      }
    },
    {
      "type": "Feature",
      "properties": {
        "id": 759775767,
        "nombre": "SENA Chuniza",
        "categoria": "educacion",
        "subcategoria": "college",
        "tags": {
          "addr:housename": "SENA Chuniza",
          "addr:street": "Cll 91 Sur",
          "amenity": "college",
          "building": "public",
          "name": "SENA Chuniza"
        }
      },
      "geometry": {
        "type": "Point",
        "coordinates": [
          -74.1127501,
          4.5059494
        ]
      }
    },
    {
      "type": "Feature",
      "properties": {
        "id": 759775779,
        "nombre": "IED Chuniza",
        "categoria": "educacion",
        "subcategoria": "school",
        "tags": {
          "addr:city": "Bogotá D.C.",
          "addr:full": "CARRERA 1 G No. 84 A - 42 SUR",
          "addr:housenumber": "84A-42",
          "addr:postcode": "110541",
          "addr:street": "Carrera 1 G E",
          "amenity": "school",
          "name": "IED Chuniza",
          "phone": "+571 7673325",
          "website": "https://iedchuniza.webnode.es/",
          "wheelchair": "yes"
        }
      },
      "geometry": {
        "type": "Point",
        "coordinates": [
          -74.111251,
          4.5057033
        ]
      }
    },
    {
      "type": "Feature",
      "properties": {
        "id": 759781152,
        "nombre": "IED González Ochoa",
        "categoria": "educacion",
        "subcategoria": "school",
        "tags": {
          "amenity": "school",
          "name": "IED González Ochoa"
        }
      },
      "geometry": {
        "type": "Point",
        "coordinates": [
          -74.1076283,
          4.5025495
        ]
      }
    },
    {
      "type": "Feature",
      "properties": {
        "id": 759781153,
        "nombre": "IED Don Bosco IV",
        "categoria": "educacion",
        "subcategoria": "school",
        "tags": {
          "amenity": "school",
          "name": "IED Don Bosco IV"
        }
      },
      "geometry": {
        "type": "Point",
        "coordinates": [
          -74.108801,
          4.5025334
        ]
      }
    },
    {
      "type": "Feature",
      "properties": {
        "id": 760026776,
        "nombre": "IED Virrey José Solis",
        "categoria": "educacion",
        "subcategoria": "school",
        "tags": {
          "amenity": "school",
          "name": "IED Virrey José Solis"
        }
      },
      "geometry": {
        "type": "Point",
        "coordinates": [
          -74.111964,
          4.5028737
        ]
      }
    },
    {
      "type": "Feature",
      "properties": {
        "id": 760035653,
        "nombre": "IED Los Comuneros",
        "categoria": "educacion",
        "subcategoria": "school",
        "tags": {
          "amenity": "school",
          "name": "IED Los Comuneros"
        }
      },
      "geometry": {
        "type": "Point",
        "coordinates": [
          -74.1089638,
          4.4985351
        ]
      }
    },
    {
      "type": "Feature",
      "properties": {
        "id": 760035654,
        "nombre": "IED El Virrey",
        "categoria": "educacion",
        "subcategoria": "school",
        "tags": {
          "amenity": "school",
          "name": "IED El Virrey"
        }
      },
      "geometry": {
        "type": "Point",
        "coordinates": [
          -74.1105221,
          4.4985654
        ]
      }
    },
    {
      "type": "Feature",
      "properties": {
        "id": 760065607,
        "nombre": "IED Quiba Baja",
        "categoria": "educacion",
        "subcategoria": "school",
        "tags": {
          "amenity": "school",
          "name": "IED Quiba Baja"
        }
      },
      "geometry": {
        "type": "Point",
        "coordinates": [
          -74.1659783,
          4.5278045
        ]
      }
    },
    {
      "type": "Feature",
      "properties": {
        "id": 760089717,
        "nombre": "IED Usminia - Sede A",
        "categoria": "educacion",
        "subcategoria": "school",
        "tags": {
          "addr:full": "TRASVERSAL 1 ESTE No. 103 A - 19 SUR",
          "amenity": "school",
          "name": "IED Usminia - Sede A"
        }
      },
      "geometry": {
        "type": "Point",
        "coordinates": [
          -74.1172846,
          4.4950344
        ]
      }
    },
    {
      "type": "Feature",
      "properties": {
        "id": 760094977,
        "nombre": "IED Eduardo Umaña Mendoza",
        "categoria": "educacion",
        "subcategoria": "school",
        "tags": {
          "amenity": "school",
          "name": "IED Eduardo Umaña Mendoza"
        }
      },
      "geometry": {
        "type": "Point",
        "coordinates": [
          -74.1130065,
          4.4897107
        ]
      }
    },
    {
      "type": "Feature",
      "properties": {
        "id": 760108281,
        "nombre": "IED Lorenzo Alcantuz",
        "categoria": "educacion",
        "subcategoria": "school",
        "tags": {
          "amenity": "school",
          "name": "IED Lorenzo Alcantuz"
        }
      },
      "geometry": {
        "type": "Point",
        "coordinates": [
          -74.1146044,
          4.4952527
        ]
      }
    },
    {
      "type": "Feature",
      "properties": {
        "id": 760110291,
        "nombre": "IED Antonio José de Sucre",
        "categoria": "educacion",
        "subcategoria": "school",
        "tags": {
          "amenity": "school",
          "name": "IED Antonio José de Sucre"
        }
      },
      "geometry": {
        "type": "Point",
        "coordinates": [
          -74.1140372,
          4.4935084
        ]
      }
    },
    {
      "type": "Feature",
      "properties": {
        "id": 760587052,
        "nombre": "IED Barranquillita",
        "categoria": "educacion",
        "subcategoria": "school",
        "tags": {
          "amenity": "school",
          "name": "IED Barranquillita"
        }
      },
      "geometry": {
        "type": "Point",
        "coordinates": [
          -74.1156752,
          4.5195846
        ]
      }
    },
    {
      "type": "Feature",
      "properties": {
        "id": 760587061,
        "nombre": "IED Brasilia",
        "categoria": "educacion",
        "subcategoria": "school",
        "tags": {
          "amenity": "school",
          "name": "IED Brasilia"
        }
      },
      "geometry": {
        "type": "Point",
        "coordinates": [
          -74.1164086,
          4.5175326
        ]
      }
    },
    {
      "type": "Feature",
      "properties": {
        "id": 760622901,
        "nombre": "Colegio Distrital Santa Librada",
        "categoria": "educacion",
        "subcategoria": "school",
        "tags": {
          "addr:full": "CALLE 75 A SUR No. 1 B - 45 ESTE",
          "amenity": "school",
          "name": "Colegio Distrital Santa Librada"
        }
      },
      "geometry": {
        "type": "Point",
        "coordinates": [
          -74.1131888,
          4.5141552
        ]
      }
    },
    {
      "type": "Feature",
      "properties": {
        "id": 760638378,
        "nombre": "Sin Nombre",
        "categoria": "educacion",
        "subcategoria": "school",
        "tags": {
          "amenity": "school"
        }
      },
      "geometry": {
        "type": "Point",
        "coordinates": [
          -74.1120133,
          4.5131459
        ]
      }
    },
    {
      "type": "Feature",
      "properties": {
        "id": 760638379,
        "nombre": "Sin Nombre",
        "categoria": "educacion",
        "subcategoria": "school",
        "tags": {
          "amenity": "school"
        }
      },
      "geometry": {
        "type": "Point",
        "coordinates": [
          -74.1108793,
          4.5140607
        ]
      }
    },
    {
      "type": "Feature",
      "properties": {
        "id": 760638387,
        "nombre": "IED Los Tejares",
        "categoria": "educacion",
        "subcategoria": "school",
        "tags": {
          "amenity": "school",
          "name": "IED Los Tejares"
        }
      },
      "geometry": {
        "type": "Point",
        "coordinates": [
          -74.1085313,
          4.5131249
        ]
      }
    },
    {
      "type": "Feature",
      "properties": {
        "id": 760649248,
        "nombre": "IED Betania",
        "categoria": "educacion",
        "subcategoria": "school",
        "tags": {
          "amenity": "school",
          "name": "IED Betania"
        }
      },
      "geometry": {
        "type": "Point",
        "coordinates": [
          -74.1079386,
          4.5092752
        ]
      }
    },
    {
      "type": "Feature",
      "properties": {
        "id": 760705403,
        "nombre": "IED Calasanz",
        "categoria": "educacion",
        "subcategoria": "school",
        "tags": {
          "amenity": "school",
          "name": "IED Calasanz"
        }
      },
      "geometry": {
        "type": "Point",
        "coordinates": [
          -74.1401394,
          4.5403391
        ]
      }
    },
    {
      "type": "Feature",
      "properties": {
        "id": 760705421,
        "nombre": "IED Antonio García",
        "categoria": "educacion",
        "subcategoria": "school",
        "tags": {
          "amenity": "school",
          "name": "IED Antonio García"
        }
      },
      "geometry": {
        "type": "Point",
        "coordinates": [
          -74.1398778,
          4.5446311
        ]
      }
    },
    {
      "type": "Feature",
      "properties": {
        "id": 760709297,
        "nombre": "IED Estrella del Sur - Sede D",
        "categoria": "educacion",
        "subcategoria": "school",
        "tags": {
          "amenity": "school",
          "name": "IED Estrella del Sur - Sede D",
          "operator": "Distrital"
        }
      },
      "geometry": {
        "type": "Point",
        "coordinates": [
          -74.1450146,
          4.5443976
        ]
      }
    },
    {
      "type": "Feature",
      "properties": {
        "id": 760790127,
        "nombre": "Colegio Santa Ana",
        "categoria": "educacion",
        "subcategoria": "school",
        "tags": {
          "amenity": "school",
          "building": "school",
          "name": "Colegio Santa Ana"
        }
      },
      "geometry": {
        "type": "Point",
        "coordinates": [
          -74.1466837,
          4.6756269
        ]
      }
    },
    {
      "type": "Feature",
      "properties": {
        "id": 760790128,
        "nombre": "Colegio Santa Ana",
        "categoria": "educacion",
        "subcategoria": "school",
        "tags": {
          "amenity": "school",
          "name": "Colegio Santa Ana"
        }
      },
      "geometry": {
        "type": "Point",
        "coordinates": [
          -74.1458889,
          4.6764667
        ]
      }
    },
    {
      "type": "Feature",
      "properties": {
        "id": 760811929,
        "nombre": "IED José Jaime Rojas",
        "categoria": "educacion",
        "subcategoria": "school",
        "tags": {
          "addr:full": "CARRERA 18 R No. 77 - 16 SUR",
          "amenity": "school",
          "name": "IED José Jaime Rojas"
        }
      },
      "geometry": {
        "type": "Point",
        "coordinates": [
          -74.150628,
          4.5400008
        ]
      }
    },
    {
      "type": "Feature",
      "properties": {
        "id": 761126146,
        "nombre": "IED La Cumbre",
        "categoria": "educacion",
        "subcategoria": "school",
        "tags": {
          "amenity": "school",
          "name": "IED La Cumbre"
        }
      },
      "geometry": {
        "type": "Point",
        "coordinates": [
          -74.1492499,
          4.5365427
        ]
      }
    },
    {
      "type": "Feature",
      "properties": {
        "id": 761126159,
        "nombre": "IED El Tesoro de la Cumbre",
        "categoria": "educacion",
        "subcategoria": "school",
        "tags": {
          "amenity": "school",
          "name": "IED El Tesoro de la Cumbre"
        }
      },
      "geometry": {
        "type": "Point",
        "coordinates": [
          -74.1494198,
          4.5354732
        ]
      }
    },
    {
      "type": "Feature",
      "properties": {
        "id": 761160809,
        "nombre": "IED Don Bosco La Joya",
        "categoria": "educacion",
        "subcategoria": "school",
        "tags": {
          "addr:full": "CALLE 80 A SUR No. 18 C - 70",
          "amenity": "school",
          "name": "IED Don Bosco La Joya"
        }
      },
      "geometry": {
        "type": "Point",
        "coordinates": [
          -74.1450254,
          4.5372934
        ]
      }
    },
    {
      "type": "Feature",
      "properties": {
        "id": 761163136,
        "nombre": "IED Minuto De Buenos Aires",
        "categoria": "educacion",
        "subcategoria": "school",
        "tags": {
          "amenity": "school",
          "name": "IED Minuto De Buenos Aires"
        }
      },
      "geometry": {
        "type": "Point",
        "coordinates": [
          -74.1422268,
          4.5374186
        ]
      }
    },
    {
      "type": "Feature",
      "properties": {
        "id": 761287207,
        "nombre": "IED Estrella del Sur",
        "categoria": "educacion",
        "subcategoria": "school",
        "tags": {
          "amenity": "school",
          "name": "IED Estrella del Sur"
        }
      },
      "geometry": {
        "type": "Point",
        "coordinates": [
          -74.142533,
          4.5449121
        ]
      }
    },
    {
      "type": "Feature",
      "properties": {
        "id": 761336539,
        "nombre": "IED Gran Yomasa",
        "categoria": "educacion",
        "subcategoria": "school",
        "tags": {
          "amenity": "school",
          "name": "IED Gran Yomasa"
        }
      },
      "geometry": {
        "type": "Point",
        "coordinates": [
          -74.1098756,
          4.5085219
        ]
      }
    },
    {
      "type": "Feature",
      "properties": {
        "id": 761363011,
        "nombre": "IED Estanislao Zuleta",
        "categoria": "educacion",
        "subcategoria": "school",
        "tags": {
          "amenity": "school",
          "name": "IED Estanislao Zuleta"
        }
      },
      "geometry": {
        "type": "Point",
        "coordinates": [
          -74.1008585,
          4.4979997
        ]
      }
    },
    {
      "type": "Feature",
      "properties": {
        "id": 761653562,
        "nombre": "IED Ciudad de Villavicencio",
        "categoria": "educacion",
        "subcategoria": "school",
        "tags": {
          "amenity": "school",
          "name": "IED Ciudad de Villavicencio"
        }
      },
      "geometry": {
        "type": "Point",
        "coordinates": [
          -74.1024561,
          4.4871245
        ]
      }
    },
    {
      "type": "Feature",
      "properties": {
        "id": 761653564,
        "nombre": "IED Puerta al Llano",
        "categoria": "educacion",
        "subcategoria": "school",
        "tags": {
          "amenity": "school",
          "name": "IED Puerta al Llano"
        }
      },
      "geometry": {
        "type": "Point",
        "coordinates": [
          -74.100697,
          4.4868224
        ]
      }
    },
    {
      "type": "Feature",
      "properties": {
        "id": 762684959,
        "nombre": "UniMinuto San Camilo",
        "categoria": "educacion",
        "subcategoria": "university",
        "tags": {
          "amenity": "university",
          "barrier": "yes",
          "name": "UniMinuto San Camilo",
          "operator": "UniMinuto",
          "operator:type": "private"
        }
      },
      "geometry": {
        "type": "Point",
        "coordinates": [
          -74.0840872,
          4.5892398
        ]
      }
    },
    {
      "type": "Feature",
      "properties": {
        "id": 762982963,
        "nombre": "IED Andrés Rosillo y Meruelo",
        "categoria": "educacion",
        "subcategoria": "school",
        "tags": {
          "amenity": "school",
          "name": "IED Andrés Rosillo y Meruelo"
        }
      },
      "geometry": {
        "type": "Point",
        "coordinates": [
          -74.0952142,
          4.5739171
        ]
      }
    },
    {
      "type": "Feature",
      "properties": {
        "id": 762999746,
        "nombre": "IED 20 de Julio",
        "categoria": "educacion",
        "subcategoria": "school",
        "tags": {
          "amenity": "school",
          "name": "IED 20 de Julio"
        }
      },
      "geometry": {
        "type": "Point",
        "coordinates": [
          -74.094455,
          4.5713591
        ]
      }
    },
    {
      "type": "Feature",
      "properties": {
        "id": 763264039,
        "nombre": "Sin Nombre",
        "categoria": "educacion",
        "subcategoria": "school",
        "tags": {
          "amenity": "school"
        }
      },
      "geometry": {
        "type": "Point",
        "coordinates": [
          -74.0780012,
          4.5908449
        ]
      }
    },
    {
      "type": "Feature",
      "properties": {
        "id": 763467914,
        "nombre": "IED José Felix Restrepo - Sede C",
        "categoria": "educacion",
        "subcategoria": "school",
        "tags": {
          "addr:full": "CALLE 11 SUR No. 6 - 27 ESTE",
          "amenity": "school",
          "name": "IED José Felix Restrepo - Sede C",
          "toilets:wheelchair": "yes",
          "wheelchair": "yes"
        }
      },
      "geometry": {
        "type": "Point",
        "coordinates": [
          -74.0796115,
          4.572359
        ]
      }
    },
    {
      "type": "Feature",
      "properties": {
        "id": 764296307,
        "nombre": "IED José Felix Restrepo - Sede D",
        "categoria": "educacion",
        "subcategoria": "school",
        "tags": {
          "amenity": "school",
          "name": "IED José Felix Restrepo - Sede D"
        }
      },
      "geometry": {
        "type": "Point",
        "coordinates": [
          -74.087195,
          4.5749356
        ]
      }
    },
    {
      "type": "Feature",
      "properties": {
        "id": 764610168,
        "nombre": "Colegio República del Ecuador",
        "categoria": "educacion",
        "subcategoria": "school",
        "tags": {
          "amenity": "school",
          "name": "Colegio República del Ecuador"
        }
      },
      "geometry": {
        "type": "Point",
        "coordinates": [
          -74.0869828,
          4.5747452
        ]
      }
    },
    {
      "type": "Feature",
      "properties": {
        "id": 764610170,
        "nombre": "IED José Felix Restrepo - Sede A",
        "categoria": "educacion",
        "subcategoria": "school",
        "tags": {
          "amenity": "school",
          "name": "IED José Felix Restrepo - Sede A"
        }
      },
      "geometry": {
        "type": "Point",
        "coordinates": [
          -74.0895813,
          4.5740594
        ]
      }
    },
    {
      "type": "Feature",
      "properties": {
        "id": 764610727,
        "nombre": "IED Manuelita Saenz",
        "categoria": "educacion",
        "subcategoria": "school",
        "tags": {
          "addr:full": "CARRERA 3 ESTE No. 18 - 76 SUR",
          "amenity": "school",
          "name": "IED Manuelita Saenz"
        }
      },
      "geometry": {
        "type": "Point",
        "coordinates": [
          -74.0841929,
          4.5709857
        ]
      }
    },
    {
      "type": "Feature",
      "properties": {
        "id": 764672214,
        "nombre": "IED República del Ecuador",
        "categoria": "educacion",
        "subcategoria": "school",
        "tags": {
          "amenity": "school",
          "name": "IED República del Ecuador"
        }
      },
      "geometry": {
        "type": "Point",
        "coordinates": [
          -74.0803494,
          4.5772701
        ]
      }
    },
    {
      "type": "Feature",
      "properties": {
        "id": 765449282,
        "nombre": "IED Efrain Cañavera - Sede B",
        "categoria": "educacion",
        "subcategoria": "school",
        "tags": {
          "addr:full": "CALLE 6 No. 14 - 90 ESTE",
          "amenity": "school",
          "name": "IED Efrain Cañavera - Sede B"
        }
      },
      "geometry": {
        "type": "Point",
        "coordinates": [
          -74.0665369,
          4.5874878
        ]
      }
    },
    {
      "type": "Feature",
      "properties": {
        "id": 767410040,
        "nombre": "Colegio Santa Ana",
        "categoria": "educacion",
        "subcategoria": "school",
        "tags": {
          "amenity": "school",
          "name": "Colegio Santa Ana"
        }
      },
      "geometry": {
        "type": "Point",
        "coordinates": [
          -74.209936,
          4.7161537
        ]
      }
    },
    {
      "type": "Feature",
      "properties": {
        "id": 767410054,
        "nombre": "Institución Educativa Departamental El Hato",
        "categoria": "educacion",
        "subcategoria": "school",
        "tags": {
          "amenity": "school",
          "name": "Institución Educativa Departamental El Hato"
        }
      },
      "geometry": {
        "type": "Point",
        "coordinates": [
          -74.2009287,
          4.7072995
        ]
      }
    },
    {
      "type": "Feature",
      "properties": {
        "id": 774881837,
        "nombre": "Sin Nombre",
        "categoria": "educacion",
        "subcategoria": "school",
        "tags": {
          "amenity": "school"
        }
      },
      "geometry": {
        "type": "Point",
        "coordinates": [
          -74.1113302,
          4.7445497
        ]
      }
    },
    {
      "type": "Feature",
      "properties": {
        "id": 774881840,
        "nombre": "Sin Nombre",
        "categoria": "educacion",
        "subcategoria": "school",
        "tags": {
          "amenity": "school"
        }
      },
      "geometry": {
        "type": "Point",
        "coordinates": [
          -74.1121522,
          4.7445183
        ]
      }
    },
    {
      "type": "Feature",
      "properties": {
        "id": 774881841,
        "nombre": "Colegio Celestin Freinet - Sede nueva",
        "categoria": "educacion",
        "subcategoria": "school",
        "tags": {
          "amenity": "school",
          "name": "Colegio Celestin Freinet - Sede nueva",
          "operator": "Colegio de educación tecnica y academica celestin freinet",
          "operator:type": "private",
          "religion": "none",
          "website": "https://celestinfreinet.edu.co/",
          "wheelchair": "yes"
        }
      },
      "geometry": {
        "type": "Point",
        "coordinates": [
          -74.112765,
          4.7447319
        ]
      }
    },
    {
      "type": "Feature",
      "properties": {
        "id": 777020065,
        "nombre": "Jose Max León",
        "categoria": "educacion",
        "subcategoria": "school",
        "tags": {
          "amenity": "school",
          "name": "Jose Max León",
          "office": "educational_institution"
        }
      },
      "geometry": {
        "type": "Point",
        "coordinates": [
          -74.1408146,
          4.7754717
        ]
      }
    },
    {
      "type": "Feature",
      "properties": {
        "id": 783200462,
        "nombre": "IE San José",
        "categoria": "educacion",
        "subcategoria": "school",
        "tags": {
          "addr:housenumber": "28-90",
          "addr:street": "Calle 12",
          "amenity": "school",
          "barrier": "yes",
          "name": "IE San José"
        }
      },
      "geometry": {
        "type": "Point",
        "coordinates": [
          -74.2223153,
          4.7301785
        ]
      }
    },
    {
      "type": "Feature",
      "properties": {
        "id": 783200483,
        "nombre": "Sin Nombre",
        "categoria": "educacion",
        "subcategoria": "school",
        "tags": {
          "amenity": "school"
        }
      },
      "geometry": {
        "type": "Point",
        "coordinates": [
          -74.2166183,
          4.7191981
        ]
      }
    },
    {
      "type": "Feature",
      "properties": {
        "id": 783200485,
        "nombre": "Colegio Bicentenario",
        "categoria": "educacion",
        "subcategoria": "school",
        "tags": {
          "amenity": "school",
          "barrier": "yes",
          "name": "Colegio Bicentenario"
        }
      },
      "geometry": {
        "type": "Point",
        "coordinates": [
          -74.2123174,
          4.7218097
        ]
      }
    },
    {
      "type": "Feature",
      "properties": {
        "id": 784649143,
        "nombre": "Liceo Lunita",
        "categoria": "educacion",
        "subcategoria": "school",
        "tags": {
          "addr:city": "Chía",
          "addr:housenumber": "#6-49",
          "addr:street": "Carrera 13",
          "amenity": "school",
          "name": "Liceo Lunita",
          "religion": "christian",
          "website": "https://liceolunita.edu.co/"
        }
      },
      "geometry": {
        "type": "Point",
        "coordinates": [
          -74.0639451,
          4.8581124
        ]
      }
    },
    {
      "type": "Feature",
      "properties": {
        "id": 784874093,
        "nombre": "IE Mayor de Mosquera",
        "categoria": "educacion",
        "subcategoria": "school",
        "tags": {
          "addr:housenumber": "#13-14",
          "addr:street": "Calle 7A",
          "amenity": "school",
          "name": "IE Mayor de Mosquera",
          "operator": "Alcaldia de Mosquera"
        }
      },
      "geometry": {
        "type": "Point",
        "coordinates": [
          -74.1838976,
          4.6938705
        ]
      }
    },
    {
      "type": "Feature",
      "properties": {
        "id": 785247746,
        "nombre": "Colegio Furatena",
        "categoria": "educacion",
        "subcategoria": "school",
        "tags": {
          "amenity": "school",
          "name": "Colegio Furatena"
        }
      },
      "geometry": {
        "type": "Point",
        "coordinates": [
          -74.1977582,
          4.7122585
        ]
      }
    },
    {
      "type": "Feature",
      "properties": {
        "id": 785252084,
        "nombre": "Colegio María Inmaculada",
        "categoria": "educacion",
        "subcategoria": "school",
        "tags": {
          "amenity": "school",
          "name": "Colegio María Inmaculada"
        }
      },
      "geometry": {
        "type": "Point",
        "coordinates": [
          -74.2155565,
          4.7172985
        ]
      }
    },
    {
      "type": "Feature",
      "properties": {
        "id": 785257722,
        "nombre": "IE La Paz",
        "categoria": "educacion",
        "subcategoria": "school",
        "tags": {
          "amenity": "school",
          "barrier": "yes",
          "name": "IE La Paz"
        }
      },
      "geometry": {
        "type": "Point",
        "coordinates": [
          -74.2256515,
          4.7140959
        ]
      }
    },
    {
      "type": "Feature",
      "properties": {
        "id": 789673090,
        "nombre": "Liceo Miguel Ange",
        "categoria": "educacion",
        "subcategoria": "school",
        "tags": {
          "addr:housenumber": "3-6",
          "addr:street": "Calle 11",
          "amenity": "school",
          "name": "Liceo Miguel Ange"
        }
      },
      "geometry": {
        "type": "Point",
        "coordinates": [
          -74.1728512,
          4.6911228
        ]
      }
    },
    {
      "type": "Feature",
      "properties": {
        "id": 799508794,
        "nombre": "IED Vista Bella",
        "categoria": "educacion",
        "subcategoria": "school",
        "tags": {
          "amenity": "school",
          "name": "IED Vista Bella"
        }
      },
      "geometry": {
        "type": "Point",
        "coordinates": [
          -74.054304,
          4.7499273
        ]
      }
    },
    {
      "type": "Feature",
      "properties": {
        "id": 813480165,
        "nombre": "Colegio Lausana",
        "categoria": "educacion",
        "subcategoria": "school",
        "tags": {
          "amenity": "school",
          "barrier": "yes",
          "name": "Colegio Lausana"
        }
      },
      "geometry": {
        "type": "Point",
        "coordinates": [
          -74.0620062,
          4.7701959
        ]
      }
    },
    {
      "type": "Feature",
      "properties": {
        "id": 813480174,
        "nombre": "Colegio Bilingüe Hispanoamericano Conde Ansúrez",
        "categoria": "educacion",
        "subcategoria": "school",
        "tags": {
          "amenity": "school",
          "barrier": "yes",
          "name": "Colegio Bilingüe Hispanoamericano Conde Ansúrez"
        }
      },
      "geometry": {
        "type": "Point",
        "coordinates": [
          -74.058665,
          4.7603314
        ]
      }
    },
    {
      "type": "Feature",
      "properties": {
        "id": 813480177,
        "nombre": "Liceo La Sabana",
        "categoria": "educacion",
        "subcategoria": "school",
        "tags": {
          "amenity": "school",
          "barrier": "yes",
          "name": "Liceo La Sabana"
        }
      },
      "geometry": {
        "type": "Point",
        "coordinates": [
          -74.0602632,
          4.7581917
        ]
      }
    },
    {
      "type": "Feature",
      "properties": {
        "id": 813480178,
        "nombre": "Gimnasio Yacari",
        "categoria": "educacion",
        "subcategoria": "school",
        "tags": {
          "amenity": "school",
          "barrier": "yes",
          "name": "Gimnasio Yacari"
        }
      },
      "geometry": {
        "type": "Point",
        "coordinates": [
          -74.0597613,
          4.7582724
        ]
      }
    },
    {
      "type": "Feature",
      "properties": {
        "id": 813493272,
        "nombre": "Gimnasio Cristiano Adonai",
        "categoria": "educacion",
        "subcategoria": "school",
        "tags": {
          "addr:street": "Calle 183",
          "amenity": "school",
          "barrier": "yes",
          "denomination": "protestant",
          "name": "Gimnasio Cristiano Adonai",
          "religion": "christian"
        }
      },
      "geometry": {
        "type": "Point",
        "coordinates": [
          -74.0600087,
          4.7695303
        ]
      }
    },
    {
      "type": "Feature",
      "properties": {
        "id": 813493273,
        "nombre": "Centro de Apredizaje Intercultural AFS",
        "categoria": "educacion",
        "subcategoria": "school",
        "tags": {
          "addr:housenumber": "181-75",
          "addr:street": "Avenida Carrera 72",
          "amenity": "school",
          "barrier": "yes",
          "name": "Centro de Apredizaje Intercultural AFS"
        }
      },
      "geometry": {
        "type": "Point",
        "coordinates": [
          -74.0602491,
          4.7689543
        ]
      }
    },
    {
      "type": "Feature",
      "properties": {
        "id": 813710391,
        "nombre": "IED Los Alpes",
        "categoria": "educacion",
        "subcategoria": "school",
        "tags": {
          "addr:full": "CARRERA 12 ESTE No. 33 A - 80 SUR",
          "amenity": "school",
          "name": "IED Los Alpes"
        }
      },
      "geometry": {
        "type": "Point",
        "coordinates": [
          -74.0840913,
          4.5526549
        ]
      }
    },
    {
      "type": "Feature",
      "properties": {
        "id": 815794176,
        "nombre": "Institución Educativa Distrital Jorge Soto del Corral",
        "categoria": "educacion",
        "subcategoria": "school",
        "tags": {
          "addr:street": "Calle 3",
          "amenity": "school",
          "barrier": "yes",
          "name": "Institución Educativa Distrital Jorge Soto del Corral"
        }
      },
      "geometry": {
        "type": "Point",
        "coordinates": [
          -74.0730928,
          4.5871995
        ]
      }
    },
    {
      "type": "Feature",
      "properties": {
        "id": 819998081,
        "nombre": "Sin Nombre",
        "categoria": "educacion",
        "subcategoria": "school",
        "tags": {
          "amenity": "school"
        }
      },
      "geometry": {
        "type": "Point",
        "coordinates": [
          -74.0881912,
          4.6846903
        ]
      }
    },
    {
      "type": "Feature",
      "properties": {
        "id": 826238696,
        "nombre": "Sin Nombre",
        "categoria": "educacion",
        "subcategoria": "school",
        "tags": {
          "amenity": "school"
        }
      },
      "geometry": {
        "type": "Point",
        "coordinates": [
          -74.1248578,
          4.4704189
        ]
      }
    },
    {
      "type": "Feature",
      "properties": {
        "id": 827898810,
        "nombre": "Colegio Celestin Freinet",
        "categoria": "educacion",
        "subcategoria": "school",
        "tags": {
          "addr:full": "CALLE 137 No. 137 - 03",
          "amenity": "school",
          "name": "Colegio Celestin Freinet",
          "operator:type": "private",
          "religion": "none",
          "website": "https://celestinfreinet.edu.co/",
          "wheelchair": "no"
        }
      },
      "geometry": {
        "type": "Point",
        "coordinates": [
          -74.1143361,
          4.7454715
        ]
      }
    },
    {
      "type": "Feature",
      "properties": {
        "id": 827898811,
        "nombre": "Colegio Celestin Freinet",
        "categoria": "educacion",
        "subcategoria": "school",
        "tags": {
          "amenity": "school",
          "name": "Colegio Celestin Freinet",
          "operator:type": "private",
          "religion": "none",
          "website": "https://celestinfreinet.edu.co/",
          "wheelchair": "limited"
        }
      },
      "geometry": {
        "type": "Point",
        "coordinates": [
          -74.1139882,
          4.7450665
        ]
      }
    },
    {
      "type": "Feature",
      "properties": {
        "id": 827898812,
        "nombre": "IED Tibabuyes",
        "categoria": "educacion",
        "subcategoria": "school",
        "tags": {
          "amenity": "school",
          "name": "IED Tibabuyes",
          "wheelchair": "yes"
        }
      },
      "geometry": {
        "type": "Point",
        "coordinates": [
          -74.110837,
          4.746269
        ]
      }
    },
    {
      "type": "Feature",
      "properties": {
        "id": 827898816,
        "nombre": "Colegio Bilbao IED",
        "categoria": "educacion",
        "subcategoria": "school",
        "tags": {
          "amenity": "school",
          "name": "Colegio Bilbao IED"
        }
      },
      "geometry": {
        "type": "Point",
        "coordinates": [
          -74.1071838,
          4.7501828
        ]
      }
    },
    {
      "type": "Feature",
      "properties": {
        "id": 834050620,
        "nombre": "Sin Nombre",
        "categoria": "educacion",
        "subcategoria": "school",
        "tags": {
          "amenity": "school"
        }
      },
      "geometry": {
        "type": "Point",
        "coordinates": [
          -74.1072259,
          4.7187609
        ]
      }
    },
    {
      "type": "Feature",
      "properties": {
        "id": 836222357,
        "nombre": "Liceo Navarra",
        "categoria": "educacion",
        "subcategoria": "school",
        "tags": {
          "amenity": "school",
          "barrier": "wall",
          "name": "Liceo Navarra"
        }
      },
      "geometry": {
        "type": "Point",
        "coordinates": [
          -74.1169354,
          4.6659635
        ]
      }
    },
    {
      "type": "Feature",
      "properties": {
        "id": 836222358,
        "nombre": "Gimnasio Nuevo Modelia",
        "categoria": "educacion",
        "subcategoria": "school",
        "tags": {
          "amenity": "school",
          "barrier": "wall",
          "name": "Gimnasio Nuevo Modelia",
          "religion": "christian",
          "website": "https://www.gimnasionuevomodelia.edu.co"
        }
      },
      "geometry": {
        "type": "Point",
        "coordinates": [
          -74.1170594,
          4.6657374
        ]
      }
    },
    {
      "type": "Feature",
      "properties": {
        "id": 836897104,
        "nombre": "Colegio San Mateo",
        "categoria": "educacion",
        "subcategoria": "school",
        "tags": {
          "addr:city": "Bogotá D.C.",
          "addr:housenumber": "50 - 24",
          "addr:street": "Calle 215",
          "amenity": "school",
          "name": "Colegio San Mateo",
          "website": "http://csma.edu.co/home"
        }
      },
      "geometry": {
        "type": "Point",
        "coordinates": [
          -74.0451116,
          4.7937046
        ]
      }
    },
    {
      "type": "Feature",
      "properties": {
        "id": 836897133,
        "nombre": "Grimm's Kindergarten",
        "categoria": "educacion",
        "subcategoria": "school",
        "tags": {
          "addr:city": "Bogotá D.C.",
          "addr:housenumber": "50 - 20",
          "addr:street": "Calle 215",
          "amenity": "school",
          "name": "Grimm's Kindergarten",
          "website": "http://csma.edu.co/grimms-home"
        }
      },
      "geometry": {
        "type": "Point",
        "coordinates": [
          -74.0447036,
          4.7931376
        ]
      }
    },
    {
      "type": "Feature",
      "properties": {
        "id": 845156145,
        "nombre": "Colegio Usaquén",
        "categoria": "educacion",
        "subcategoria": "school",
        "tags": {
          "amenity": "school",
          "name": "Colegio Usaquén",
          "operator": "IRD",
          "operator:type": "public"
        }
      },
      "geometry": {
        "type": "Point",
        "coordinates": [
          -74.0342455,
          4.706574
        ]
      }
    },
    {
      "type": "Feature",
      "properties": {
        "id": 845156883,
        "nombre": "Instituto Pedagogico Nacional",
        "categoria": "educacion",
        "subcategoria": "school",
        "tags": {
          "addr:full": "Avenida Calle 127 # 11-20",
          "amenity": "school",
          "name": "Instituto Pedagogico Nacional",
          "operator": "UPN",
          "operator:type": "public"
        }
      },
      "geometry": {
        "type": "Point",
        "coordinates": [
          -74.0346055,
          4.7053819
        ]
      }
    },
    {
      "type": "Feature",
      "properties": {
        "id": 847235485,
        "nombre": "SENA - Centro de Talento Creativo",
        "categoria": "educacion",
        "subcategoria": "college",
        "tags": {
          "amenity": "college",
          "name": "SENA - Centro de Talento Creativo",
          "operator": "Servicio Nacional de Aprendizaje",
          "operator:short": "SENA",
          "operator:type": "public",
          "operator:wikidata": "Q6974078"
        }
      },
      "geometry": {
        "type": "Point",
        "coordinates": [
          -74.0835895,
          4.601761
        ]
      }
    },
    {
      "type": "Feature",
      "properties": {
        "id": 847388491,
        "nombre": "Escuela El Manzano",
        "categoria": "educacion",
        "subcategoria": "school",
        "tags": {
          "amenity": "school",
          "building": "yes",
          "name": "Escuela El Manzano"
        }
      },
      "geometry": {
        "type": "Point",
        "coordinates": [
          -74.0210555,
          4.6116486
        ]
      }
    },
    {
      "type": "Feature",
      "properties": {
        "id": 854397160,
        "nombre": "Escuela Francisco de Paula Santander",
        "categoria": "educacion",
        "subcategoria": "school",
        "tags": {
          "amenity": "school",
          "name": "Escuela Francisco de Paula Santander"
        }
      },
      "geometry": {
        "type": "Point",
        "coordinates": [
          -74.2291314,
          4.7231229
        ]
      }
    },
    {
      "type": "Feature",
      "properties": {
        "id": 857912807,
        "nombre": "Institución Educativa Distrital Los Pinos",
        "categoria": "educacion",
        "subcategoria": "school",
        "tags": {
          "amenity": "school",
          "name": "Institución Educativa Distrital Los Pinos"
        }
      },
      "geometry": {
        "type": "Point",
        "coordinates": [
          -74.0668259,
          4.5912617
        ]
      }
    },
    {
      "type": "Feature",
      "properties": {
        "id": 857912815,
        "nombre": "IED Los Pinos",
        "categoria": "educacion",
        "subcategoria": "school",
        "tags": {
          "amenity": "school",
          "name": "IED Los Pinos"
        }
      },
      "geometry": {
        "type": "Point",
        "coordinates": [
          -74.0682731,
          4.5877349
        ]
      }
    },
    {
      "type": "Feature",
      "properties": {
        "id": 860227576,
        "nombre": "Colegio El Manatial CED",
        "categoria": "educacion",
        "subcategoria": "school",
        "tags": {
          "addr:full": "TRANSVERSAL. 10 A ESTE No. 27 - 57 SUR",
          "addr:street": "CL 26 SUR # 17 D - 11 ESTE,",
          "amenity": "school",
          "grades": "1-5",
          "name": "Colegio El Manatial CED"
        }
      },
      "geometry": {
        "type": "Point",
        "coordinates": [
          -74.0748877,
          4.5613294
        ]
      }
    },
    {
      "type": "Feature",
      "properties": {
        "id": 860289162,
        "nombre": "IED San Cristóbal - Sede B",
        "categoria": "educacion",
        "subcategoria": "school",
        "tags": {
          "amenity": "school",
          "name": "IED San Cristóbal - Sede B"
        }
      },
      "geometry": {
        "type": "Point",
        "coordinates": [
          -74.080715,
          4.5693555
        ]
      }
    },
    {
      "type": "Feature",
      "properties": {
        "id": 860289165,
        "nombre": "IED San Cristóbal - Sede A",
        "categoria": "educacion",
        "subcategoria": "school",
        "tags": {
          "addr:full": "CARRERA 7 ESTE No. 14 - 76 SUR",
          "amenity": "school",
          "name": "IED San Cristóbal - Sede A"
        }
      },
      "geometry": {
        "type": "Point",
        "coordinates": [
          -74.0792515,
          4.569504
        ]
      }
    },
    {
      "type": "Feature",
      "properties": {
        "id": 860511711,
        "nombre": "IED Lombardía",
        "categoria": "educacion",
        "subcategoria": "school",
        "tags": {
          "amenity": "school",
          "name": "IED Lombardía"
        }
      },
      "geometry": {
        "type": "Point",
        "coordinates": [
          -74.0993371,
          4.749069
        ]
      }
    },
    {
      "type": "Feature",
      "properties": {
        "id": 862748112,
        "nombre": "IED Atanasio Girardot - Sede B",
        "categoria": "educacion",
        "subcategoria": "school",
        "tags": {
          "addr:full": "CALLE 1D BIS No. 2 - 03 ESTE",
          "amenity": "school",
          "name": "IED Atanasio Girardot - Sede B"
        }
      },
      "geometry": {
        "type": "Point",
        "coordinates": [
          -74.0741186,
          4.5851744
        ]
      }
    },
    {
      "type": "Feature",
      "properties": {
        "id": 863843919,
        "nombre": "IED San Vicente",
        "categoria": "educacion",
        "subcategoria": "school",
        "tags": {
          "amenity": "school",
          "name": "IED San Vicente"
        }
      },
      "geometry": {
        "type": "Point",
        "coordinates": [
          -74.0876793,
          4.5553336
        ]
      }
    },
    {
      "type": "Feature",
      "properties": {
        "id": 865499024,
        "nombre": "IED San Cayetano",
        "categoria": "educacion",
        "subcategoria": "school",
        "tags": {
          "amenity": "school",
          "name": "IED San Cayetano"
        }
      },
      "geometry": {
        "type": "Point",
        "coordinates": [
          -74.088173,
          4.5172485
        ]
      }
    },
    {
      "type": "Feature",
      "properties": {
        "id": 865499035,
        "nombre": "Colegio Monseñor Bernardo Sánchez",
        "categoria": "educacion",
        "subcategoria": "school",
        "tags": {
          "amenity": "school",
          "name": "Colegio Monseñor Bernardo Sánchez"
        }
      },
      "geometry": {
        "type": "Point",
        "coordinates": [
          -74.0867062,
          4.5223097
        ]
      }
    },
    {
      "type": "Feature",
      "properties": {
        "id": 865669133,
        "nombre": "IED Península",
        "categoria": "educacion",
        "subcategoria": "school",
        "tags": {
          "amenity": "school",
          "name": "IED Península"
        }
      },
      "geometry": {
        "type": "Point",
        "coordinates": [
          -74.1006905,
          4.546189
        ]
      }
    },
    {
      "type": "Feature",
      "properties": {
        "id": 868611053,
        "nombre": "Consultorio jurídico Universidad Santo Tomás",
        "categoria": "educacion",
        "subcategoria": "university",
        "tags": {
          "amenity": "university",
          "name": "Consultorio jurídico Universidad Santo Tomás"
        }
      },
      "geometry": {
        "type": "Point",
        "coordinates": [
          -74.0623088,
          4.6540442
        ]
      }
    },
    {
      "type": "Feature",
      "properties": {
        "id": 879096331,
        "nombre": "Colegio Cardenal Sancha",
        "categoria": "educacion",
        "subcategoria": "school",
        "tags": {
          "amenity": "school",
          "grades": "1-11",
          "name": "Colegio Cardenal Sancha",
          "religion": "christian"
        }
      },
      "geometry": {
        "type": "Point",
        "coordinates": [
          -74.0506982,
          4.7104822
        ]
      }
    },
    {
      "type": "Feature",
      "properties": {
        "id": 889425897,
        "nombre": "Colegio Mayor de Gales",
        "categoria": "educacion",
        "subcategoria": "school",
        "tags": {
          "amenity": "school",
          "building": "yes",
          "name": "Colegio Mayor de Gales"
        }
      },
      "geometry": {
        "type": "Point",
        "coordinates": [
          -74.1141541,
          4.7105801
        ]
      }
    },
    {
      "type": "Feature",
      "properties": {
        "id": 889623000,
        "nombre": "Sin Nombre",
        "categoria": "educacion",
        "subcategoria": "school",
        "tags": {
          "amenity": "school"
        }
      },
      "geometry": {
        "type": "Point",
        "coordinates": [
          -74.1385695,
          4.6762722
        ]
      }
    },
    {
      "type": "Feature",
      "properties": {
        "id": 892402116,
        "nombre": "Gimnasio Los Portales",
        "categoria": "educacion",
        "subcategoria": "school",
        "tags": {
          "amenity": "school",
          "name": "Gimnasio Los Portales"
        }
      },
      "geometry": {
        "type": "Point",
        "coordinates": [
          -74.0592339,
          4.7929123
        ]
      }
    },
    {
      "type": "Feature",
      "properties": {
        "id": 896637078,
        "nombre": "Sin Nombre",
        "categoria": "educacion",
        "subcategoria": "school",
        "tags": {
          "amenity": "school"
        }
      },
      "geometry": {
        "type": "Point",
        "coordinates": [
          -74.0690231,
          4.8082743
        ]
      }
    },
    {
      "type": "Feature",
      "properties": {
        "id": 896637079,
        "nombre": "Sin Nombre",
        "categoria": "educacion",
        "subcategoria": "school",
        "tags": {
          "amenity": "school"
        }
      },
      "geometry": {
        "type": "Point",
        "coordinates": [
          -74.0707778,
          4.8087876
        ]
      }
    },
    {
      "type": "Feature",
      "properties": {
        "id": 903886725,
        "nombre": "Sin Nombre",
        "categoria": "educacion",
        "subcategoria": "school",
        "tags": {
          "addr:city": "Bogotá",
          "addr:housenumber": "22l-44",
          "addr:street": "Carrera 120",
          "amenity": "school",
          "operator": "SED",
          "operator:type": "public"
        }
      },
      "geometry": {
        "type": "Point",
        "coordinates": [
          -74.1498971,
          4.6918168
        ]
      }
    },
    {
      "type": "Feature",
      "properties": {
        "id": 918333491,
        "nombre": "IED José Eustasio Rivera",
        "categoria": "educacion",
        "subcategoria": "school",
        "tags": {
          "amenity": "school",
          "name": "IED José Eustasio Rivera",
          "operator": "Secretaría de Educación de Bogotá, D.C.",
          "operator:type": "public"
        }
      },
      "geometry": {
        "type": "Point",
        "coordinates": [
          -74.1229158,
          4.4750238
        ]
      }
    },
    {
      "type": "Feature",
      "properties": {
        "id": 919776179,
        "nombre": "Escuela El Salitre",
        "categoria": "educacion",
        "subcategoria": "school",
        "tags": {
          "amenity": "school",
          "name": "Escuela El Salitre",
          "operator": "I.E.R.D. El Salitre Sede Principa",
          "website": "http://www.ierd-elsalitre-lacalera.edu.co/"
        }
      },
      "geometry": {
        "type": "Point",
        "coordinates": [
          -73.993446,
          4.6774968
        ]
      }
    },
    {
      "type": "Feature",
      "properties": {
        "id": 921123084,
        "nombre": "Escuela El Verjón Alto",
        "categoria": "educacion",
        "subcategoria": "school",
        "tags": {
          "amenity": "school",
          "building": "yes",
          "name": "Escuela El Verjón Alto"
        }
      },
      "geometry": {
        "type": "Point",
        "coordinates": [
          -74.0241171,
          4.5824097
        ]
      }
    },
    {
      "type": "Feature",
      "properties": {
        "id": 934408608,
        "nombre": "Gimnasio Bilingue Marie Curie",
        "categoria": "educacion",
        "subcategoria": "school",
        "tags": {
          "amenity": "school",
          "name": "Gimnasio Bilingue Marie Curie"
        }
      },
      "geometry": {
        "type": "Point",
        "coordinates": [
          -74.1662783,
          4.6668365
        ]
      }
    },
    {
      "type": "Feature",
      "properties": {
        "id": 934506360,
        "nombre": "SENA Centro de Biotecnologia Agropecuaria",
        "categoria": "educacion",
        "subcategoria": "college",
        "tags": {
          "addr:city": "Mosquera",
          "addr:housenumber": "Km 7",
          "addr:street": "Via Mosquera Bogotá",
          "amenity": "college",
          "name": "SENA Centro de Biotecnologia Agropecuaria",
          "operator": "Servicio Nacional de Aprendizaje",
          "operator:short": "SENA",
          "operator:type": "public",
          "operator:wikidata": "Q6974078"
        }
      },
      "geometry": {
        "type": "Point",
        "coordinates": [
          -74.2200112,
          4.6896505
        ]
      }
    },
    {
      "type": "Feature",
      "properties": {
        "id": 934825212,
        "nombre": "Institución educativa fagua sede nueva",
        "categoria": "educacion",
        "subcategoria": "school",
        "tags": {
          "amenity": "school",
          "name": "Institución educativa fagua sede nueva"
        }
      },
      "geometry": {
        "type": "Point",
        "coordinates": [
          -74.0636227,
          4.884992
        ]
      }
    },
    {
      "type": "Feature",
      "properties": {
        "id": 935462388,
        "nombre": "Happy days",
        "categoria": "educacion",
        "subcategoria": "school",
        "tags": {
          "amenity": "school",
          "name": "Happy days"
        }
      },
      "geometry": {
        "type": "Point",
        "coordinates": [
          -74.0646689,
          4.8781196
        ]
      }
    },
    {
      "type": "Feature",
      "properties": {
        "id": 937912881,
        "nombre": "Institución educativa Fagua sede tiquiza",
        "categoria": "educacion",
        "subcategoria": "school",
        "tags": {
          "amenity": "school",
          "name": "Institución educativa Fagua sede tiquiza"
        }
      },
      "geometry": {
        "type": "Point",
        "coordinates": [
          -74.0656661,
          4.8729861
        ]
      }
    },
    {
      "type": "Feature",
      "properties": {
        "id": 939115987,
        "nombre": "Gimnasio Campestre Vecinales",
        "categoria": "educacion",
        "subcategoria": "school",
        "tags": {
          "addr:city": "Funza",
          "addr:street": "Vda. Isla, Ceuta, Funza, Cundinamarca",
          "amenity": "school",
          "name": "Gimnasio Campestre Vecinales",
          "phone": "+57 1 4336020",
          "website": "https://www.gimnasiocampestrevalsenales.edu.co/"
        }
      },
      "geometry": {
        "type": "Point",
        "coordinates": [
          -74.1613634,
          4.7271896
        ]
      }
    },
    {
      "type": "Feature",
      "properties": {
        "id": 939116005,
        "nombre": "Unidad de Protección Integral Rural La Florida",
        "categoria": "educacion",
        "subcategoria": "school",
        "tags": {
          "amenity": "school",
          "name": "Unidad de Protección Integral Rural La Florida",
          "operator": "IDIPRON",
          "operator:type": "government"
        }
      },
      "geometry": {
        "type": "Point",
        "coordinates": [
          -74.1575122,
          4.7290157
        ]
      }
    },
    {
      "type": "Feature",
      "properties": {
        "id": 939600273,
        "nombre": "Unidad de Protección Integral Arcadia",
        "categoria": "educacion",
        "subcategoria": "school",
        "tags": {
          "amenity": "school",
          "barrier": "fence",
          "name": "Unidad de Protección Integral Arcadia",
          "operator": "IDIPRON"
        }
      },
      "geometry": {
        "type": "Point",
        "coordinates": [
          -74.1917265,
          4.7247352
        ]
      }
    },
    {
      "type": "Feature",
      "properties": {
        "id": 944879690,
        "nombre": "Sin Nombre",
        "categoria": "educacion",
        "subcategoria": "college",
        "tags": {
          "amenity": "college"
        }
      },
      "geometry": {
        "type": "Point",
        "coordinates": [
          -74.1085481,
          4.7043521
        ]
      }
    },
    {
      "type": "Feature",
      "properties": {
        "id": 944879691,
        "nombre": "Sin Nombre",
        "categoria": "educacion",
        "subcategoria": "college",
        "tags": {
          "amenity": "college"
        }
      },
      "geometry": {
        "type": "Point",
        "coordinates": [
          -74.1086035,
          4.7041052
        ]
      }
    },
    {
      "type": "Feature",
      "properties": {
        "id": 944879692,
        "nombre": "Sin Nombre",
        "categoria": "educacion",
        "subcategoria": "college",
        "tags": {
          "amenity": "college"
        }
      },
      "geometry": {
        "type": "Point",
        "coordinates": [
          -74.1083856,
          4.704375
        ]
      }
    },
    {
      "type": "Feature",
      "properties": {
        "id": 946463665,
        "nombre": "Universidad Antonio Nariño",
        "categoria": "educacion",
        "subcategoria": "university",
        "tags": {
          "alt_name": "UAN",
          "amenity": "university",
          "building": "yes",
          "name": "Universidad Antonio Nariño",
          "wikidata": "Q6156336",
          "wikimedia_commons": "Category:Universidad Antonio Nariño",
          "wikipedia": "es:Universidad Antonio Nariño"
        }
      },
      "geometry": {
        "type": "Point",
        "coordinates": [
          -74.0823185,
          4.6500884
        ]
      }
    },
    {
      "type": "Feature",
      "properties": {
        "id": 948019276,
        "nombre": "Fundación Universitaria del Área Andina",
        "categoria": "educacion",
        "subcategoria": "university",
        "tags": {
          "amenity": "university",
          "building": "yes",
          "name": "Fundación Universitaria del Área Andina"
        }
      },
      "geometry": {
        "type": "Point",
        "coordinates": [
          -74.0633318,
          4.6567277
        ]
      }
    },
    {
      "type": "Feature",
      "properties": {
        "id": 953847003,
        "nombre": "Nuevo Gimnasio Cristiano",
        "categoria": "educacion",
        "subcategoria": "school",
        "tags": {
          "amenity": "school",
          "barrier": "yes",
          "denomination": "protestant",
          "name": "Nuevo Gimnasio Cristiano"
        }
      },
      "geometry": {
        "type": "Point",
        "coordinates": [
          -74.1293539,
          4.7819369
        ]
      }
    },
    {
      "type": "Feature",
      "properties": {
        "id": 953847008,
        "nombre": "Colegio Bilingue Campestre Pio XII",
        "categoria": "educacion",
        "subcategoria": "school",
        "tags": {
          "amenity": "school",
          "barrier": "yes",
          "name": "Colegio Bilingue Campestre Pio XII"
        }
      },
      "geometry": {
        "type": "Point",
        "coordinates": [
          -74.1435216,
          4.7742959
        ]
      }
    },
    {
      "type": "Feature",
      "properties": {
        "id": 953847017,
        "nombre": "Instituto Parcelas",
        "categoria": "educacion",
        "subcategoria": "school",
        "tags": {
          "amenity": "school",
          "name": "Instituto Parcelas"
        }
      },
      "geometry": {
        "type": "Point",
        "coordinates": [
          -74.1359877,
          4.773012
        ]
      }
    },
    {
      "type": "Feature",
      "properties": {
        "id": 962454337,
        "nombre": "Sin Nombre",
        "categoria": "educacion",
        "subcategoria": "school",
        "tags": {
          "amenity": "school"
        }
      },
      "geometry": {
        "type": "Point",
        "coordinates": [
          -74.1620969,
          4.6542825
        ]
      }
    },
    {
      "type": "Feature",
      "properties": {
        "id": 963223583,
        "nombre": "Madrid Excelencia sede el Cortijo",
        "categoria": "educacion",
        "subcategoria": "school",
        "tags": {
          "amenity": "school",
          "check_date": "2025-06-02",
          "education": "school",
          "name": "Madrid Excelencia sede el Cortijo"
        }
      },
      "geometry": {
        "type": "Point",
        "coordinates": [
          -74.2646857,
          4.7396271
        ]
      }
    },
    {
      "type": "Feature",
      "properties": {
        "id": 963240696,
        "nombre": "Liceo Casablanca",
        "categoria": "educacion",
        "subcategoria": "school",
        "tags": {
          "addr:city": "Madrid",
          "addr:housenumber": "6-98",
          "addr:postcode": "250030",
          "addr:street": "Avenida Carrera 2 Este",
          "amenity": "school",
          "barrier": "yes",
          "denomination": "roman_catholic",
          "name": "Liceo Casablanca",
          "operator": "Corporación Minuto de Dios",
          "operator:type": "private",
          "religion": "christian",
          "website": "https://colegiosminutodedios.edu.co/liceo-hacienda-casablanca"
        }
      },
      "geometry": {
        "type": "Point",
        "coordinates": [
          -74.2568433,
          4.7245683
        ]
      }
    },
    {
      "type": "Feature",
      "properties": {
        "id": 963263624,
        "nombre": "Colegio Celestin Freinet Sede Soacha",
        "categoria": "educacion",
        "subcategoria": "school",
        "tags": {
          "addr:city": "Soacha",
          "addr:housenumber": "17-201",
          "addr:postcode": "250051",
          "addr:street": "Carrera 31",
          "amenity": "school",
          "barrier": "fence",
          "name": "Colegio Celestin Freinet Sede Soacha",
          "operator": "Colegio Celestine Freinet",
          "operator:type": "private",
          "religion": "none",
          "website": "https://celestinfreinet.edu.co/sede-soacha/"
        }
      },
      "geometry": {
        "type": "Point",
        "coordinates": [
          -74.217009,
          4.6024947
        ]
      }
    },
    {
      "type": "Feature",
      "properties": {
        "id": 967078509,
        "nombre": "Colegio Heladia Mejía - Sede A",
        "categoria": "educacion",
        "subcategoria": "school",
        "tags": {
          "amenity": "school",
          "name": "Colegio Heladia Mejía - Sede A"
        }
      },
      "geometry": {
        "type": "Point",
        "coordinates": [
          -74.0657069,
          4.6532865
        ]
      }
    },
    {
      "type": "Feature",
      "properties": {
        "id": 992248613,
        "nombre": "Santa Catalina del Sur Oriente",
        "categoria": "educacion",
        "subcategoria": "school",
        "tags": {
          "addr:city": "Barrio Los Libertadores",
          "addr:street": "Transversal 14A Este",
          "amenity": "school",
          "denomination": "catholic",
          "grades": "0-6",
          "name": "Santa Catalina del Sur Oriente",
          "religion": "christian"
        }
      },
      "geometry": {
        "type": "Point",
        "coordinates": [
          -74.0869826,
          4.5332869
        ]
      }
    },
    {
      "type": "Feature",
      "properties": {
        "id": 1003050819,
        "nombre": "IED Esmeralda Arboleda Cadavid",
        "categoria": "educacion",
        "subcategoria": "school",
        "tags": {
          "addr:street": "Calle 71A Sur",
          "amenity": "school",
          "name": "IED Esmeralda Arboleda Cadavid",
          "operator": "Secretaría de Educación de Bogotá, D.C.",
          "operator:type": "public"
        }
      },
      "geometry": {
        "type": "Point",
        "coordinates": [
          -74.1945741,
          4.6152984
        ]
      }
    },
    {
      "type": "Feature",
      "properties": {
        "id": 1004384482,
        "nombre": "ESCUELA RURAL",
        "categoria": "educacion",
        "subcategoria": "school",
        "tags": {
          "amenity": "school",
          "name": "ESCUELA RURAL"
        }
      },
      "geometry": {
        "type": "Point",
        "coordinates": [
          -73.9227665,
          4.499747
        ]
      }
    },
    {
      "type": "Feature",
      "properties": {
        "id": 1006005922,
        "nombre": "IED Colegio de Cultura Popular",
        "categoria": "educacion",
        "subcategoria": "school",
        "tags": {
          "amenity": "school",
          "name": "IED Colegio de Cultura Popular"
        }
      },
      "geometry": {
        "type": "Point",
        "coordinates": [
          -74.120094,
          4.6063665
        ]
      }
    },
    {
      "type": "Feature",
      "properties": {
        "id": 1009208191,
        "nombre": "Colegio Distrital Antonio Ricaurte",
        "categoria": "educacion",
        "subcategoria": "school",
        "tags": {
          "amenity": "school",
          "name": "Colegio Distrital Antonio Ricaurte"
        }
      },
      "geometry": {
        "type": "Point",
        "coordinates": [
          -74.094405,
          4.6104695
        ]
      }
    },
    {
      "type": "Feature",
      "properties": {
        "id": 1011096278,
        "nombre": "Sin Nombre",
        "categoria": "educacion",
        "subcategoria": "school",
        "tags": {
          "amenity": "school",
          "barrier": "yes"
        }
      },
      "geometry": {
        "type": "Point",
        "coordinates": [
          -74.1794373,
          4.5681134
        ]
      }
    },
    {
      "type": "Feature",
      "properties": {
        "id": 1011505790,
        "nombre": "IED Francisco I",
        "categoria": "educacion",
        "subcategoria": "school",
        "tags": {
          "amenity": "school",
          "name": "IED Francisco I"
        }
      },
      "geometry": {
        "type": "Point",
        "coordinates": [
          -74.0755525,
          4.6521436
        ]
      }
    },
    {
      "type": "Feature",
      "properties": {
        "id": 1012571519,
        "nombre": "Colegio Laurel de Cera",
        "categoria": "educacion",
        "subcategoria": "school",
        "tags": {
          "addr:postcode": "110721",
          "amenity": "school",
          "barrier": "yes",
          "education": "school",
          "name": "Colegio Laurel de Cera"
        }
      },
      "geometry": {
        "type": "Point",
        "coordinates": [
          -74.212599,
          4.6262878
        ]
      }
    },
    {
      "type": "Feature",
      "properties": {
        "id": 1012571520,
        "nombre": "IED Parques de Bogotá",
        "categoria": "educacion",
        "subcategoria": "school",
        "tags": {
          "addr:postcode": "110721",
          "amenity": "school",
          "barrier": "yes",
          "education": "school",
          "name": "IED Parques de Bogotá"
        }
      },
      "geometry": {
        "type": "Point",
        "coordinates": [
          -74.2124395,
          4.6257706
        ]
      }
    },
    {
      "type": "Feature",
      "properties": {
        "id": 1016020016,
        "nombre": "IED Antonia Santos",
        "categoria": "educacion",
        "subcategoria": "school",
        "tags": {
          "amenity": "school",
          "name": "IED Antonia Santos"
        }
      },
      "geometry": {
        "type": "Point",
        "coordinates": [
          -74.1351676,
          4.6153741
        ]
      }
    },
    {
      "type": "Feature",
      "properties": {
        "id": 1016223659,
        "nombre": "Colegio Militar Justiniano Quiñónez Angulo",
        "categoria": "educacion",
        "subcategoria": "school",
        "tags": {
          "amenity": "school",
          "name": "Colegio Militar Justiniano Quiñónez Angulo"
        }
      },
      "geometry": {
        "type": "Point",
        "coordinates": [
          -74.1548819,
          4.6181775
        ]
      }
    },
    {
      "type": "Feature",
      "properties": {
        "id": 1018293098,
        "nombre": "IED Juan Francisco Berbeo - Sede A",
        "categoria": "educacion",
        "subcategoria": "school",
        "tags": {
          "amenity": "school",
          "name": "IED Juan Francisco Berbeo - Sede A"
        }
      },
      "geometry": {
        "type": "Point",
        "coordinates": [
          -74.0670908,
          4.6704079
        ]
      }
    },
    {
      "type": "Feature",
      "properties": {
        "id": 1019806435,
        "nombre": "Colegio La Estrellita IED",
        "categoria": "educacion",
        "subcategoria": "school",
        "tags": {
          "amenity": "school",
          "denomination": "catholic",
          "name": "Colegio La Estrellita IED",
          "religion": "christian"
        }
      },
      "geometry": {
        "type": "Point",
        "coordinates": [
          -74.0248774,
          4.7650679
        ]
      }
    },
    {
      "type": "Feature",
      "properties": {
        "id": 1023014278,
        "nombre": "IED Delia Zapata",
        "categoria": "educacion",
        "subcategoria": "school",
        "tags": {
          "amenity": "school",
          "barrier": "yes",
          "name": "IED Delia Zapata",
          "operator": "Secretaría de Educación de Bogotá"
        }
      },
      "geometry": {
        "type": "Point",
        "coordinates": [
          -74.1129674,
          4.7527121
        ]
      }
    },
    {
      "type": "Feature",
      "properties": {
        "id": 1023370959,
        "nombre": "IED Gerardo Molina",
        "categoria": "educacion",
        "subcategoria": "school",
        "tags": {
          "amenity": "school",
          "barrier": "yes",
          "name": "IED Gerardo Molina",
          "operator": "Secretaría de Educación de Bogotá",
          "operator:type": "public"
        }
      },
      "geometry": {
        "type": "Point",
        "coordinates": [
          -74.1154064,
          4.7486496
        ]
      }
    },
    {
      "type": "Feature",
      "properties": {
        "id": 1023396235,
        "nombre": "Colegio Alvernia Avenue",
        "categoria": "educacion",
        "subcategoria": "school",
        "tags": {
          "amenity": "school",
          "barrier": "yes",
          "name": "Colegio Alvernia Avenue"
        }
      },
      "geometry": {
        "type": "Point",
        "coordinates": [
          -74.0733705,
          4.7482473
        ]
      }
    },
    {
      "type": "Feature",
      "properties": {
        "id": 1037815963,
        "nombre": "Gimnasio Las Palmas",
        "categoria": "educacion",
        "subcategoria": "school",
        "tags": {
          "amenity": "school",
          "grades": "0-12",
          "name": "Gimnasio Las Palmas"
        }
      },
      "geometry": {
        "type": "Point",
        "coordinates": [
          -74.0295231,
          4.7631107
        ]
      }
    },
    {
      "type": "Feature",
      "properties": {
        "id": 1037815967,
        "nombre": "Sin Nombre",
        "categoria": "educacion",
        "subcategoria": "school",
        "tags": {
          "amenity": "school"
        }
      },
      "geometry": {
        "type": "Point",
        "coordinates": [
          -74.0297621,
          4.7630062
        ]
      }
    },
    {
      "type": "Feature",
      "properties": {
        "id": 1037815970,
        "nombre": "Amiguitos Royal",
        "categoria": "educacion",
        "subcategoria": "school",
        "tags": {
          "amenity": "school",
          "name": "Amiguitos Royal"
        }
      },
      "geometry": {
        "type": "Point",
        "coordinates": [
          -74.0292431,
          4.7634032
        ]
      }
    },
    {
      "type": "Feature",
      "properties": {
        "id": 1037815974,
        "nombre": "Escuela Washington",
        "categoria": "educacion",
        "subcategoria": "school",
        "tags": {
          "amenity": "school",
          "name": "Escuela Washington"
        }
      },
      "geometry": {
        "type": "Point",
        "coordinates": [
          -74.0297268,
          4.7625592
        ]
      }
    },
    {
      "type": "Feature",
      "properties": {
        "id": 1038341772,
        "nombre": "Gimnasio los Caobos",
        "categoria": "educacion",
        "subcategoria": "school",
        "tags": {
          "amenity": "school",
          "denomination": "catholic",
          "grades": "Prekinder-12",
          "name": "Gimnasio los Caobos",
          "religion": "christian",
          "website": "https://www.gimnasioloscaobos.edu.co/"
        }
      },
      "geometry": {
        "type": "Point",
        "coordinates": [
          -74.05864,
          4.8382567
        ]
      }
    },
    {
      "type": "Feature",
      "properties": {
        "id": 1040097256,
        "nombre": "IEDp Ignacio Pescador Sede B",
        "categoria": "educacion",
        "subcategoria": "school",
        "tags": {
          "addr:city": "Choachi",
          "addr:housenumber": "2 - 20",
          "addr:street": "Calle 1",
          "amenity": "school",
          "denomination": "catholic",
          "grades": "8-11",
          "name": "IEDp Ignacio Pescador Sede B",
          "religion": "christian",
          "website": "https://www.buscacolegio.com.co/colegios/cundinamarca/choachi/institucion-educativa-departamental-ignacio-pescador/12447"
        }
      },
      "geometry": {
        "type": "Point",
        "coordinates": [
          -73.9203504,
          4.52654
        ]
      }
    },
    {
      "type": "Feature",
      "properties": {
        "id": 1040447361,
        "nombre": "Colegio rural El Destino",
        "categoria": "educacion",
        "subcategoria": "school",
        "tags": {
          "addr:city": "Bogotá",
          "addr:housenumber": "Km 8",
          "addr:street": "Vía Usme-Sumapaz",
          "amenity": "school",
          "barrier": "yes",
          "name": "Colegio rural El Destino"
        }
      },
      "geometry": {
        "type": "Point",
        "coordinates": [
          -74.1385223,
          4.4083824
        ]
      }
    },
    {
      "type": "Feature",
      "properties": {
        "id": 1055584506,
        "nombre": "IED Los Angeles - Sede B",
        "categoria": "educacion",
        "subcategoria": "school",
        "tags": {
          "amenity": "school",
          "name": "IED Los Angeles - Sede B"
        }
      },
      "geometry": {
        "type": "Point",
        "coordinates": [
          -74.0846623,
          4.5937468
        ]
      }
    },
    {
      "type": "Feature",
      "properties": {
        "id": 1055844033,
        "nombre": "IED Nueva Zelandia - Sede B",
        "categoria": "educacion",
        "subcategoria": "school",
        "tags": {
          "amenity": "school",
          "name": "IED Nueva Zelandia - Sede B"
        }
      },
      "geometry": {
        "type": "Point",
        "coordinates": [
          -74.0465539,
          4.7658824
        ]
      }
    },
    {
      "type": "Feature",
      "properties": {
        "id": 1061112017,
        "nombre": "Escuela Betania",
        "categoria": "educacion",
        "subcategoria": "school",
        "tags": {
          "amenity": "school",
          "name": "Escuela Betania",
          "operator": "IED El Carmen",
          "operator:type": "government"
        }
      },
      "geometry": {
        "type": "Point",
        "coordinates": [
          -73.9030451,
          4.8061613
        ]
      }
    },
    {
      "type": "Feature",
      "properties": {
        "id": 1062758782,
        "nombre": "IED Aquileo Parra",
        "categoria": "educacion",
        "subcategoria": "school",
        "tags": {
          "amenity": "school",
          "name": "IED Aquileo Parra"
        }
      },
      "geometry": {
        "type": "Point",
        "coordinates": [
          -74.0394831,
          4.7662949
        ]
      }
    },
    {
      "type": "Feature",
      "properties": {
        "id": 1067442517,
        "nombre": "Escuela Paso Ancho",
        "categoria": "educacion",
        "subcategoria": "school",
        "tags": {
          "amenity": "school",
          "name": "Escuela Paso Ancho"
        }
      },
      "geometry": {
        "type": "Point",
        "coordinates": [
          -74.2868948,
          4.8265254
        ]
      }
    },
    {
      "type": "Feature",
      "properties": {
        "id": 1067442533,
        "nombre": "Institución Educativa Municipal Juan XXIII sede Tierra Morada",
        "categoria": "educacion",
        "subcategoria": "school",
        "tags": {
          "amenity": "school",
          "name": "Institución Educativa Municipal Juan XXIII sede Tierra Morada"
        }
      },
      "geometry": {
        "type": "Point",
        "coordinates": [
          -74.2923931,
          4.864301
        ]
      }
    },
    {
      "type": "Feature",
      "properties": {
        "id": 1069107397,
        "nombre": "Sin Nombre",
        "categoria": "educacion",
        "subcategoria": "school",
        "tags": {
          "amenity": "school"
        }
      },
      "geometry": {
        "type": "Point",
        "coordinates": [
          -74.2956705,
          4.6977812
        ]
      }
    },
    {
      "type": "Feature",
      "properties": {
        "id": 1074358034,
        "nombre": "Institución Educativa Eugenio Díaz Castro sede Hungría",
        "categoria": "educacion",
        "subcategoria": "school",
        "tags": {
          "amenity": "school",
          "barrier": "yes",
          "name": "Institución Educativa Eugenio Díaz Castro sede Hungría",
          "operator": "Secretaría de Educación de Soacha",
          "operator:type": "public"
        }
      },
      "geometry": {
        "type": "Point",
        "coordinates": [
          -74.2040382,
          4.4821676
        ]
      }
    },
    {
      "type": "Feature",
      "properties": {
        "id": 1076654552,
        "nombre": "Colegio Ángela Restrepo Moreno I.E.D.",
        "categoria": "educacion",
        "subcategoria": "school",
        "tags": {
          "addr:housenumber": "# 71 G - 12",
          "addr:street": "Calle 69 Sur",
          "amenity": "school",
          "name": "Colegio Ángela Restrepo Moreno I.E.D.",
          "phone": "+57 3007070248",
          "website": "https://www.redacademica.edu.co/colegios/colegio-angela-restrepo-moreno-ied"
        }
      },
      "geometry": {
        "type": "Point",
        "coordinates": [
          -74.1646443,
          4.5821398
        ]
      }
    },
    {
      "type": "Feature",
      "properties": {
        "id": 1076966592,
        "nombre": "Colegio Bethlemitas",
        "categoria": "educacion",
        "subcategoria": "school",
        "tags": {
          "addr:city": "Bogotá D.C.",
          "addr:street": "Avenida Calle 153",
          "amenity": "school",
          "education": "school",
          "name": "Colegio Bethlemitas"
        }
      },
      "geometry": {
        "type": "Point",
        "coordinates": [
          -74.0501856,
          4.7373747
        ]
      }
    },
    {
      "type": "Feature",
      "properties": {
        "id": 1077288125,
        "nombre": "Colegio Rural Olarte",
        "categoria": "educacion",
        "subcategoria": "school",
        "tags": {
          "amenity": "school",
          "name": "Colegio Rural Olarte"
        }
      },
      "geometry": {
        "type": "Point",
        "coordinates": [
          -74.1346863,
          4.441221
        ]
      }
    },
    {
      "type": "Feature",
      "properties": {
        "id": 1077288134,
        "nombre": "Colegio Rural Pasquilla",
        "categoria": "educacion",
        "subcategoria": "school",
        "tags": {
          "amenity": "school",
          "name": "Colegio Rural Pasquilla"
        }
      },
      "geometry": {
        "type": "Point",
        "coordinates": [
          -74.1566621,
          4.4446992
        ]
      }
    },
    {
      "type": "Feature",
      "properties": {
        "id": 1077977399,
        "nombre": "Institución Educativa Distrital Simón Rodríguez",
        "categoria": "educacion",
        "subcategoria": "school",
        "tags": {
          "amenity": "school",
          "name": "Institución Educativa Distrital Simón Rodríguez"
        }
      },
      "geometry": {
        "type": "Point",
        "coordinates": [
          -74.0612851,
          4.6541434
        ]
      }
    },
    {
      "type": "Feature",
      "properties": {
        "id": 1078280001,
        "nombre": "Universidad El Bosque",
        "categoria": "educacion",
        "subcategoria": "university",
        "tags": {
          "amenity": "university",
          "name": "Universidad El Bosque"
        }
      },
      "geometry": {
        "type": "Point",
        "coordinates": [
          -74.0323551,
          4.8449518
        ]
      }
    },
    {
      "type": "Feature",
      "properties": {
        "id": 1078354725,
        "nombre": "Colegio Rural Pasquilla Finca el Rubi",
        "categoria": "educacion",
        "subcategoria": "school",
        "tags": {
          "amenity": "school",
          "name": "Colegio Rural Pasquilla Finca el Rubi"
        }
      },
      "geometry": {
        "type": "Point",
        "coordinates": [
          -74.1579181,
          4.4510774
        ]
      }
    },
    {
      "type": "Feature",
      "properties": {
        "id": 1080622057,
        "nombre": "Colegio Arcadia Colombia",
        "categoria": "educacion",
        "subcategoria": "school",
        "tags": {
          "amenity": "school",
          "name": "Colegio Arcadia Colombia"
        }
      },
      "geometry": {
        "type": "Point",
        "coordinates": [
          -74.1118894,
          4.7393992
        ]
      }
    },
    {
      "type": "Feature",
      "properties": {
        "id": 1083325669,
        "nombre": "Colegio La Salle",
        "categoria": "educacion",
        "subcategoria": "school",
        "tags": {
          "amenity": "school",
          "name": "Colegio La Salle"
        }
      },
      "geometry": {
        "type": "Point",
        "coordinates": [
          -74.0333459,
          4.7556696
        ]
      }
    },
    {
      "type": "Feature",
      "properties": {
        "id": 1087567419,
        "nombre": "Colegio Sonia Osorio de Saint Malo IED",
        "categoria": "educacion",
        "subcategoria": "school",
        "tags": {
          "amenity": "school",
          "barrier": "yes",
          "education": "school",
          "name": "Colegio Sonia Osorio de Saint Malo IED",
          "operator": "Secretaría de Educación de Bogotá",
          "operator:type": "public"
        }
      },
      "geometry": {
        "type": "Point",
        "coordinates": [
          -74.1988502,
          4.6336017
        ]
      }
    },
    {
      "type": "Feature",
      "properties": {
        "id": 1088296734,
        "nombre": "IE Eduardo Santos Sede Altos de la Florida",
        "categoria": "educacion",
        "subcategoria": "school",
        "tags": {
          "amenity": "school",
          "barrier": "yes",
          "name": "IE Eduardo Santos Sede Altos de la Florida",
          "operator": "IE Eduardo Santos"
        }
      },
      "geometry": {
        "type": "Point",
        "coordinates": [
          -74.2171287,
          4.5636028
        ]
      }
    },
    {
      "type": "Feature",
      "properties": {
        "id": 1088320373,
        "nombre": "Escuela Rural Buenos Aires",
        "categoria": "educacion",
        "subcategoria": "school",
        "tags": {
          "amenity": "school",
          "name": "Escuela Rural Buenos Aires",
          "operator": "IED La Calera",
          "operator:type": "government"
        }
      },
      "geometry": {
        "type": "Point",
        "coordinates": [
          -73.9140251,
          4.7259217
        ]
      }
    },
    {
      "type": "Feature",
      "properties": {
        "id": 1089388334,
        "nombre": "UNAD",
        "categoria": "educacion",
        "subcategoria": "university",
        "tags": {
          "amenity": "university",
          "name": "UNAD"
        }
      },
      "geometry": {
        "type": "Point",
        "coordinates": [
          -74.1041558,
          4.6010011
        ]
      }
    },
    {
      "type": "Feature",
      "properties": {
        "id": 1090311151,
        "nombre": "Universidad Manuela Beltrán",
        "categoria": "educacion",
        "subcategoria": "university",
        "tags": {
          "addr:postcode": "11001",
          "amenity": "university",
          "barrier": "fence",
          "contact:facebook": "UMBUniversidadManuelaBeltran",
          "contact:instagram": "universidad_umb",
          "contact:twitter": "UniversidadUMB",
          "name": "Universidad Manuela Beltrán",
          "name:en": "Manuela Beltrán University",
          "opening_hours": "Mo-Fr 08:00-18:00; Sa 08:00-12:00",
          "website": "https://umb.edu.co",
          "wikidata": "Q6753029",
          "wikipedia": "es:Universidad Manuela Beltrán"
        }
      },
      "geometry": {
        "type": "Point",
        "coordinates": [
          -74.0538773,
          4.6422728
        ]
      }
    },
    {
      "type": "Feature",
      "properties": {
        "id": 1090378599,
        "nombre": "Politecnico Santa Fe de Bogotá",
        "categoria": "educacion",
        "subcategoria": "university",
        "tags": {
          "addr:city": "Bogotá D.C.",
          "addr:housenumber": "37-11",
          "addr:street": "Transversal 18A Bis",
          "amenity": "university",
          "name": "Politecnico Santa Fe de Bogotá",
          "website": "https://www.politecnicosantafedebogota.edu.co/portal/"
        }
      },
      "geometry": {
        "type": "Point",
        "coordinates": [
          -74.0727964,
          4.626268
        ]
      }
    },
    {
      "type": "Feature",
      "properties": {
        "id": 1092450833,
        "nombre": "IED Villas del Progreso C",
        "categoria": "educacion",
        "subcategoria": "school",
        "tags": {
          "amenity": "school",
          "barrier": "yes",
          "name": "IED Villas del Progreso C"
        }
      },
      "geometry": {
        "type": "Point",
        "coordinates": [
          -74.1937434,
          4.6433217
        ]
      }
    },
    {
      "type": "Feature",
      "properties": {
        "id": 1093227978,
        "nombre": "Colegio Soledad Acosta de Samper",
        "categoria": "educacion",
        "subcategoria": "school",
        "tags": {
          "amenity": "school",
          "barrier": "yes",
          "name": "Colegio Soledad Acosta de Samper"
        }
      },
      "geometry": {
        "type": "Point",
        "coordinates": [
          -74.1858783,
          4.6437636
        ]
      }
    },
    {
      "type": "Feature",
      "properties": {
        "id": 1093889461,
        "nombre": "IED Procables - Sede B",
        "categoria": "educacion",
        "subcategoria": "school",
        "tags": {
          "amenity": "school",
          "name": "IED Procables - Sede B"
        }
      },
      "geometry": {
        "type": "Point",
        "coordinates": [
          -74.1311901,
          4.6508456
        ]
      }
    },
    {
      "type": "Feature",
      "properties": {
        "id": 1093889462,
        "nombre": "IED Procables - Sede A",
        "categoria": "educacion",
        "subcategoria": "school",
        "tags": {
          "amenity": "school",
          "name": "IED Procables - Sede A"
        }
      },
      "geometry": {
        "type": "Point",
        "coordinates": [
          -74.1319035,
          4.6515463
        ]
      }
    },
    {
      "type": "Feature",
      "properties": {
        "id": 1094006011,
        "nombre": "Colegio Tierra Nueva",
        "categoria": "educacion",
        "subcategoria": "school",
        "tags": {
          "amenity": "school",
          "name": "Colegio Tierra Nueva"
        }
      },
      "geometry": {
        "type": "Point",
        "coordinates": [
          -73.9942407,
          4.7714633
        ]
      }
    },
    {
      "type": "Feature",
      "properties": {
        "id": 1094006015,
        "nombre": "Colegio Jose Eustacio Rivera",
        "categoria": "educacion",
        "subcategoria": "school",
        "tags": {
          "amenity": "school",
          "name": "Colegio Jose Eustacio Rivera"
        }
      },
      "geometry": {
        "type": "Point",
        "coordinates": [
          -73.9972145,
          4.7727534
        ]
      }
    },
    {
      "type": "Feature",
      "properties": {
        "id": 1094006033,
        "nombre": "Gimnasio Campestre Los Alpes",
        "categoria": "educacion",
        "subcategoria": "school",
        "tags": {
          "amenity": "school",
          "name": "Gimnasio Campestre Los Alpes"
        }
      },
      "geometry": {
        "type": "Point",
        "coordinates": [
          -73.9870169,
          4.7711613
        ]
      }
    },
    {
      "type": "Feature",
      "properties": {
        "id": 1094006039,
        "nombre": "Escuela Marquez",
        "categoria": "educacion",
        "subcategoria": "school",
        "tags": {
          "amenity": "school",
          "name": "Escuela Marquez",
          "operator": "IED La Aurora"
        }
      },
      "geometry": {
        "type": "Point",
        "coordinates": [
          -73.9771285,
          4.7857078
        ]
      }
    },
    {
      "type": "Feature",
      "properties": {
        "id": 1094006049,
        "nombre": "Escuela Pio X",
        "categoria": "educacion",
        "subcategoria": "school",
        "tags": {
          "amenity": "school",
          "name": "Escuela Pio X",
          "operator": "IEDT La Violeta",
          "operator:type": "government"
        }
      },
      "geometry": {
        "type": "Point",
        "coordinates": [
          -73.9697332,
          4.8331723
        ]
      }
    },
    {
      "type": "Feature",
      "properties": {
        "id": 1094465450,
        "nombre": "Fund. Universitaria Área Andina",
        "categoria": "educacion",
        "subcategoria": "university",
        "tags": {
          "addr:city": "Bogotá D.C.",
          "addr:housenumber": "70A-34",
          "addr:street": "Carrera 14A",
          "alt_name": "Universidad del Área Andina",
          "amenity": "university",
          "description": "Encuentra programas de educación: profesionales, especializaciones, maestrías. técnicos, tecnólogos, diplomados, entre otros. Financiamiento e internacionalización de carreras, programas virtuales.",
          "internet_access": "yes",
          "internet_access:fee": "no",
          "name": "Fund. Universitaria Área Andina",
          "operator": "Areandina",
          "operator:type": "university",
          "phone": "+57 601 7449191",
          "website": "https://www.areandina.edu.co/",
          "wheelchair": "yes"
        }
      },
      "geometry": {
        "type": "Point",
        "coordinates": [
          -74.0626194,
          4.6579247
        ]
      }
    },
    {
      "type": "Feature",
      "properties": {
        "id": 1095851472,
        "nombre": "IT Colombia",
        "categoria": "educacion",
        "subcategoria": "college",
        "tags": {
          "addr:street": "Autopista Norte",
          "amenity": "college",
          "building": "yes",
          "name": "IT Colombia",
          "source": "Kaart Ground Survey 2017"
        }
      },
      "geometry": {
        "type": "Point",
        "coordinates": [
          -74.0596858,
          4.6687607
        ]
      }
    },
    {
      "type": "Feature",
      "properties": {
        "id": 1095861512,
        "nombre": "IDAE",
        "categoria": "educacion",
        "subcategoria": "college",
        "tags": {
          "amenity": "college",
          "name": "IDAE"
        }
      },
      "geometry": {
        "type": "Point",
        "coordinates": [
          -74.0866279,
          4.6311292
        ]
      }
    },
    {
      "type": "Feature",
      "properties": {
        "id": 1095887570,
        "nombre": "Liceo Andrés Díaz Venero de Leiva",
        "categoria": "educacion",
        "subcategoria": "college",
        "tags": {
          "amenity": "college",
          "building": "yes",
          "name": "Liceo Andrés Díaz Venero de Leiva"
        }
      },
      "geometry": {
        "type": "Point",
        "coordinates": [
          -74.0266709,
          4.7325929
        ]
      }
    },
    {
      "type": "Feature",
      "properties": {
        "id": 1096482466,
        "nombre": "Fundesco",
        "categoria": "educacion",
        "subcategoria": "college",
        "tags": {
          "amenity": "college",
          "building": "yes",
          "name": "Fundesco"
        }
      },
      "geometry": {
        "type": "Point",
        "coordinates": [
          -74.0966633,
          4.5730545
        ]
      }
    },
    {
      "type": "Feature",
      "properties": {
        "id": 1096857881,
        "nombre": "Colegio Distrital El Rodeo Sede A",
        "categoria": "educacion",
        "subcategoria": "college",
        "tags": {
          "alt_name": "El Rodeo",
          "amenity": "college",
          "name": "Colegio Distrital El Rodeo Sede A"
        }
      },
      "geometry": {
        "type": "Point",
        "coordinates": [
          -74.0952151,
          4.551482
        ]
      }
    },
    {
      "type": "Feature",
      "properties": {
        "id": 1096894508,
        "nombre": "Liceo Campo David",
        "categoria": "educacion",
        "subcategoria": "college",
        "tags": {
          "amenity": "college",
          "name": "Liceo Campo David"
        }
      },
      "geometry": {
        "type": "Point",
        "coordinates": [
          -74.1262267,
          4.573537
        ]
      }
    },
    {
      "type": "Feature",
      "properties": {
        "id": 1097237686,
        "nombre": "Colegio Nuestra Señora de La Consolata",
        "categoria": "educacion",
        "subcategoria": "college",
        "tags": {
          "amenity": "college",
          "name": "Colegio Nuestra Señora de La Consolata",
          "operator": "Colegio Parroquial"
        }
      },
      "geometry": {
        "type": "Point",
        "coordinates": [
          -74.0965935,
          4.595586
        ]
      }
    },
    {
      "type": "Feature",
      "properties": {
        "id": 1106883148,
        "nombre": "IED Abel Rodríguez Céspedes",
        "categoria": "educacion",
        "subcategoria": "school",
        "tags": {
          "amenity": "school",
          "name": "IED Abel Rodríguez Céspedes"
        }
      },
      "geometry": {
        "type": "Point",
        "coordinates": [
          -74.1299419,
          4.7135501
        ]
      }
    },
    {
      "type": "Feature",
      "properties": {
        "id": 1120580394,
        "nombre": "Sin Nombre",
        "categoria": "educacion",
        "subcategoria": "school",
        "tags": {
          "amenity": "school",
          "source": "microsoft/BuildingFootprints"
        }
      },
      "geometry": {
        "type": "Point",
        "coordinates": [
          -74.2630128,
          4.4880352
        ]
      }
    },
    {
      "type": "Feature",
      "properties": {
        "id": 1125074605,
        "nombre": "IE Luis Carlos Galán",
        "categoria": "educacion",
        "subcategoria": "school",
        "tags": {
          "addr:city": "Soacha",
          "addr:housenumber": "27 B 20 este",
          "addr:postcode": "250055",
          "addr:street": "Calle 44",
          "amenity": "school",
          "grades": "0-11",
          "name": "IE Luis Carlos Galán",
          "operator": "Secretaría de Educación de Soacha",
          "operator:type": "public"
        }
      },
      "geometry": {
        "type": "Point",
        "coordinates": [
          -74.182828,
          4.5790392
        ]
      }
    },
    {
      "type": "Feature",
      "properties": {
        "id": 1134411752,
        "nombre": "IED Eloisa Garzón",
        "categoria": "educacion",
        "subcategoria": "school",
        "tags": {
          "amenity": "school",
          "education": "school",
          "name": "IED Eloisa Garzón"
        }
      },
      "geometry": {
        "type": "Point",
        "coordinates": [
          -74.1260291,
          4.6349942
        ]
      }
    },
    {
      "type": "Feature",
      "properties": {
        "id": 1149522822,
        "nombre": "Gimnasio Técnico Nuevo Bolívar",
        "categoria": "educacion",
        "subcategoria": "school",
        "tags": {
          "amenity": "school",
          "name": "Gimnasio Técnico Nuevo Bolívar"
        }
      },
      "geometry": {
        "type": "Point",
        "coordinates": [
          -74.2256237,
          4.578764
        ]
      }
    },
    {
      "type": "Feature",
      "properties": {
        "id": 1149522824,
        "nombre": "Gimnasio Moderno Los Cedros",
        "categoria": "educacion",
        "subcategoria": "school",
        "tags": {
          "amenity": "school",
          "name": "Gimnasio Moderno Los Cedros"
        }
      },
      "geometry": {
        "type": "Point",
        "coordinates": [
          -74.2259188,
          4.57874
        ]
      }
    },
    {
      "type": "Feature",
      "properties": {
        "id": 1149715153,
        "nombre": "IE Ciudad Latina sede Quito",
        "categoria": "educacion",
        "subcategoria": "school",
        "tags": {
          "amenity": "school",
          "barrier": "yes",
          "name": "IE Ciudad Latina sede Quito",
          "operator": "Secretaría de Educación de Soacha",
          "operator:type": "public"
        }
      },
      "geometry": {
        "type": "Point",
        "coordinates": [
          -74.2433799,
          4.5773744
        ]
      }
    },
    {
      "type": "Feature",
      "properties": {
        "id": 1149746826,
        "nombre": "Institución Educativa Compartir San Nicolás",
        "categoria": "educacion",
        "subcategoria": "school",
        "tags": {
          "amenity": "school",
          "name": "Institución Educativa Compartir San Nicolás",
          "operator": "Secretaría de Educación de Soacha",
          "operator:type": "public"
        }
      },
      "geometry": {
        "type": "Point",
        "coordinates": [
          -74.2430103,
          4.559838
        ]
      }
    },
    {
      "type": "Feature",
      "properties": {
        "id": 1150006744,
        "nombre": "Gimnasio Santa María Del Alcazar",
        "categoria": "educacion",
        "subcategoria": "school",
        "tags": {
          "addr:city": "Bogota",
          "addr:housenumber": "#64c - 54",
          "addr:street": "Carrera 79",
          "amenity": "school",
          "denomination": "catholic",
          "email": "infomail@gsma.edu.co",
          "grades": "1-11",
          "layer": "1",
          "name": "Gimnasio Santa María Del Alcazar",
          "phone": "390 7010 – 390 7011",
          "polling_station": "yes",
          "religion": "christian",
          "start_date": "1980",
          "website": "https://www.gsma.edu.co/"
        }
      },
      "geometry": {
        "type": "Point",
        "coordinates": [
          -74.1079783,
          4.6834329
        ]
      }
    },
    {
      "type": "Feature",
      "properties": {
        "id": 1157728381,
        "nombre": "Colegio Estanislao Zuleta IED",
        "categoria": "educacion",
        "subcategoria": "school",
        "tags": {
          "amenity": "school",
          "barrier": "fence",
          "name": "Colegio Estanislao Zuleta IED"
        }
      },
      "geometry": {
        "type": "Point",
        "coordinates": [
          -74.103956,
          4.4979689
        ]
      }
    },
    {
      "type": "Feature",
      "properties": {
        "id": 1161820137,
        "nombre": "IED Altamira Sur Oriental - Sede A",
        "categoria": "educacion",
        "subcategoria": "school",
        "tags": {
          "addr:full": "CALLE 42 A SUR No. 12 A - 27 ESTE",
          "amenity": "school",
          "name": "IED Altamira Sur Oriental - Sede A"
        }
      },
      "geometry": {
        "type": "Point",
        "coordinates": [
          -74.0848676,
          4.5451206
        ]
      }
    },
    {
      "type": "Feature",
      "properties": {
        "id": 1175741461,
        "nombre": "Liceo Cristiano Semilla de Vida",
        "categoria": "educacion",
        "subcategoria": "school",
        "tags": {
          "amenity": "school",
          "barrier": "yes",
          "name": "Liceo Cristiano Semilla de Vida"
        }
      },
      "geometry": {
        "type": "Point",
        "coordinates": [
          -74.2074469,
          4.581422
        ]
      }
    },
    {
      "type": "Feature",
      "properties": {
        "id": 1177461366,
        "nombre": "Institución Educativa Antonio Nariño",
        "categoria": "educacion",
        "subcategoria": "school",
        "tags": {
          "amenity": "school",
          "barrier": "yes",
          "name": "Institución Educativa Antonio Nariño"
        }
      },
      "geometry": {
        "type": "Point",
        "coordinates": [
          -74.2286756,
          4.7037122
        ]
      }
    },
    {
      "type": "Feature",
      "properties": {
        "id": 1177462554,
        "nombre": "Colegio Cooperativo Tomás Cipriano de Mosquera",
        "categoria": "educacion",
        "subcategoria": "school",
        "tags": {
          "amenity": "school",
          "name": "Colegio Cooperativo Tomás Cipriano de Mosquera"
        }
      },
      "geometry": {
        "type": "Point",
        "coordinates": [
          -74.2292802,
          4.7039092
        ]
      }
    },
    {
      "type": "Feature",
      "properties": {
        "id": 1177719357,
        "nombre": "Escuela El Estanco",
        "categoria": "educacion",
        "subcategoria": "school",
        "tags": {
          "amenity": "school",
          "name": "Escuela El Estanco",
          "operator": "IED Carrasquilla",
          "operator:type": "public"
        }
      },
      "geometry": {
        "type": "Point",
        "coordinates": [
          -74.1715827,
          4.8576868
        ]
      }
    },
    {
      "type": "Feature",
      "properties": {
        "id": 1177972457,
        "nombre": "Sin Nombre",
        "categoria": "educacion",
        "subcategoria": "school",
        "tags": {
          "amenity": "school"
        }
      },
      "geometry": {
        "type": "Point",
        "coordinates": [
          -74.2303024,
          4.7037267
        ]
      }
    },
    {
      "type": "Feature",
      "properties": {
        "id": 1180055587,
        "nombre": "Colegio Técnico Héroes Nacionales",
        "categoria": "educacion",
        "subcategoria": "school",
        "tags": {
          "amenity": "school",
          "name": "Colegio Técnico Héroes Nacionales"
        }
      },
      "geometry": {
        "type": "Point",
        "coordinates": [
          -74.2173368,
          4.5759698
        ]
      }
    },
    {
      "type": "Feature",
      "properties": {
        "id": 1191238004,
        "nombre": "Colegio Colombo Hebreo",
        "categoria": "educacion",
        "subcategoria": "school",
        "tags": {
          "addr:city": "Bogotá D.C.",
          "addr:street": "Avenida Calle 153",
          "amenity": "school",
          "barrier": "yes",
          "name": "Colegio Colombo Hebreo"
        }
      },
      "geometry": {
        "type": "Point",
        "coordinates": [
          -74.0531105,
          4.7376774
        ]
      }
    },
    {
      "type": "Feature",
      "properties": {
        "id": 1194836838,
        "nombre": "Institución Educativa Eugenio Castro sede San Jorge",
        "categoria": "educacion",
        "subcategoria": "school",
        "tags": {
          "amenity": "school",
          "barrier": "yes",
          "name": "Institución Educativa Eugenio Castro sede San Jorge",
          "operator": "Secretaría de Educación de Soacha",
          "operator:type": "public"
        }
      },
      "geometry": {
        "type": "Point",
        "coordinates": [
          -74.1961802,
          4.5027229
        ]
      }
    },
    {
      "type": "Feature",
      "properties": {
        "id": 1194836844,
        "nombre": "Escuela Rural San Eugenio",
        "categoria": "educacion",
        "subcategoria": "school",
        "tags": {
          "amenity": "school",
          "barrier": "yes",
          "name": "Escuela Rural San Eugenio"
        }
      },
      "geometry": {
        "type": "Point",
        "coordinates": [
          -74.220721,
          4.5091816
        ]
      }
    },
    {
      "type": "Feature",
      "properties": {
        "id": 1195395460,
        "nombre": "Gimnasio El Portillo",
        "categoria": "educacion",
        "subcategoria": "school",
        "tags": {
          "amenity": "school",
          "denomination": "catholic",
          "grades": "0-12",
          "name": "Gimnasio El Portillo",
          "religion": "christian"
        }
      },
      "geometry": {
        "type": "Point",
        "coordinates": [
          -74.0938299,
          4.7833793
        ]
      }
    },
    {
      "type": "Feature",
      "properties": {
        "id": 1196122910,
        "nombre": "IED Lucila Rubio de Laverde",
        "categoria": "educacion",
        "subcategoria": "school",
        "tags": {
          "amenity": "school",
          "name": "IED Lucila Rubio de Laverde"
        }
      },
      "geometry": {
        "type": "Point",
        "coordinates": [
          -74.1366057,
          4.7248255
        ]
      }
    },
    {
      "type": "Feature",
      "properties": {
        "id": 1201538330,
        "nombre": "Institución Educativa Diversificando Sede Santa Lucía",
        "categoria": "educacion",
        "subcategoria": "school",
        "tags": {
          "amenity": "school",
          "barrier": "yes",
          "name": "Institución Educativa Diversificando Sede Santa Lucía"
        }
      },
      "geometry": {
        "type": "Point",
        "coordinates": [
          -74.0626264,
          4.8543854
        ]
      }
    },
    {
      "type": "Feature",
      "properties": {
        "id": 1201751102,
        "nombre": "Colegio Montemorel",
        "categoria": "educacion",
        "subcategoria": "school",
        "tags": {
          "amenity": "school",
          "barrier": "yes",
          "name": "Colegio Montemorel"
        }
      },
      "geometry": {
        "type": "Point",
        "coordinates": [
          -74.0636315,
          4.849004
        ]
      }
    },
    {
      "type": "Feature",
      "properties": {
        "id": 1220395429,
        "nombre": "Colegio Parroquial Mi Sagrada Familia",
        "categoria": "educacion",
        "subcategoria": "school",
        "tags": {
          "amenity": "school",
          "barrier": "yes",
          "denomination": "roman_catholic",
          "name": "Colegio Parroquial Mi Sagrada Familia",
          "religion": "christian"
        }
      },
      "geometry": {
        "type": "Point",
        "coordinates": [
          -74.2774133,
          4.7322231
        ]
      }
    },
    {
      "type": "Feature",
      "properties": {
        "id": 1220412639,
        "nombre": "Institución Educativa Departamental María Teresa Ortíz sede La Prosperidad",
        "categoria": "educacion",
        "subcategoria": "school",
        "tags": {
          "amenity": "school",
          "barrier": "yes",
          "name": "Institución Educativa Departamental María Teresa Ortíz sede La Prosperidad"
        }
      },
      "geometry": {
        "type": "Point",
        "coordinates": [
          -74.2817169,
          4.7331773
        ]
      }
    },
    {
      "type": "Feature",
      "properties": {
        "id": 1220593017,
        "nombre": "Colegio Fervan Campestre",
        "categoria": "educacion",
        "subcategoria": "school",
        "tags": {
          "amenity": "school",
          "barrier": "yes",
          "name": "Colegio Fervan Campestre"
        }
      },
      "geometry": {
        "type": "Point",
        "coordinates": [
          -74.2856816,
          4.8712831
        ]
      }
    },
    {
      "type": "Feature",
      "properties": {
        "id": 1221079659,
        "nombre": "Fundación Paulina y Ernesto de Valenzuela",
        "categoria": "educacion",
        "subcategoria": "school",
        "tags": {
          "amenity": "school",
          "barrier": "yes",
          "grades": "0-5",
          "name": "Fundación Paulina y Ernesto de Valenzuela"
        }
      },
      "geometry": {
        "type": "Point",
        "coordinates": [
          -74.2655932,
          4.7290517
        ]
      }
    },
    {
      "type": "Feature",
      "properties": {
        "id": 1223326623,
        "nombre": "Colegio La Unidad",
        "categoria": "educacion",
        "subcategoria": "school",
        "tags": {
          "amenity": "school",
          "barrier": "yes",
          "name": "Colegio La Unidad"
        }
      },
      "geometry": {
        "type": "Point",
        "coordinates": [
          -74.2233816,
          4.7188521
        ]
      }
    },
    {
      "type": "Feature",
      "properties": {
        "id": 1224666269,
        "nombre": "IE Antonio Nariño sede La Fraternidad",
        "categoria": "educacion",
        "subcategoria": "school",
        "tags": {
          "amenity": "school",
          "barrier": "yes",
          "name": "IE Antonio Nariño sede La Fraternidad"
        }
      },
      "geometry": {
        "type": "Point",
        "coordinates": [
          -74.2154905,
          4.7035416
        ]
      }
    },
    {
      "type": "Feature",
      "properties": {
        "id": 1224900404,
        "nombre": "Escuela Nueva El Diamante",
        "categoria": "educacion",
        "subcategoria": "school",
        "tags": {
          "amenity": "school",
          "barrier": "yes",
          "name": "Escuela Nueva El Diamante"
        }
      },
      "geometry": {
        "type": "Point",
        "coordinates": [
          -74.2002167,
          4.6957486
        ]
      }
    },
    {
      "type": "Feature",
      "properties": {
        "id": 1224900411,
        "nombre": "Colegio Campestre Melanie Klein",
        "categoria": "educacion",
        "subcategoria": "school",
        "tags": {
          "amenity": "school",
          "barrier": "yes",
          "name": "Colegio Campestre Melanie Klein"
        }
      },
      "geometry": {
        "type": "Point",
        "coordinates": [
          -74.1967861,
          4.6908192
        ]
      }
    },
    {
      "type": "Feature",
      "properties": {
        "id": 1225038048,
        "nombre": "Istitución Educativa San Marcos",
        "categoria": "educacion",
        "subcategoria": "school",
        "tags": {
          "amenity": "school",
          "barrier": "yes",
          "name": "Istitución Educativa San Marcos"
        }
      },
      "geometry": {
        "type": "Point",
        "coordinates": [
          -74.2210579,
          4.7262537
        ]
      }
    },
    {
      "type": "Feature",
      "properties": {
        "id": 1231137123,
        "nombre": "Colegio Emilo de Brigar",
        "categoria": "educacion",
        "subcategoria": "school",
        "tags": {
          "amenity": "school",
          "name": "Colegio Emilo de Brigar"
        }
      },
      "geometry": {
        "type": "Point",
        "coordinates": [
          -74.1276456,
          4.6073874
        ]
      }
    },
    {
      "type": "Feature",
      "properties": {
        "id": 1243085524,
        "nombre": "Instituto Gerardo Valencia Cano",
        "categoria": "educacion",
        "subcategoria": "school",
        "tags": {
          "amenity": "school",
          "name": "Instituto Gerardo Valencia Cano",
          "website": "https://www.facebook.com/p/Instituto-Gerardo-Valencia-Cano-100062968914761/"
        }
      },
      "geometry": {
        "type": "Point",
        "coordinates": [
          -74.1862125,
          4.5979914
        ]
      }
    },
    {
      "type": "Feature",
      "properties": {
        "id": 1247375202,
        "nombre": "IEDp José María Obando",
        "categoria": "educacion",
        "subcategoria": "school",
        "tags": {
          "amenity": "school",
          "name": "IEDp José María Obando"
        }
      },
      "geometry": {
        "type": "Point",
        "coordinates": [
          -74.263572,
          4.8563098
        ]
      }
    },
    {
      "type": "Feature",
      "properties": {
        "id": 1258029899,
        "nombre": "Sin Nombre",
        "categoria": "educacion",
        "subcategoria": "school",
        "tags": {
          "amenity": "school",
          "barrier": "yes"
        }
      },
      "geometry": {
        "type": "Point",
        "coordinates": [
          -74.1747241,
          4.5948212
        ]
      }
    },
    {
      "type": "Feature",
      "properties": {
        "id": 1261366709,
        "nombre": "Liceo Campestre San Rafael",
        "categoria": "educacion",
        "subcategoria": "school",
        "tags": {
          "amenity": "school",
          "barrier": "yes",
          "name": "Liceo Campestre San Rafael"
        }
      },
      "geometry": {
        "type": "Point",
        "coordinates": [
          -73.9727571,
          4.7227794
        ]
      }
    },
    {
      "type": "Feature",
      "properties": {
        "id": 1261366733,
        "nombre": "Colegio Cooperativo Paulo VI",
        "categoria": "educacion",
        "subcategoria": "school",
        "tags": {
          "amenity": "school",
          "barrier": "yes",
          "name": "Colegio Cooperativo Paulo VI"
        }
      },
      "geometry": {
        "type": "Point",
        "coordinates": [
          -73.9668267,
          4.7196947
        ]
      }
    },
    {
      "type": "Feature",
      "properties": {
        "id": 1262050420,
        "nombre": "IEDp Ignacio Pescador sede Laureao Gómez",
        "categoria": "educacion",
        "subcategoria": "school",
        "tags": {
          "amenity": "school",
          "name": "IEDp Ignacio Pescador sede Laureao Gómez"
        }
      },
      "geometry": {
        "type": "Point",
        "coordinates": [
          -73.923127,
          4.5280621
        ]
      }
    },
    {
      "type": "Feature",
      "properties": {
        "id": 1262787699,
        "nombre": "Instituto Técnico San José",
        "categoria": "educacion",
        "subcategoria": "school",
        "tags": {
          "addr:street": "Calle 6",
          "amenity": "school",
          "barrier": "yes",
          "name": "Instituto Técnico San José",
          "operator": "Beneficencia de Cundinamarca",
          "operator:type": "public"
        }
      },
      "geometry": {
        "type": "Point",
        "coordinates": [
          -74.0447989,
          4.4439416
        ]
      }
    },
    {
      "type": "Feature",
      "properties": {
        "id": 1262787700,
        "nombre": "IEDp Pío X",
        "categoria": "educacion",
        "subcategoria": "school",
        "tags": {
          "addr:street": "Calle 7",
          "amenity": "school",
          "barrier": "yes",
          "name": "IEDp Pío X"
        }
      },
      "geometry": {
        "type": "Point",
        "coordinates": [
          -74.0465413,
          4.4449203
        ]
      }
    },
    {
      "type": "Feature",
      "properties": {
        "id": 1262787734,
        "nombre": "Escuela Pedro Eliseo Cruz",
        "categoria": "educacion",
        "subcategoria": "school",
        "tags": {
          "amenity": "school",
          "barrier": "yes",
          "name": "Escuela Pedro Eliseo Cruz"
        }
      },
      "geometry": {
        "type": "Point",
        "coordinates": [
          -74.0235021,
          4.4033871
        ]
      }
    },
    {
      "type": "Feature",
      "properties": {
        "id": 1262939495,
        "nombre": "Sin Nombre",
        "categoria": "educacion",
        "subcategoria": "school",
        "tags": {
          "amenity": "school"
        }
      },
      "geometry": {
        "type": "Point",
        "coordinates": [
          -74.2195066,
          4.5807458
        ]
      }
    },
    {
      "type": "Feature",
      "properties": {
        "id": 1275738307,
        "nombre": "IED Agudelo Restrepo",
        "categoria": "educacion",
        "subcategoria": "school",
        "tags": {
          "amenity": "school",
          "barrier": "yes",
          "name": "IED Agudelo Restrepo"
        }
      },
      "geometry": {
        "type": "Point",
        "coordinates": [
          -74.162687,
          4.5868449
        ]
      }
    },
    {
      "type": "Feature",
      "properties": {
        "id": 1295006625,
        "nombre": "Módulo 2",
        "categoria": "educacion",
        "subcategoria": "university",
        "tags": {
          "amenity": "university",
          "building": "university",
          "building:levels": "6",
          "name": "Módulo 2",
          "operator": "Universidad de Bogotá Jorge Tadeo Lozano",
          "operator:type": "private",
          "ref": "M2"
        }
      },
      "geometry": {
        "type": "Point",
        "coordinates": [
          -74.0678084,
          4.6072135
        ]
      }
    },
    {
      "type": "Feature",
      "properties": {
        "id": 1296140126,
        "nombre": "Modulo 14",
        "categoria": "educacion",
        "subcategoria": "university",
        "tags": {
          "addr:city": "Bogotá D.C.",
          "addr:housenumber": "22-79",
          "addr:street": "Carrera 4",
          "amenity": "university",
          "building": "university",
          "building:levels": "4",
          "healthcare": "psychotherapist",
          "name": "Modulo 14",
          "opening_hours": "Mo-Fr 08:00-18:00; Sa 08:00-13:00",
          "operator": "Universidad de Bogotá Jorge Tadeo Lozano",
          "phone": "+57 601 2427030 x3942",
          "ref": "M14",
          "website": "https://www.utadeo.edu.co/es/link/bienestar-universitario/72301/asesoria-psicologica-0"
        }
      },
      "geometry": {
        "type": "Point",
        "coordinates": [
          -74.067296,
          4.6069027
        ]
      }
    },
    {
      "type": "Feature",
      "properties": {
        "id": 1296165256,
        "nombre": "Módulo 5",
        "categoria": "educacion",
        "subcategoria": "university",
        "tags": {
          "amenity": "university",
          "building": "university",
          "building:levels": "9",
          "name": "Módulo 5",
          "operator": "Universidad de Bogotá Jorge Tadeo Lozano",
          "operator:type": "private",
          "ref": "M5"
        }
      },
      "geometry": {
        "type": "Point",
        "coordinates": [
          -74.0680515,
          4.6069432
        ]
      }
    },
    {
      "type": "Feature",
      "properties": {
        "id": 1296244160,
        "nombre": "Porteria",
        "categoria": "educacion",
        "subcategoria": "university",
        "tags": {
          "amenity": "university",
          "building": "guardhouse",
          "name": "Porteria",
          "operator": "Universidad de Bogotá Jorge Tadeo Lozano",
          "operator:type": "private"
        }
      },
      "geometry": {
        "type": "Point",
        "coordinates": [
          -74.0677287,
          4.6068451
        ]
      }
    },
    {
      "type": "Feature",
      "properties": {
        "id": 1296478214,
        "nombre": "Módulo 8",
        "categoria": "educacion",
        "subcategoria": "university",
        "tags": {
          "amenity": "university",
          "building": "university",
          "building:levels": "1",
          "communication:radio": "yes",
          "description": "Radio universitaria centrada en la música clásica.106.9 fm",
          "name": "Módulo 8",
          "ref": "M8",
          "source": "local knowledge",
          "website": "https://www.utadeo.edu.co/es/micrositio/emisora-hjut"
        }
      },
      "geometry": {
        "type": "Point",
        "coordinates": [
          -74.0681254,
          4.6068802
        ]
      }
    },
    {
      "type": "Feature",
      "properties": {
        "id": 1296481908,
        "nombre": "Módulo 3",
        "categoria": "educacion",
        "subcategoria": "university",
        "tags": {
          "amenity": "university",
          "building": "university",
          "building:levels": "6",
          "name": "Módulo 3",
          "operator": "Universidad de Bogotá Jorge Tadeo Lozano",
          "operator:type": "private",
          "ref": "M3"
        }
      },
      "geometry": {
        "type": "Point",
        "coordinates": [
          -74.068044,
          4.6074444
        ]
      }
    },
    {
      "type": "Feature",
      "properties": {
        "id": 1296481915,
        "nombre": "Módulo 13 - Bienestar Universitario",
        "categoria": "educacion",
        "subcategoria": "university",
        "tags": {
          "amenity": "university",
          "building": "university",
          "building:levels": "6",
          "name": "Módulo 13 - Bienestar Universitario",
          "operator": "Universidad de Bogotá Jorge Tadeo Lozano",
          "operator:type": "private",
          "ref": "M13",
          "website": "https://www.utadeo.edu.co/es/bienestar-universitario"
        }
      },
      "geometry": {
        "type": "Point",
        "coordinates": [
          -74.0677702,
          4.6066556
        ]
      }
    },
    {
      "type": "Feature",
      "properties": {
        "id": 1296516021,
        "nombre": "Modulo 9, Centro de Arte y Cultura",
        "categoria": "educacion",
        "subcategoria": "university",
        "tags": {
          "amenity": "university",
          "building": "university",
          "building:levels": "2",
          "description": "Aquí apoyamos tu formación integral, fortaleciendo habilidades necesarias para vivir, convivir, ser productivo y seguir aprendiendo toda la vida, ya que a partir de prácticas y expresiones artísticas promovemos tu participación en experiencias creativas y",
          "email": "centroarte.cultura@utadeo.edu.co",
          "internet_access": "yes",
          "name": "Modulo 9, Centro de Arte y Cultura",
          "operator": "Universidad de Bogotá Jorge Tadeo Lozano",
          "operator:type": "university",
          "phone": "+57 601 2427030 x1210",
          "ref": "M9",
          "website": "https://www.utadeo.edu.co/es/micrositio/centro-de-arte-y-cultura"
        }
      },
      "geometry": {
        "type": "Point",
        "coordinates": [
          -74.0684131,
          4.6076398
        ]
      }
    },
    {
      "type": "Feature",
      "properties": {
        "id": 1296532116,
        "nombre": "Módulo 4",
        "categoria": "educacion",
        "subcategoria": "university",
        "tags": {
          "amenity": "university",
          "building": "university",
          "building:levels": "6",
          "internet_access": "yes",
          "name": "Módulo 4",
          "operator": "Universidad de Bogotá Jorge Tadeo Lozano",
          "operator:type": "private"
        }
      },
      "geometry": {
        "type": "Point",
        "coordinates": [
          -74.0681095,
          4.6071451
        ]
      }
    },
    {
      "type": "Feature",
      "properties": {
        "id": 1296532117,
        "nombre": "Módulo 6",
        "categoria": "educacion",
        "subcategoria": "university",
        "tags": {
          "amenity": "university",
          "building": "university",
          "building:levels": "7",
          "name": "Módulo 6",
          "operator": "Universidad de Bogotá Jorge Tadeo Lozano",
          "operator:type": "private",
          "ref": "M6"
        }
      },
      "geometry": {
        "type": "Point",
        "coordinates": [
          -74.0682287,
          4.6070018
        ]
      }
    },
    {
      "type": "Feature",
      "properties": {
        "id": 1296733611,
        "nombre": "Sin Nombre",
        "categoria": "educacion",
        "subcategoria": "university",
        "tags": {
          "amenity": "university",
          "building": "university",
          "building:levels": "6",
          "operator": "Universidad de Bogotá Jorge Tadeo Lozano",
          "operator:type": "private"
        }
      },
      "geometry": {
        "type": "Point",
        "coordinates": [
          -74.0682464,
          4.6069246
        ]
      }
    },
    {
      "type": "Feature",
      "properties": {
        "id": 1296733612,
        "nombre": "Módulo 7",
        "categoria": "educacion",
        "subcategoria": "university",
        "tags": {
          "alt_name": "Edificio Jaime Forero Valdes",
          "amenity": "university",
          "building": "university",
          "building:levels": "7",
          "building:levels:underground": "1",
          "building:roof": "1",
          "internet_access": "yes",
          "internet_access:fee": "no",
          "name": "Módulo 7",
          "operator": "Universidad de Bogotá Jorge Tadeo Lozano",
          "operator:type": "private",
          "ref": "M7"
        }
      },
      "geometry": {
        "type": "Point",
        "coordinates": [
          -74.0684813,
          4.6068248
        ]
      }
    },
    {
      "type": "Feature",
      "properties": {
        "id": 1296733613,
        "nombre": "Sin Nombre",
        "categoria": "educacion",
        "subcategoria": "university",
        "tags": {
          "amenity": "university",
          "building": "bridge",
          "building:levels": "6",
          "building:min_level": "1",
          "name:signed": "no",
          "operator": "Universidad de Bogotá Jorge Tadeo Lozano",
          "operator:type": "private"
        }
      },
      "geometry": {
        "type": "Point",
        "coordinates": [
          -74.068285,
          4.6068572
        ]
      }
    },
    {
      "type": "Feature",
      "properties": {
        "id": 1296733614,
        "nombre": "Módulo 7A",
        "categoria": "educacion",
        "subcategoria": "university",
        "tags": {
          "amenity": "university",
          "building": "university",
          "building:levels": "7",
          "building:levels:underground": "1",
          "building:roof": "1",
          "internet_access": "yes",
          "internet_access:fee": "no",
          "name": "Módulo 7A",
          "operator": "Universidad de Bogotá Jorge Tadeo Lozano",
          "operator:type": "private",
          "ref": "M7A"
        }
      },
      "geometry": {
        "type": "Point",
        "coordinates": [
          -74.0688447,
          4.6071369
        ]
      }
    },
    {
      "type": "Feature",
      "properties": {
        "id": 1296733615,
        "nombre": "Sin Nombre",
        "categoria": "educacion",
        "subcategoria": "university",
        "tags": {
          "amenity": "university",
          "building": "bridge",
          "building:levels": "6",
          "building:min_level": "1",
          "name:signed": "no",
          "operator": "Universidad de Bogotá Jorge Tadeo Lozano",
          "operator:type": "private"
        }
      },
      "geometry": {
        "type": "Point",
        "coordinates": [
          -74.0686625,
          4.6069427
        ]
      }
    },
    {
      "type": "Feature",
      "properties": {
        "id": 1296733616,
        "nombre": "Módulo 10",
        "categoria": "educacion",
        "subcategoria": "university",
        "tags": {
          "amenity": "university",
          "building": "university",
          "building:levels": "1",
          "name": "Módulo 10",
          "operator": "Universidad de Bogotá Jorge Tadeo Lozano",
          "operator:type": "private",
          "ref": "M10"
        }
      },
      "geometry": {
        "type": "Point",
        "coordinates": [
          -74.068357,
          4.6074459
        ]
      }
    },
    {
      "type": "Feature",
      "properties": {
        "id": 1296733617,
        "nombre": "Módulo 11",
        "categoria": "educacion",
        "subcategoria": "university",
        "tags": {
          "amenity": "university",
          "building": "university",
          "building:levels": "2",
          "layer": "-1",
          "location": "surface",
          "name": "Módulo 11",
          "operator": "Universidad de Bogotá Jorge Tadeo Lozano",
          "operator:type": "private",
          "ref": "M11"
        }
      },
      "geometry": {
        "type": "Point",
        "coordinates": [
          -74.0682288,
          4.6073797
        ]
      }
    },
    {
      "type": "Feature",
      "properties": {
        "id": 1296733618,
        "nombre": "Módulo 25",
        "categoria": "educacion",
        "subcategoria": "university",
        "tags": {
          "amenity": "university",
          "building": "university",
          "building:levels": "1",
          "building:levels:underground": "1",
          "name": "Módulo 25",
          "operator": "Universidad de Bogotá Jorge Tadeo Lozano",
          "operator:type": "private",
          "ref": "M25"
        }
      },
      "geometry": {
        "type": "Point",
        "coordinates": [
          -74.0681855,
          4.6072452
        ]
      }
    },
    {
      "type": "Feature",
      "properties": {
        "id": 1296748241,
        "nombre": "Arcos",
        "categoria": "educacion",
        "subcategoria": "university",
        "tags": {
          "amenity": "university",
          "building": "university",
          "name": "Arcos",
          "operator": "Universidad de Bogotá Jorge Tadeo Lozano",
          "operator:type": "private"
        }
      },
      "geometry": {
        "type": "Point",
        "coordinates": [
          -74.0676594,
          4.6067813
        ]
      }
    },
    {
      "type": "Feature",
      "properties": {
        "id": 1296748242,
        "nombre": "Arcos",
        "categoria": "educacion",
        "subcategoria": "university",
        "tags": {
          "amenity": "university",
          "building": "university",
          "name": "Arcos",
          "operator": "Universidad de Bogotá Jorge Tadeo Lozano",
          "operator:type": "private"
        }
      },
      "geometry": {
        "type": "Point",
        "coordinates": [
          -74.0676362,
          4.6068208
        ]
      }
    },
    {
      "type": "Feature",
      "properties": {
        "id": 1296750363,
        "nombre": "Módulo 17, Consultorio Jurídico Universidad Jorge Tadeo Lozano",
        "categoria": "educacion",
        "subcategoria": "university",
        "tags": {
          "addr:city": "Bogotá D.C.",
          "addr:housenumber": "23-09",
          "addr:street": "Carrera 3B",
          "amenity": "university",
          "building": "university",
          "building:levels": "2",
          "email": "consultorio.juridico@utadeo.edu.co",
          "name": "Módulo 17, Consultorio Jurídico Universidad Jorge Tadeo Lozano",
          "operator": "Universidad de Bogotá Jorge Tadeo Lozano",
          "operator:type": "private",
          "phone": "+57 061 2427030 Ext.3178",
          "ref": "M17",
          "website": "https://www.utadeo.edu.co/es/micrositio/consultorio-juridico-y-centro-de-conciliacion"
        }
      },
      "geometry": {
        "type": "Point",
        "coordinates": [
          -74.0668725,
          4.6070756
        ]
      }
    },
    {
      "type": "Feature",
      "properties": {
        "id": 1300405572,
        "nombre": "IE La Merced sede Los Puentes",
        "categoria": "educacion",
        "subcategoria": "school",
        "tags": {
          "amenity": "school",
          "barrier": "fence",
          "name": "IE La Merced sede Los Puentes",
          "operator": "Instución Educativa La Merced",
          "operator:type": "public"
        }
      },
      "geometry": {
        "type": "Point",
        "coordinates": [
          -74.2594127,
          4.683127
        ]
      }
    },
    {
      "type": "Feature",
      "properties": {
        "id": 1303104771,
        "nombre": "Universidad EAN",
        "categoria": "educacion",
        "subcategoria": "university",
        "tags": {
          "addr:city": "Bogotá D.C.",
          "addr:housenumber": "78-47",
          "addr:postcode": "110221",
          "addr:street": "Avenida Carrera 11",
          "amenity": "university",
          "internet_access": "yes",
          "internet_access:fee": "customers",
          "name": "Universidad EAN",
          "opening_hours": "Mo-Sa 06:00-22:00",
          "operator": "EAN",
          "operator:type": "private",
          "source": "local knowledge",
          "website": "https://universidadean.edu.co/",
          "wikidata": "Q9091550",
          "wikimedia_commons": "Category:Universidad EAN",
          "wikipedia": "es:Universidad EAN"
        }
      },
      "geometry": {
        "type": "Point",
        "coordinates": [
          -74.0550582,
          4.6634617
        ]
      }
    },
    {
      "type": "Feature",
      "properties": {
        "id": 1305825808,
        "nombre": "IED IBEP La Palestina",
        "categoria": "educacion",
        "subcategoria": "school",
        "tags": {
          "amenity": "school",
          "name": "IED IBEP La Palestina"
        }
      },
      "geometry": {
        "type": "Point",
        "coordinates": [
          -74.1499988,
          4.683774
        ]
      }
    },
    {
      "type": "Feature",
      "properties": {
        "id": 1306685980,
        "nombre": "IED Feliza Bursztyn",
        "categoria": "educacion",
        "subcategoria": "school",
        "tags": {
          "amenity": "school",
          "name": "IED Feliza Bursztyn"
        }
      },
      "geometry": {
        "type": "Point",
        "coordinates": [
          -74.1295674,
          4.6213616
        ]
      }
    },
    {
      "type": "Feature",
      "properties": {
        "id": 1312343755,
        "nombre": "Casa de los Deportes, Universidad de Bogota Jorge Tadeo Lozano",
        "categoria": "educacion",
        "subcategoria": "university",
        "tags": {
          "amenity": "university",
          "name": "Casa de los Deportes, Universidad de Bogota Jorge Tadeo Lozano",
          "operator": "Universidad de Bogota Jorge Tadeo Lozano",
          "operator:type": "university",
          "website": "https://www.utadeo.edu.co/es/link/guia-de-induccion-tadeista/290214/modulo-22",
          "wikidata": "Q5937434",
          "wikimedia_commons": "Category:Universidad Jorge Tadeo Lozano",
          "wikipedia": "es:Universidad Jorge Tadeo Lozano"
        }
      },
      "geometry": {
        "type": "Point",
        "coordinates": [
          -74.0672987,
          4.6078468
        ]
      }
    },
    {
      "type": "Feature",
      "properties": {
        "id": 1312351302,
        "nombre": "Facultad de Arte Y Diseño Universidad Jorge Tadeo Lozano",
        "categoria": "educacion",
        "subcategoria": "university",
        "tags": {
          "amenity": "university",
          "internet_access": "yes",
          "internet_access:fee": "customers",
          "name": "Facultad de Arte Y Diseño Universidad Jorge Tadeo Lozano",
          "operator": "Universidad de Bogota Jorge Tadeo Lozano",
          "operator:type": "university",
          "website": "https://www.utadeo.edu.co/es/facultad/artes-y-diseno",
          "wikidata": "Q5937434",
          "wikimedia_commons": "Category:Universidad Jorge Tadeo Lozano",
          "wikipedia": "es:Universidad Jorge Tadeo Lozano"
        }
      },
      "geometry": {
        "type": "Point",
        "coordinates": [
          -74.0676357,
          4.6089872
        ]
      }
    },
    {
      "type": "Feature",
      "properties": {
        "id": 1314383997,
        "nombre": "Innova School Cota",
        "categoria": "educacion",
        "subcategoria": "school",
        "tags": {
          "amenity": "school",
          "building": "yes",
          "name": "Innova School Cota"
        }
      },
      "geometry": {
        "type": "Point",
        "coordinates": [
          -74.0926591,
          4.809765
        ]
      }
    },
    {
      "type": "Feature",
      "properties": {
        "id": 1321837500,
        "nombre": "Gimnasio Vermont",
        "categoria": "educacion",
        "subcategoria": "school",
        "tags": {
          "amenity": "school",
          "name": "Gimnasio Vermont"
        }
      },
      "geometry": {
        "type": "Point",
        "coordinates": [
          -74.0542718,
          4.7736097
        ]
      }
    },
    {
      "type": "Feature",
      "properties": {
        "id": 1321841780,
        "nombre": "Colegio Franciscano del Virrey Solis",
        "categoria": "educacion",
        "subcategoria": "school",
        "tags": {
          "amenity": "school",
          "name": "Colegio Franciscano del Virrey Solis"
        }
      },
      "geometry": {
        "type": "Point",
        "coordinates": [
          -74.0504107,
          4.7723862
        ]
      }
    },
    {
      "type": "Feature",
      "properties": {
        "id": 1322432048,
        "nombre": "Sin Nombre",
        "categoria": "educacion",
        "subcategoria": "school",
        "tags": {
          "amenity": "school"
        }
      },
      "geometry": {
        "type": "Point",
        "coordinates": [
          -74.1274415,
          4.6084649
        ]
      }
    },
    {
      "type": "Feature",
      "properties": {
        "id": 1333608083,
        "nombre": "Gimnasio Cultural Libertad",
        "categoria": "educacion",
        "subcategoria": "school",
        "tags": {
          "amenity": "school",
          "barrier": "yes",
          "name": "Gimnasio Cultural Libertad"
        }
      },
      "geometry": {
        "type": "Point",
        "coordinates": [
          -74.0257226,
          4.7287512
        ]
      }
    },
    {
      "type": "Feature",
      "properties": {
        "id": 1341119616,
        "nombre": "Colegio Hacienda Casa Blanca",
        "categoria": "educacion",
        "subcategoria": "school",
        "tags": {
          "amenity": "school",
          "name": "Colegio Hacienda Casa Blanca"
        }
      },
      "geometry": {
        "type": "Point",
        "coordinates": [
          -74.1525163,
          4.5819845
        ]
      }
    },
    {
      "type": "Feature",
      "properties": {
        "id": 1343551640,
        "nombre": "Instituto Pedagógico Lesmes",
        "categoria": "educacion",
        "subcategoria": "school",
        "tags": {
          "addr:street": "Calle 11A",
          "amenity": "school",
          "barrier": "yes",
          "name": "Instituto Pedagógico Lesmes"
        }
      },
      "geometry": {
        "type": "Point",
        "coordinates": [
          -74.2213949,
          4.583411
        ]
      }
    },
    {
      "type": "Feature",
      "properties": {
        "id": 1343885658,
        "nombre": "Colegio Nueva York",
        "categoria": "educacion",
        "subcategoria": "school",
        "tags": {
          "addr:street": "Calle 223",
          "amenity": "school",
          "barrier": "yes",
          "name": "Colegio Nueva York"
        }
      },
      "geometry": {
        "type": "Point",
        "coordinates": [
          -74.0447619,
          4.802906
        ]
      }
    },
    {
      "type": "Feature",
      "properties": {
        "id": 1343905382,
        "nombre": "Colegio Fundación Colombia",
        "categoria": "educacion",
        "subcategoria": "school",
        "tags": {
          "addr:city": "Chía",
          "addr:street": "Vía Bogotá - La Caro",
          "amenity": "school",
          "barrier": "yes",
          "name": "Colegio Fundación Colombia"
        }
      },
      "geometry": {
        "type": "Point",
        "coordinates": [
          -74.0318817,
          4.8281919
        ]
      }
    },
    {
      "type": "Feature",
      "properties": {
        "id": 1344860578,
        "nombre": "Gimnasio Campestre Stephen Hawking",
        "categoria": "educacion",
        "subcategoria": "school",
        "tags": {
          "addr:housenumber": "175-28",
          "addr:street": "Carrera 68",
          "amenity": "school",
          "barrier": "yes",
          "name": "Gimnasio Campestre Stephen Hawking"
        }
      },
      "geometry": {
        "type": "Point",
        "coordinates": [
          -74.0607184,
          4.7609217
        ]
      }
    },
    {
      "type": "Feature",
      "properties": {
        "id": 1344860583,
        "nombre": "Liceo Rocely",
        "categoria": "educacion",
        "subcategoria": "school",
        "tags": {
          "addr:housenumber": "173A-30",
          "addr:street": "Carrera 70",
          "amenity": "school",
          "barrier": "yes",
          "name": "Liceo Rocely"
        }
      },
      "geometry": {
        "type": "Point",
        "coordinates": [
          -74.0622096,
          4.7615724
        ]
      }
    },
    {
      "type": "Feature",
      "properties": {
        "id": 1345337488,
        "nombre": "Colegio Miguel Antonio Caro",
        "categoria": "educacion",
        "subcategoria": "school",
        "tags": {
          "amenity": "school",
          "barrier": "yes",
          "name": "Colegio Miguel Antonio Caro"
        }
      },
      "geometry": {
        "type": "Point",
        "coordinates": [
          -74.0320319,
          4.8135194
        ]
      }
    },
    {
      "type": "Feature",
      "properties": {
        "id": 1347248770,
        "nombre": "Seminario Menor Conciliar de Bogotá",
        "categoria": "educacion",
        "subcategoria": "school",
        "tags": {
          "amenity": "school",
          "denomination": "catholic",
          "name": "Seminario Menor Conciliar de Bogotá",
          "religion": "christian",
          "website": "https://casadeconvivencias.arquibogota.org.co/"
        }
      },
      "geometry": {
        "type": "Point",
        "coordinates": [
          -74.0587127,
          4.7170305
        ]
      }
    },
    {
      "type": "Feature",
      "properties": {
        "id": 1349258171,
        "nombre": "IED Marco Antonio Carreño",
        "categoria": "educacion",
        "subcategoria": "school",
        "tags": {
          "amenity": "school",
          "barrier": "yes",
          "name": "IED Marco Antonio Carreño"
        }
      },
      "geometry": {
        "type": "Point",
        "coordinates": [
          -74.1069173,
          4.6027632
        ]
      }
    },
    {
      "type": "Feature",
      "properties": {
        "id": 1351673764,
        "nombre": "IE Eduardo Santos sede La Florida",
        "categoria": "educacion",
        "subcategoria": "school",
        "tags": {
          "addr:street": "Calle 7D",
          "amenity": "school",
          "barrier": "yes",
          "name": "IE Eduardo Santos sede La Florida",
          "operator": "IE Eduardo Santos",
          "operator:type": "public"
        }
      },
      "geometry": {
        "type": "Point",
        "coordinates": [
          -74.217612,
          4.5707159
        ]
      }
    },
    {
      "type": "Feature",
      "properties": {
        "id": 1351673805,
        "nombre": "IE Eduardo Santos",
        "categoria": "educacion",
        "subcategoria": "school",
        "tags": {
          "amenity": "school",
          "barrier": "yes",
          "name": "IE Eduardo Santos"
        }
      },
      "geometry": {
        "type": "Point",
        "coordinates": [
          -74.2193336,
          4.5757656
        ]
      }
    },
    {
      "type": "Feature",
      "properties": {
        "id": 1351890742,
        "nombre": "Colegio del Niño Jesús (Bachillerato)",
        "categoria": "educacion",
        "subcategoria": "school",
        "tags": {
          "amenity": "school",
          "name": "Colegio del Niño Jesús (Bachillerato)"
        }
      },
      "geometry": {
        "type": "Point",
        "coordinates": [
          -74.2209191,
          4.579352
        ]
      }
    },
    {
      "type": "Feature",
      "properties": {
        "id": 1352416124,
        "nombre": "Institución Educativa Departamental Sede B",
        "categoria": "educacion",
        "subcategoria": "school",
        "tags": {
          "amenity": "school",
          "name": "Institución Educativa Departamental Sede B"
        }
      },
      "geometry": {
        "type": "Point",
        "coordinates": [
          -73.9481693,
          4.4063751
        ]
      }
    },
    {
      "type": "Feature",
      "properties": {
        "id": 1356963026,
        "nombre": "Colegio Sierra Morena Parque",
        "categoria": "educacion",
        "subcategoria": "school",
        "tags": {
          "addr:street": "Diagonal 73C Sur",
          "amenity": "school",
          "barrier": "fence",
          "name": "Colegio Sierra Morena Parque",
          "operator": "Secretaría de Educación de Bogotá, D.C.",
          "operator:type": "public"
        }
      },
      "geometry": {
        "type": "Point",
        "coordinates": [
          -74.1651066,
          4.5758888
        ]
      }
    },
    {
      "type": "Feature",
      "properties": {
        "id": 1360229705,
        "nombre": "IED Eugenio Díaz Castro sede Alto de la Cruz",
        "categoria": "educacion",
        "subcategoria": "school",
        "tags": {
          "amenity": "school",
          "barrier": "yes",
          "name": "IED Eugenio Díaz Castro sede Alto de la Cruz"
        }
      },
      "geometry": {
        "type": "Point",
        "coordinates": [
          -74.281936,
          4.5405916
        ]
      }
    },
    {
      "type": "Feature",
      "properties": {
        "id": 1372503091,
        "nombre": "Didascalio Nuestra Señora de la Esperanza",
        "categoria": "educacion",
        "subcategoria": "school",
        "tags": {
          "amenity": "school",
          "grades": "1-11",
          "name": "Didascalio Nuestra Señora de la Esperanza",
          "operator": "ABC prodein",
          "operator:type": "religious",
          "religion": "christian"
        }
      },
      "geometry": {
        "type": "Point",
        "coordinates": [
          -74.1748543,
          4.576732
        ]
      }
    },
    {
      "type": "Feature",
      "properties": {
        "id": 1373887590,
        "nombre": "IED Rafael Uribe Uribe - Sede B",
        "categoria": "educacion",
        "subcategoria": "school",
        "tags": {
          "addr:city": "Bogotá",
          "addr:street": "Calle 48C Sur",
          "amenity": "school",
          "denomination": "catholic",
          "education": "school",
          "name": "IED Rafael Uribe Uribe - Sede B",
          "religion": "catolico"
        }
      },
      "geometry": {
        "type": "Point",
        "coordinates": [
          -74.1323445,
          4.5831612
        ]
      }
    },
    {
      "type": "Feature",
      "properties": {
        "id": 1374827638,
        "nombre": "Colegio República Dominicana IED Sede A",
        "categoria": "educacion",
        "subcategoria": "school",
        "tags": {
          "amenity": "school",
          "name": "Colegio República Dominicana IED Sede A"
        }
      },
      "geometry": {
        "type": "Point",
        "coordinates": [
          -74.1087997,
          4.7386291
        ]
      }
    },
    {
      "type": "Feature",
      "properties": {
        "id": 1376571563,
        "nombre": "Sin Nombre",
        "categoria": "educacion",
        "subcategoria": "school",
        "tags": {
          "amenity": "school"
        }
      },
      "geometry": {
        "type": "Point",
        "coordinates": [
          -74.0623049,
          4.8869363
        ]
      }
    },
    {
      "type": "Feature",
      "properties": {
        "id": 1391285443,
        "nombre": "María Auxiliadora",
        "categoria": "educacion",
        "subcategoria": "school",
        "tags": {
          "amenity": "school",
          "barrier": "wall",
          "name": "María Auxiliadora"
        }
      },
      "geometry": {
        "type": "Point",
        "coordinates": [
          -74.0596882,
          4.8601982
        ]
      }
    },
    {
      "type": "Feature",
      "properties": {
        "id": 1391421234,
        "nombre": "Colegio Cristiano Gracia y Amor",
        "categoria": "educacion",
        "subcategoria": "school",
        "tags": {
          "amenity": "school",
          "barrier": "yes",
          "name": "Colegio Cristiano Gracia y Amor"
        }
      },
      "geometry": {
        "type": "Point",
        "coordinates": [
          -74.0577777,
          4.7621826
        ]
      }
    },
    {
      "type": "Feature",
      "properties": {
        "id": 1391421322,
        "nombre": "Instituto Militar Aquileo Parra",
        "categoria": "educacion",
        "subcategoria": "school",
        "tags": {
          "amenity": "school",
          "barrier": "yes",
          "name": "Instituto Militar Aquileo Parra"
        }
      },
      "geometry": {
        "type": "Point",
        "coordinates": [
          -74.0619965,
          4.7618564
        ]
      }
    },
    {
      "type": "Feature",
      "properties": {
        "id": 1391421335,
        "nombre": "Colegio Emilio Valenzuela",
        "categoria": "educacion",
        "subcategoria": "school",
        "tags": {
          "amenity": "school",
          "barrier": "yes",
          "name": "Colegio Emilio Valenzuela"
        }
      },
      "geometry": {
        "type": "Point",
        "coordinates": [
          -74.0577089,
          4.7675827
        ]
      }
    },
    {
      "type": "Feature",
      "properties": {
        "id": 1394003222,
        "nombre": "Sin Nombre",
        "categoria": "educacion",
        "subcategoria": "school",
        "tags": {
          "amenity": "school"
        }
      },
      "geometry": {
        "type": "Point",
        "coordinates": [
          -74.1414511,
          4.6691989
        ]
      }
    },
    {
      "type": "Feature",
      "properties": {
        "id": 1396657710,
        "nombre": "Colegio Parroquial CDC",
        "categoria": "educacion",
        "subcategoria": "school",
        "tags": {
          "amenity": "school",
          "barrier": "yes",
          "denomination": "catholic",
          "name": "Colegio Parroquial CDC",
          "religion": "christian"
        }
      },
      "geometry": {
        "type": "Point",
        "coordinates": [
          -74.1066955,
          4.6024193
        ]
      }
    },
    {
      "type": "Feature",
      "properties": {
        "id": 1409384187,
        "nombre": "Liceo Fesan",
        "categoria": "educacion",
        "subcategoria": "school",
        "tags": {
          "amenity": "school",
          "name": "Liceo Fesan"
        }
      },
      "geometry": {
        "type": "Point",
        "coordinates": [
          -74.095269,
          4.757365
        ]
      }
    },
    {
      "type": "Feature",
      "properties": {
        "id": 1409548430,
        "nombre": "Colegio Nazaret",
        "categoria": "educacion",
        "subcategoria": "school",
        "tags": {
          "amenity": "school",
          "barrier": "yes",
          "name": "Colegio Nazaret"
        }
      },
      "geometry": {
        "type": "Point",
        "coordinates": [
          -74.0512992,
          4.7477746
        ]
      }
    },
    {
      "type": "Feature",
      "properties": {
        "id": 1410719246,
        "nombre": "Instituto Británico",
        "categoria": "educacion",
        "subcategoria": "college",
        "tags": {
          "amenity": "college",
          "barrier": "yes",
          "name": "Instituto Británico"
        }
      },
      "geometry": {
        "type": "Point",
        "coordinates": [
          -74.2156377,
          4.580185
        ]
      }
    },
    {
      "type": "Feature",
      "properties": {
        "id": 1412817296,
        "nombre": "IED GranColombiano Sede C",
        "categoria": "educacion",
        "subcategoria": "school",
        "tags": {
          "amenity": "school",
          "barrier": "yes",
          "name": "IED GranColombiano Sede C"
        }
      },
      "geometry": {
        "type": "Point",
        "coordinates": [
          -74.2018039,
          4.6065227
        ]
      }
    },
    {
      "type": "Feature",
      "properties": {
        "id": 1416431796,
        "nombre": "Sección Anexa del Salesiano",
        "categoria": "educacion",
        "subcategoria": "school",
        "tags": {
          "amenity": "school",
          "name": "Sección Anexa del Salesiano"
        }
      },
      "geometry": {
        "type": "Point",
        "coordinates": [
          -74.0957878,
          4.5684515
        ]
      }
    },
    {
      "type": "Feature",
      "properties": {
        "id": 1449937576,
        "nombre": "Sin Nombre",
        "categoria": "educacion",
        "subcategoria": "school",
        "tags": {
          "amenity": "school",
          "education": "school"
        }
      },
      "geometry": {
        "type": "Point",
        "coordinates": [
          -74.2659496,
          4.7390882
        ]
      }
    },
    {
      "type": "Feature",
      "properties": {
        "id": 1450145158,
        "nombre": "Colegio Juan Lozano y Lozano - Sede A",
        "categoria": "educacion",
        "subcategoria": "school",
        "tags": {
          "amenity": "school",
          "education": "school",
          "name": "Colegio Juan Lozano y Lozano - Sede A"
        }
      },
      "geometry": {
        "type": "Point",
        "coordinates": [
          -74.0928258,
          4.741085
        ]
      }
    },
    {
      "type": "Feature",
      "properties": {
        "id": 1453730295,
        "nombre": "The Victoria School",
        "categoria": "educacion",
        "subcategoria": "school",
        "tags": {
          "amenity": "school",
          "education": "school",
          "name": "The Victoria School"
        }
      },
      "geometry": {
        "type": "Point",
        "coordinates": [
          -74.046327,
          4.7938796
        ]
      }
    },
    {
      "type": "Feature",
      "properties": {
        "id": 1453730296,
        "nombre": "Colegio Gran Bretaña",
        "categoria": "educacion",
        "subcategoria": "school",
        "tags": {
          "amenity": "school",
          "education": "school",
          "name": "Colegio Gran Bretaña"
        }
      },
      "geometry": {
        "type": "Point",
        "coordinates": [
          -74.0468948,
          4.7939646
        ]
      }
    },
    {
      "type": "Feature",
      "properties": {
        "id": 1453730304,
        "nombre": "Colegio Buckingham",
        "categoria": "educacion",
        "subcategoria": "school",
        "tags": {
          "amenity": "school",
          "education": "school",
          "name": "Colegio Buckingham"
        }
      },
      "geometry": {
        "type": "Point",
        "coordinates": [
          -74.0493636,
          4.7922473
        ]
      }
    },
    {
      "type": "Feature",
      "properties": {
        "id": 1460376752,
        "nombre": "Sin Nombre",
        "categoria": "educacion",
        "subcategoria": "school",
        "tags": {
          "amenity": "school",
          "education": "school"
        }
      },
      "geometry": {
        "type": "Point",
        "coordinates": [
          -74.137116,
          4.7051337
        ]
      }
    },
    {
      "type": "Feature",
      "properties": {
        "id": 1464953803,
        "nombre": "SENA - Centro de Gestion Administrativa",
        "categoria": "educacion",
        "subcategoria": "college",
        "tags": {
          "amenity": "college",
          "name": "SENA - Centro de Gestion Administrativa",
          "office": "educational_institution",
          "operator": "Servicio Nacional de Aprendizaje",
          "operator:short": "SENA",
          "operator:type": "public",
          "operator:wikidata": "Q6974078"
        }
      },
      "geometry": {
        "type": "Point",
        "coordinates": [
          -74.0792565,
          4.6038845
        ]
      }
    },
    {
      "type": "Feature",
      "properties": {
        "id": 1478984448,
        "nombre": "IED La Concepción",
        "categoria": "educacion",
        "subcategoria": "school",
        "tags": {
          "amenity": "school",
          "education": "school",
          "name": "IED La Concepción",
          "operator": "Secretaría de Educación de Bogotá",
          "operator:type": "public"
        }
      },
      "geometry": {
        "type": "Point",
        "coordinates": [
          -74.1932166,
          4.6214064
        ]
      }
    },
    {
      "type": "Feature",
      "properties": {
        "id": 1479892098,
        "nombre": "Institución Educativa Integrado de Soacha sede Danubio",
        "categoria": "educacion",
        "subcategoria": "school",
        "tags": {
          "amenity": "school",
          "education": "school",
          "name": "Institución Educativa Integrado de Soacha sede Danubio",
          "operator": "Institución Educativa Integrado de Soacha",
          "operator:type": "public"
        }
      },
      "geometry": {
        "type": "Point",
        "coordinates": [
          -74.2237962,
          4.5899544
        ]
      }
    },
    {
      "type": "Feature",
      "properties": {
        "id": 1482400101,
        "nombre": "IE Eugenio Dìaz Castro sede Chacua",
        "categoria": "educacion",
        "subcategoria": "school",
        "tags": {
          "amenity": "school",
          "education": "school",
          "name": "IE Eugenio Dìaz Castro sede Chacua",
          "operator": "IE Eugenio Dìaz Castro",
          "operator:type": "public"
        }
      },
      "geometry": {
        "type": "Point",
        "coordinates": [
          -74.2241628,
          4.529206
        ]
      }
    },
    {
      "type": "Feature",
      "properties": {
        "id": 1483058221,
        "nombre": "Fundación Otero Lievano",
        "categoria": "educacion",
        "subcategoria": "school",
        "tags": {
          "amenity": "school",
          "barrier": "yes",
          "education": "school",
          "name": "Fundación Otero Lievano",
          "website": "https://fol.org.co/"
        }
      },
      "geometry": {
        "type": "Point",
        "coordinates": [
          -74.0829819,
          4.7428534
        ]
      }
    },
    {
      "type": "Feature",
      "properties": {
        "id": 1483058222,
        "nombre": "Colegio 21 Ángeles sede D",
        "categoria": "educacion",
        "subcategoria": "school",
        "tags": {
          "amenity": "school",
          "education": "school",
          "name": "Colegio 21 Ángeles sede D",
          "operator": "Colegio 21 Ángeles",
          "operator:type": "public"
        }
      },
      "geometry": {
        "type": "Point",
        "coordinates": [
          -74.0761579,
          4.754763
        ]
      }
    },
    {
      "type": "Feature",
      "properties": {
        "id": 1483058241,
        "nombre": "Casablanca Academia de Tenis",
        "categoria": "educacion",
        "subcategoria": "school",
        "tags": {
          "amenity": "school",
          "education": "school",
          "name": "Casablanca Academia de Tenis"
        }
      },
      "geometry": {
        "type": "Point",
        "coordinates": [
          -74.0737004,
          4.7368113
        ]
      }
    },
    {
      "type": "Feature",
      "properties": {
        "id": 1483058246,
        "nombre": "Colegio Cristiano Monte Hebrón",
        "categoria": "educacion",
        "subcategoria": "school",
        "tags": {
          "amenity": "school",
          "denomination": "protestant",
          "education": "school",
          "name": "Colegio Cristiano Monte Hebrón",
          "religion": "christian"
        }
      },
      "geometry": {
        "type": "Point",
        "coordinates": [
          -74.0736591,
          4.7398216
        ]
      }
    },
    {
      "type": "Feature",
      "properties": {
        "id": 1488684873,
        "nombre": "Colegio Simon Bolívar IED",
        "categoria": "educacion",
        "subcategoria": "school",
        "tags": {
          "addr:housenumber": "143 - 63",
          "addr:street": "Avenida Carrera 92",
          "amenity": "school",
          "education": "school",
          "name": "Colegio Simon Bolívar IED"
        }
      },
      "geometry": {
        "type": "Point",
        "coordinates": [
          -74.0845149,
          4.7413915
        ]
      }
    },
    {
      "type": "Feature",
      "properties": {
        "id": 1488684879,
        "nombre": "Colegio Dulce María",
        "categoria": "educacion",
        "subcategoria": "school",
        "tags": {
          "amenity": "school",
          "education": "school",
          "name": "Colegio Dulce María"
        }
      },
      "geometry": {
        "type": "Point",
        "coordinates": [
          -74.1082285,
          4.7466136
        ]
      }
    },
    {
      "type": "Feature",
      "properties": {
        "id": 1489591394,
        "nombre": "Colegio San José Norte IED",
        "categoria": "educacion",
        "subcategoria": "school",
        "tags": {
          "amenity": "school",
          "education": "school",
          "name": "Colegio San José Norte IED"
        }
      },
      "geometry": {
        "type": "Point",
        "coordinates": [
          -74.1025284,
          4.6959965
        ]
      }
    },
    {
      "type": "Feature",
      "properties": {
        "id": 1489591395,
        "nombre": "Colegio San José Norte I.E.D. - Sede A",
        "categoria": "educacion",
        "subcategoria": "school",
        "tags": {
          "amenity": "school",
          "education": "school",
          "name": "Colegio San José Norte I.E.D. - Sede A"
        }
      },
      "geometry": {
        "type": "Point",
        "coordinates": [
          -74.1016486,
          4.6989436
        ]
      }
    },
    {
      "type": "Feature",
      "properties": {
        "id": 1489591397,
        "nombre": "Colegio Yermo y Parres",
        "categoria": "educacion",
        "subcategoria": "school",
        "tags": {
          "amenity": "school",
          "denomination": "catholic",
          "education": "school",
          "name": "Colegio Yermo y Parres",
          "religion": "christian"
        }
      },
      "geometry": {
        "type": "Point",
        "coordinates": [
          -74.1001454,
          4.697567
        ]
      }
    },
    {
      "type": "Feature",
      "properties": {
        "id": 1490342615,
        "nombre": "Colegio Jorge Gaitán Cortés Sede C",
        "categoria": "educacion",
        "subcategoria": "school",
        "tags": {
          "amenity": "school",
          "education": "school",
          "name": "Colegio Jorge Gaitán Cortés Sede C"
        }
      },
      "geometry": {
        "type": "Point",
        "coordinates": [
          -74.0963926,
          4.7033265
        ]
      }
    },
    {
      "type": "Feature",
      "properties": {
        "id": 1490342620,
        "nombre": "Colegio Distrital Simón Bolivar - Sede B",
        "categoria": "educacion",
        "subcategoria": "school",
        "tags": {
          "amenity": "school",
          "education": "school",
          "name": "Colegio Distrital Simón Bolivar - Sede B"
        }
      },
      "geometry": {
        "type": "Point",
        "coordinates": [
          -74.0951735,
          4.708594
        ]
      }
    },
    {
      "type": "Feature",
      "properties": {
        "id": 1494759064,
        "nombre": "IE Santa Ana sede Antonio Nariño",
        "categoria": "educacion",
        "subcategoria": "school",
        "tags": {
          "amenity": "school",
          "barrier": "yes",
          "education": "school",
          "name": "IE Santa Ana sede Antonio Nariño"
        }
      },
      "geometry": {
        "type": "Point",
        "coordinates": [
          -74.2366885,
          4.569435
        ]
      }
    },
    {
      "type": "Feature",
      "properties": {
        "id": 1498166261,
        "nombre": "Auditorio Bethlemitas",
        "categoria": "educacion",
        "subcategoria": "school",
        "tags": {
          "amenity": "school",
          "education": "school",
          "name": "Auditorio Bethlemitas"
        }
      },
      "geometry": {
        "type": "Point",
        "coordinates": [
          -74.0573646,
          4.6489937
        ]
      }
    },
    {
      "type": "Feature",
      "properties": {
        "id": 1498874279,
        "nombre": "Colegio La Inmaculada",
        "categoria": "educacion",
        "subcategoria": "school",
        "tags": {
          "amenity": "school",
          "barrier": "yes",
          "denomination": "roman_catholic",
          "education": "school",
          "name": "Colegio La Inmaculada",
          "religion": "christian"
        }
      },
      "geometry": {
        "type": "Point",
        "coordinates": [
          -74.0108381,
          4.8837612
        ]
      }
    },
    {
      "type": "Feature",
      "properties": {
        "id": 1498874281,
        "nombre": "SEK Colombia International School",
        "categoria": "educacion",
        "subcategoria": "school",
        "tags": {
          "amenity": "school",
          "barrier": "yes",
          "education": "school",
          "name": "SEK Colombia International School"
        }
      },
      "geometry": {
        "type": "Point",
        "coordinates": [
          -74.0127143,
          4.8816112
        ]
      }
    },
    {
      "type": "Feature",
      "properties": {
        "id": 1498874300,
        "nombre": "Colegio Jorbalán",
        "categoria": "educacion",
        "subcategoria": "school",
        "tags": {
          "amenity": "school",
          "barrier": "yes",
          "education": "school",
          "name": "Colegio Jorbalán"
        }
      },
      "geometry": {
        "type": "Point",
        "coordinates": [
          -74.0256428,
          4.8607937
        ]
      }
    },
    {
      "type": "Feature",
      "properties": {
        "id": 1498874301,
        "nombre": "IE Fusca sede La Caro",
        "categoria": "educacion",
        "subcategoria": "school",
        "tags": {
          "amenity": "school",
          "barrier": "yes",
          "education": "school",
          "name": "IE Fusca sede La Caro",
          "operator": "Institución Educativa Fosca",
          "operator:type": "public"
        }
      },
      "geometry": {
        "type": "Point",
        "coordinates": [
          -74.0267058,
          4.8585154
        ]
      }
    },
    {
      "type": "Feature",
      "properties": {
        "id": 1498874302,
        "nombre": "Universidad Catolica de Colombia sede La Caro",
        "categoria": "educacion",
        "subcategoria": "university",
        "tags": {
          "amenity": "university",
          "barrier": "yes",
          "education": "university",
          "name": "Universidad Catolica de Colombia sede La Caro",
          "operator": "Universidad Catolica de Colombia",
          "operator:type": "private"
        }
      },
      "geometry": {
        "type": "Point",
        "coordinates": [
          -74.0257764,
          4.8591754
        ]
      }
    },
    {
      "type": "Feature",
      "properties": {
        "id": 1499149754,
        "nombre": "IE San Benito",
        "categoria": "educacion",
        "subcategoria": "school",
        "tags": {
          "amenity": "school",
          "education": "school",
          "name": "IE San Benito"
        }
      },
      "geometry": {
        "type": "Point",
        "coordinates": [
          -74.2428303,
          4.5065313
        ]
      }
    },
    {
      "type": "Feature",
      "properties": {
        "id": 1501216220,
        "nombre": "Colegio Cumbres",
        "categoria": "educacion",
        "subcategoria": "school",
        "tags": {
          "amenity": "school",
          "barrier": "yes",
          "education": "school",
          "name": "Colegio Cumbres"
        }
      },
      "geometry": {
        "type": "Point",
        "coordinates": [
          -74.0054024,
          4.8957392
        ]
      }
    },
    {
      "type": "Feature",
      "properties": {
        "id": 1501639495,
        "nombre": "Sin Nombre",
        "categoria": "educacion",
        "subcategoria": "school",
        "tags": {
          "amenity": "school",
          "education": "school"
        }
      },
      "geometry": {
        "type": "Point",
        "coordinates": [
          -74.0611044,
          4.6307134
        ]
      }
    },
    {
      "type": "Feature",
      "properties": {
        "id": 1503620106,
        "nombre": "IE Gimnasio Moderno Colombiano",
        "categoria": "educacion",
        "subcategoria": "school",
        "tags": {
          "amenity": "school",
          "barrier": "yes",
          "education": "school",
          "name": "IE Gimnasio Moderno Colombiano"
        }
      },
      "geometry": {
        "type": "Point",
        "coordinates": [
          -74.178938,
          4.5769156
        ]
      }
    },
    {
      "type": "Feature",
      "properties": {
        "id": 1503643230,
        "nombre": "Colegio Jorge Vicente Micolta sede 1",
        "categoria": "educacion",
        "subcategoria": "school",
        "tags": {
          "amenity": "school",
          "education": "school",
          "name": "Colegio Jorge Vicente Micolta sede 1",
          "operator": "Colegio Jorge Vicente Micolta"
        }
      },
      "geometry": {
        "type": "Point",
        "coordinates": [
          -74.1779672,
          4.5743503
        ]
      }
    },
    {
      "type": "Feature",
      "properties": {
        "id": 1504685010,
        "nombre": "Sin Nombre",
        "categoria": "educacion",
        "subcategoria": "school",
        "tags": {
          "amenity": "school",
          "barrier": "yes",
          "education": "school"
        }
      },
      "geometry": {
        "type": "Point",
        "coordinates": [
          -74.0448435,
          4.7962465
        ]
      }
    },
    {
      "type": "Feature",
      "properties": {
        "id": 1507586663,
        "nombre": "IED Nuevo Horizonte",
        "categoria": "educacion",
        "subcategoria": "school",
        "tags": {
          "amenity": "school",
          "education": "school",
          "name": "IED Nuevo Horizonte"
        }
      },
      "geometry": {
        "type": "Point",
        "coordinates": [
          -74.0255514,
          4.7667129
        ]
      }
    },
    {
      "type": "Feature",
      "properties": {
        "id": 1507823958,
        "nombre": "IED Nuevos Horizontes sede C",
        "categoria": "educacion",
        "subcategoria": "school",
        "tags": {
          "amenity": "school",
          "education": "school",
          "name": "IED Nuevos Horizontes sede C"
        }
      },
      "geometry": {
        "type": "Point",
        "coordinates": [
          -74.0231423,
          4.762999
        ]
      }
    },
    {
      "type": "Feature",
      "properties": {
        "id": 1507823966,
        "nombre": "Colegio Friederich Naumann sede B",
        "categoria": "educacion",
        "subcategoria": "school",
        "tags": {
          "amenity": "school",
          "barrier": "yes",
          "education": "school",
          "name": "Colegio Friederich Naumann sede B"
        }
      },
      "geometry": {
        "type": "Point",
        "coordinates": [
          -74.0251767,
          4.7586234
        ]
      }
    },
    {
      "type": "Feature",
      "properties": {
        "id": 1507823975,
        "nombre": "Idipron Servitá",
        "categoria": "educacion",
        "subcategoria": "school",
        "tags": {
          "amenity": "school",
          "education": "school",
          "name": "Idipron Servitá"
        }
      },
      "geometry": {
        "type": "Point",
        "coordinates": [
          -74.0218776,
          4.7406221
        ]
      }
    },
    {
      "type": "Feature",
      "properties": {
        "id": 1507823977,
        "nombre": "Colegio Friedrich Naumann sede A",
        "categoria": "educacion",
        "subcategoria": "school",
        "tags": {
          "amenity": "school",
          "education": "school",
          "name": "Colegio Friedrich Naumann sede A"
        }
      },
      "geometry": {
        "type": "Point",
        "coordinates": [
          -74.0227708,
          4.7493494
        ]
      }
    },
    {
      "type": "Feature",
      "properties": {
        "id": 1508500139,
        "nombre": "Colegio Provinma Bilingüe",
        "categoria": "educacion",
        "subcategoria": "school",
        "tags": {
          "amenity": "school",
          "barrier": "yes",
          "education": "school",
          "name": "Colegio Provinma Bilingüe"
        }
      },
      "geometry": {
        "type": "Point",
        "coordinates": [
          -74.0347896,
          4.7241448
        ]
      }
    },
    {
      "type": "Feature",
      "properties": {
        "id": 1510390034,
        "nombre": "Colegio Departamental Enrique Pardo Parra",
        "categoria": "educacion",
        "subcategoria": "school",
        "tags": {
          "amenity": "school",
          "barrier": "yes",
          "education": "school",
          "name": "Colegio Departamental Enrique Pardo Parra"
        }
      },
      "geometry": {
        "type": "Point",
        "coordinates": [
          -74.098288,
          4.808746
        ]
      }
    },
    {
      "type": "Feature",
      "properties": {
        "id": 1511706698,
        "nombre": "IED Instituto Parcelas sede El Abra",
        "categoria": "educacion",
        "subcategoria": "school",
        "tags": {
          "amenity": "school",
          "barrier": "yes",
          "education": "school",
          "name": "IED Instituto Parcelas sede El Abra",
          "operator": "IED Instituto Parcelas",
          "operator:type": "public"
        }
      },
      "geometry": {
        "type": "Point",
        "coordinates": [
          -74.1144967,
          4.8064779
        ]
      }
    },
    {
      "type": "Feature",
      "properties": {
        "id": 1511706699,
        "nombre": "Colegio Bilingüe Campestre Principado de Mónaco",
        "categoria": "educacion",
        "subcategoria": "school",
        "tags": {
          "amenity": "school",
          "barrier": "yes",
          "education": "school",
          "name": "Colegio Bilingüe Campestre Principado de Mónaco"
        }
      },
      "geometry": {
        "type": "Point",
        "coordinates": [
          -74.1142768,
          4.805545
        ]
      }
    },
    {
      "type": "Feature",
      "properties": {
        "id": 1511706705,
        "nombre": "IED Instituto Parcelas sede Rozo",
        "categoria": "educacion",
        "subcategoria": "school",
        "tags": {
          "amenity": "school",
          "barrier": "yes",
          "education": "school",
          "name": "IED Instituto Parcelas sede Rozo",
          "operator": "IED Instituto Parcelas",
          "operator:type": "private"
        }
      },
      "geometry": {
        "type": "Point",
        "coordinates": [
          -74.1175826,
          4.7973208
        ]
      }
    },
    {
      "type": "Feature",
      "properties": {
        "id": 1511706709,
        "nombre": "Gimnasio Jireh",
        "categoria": "educacion",
        "subcategoria": "school",
        "tags": {
          "amenity": "school",
          "barrier": "yes",
          "denomination": "protestant",
          "education": "school",
          "name": "Gimnasio Jireh"
        }
      },
      "geometry": {
        "type": "Point",
        "coordinates": [
          -74.0997124,
          4.8274361
        ]
      }
    },
    {
      "type": "Feature",
      "properties": {
        "id": 1511706730,
        "nombre": "Colegio Bilingue Maximiliano Kolbe",
        "categoria": "educacion",
        "subcategoria": "school",
        "tags": {
          "amenity": "school",
          "barrier": "yes",
          "education": "school",
          "name": "Colegio Bilingue Maximiliano Kolbe"
        }
      },
      "geometry": {
        "type": "Point",
        "coordinates": [
          -74.1281924,
          4.7824775
        ]
      }
    },
    {
      "type": "Feature",
      "properties": {
        "id": 1512279978,
        "nombre": "Gimnasio Campestre Los Sauces",
        "categoria": "educacion",
        "subcategoria": "school",
        "tags": {
          "amenity": "school",
          "barrier": "yes",
          "education": "school",
          "name": "Gimnasio Campestre Los Sauces"
        }
      },
      "geometry": {
        "type": "Point",
        "coordinates": [
          -74.12594,
          4.7837603
        ]
      }
    },
    {
      "type": "Feature",
      "properties": {
        "id": 1512279982,
        "nombre": "Colegio Refous",
        "categoria": "educacion",
        "subcategoria": "school",
        "tags": {
          "amenity": "school",
          "barrier": "yes",
          "education": "school",
          "name": "Colegio Refous"
        }
      },
      "geometry": {
        "type": "Point",
        "coordinates": [
          -74.12653,
          4.7857884
        ]
      }
    },
    {
      "type": "Feature",
      "properties": {
        "id": 1512279991,
        "nombre": "Liceo Los Andes",
        "categoria": "educacion",
        "subcategoria": "school",
        "tags": {
          "amenity": "school",
          "barrier": "yes",
          "education": "school",
          "name": "Liceo Los Andes"
        }
      },
      "geometry": {
        "type": "Point",
        "coordinates": [
          -74.1036936,
          4.8156215
        ]
      }
    },
    {
      "type": "Feature",
      "properties": {
        "id": 1529529297,
        "nombre": "Universidad Central",
        "categoria": "educacion",
        "subcategoria": "university",
        "tags": {
          "amenity": "university",
          "name": "Universidad Central"
        }
      },
      "geometry": {
        "type": "Point",
        "coordinates": [
          -74.0689612,
          4.6061457
        ]
      }
    },
    {
      "type": "Feature",
      "properties": {
        "id": 1533048362,
        "nombre": "Gimnasio Campestre Cristiano",
        "categoria": "educacion",
        "subcategoria": "school",
        "tags": {
          "amenity": "school",
          "barrier": "yes",
          "education": "school",
          "name": "Gimnasio Campestre Cristiano"
        }
      },
      "geometry": {
        "type": "Point",
        "coordinates": [
          -74.0416515,
          4.8740266
        ]
      }
    },
    {
      "type": "Feature",
      "properties": {
        "id": 1533598758,
        "nombre": "Children's Vision",
        "categoria": "educacion",
        "subcategoria": "school",
        "tags": {
          "amenity": "school",
          "education": "school",
          "name": "Children's Vision"
        }
      },
      "geometry": {
        "type": "Point",
        "coordinates": [
          -74.1190113,
          4.5871014
        ]
      }
    },
    {
      "type": "Feature",
      "properties": {
        "id": 1533599451,
        "nombre": "Instituto Psicopedagógico Ana María de los Ángeles",
        "categoria": "educacion",
        "subcategoria": "school",
        "tags": {
          "amenity": "school",
          "education": "school",
          "name": "Instituto Psicopedagógico Ana María de los Ángeles"
        }
      },
      "geometry": {
        "type": "Point",
        "coordinates": [
          -74.1207876,
          4.5865471
        ]
      }
    },
    {
      "type": "Feature",
      "properties": {
        "id": 1537831600,
        "nombre": "Colegio Principio de Sabiduría",
        "categoria": "educacion",
        "subcategoria": "school",
        "tags": {
          "amenity": "school",
          "education": "school",
          "name": "Colegio Principio de Sabiduría"
        }
      },
      "geometry": {
        "type": "Point",
        "coordinates": [
          -74.1189713,
          4.5855343
        ]
      }
    },
    {
      "type": "Feature",
      "properties": {
        "id": 1540846898,
        "nombre": "IED Rafael Delgado Salguero Sede B",
        "categoria": "educacion",
        "subcategoria": "school",
        "tags": {
          "amenity": "school",
          "education": "school",
          "name": "IED Rafael Delgado Salguero Sede B"
        }
      },
      "geometry": {
        "type": "Point",
        "coordinates": [
          -74.1191755,
          4.5838133
        ]
      }
    },
    {
      "type": "Feature",
      "properties": {
        "id": 1540988924,
        "nombre": "Fundación Promadín",
        "categoria": "educacion",
        "subcategoria": "school",
        "tags": {
          "amenity": "school",
          "education": "school",
          "name": "Fundación Promadín"
        }
      },
      "geometry": {
        "type": "Point",
        "coordinates": [
          -74.1144556,
          4.5906974
        ]
      }
    },
    {
      "type": "Feature",
      "properties": {
        "id": 3006262,
        "nombre": "IPARM",
        "categoria": "educacion",
        "subcategoria": "school",
        "tags": {
          "amenity": "school",
          "building": "yes",
          "name": "IPARM",
          "official_name": "Instituto Pedagógico Arturo Ramirez Montufar",
          "ref": "434",
          "short_name": "IPARM",
          "type": "multipolygon"
        }
      },
      "geometry": {
        "type": "Point",
        "coordinates": [
          -74.0830768,
          4.640839
        ]
      }
    },
    {
      "type": "Feature",
      "properties": {
        "id": 3158773,
        "nombre": "IPARM (434)",
        "categoria": "educacion",
        "subcategoria": "school",
        "tags": {
          "amenity": "school",
          "name": "IPARM (434)",
          "official_name": "Instituto Pedagógico Arturo Ramirez Montufar",
          "short_name": "IPARM",
          "type": "multipolygon"
        }
      },
      "geometry": {
        "type": "Point",
        "coordinates": [
          -74.0828803,
          4.6415887
        ]
      }
    },
    {
      "type": "Feature",
      "properties": {
        "id": 3861486,
        "nombre": "Colegio Marymount",
        "categoria": "educacion",
        "subcategoria": "school",
        "tags": {
          "amenity": "school",
          "barrier": "yes",
          "name": "Colegio Marymount",
          "type": "multipolygon"
        }
      },
      "geometry": {
        "type": "Point",
        "coordinates": [
          -74.0669655,
          4.7567922
        ]
      }
    },
    {
      "type": "Feature",
      "properties": {
        "id": 5723803,
        "nombre": "Colegio Minuto de Dios Ciudad Verde",
        "categoria": "educacion",
        "subcategoria": "school",
        "tags": {
          "addr:postcode": "250051",
          "amenity": "school",
          "barrier": "fence",
          "denomination": "catholic",
          "grades": "1-11",
          "name": "Colegio Minuto de Dios Ciudad Verde",
          "religion": "christian",
          "type": "multipolygon"
        }
      },
      "geometry": {
        "type": "Point",
        "coordinates": [
          -74.2130542,
          4.6057295
        ]
      }
    },
    {
      "type": "Feature",
      "properties": {
        "id": 7144874,
        "nombre": "Colegio Mixto Ciudadanos del Futuro",
        "categoria": "educacion",
        "subcategoria": "school",
        "tags": {
          "amenity": "school",
          "email": "colegiomixtoltda@hotmail.com",
          "image": "http://www.colegiomixtociudadanosdelfuturoltda.edu.co/images/fachada_nueva.jpg",
          "name": "Colegio Mixto Ciudadanos del Futuro",
          "phone": "7837342",
          "type": "multipolygon",
          "website": "http://www.colegiomixtociudadanosdelfuturoltda.edu.co"
        }
      },
      "geometry": {
        "type": "Point",
        "coordinates": [
          -74.1907518,
          4.6277463
        ]
      }
    },
    {
      "type": "Feature",
      "properties": {
        "id": 7445710,
        "nombre": "Universidad del Rosario",
        "categoria": "educacion",
        "subcategoria": "university",
        "tags": {
          "amenity": "university",
          "building": "yes",
          "education": "university",
          "name": "Universidad del Rosario",
          "operator": "Universidad del Rosario",
          "type": "multipolygon",
          "wikidata": "Q3997334",
          "wikipedia": "es:Universidad del Rosario"
        }
      },
      "geometry": {
        "type": "Point",
        "coordinates": [
          -74.0734533,
          4.6000116
        ]
      }
    },
    {
      "type": "Feature",
      "properties": {
        "id": 9087498,
        "nombre": "Universidad Distrital Francisco José de Caldas Sede El Porvenir",
        "categoria": "educacion",
        "subcategoria": "university",
        "tags": {
          "amenity": "university",
          "internet_access": "yes",
          "name": "Universidad Distrital Francisco José de Caldas Sede El Porvenir",
          "type": "multipolygon"
        }
      },
      "geometry": {
        "type": "Point",
        "coordinates": [
          -74.1857935,
          4.6370095
        ]
      }
    },
    {
      "type": "Feature",
      "properties": {
        "id": 9231398,
        "nombre": "Universidad Santo Tomás sede principal",
        "categoria": "educacion",
        "subcategoria": "university",
        "tags": {
          "amenity": "university",
          "building": "yes",
          "name": "Universidad Santo Tomás sede principal",
          "name:en": "Saint Thomas Aquinas University",
          "type": "multipolygon",
          "wikidata": "Q7402232",
          "wikipedia": "es:Universidad Santo Tomás (Colombia)"
        }
      },
      "geometry": {
        "type": "Point",
        "coordinates": [
          -74.0644389,
          4.6381526
        ]
      }
    },
    {
      "type": "Feature",
      "properties": {
        "id": 9881536,
        "nombre": "Universidad Libre",
        "categoria": "educacion",
        "subcategoria": "university",
        "tags": {
          "amenity": "university",
          "building": "yes",
          "name": "Universidad Libre",
          "type": "multipolygon",
          "wikidata": "Q5500137",
          "wikipedia": "es:Universidad Libre (Colombia)"
        }
      },
      "geometry": {
        "type": "Point",
        "coordinates": [
          -74.0751559,
          4.5948404
        ]
      }
    },
    {
      "type": "Feature",
      "properties": {
        "id": 10307846,
        "nombre": "Universidad Nacional de Colombia",
        "categoria": "educacion",
        "subcategoria": "university",
        "tags": {
          "addr:city": "Bogotá",
          "addr:housenumber": "26-85",
          "addr:street": "Carrera 45",
          "alt_name": "Universidad Nacional",
          "amenity": "university",
          "barrier": "fence",
          "email": "mediosdigitales@unal.edu.co",
          "image": "http://upload.wikimedia.org/wikipedia/commons/thumb/1/1e/UNAL_Logosimbolo.svg/220px-UNAL_Logosimbolo.svg.png",
          "internet_access": "yes",
          "internet_access:fee": "no",
          "loc_name": "Ciudad Universitaria",
          "name": "Universidad Nacional de Colombia",
          "name:en": "National University of Colombia",
          "phone": "+57 601 3165000",
          "short_name": "UNAL",
          "type": "multipolygon",
          "website": "https://unal.edu.co/",
          "wheelchair": "yes",
          "wikidata": "Q7894591",
          "wikipedia": "es:Ciudad Universitaria de Bogotá"
        }
      },
      "geometry": {
        "type": "Point",
        "coordinates": [
          -74.0858587,
          4.6384219
        ]
      }
    },
    {
      "type": "Feature",
      "properties": {
        "id": 10404351,
        "nombre": "Corporación Unificada Nacional de Educacion Superior - CUN",
        "categoria": "educacion",
        "subcategoria": "university",
        "tags": {
          "addr:city": "Bogotá D.C.",
          "addr:street": "Calle 12B",
          "amenity": "university",
          "building": "yes",
          "education": "university",
          "internet_access": "yes",
          "name": "Corporación Unificada Nacional de Educacion Superior - CUN",
          "type": "multipolygon",
          "website": "https://cun.edu.co/",
          "wikidata": "Q20014248",
          "wikipedia": "es:Corporación Unificada Nacional de Educación Superior"
        }
      },
      "geometry": {
        "type": "Point",
        "coordinates": [
          -74.0724312,
          4.5985171
        ]
      }
    },
    {
      "type": "Feature",
      "properties": {
        "id": 12835669,
        "nombre": "Universidad de Ciencias Aplicadas y Ambientales",
        "categoria": "educacion",
        "subcategoria": "university",
        "tags": {
          "addr:city": "Bogotá D.C.",
          "addr:street": "Avenida El Jardin Calle 222",
          "amenity": "university",
          "name": "Universidad de Ciencias Aplicadas y Ambientales",
          "phone": "+57 (1) 6760096",
          "short_name": "U.D.C.A",
          "type": "multipolygon",
          "website": "https://udca.edu.co/",
          "wheelchair": "yes",
          "wikipedia": "es:Universidad de Ciencias Aplicadas y Ambientales"
        }
      },
      "geometry": {
        "type": "Point",
        "coordinates": [
          -74.0498287,
          4.8007412
        ]
      }
    },
    {
      "type": "Feature",
      "properties": {
        "id": 12850401,
        "nombre": "Universidad Externado de Colombia",
        "categoria": "educacion",
        "subcategoria": "university",
        "tags": {
          "addr:city": "Santa Fé",
          "addr:street": "Calle 12",
          "amenity": "university",
          "name": "Universidad Externado de Colombia",
          "type": "multipolygon",
          "wikidata": "Q7894273",
          "wikipedia": "es:Universidad Externado de Colombia"
        }
      },
      "geometry": {
        "type": "Point",
        "coordinates": [
          -74.0676559,
          4.595989
        ]
      }
    },
    {
      "type": "Feature",
      "properties": {
        "id": 12923963,
        "nombre": "Universidad de los Andes",
        "categoria": "educacion",
        "subcategoria": "university",
        "tags": {
          "amenity": "university",
          "internet_access": "yes",
          "internet_access:fee": "no",
          "name": "Universidad de los Andes",
          "type": "multipolygon",
          "website": "http://uniandes.edu.co",
          "wikidata": "Q1569421",
          "wikipedia": "es:Universidad de los Andes (Colombia)"
        }
      },
      "geometry": {
        "type": "Point",
        "coordinates": [
          -74.064513,
          4.6011978
        ]
      }
    },
    {
      "type": "Feature",
      "properties": {
        "id": 13593109,
        "nombre": "Liceo Moderno Walt Whitman",
        "categoria": "educacion",
        "subcategoria": "school",
        "tags": {
          "amenity": "school",
          "name": "Liceo Moderno Walt Whitman",
          "type": "multipolygon"
        }
      },
      "geometry": {
        "type": "Point",
        "coordinates": [
          -74.1224841,
          4.5931246
        ]
      }
    },
    {
      "type": "Feature",
      "properties": {
        "id": 13631944,
        "nombre": "Liceo Rómulo Gallegos",
        "categoria": "educacion",
        "subcategoria": "school",
        "tags": {
          "amenity": "school",
          "name": "Liceo Rómulo Gallegos",
          "type": "multipolygon"
        }
      },
      "geometry": {
        "type": "Point",
        "coordinates": [
          -74.1072302,
          4.5992135
        ]
      }
    },
    {
      "type": "Feature",
      "properties": {
        "id": 13812526,
        "nombre": "IED La Felicidad",
        "categoria": "educacion",
        "subcategoria": "school",
        "tags": {
          "amenity": "school",
          "grades": "1-11",
          "name": "IED La Felicidad",
          "type": "multipolygon"
        }
      },
      "geometry": {
        "type": "Point",
        "coordinates": [
          -74.1308159,
          4.6560184
        ]
      }
    },
    {
      "type": "Feature",
      "properties": {
        "id": 17546752,
        "nombre": "Universidad América",
        "categoria": "educacion",
        "subcategoria": "university",
        "tags": {
          "amenity": "university",
          "name": "Universidad América",
          "type": "multipolygon",
          "wikidata": "Q11050122",
          "wikipedia": "es:Universidad de América"
        }
      },
      "geometry": {
        "type": "Point",
        "coordinates": [
          -74.0614514,
          4.601268
        ]
      }
    },
    {
      "type": "Feature",
      "properties": {
        "id": 18430222,
        "nombre": "Universidad de la Sabana",
        "categoria": "educacion",
        "subcategoria": "university",
        "tags": {
          "amenity": "university",
          "internet_access": "yes",
          "internet_access:ssid": "UniSabana",
          "name": "Universidad de la Sabana",
          "source": "Kaart Ground Survey 2017",
          "source:ref": "http://eol.jsc.nasa.gov/scripts/sseop/QuickView.pl?directory=ESC&ID=ISS018-E-28724",
          "type": "multipolygon"
        }
      },
      "geometry": {
        "type": "Point",
        "coordinates": [
          -74.0325362,
          4.8604053
        ]
      }
    },
    {
      "type": "Feature",
      "properties": {
        "id": 18442747,
        "nombre": "Colegio Bilingüe Richmond",
        "categoria": "educacion",
        "subcategoria": "school",
        "tags": {
          "amenity": "school",
          "name": "Colegio Bilingüe Richmond",
          "type": "multipolygon"
        }
      },
      "geometry": {
        "type": "Point",
        "coordinates": [
          -74.0434005,
          4.8005083
        ]
      }
    }
  ]
}