{
  "type": "FeatureCollection",
  "features": [
    {
      "type": "Feature",
      "properties": {
        "id": 313416844,
        "nombre": "Clínica El Bosque",
        "categoria": "salud",
        "subcategoria": "hospital",
        "tags": {
          "addr:country": "CO",
          "amenity": "hospital",
          "healthcare": "hospital",
          "name": "Clínica El Bosque"
        }
      },
      "geometry": {
        "type": "Point",
        "coordinates": [
          -74.0307709,
          4.7118162
        ]
      }
    },
    {
      "type": "Feature",
      "properties": {
        "id": 314114536,
        "nombre": "Clínica Universidad de La Sabana",
        "categoria": "salud",
        "subcategoria": "hospital",
        "tags": {
          "addr:city": "Chía",
          "addr:country": "CO",
          "addr:housenumber": "Km 7",
          "addr:street": "Autopista Norte",
          "amenity": "hospital",
          "healthcare": "hospital",
          "name": "Clínica Universidad de La Sabana"
        }
      },
      "geometry": {
        "type": "Point",
        "coordinates": [
          -74.0306078,
          4.8562152
        ]
      }
    },
    {
      "type": "Feature",
      "properties": {
        "id": 322779022,
        "nombre": "Clínica Nuestra Señora del Rosario",
        "categoria": "salud",
        "subcategoria": "hospital",
        "tags": {
          "amenity": "hospital",
          "ele": "2920",
          "name": "Clínica Nuestra Señora del Rosario"
        }
      },
      "geometry": {
        "type": "Point",
        "coordinates": [
          -73.9689946,
          4.7154135
        ]
      }
    },
    {
      "type": "Feature",
      "properties": {
        "id": 326170171,
        "nombre": "Fundación Cardio Infantil Urgencias",
        "categoria": "salud",
        "subcategoria": "clinic",
        "tags": {
          "addr:country": "CO",
          "amenity": "clinic",
          "emergency": "yes",
          "name": "Fundación Cardio Infantil Urgencias"
        }
      },
      "geometry": {
        "type": "Point",
        "coordinates": [
          -74.0346193,
          4.7415046
        ]
      }
    },
    {
      "type": "Feature",
      "properties": {
        "id": 349622138,
        "nombre": "San Juan de Dios",
        "categoria": "salud",
        "subcategoria": "hospital",
        "tags": {
          "addr:country": "CO",
          "amenity": "hospital",
          "name": "San Juan de Dios"
        }
      },
      "geometry": {
        "type": "Point",
        "coordinates": [
          -74.0383028,
          4.8644558
        ]
      }
    },
    {
      "type": "Feature",
      "properties": {
        "id": 370255315,
        "nombre": "Consultorios Country",
        "categoria": "salud",
        "subcategoria": "hospital",
        "tags": {
          "addr:street": "Carrera 17",
          "amenity": "hospital",
          "healthcare": "hospital",
          "name": "Consultorios Country",
          "source": "Kaart Ground Survey 2017",
          "wheelchair": "limited"
        }
      },
      "geometry": {
        "type": "Point",
        "coordinates": [
          -74.0572938,
          4.6686029
        ]
      }
    },
    {
      "type": "Feature",
      "properties": {
        "id": 392333383,
        "nombre": "Clínica Vascular Navarra",
        "categoria": "salud",
        "subcategoria": "hospital",
        "tags": {
          "addr:city": "Bogotá D.C.",
          "addr:housenumber": "106-30",
          "addr:postcode": "110111",
          "addr:street": "Avenida Carrera 45",
          "amenity": "hospital",
          "emergency": "yes",
          "healthcare": "hospital",
          "name": "Clínica Vascular Navarra"
        }
      },
      "geometry": {
        "type": "Point",
        "coordinates": [
          -74.0555222,
          4.6938583
        ]
      }
    },
    {
      "type": "Feature",
      "properties": {
        "id": 545439114,
        "nombre": "Sin Nombre",
        "categoria": "salud",
        "subcategoria": "hospital",
        "tags": {
          "amenity": "hospital"
        }
      },
      "geometry": {
        "type": "Point",
        "coordinates": [
          -73.9239618,
          4.5310772
        ]
      }
    },
    {
      "type": "Feature",
      "properties": {
        "id": 609071708,
        "nombre": "Clínica la Carolina",
        "categoria": "salud",
        "subcategoria": "hospital",
        "tags": {
          "amenity": "hospital",
          "healthcare": "hospital",
          "name": "Clínica la Carolina"
        }
      },
      "geometry": {
        "type": "Point",
        "coordinates": [
          -74.0410976,
          4.7044138
        ]
      }
    },
    {
      "type": "Feature",
      "properties": {
        "id": 626874480,
        "nombre": "Clínica de Hipertensión Arterial y Cuidados Coronarios - CHACC",
        "categoria": "salud",
        "subcategoria": "hospital",
        "tags": {
          "amenity": "hospital",
          "emergency": "no",
          "healthcare": "hospital",
          "name": "Clínica de Hipertensión Arterial y Cuidados Coronarios - CHACC",
          "source": "Kaart Ground Survey 2017"
        }
      },
      "geometry": {
        "type": "Point",
        "coordinates": [
          -74.0571618,
          4.6906198
        ]
      }
    },
    {
      "type": "Feature",
      "properties": {
        "id": 679776977,
        "nombre": "Clínica SaludCoop Policarpa",
        "categoria": "salud",
        "subcategoria": "clinic",
        "tags": {
          "amenity": "clinic",
          "healthcare": "clinic",
          "name": "Clínica SaludCoop Policarpa"
        }
      },
      "geometry": {
        "type": "Point",
        "coordinates": [
          -74.0866405,
          4.5871845
        ]
      }
    },
    {
      "type": "Feature",
      "properties": {
        "id": 815175854,
        "nombre": "Clínica De Cancer De Bogotà",
        "categoria": "salud",
        "subcategoria": "hospital",
        "tags": {
          "amenity": "hospital",
          "healthcare": "hospital",
          "name": "Clínica De Cancer De Bogotà"
        }
      },
      "geometry": {
        "type": "Point",
        "coordinates": [
          -74.1068885,
          4.5924102
        ]
      }
    },
    {
      "type": "Feature",
      "properties": {
        "id": 992178647,
        "nombre": "Centro Medico Cruz Blanca",
        "categoria": "salud",
        "subcategoria": "hospital",
        "tags": {
          "amenity": "hospital",
          "healthcare": "hospital",
          "name": "Centro Medico Cruz Blanca"
        }
      },
      "geometry": {
        "type": "Point",
        "coordinates": [
          -74.2207815,
          4.5779907
        ]
      }
    },
    {
      "type": "Feature",
      "properties": {
        "id": 1042145111,
        "nombre": "Dispensario Medico Fuerza Aerea",
        "categoria": "salud",
        "subcategoria": "clinic",
        "tags": {
          "addr:street": "Carrera 45",
          "amenity": "clinic",
          "name": "Dispensario Medico Fuerza Aerea",
          "source": "ourairports.com"
        }
      },
      "geometry": {
        "type": "Point",
        "coordinates": [
          -74.082965,
          4.6499703
        ]
      }
    },
    {
      "type": "Feature",
      "properties": {
        "id": 1193314956,
        "nombre": "Nueva Eps",
        "categoria": "salud",
        "subcategoria": "hospital",
        "tags": {
          "amenity": "hospital",
          "healthcare": "hospital",
          "name": "Nueva Eps"
        }
      },
      "geometry": {
        "type": "Point",
        "coordinates": [
          -74.0929713,
          4.7444966
        ]
      }
    },
    {
      "type": "Feature",
      "properties": {
        "id": 1230757169,
        "nombre": "CAPS Ismael Perdomo",
        "categoria": "salud",
        "subcategoria": "clinic",
        "tags": {
          "addr:full": "CALLE 64 SUR No. 71 F - 18",
          "addr:housenumber": "63 A 05 sur",
          "addr:postcode": "111921",
          "addr:street": "Carrera 71F",
          "amenity": "clinic",
          "healthcare": "clinic",
          "name": "CAPS Ismael Perdomo"
        }
      },
      "geometry": {
        "type": "Point",
        "coordinates": [
          -74.1652085,
          4.5876389
        ]
      }
    },
    {
      "type": "Feature",
      "properties": {
        "id": 1317977132,
        "nombre": "Totalfarma",
        "categoria": "salud",
        "subcategoria": "hospital",
        "tags": {
          "addr:street": "Calle 72",
          "amenity": "hospital",
          "healthcare": "hospital",
          "name": "Totalfarma",
          "source": "Kaart Ground Survey 2017",
          "wheelchair": "no"
        }
      },
      "geometry": {
        "type": "Point",
        "coordinates": [
          -74.0690447,
          4.6646389
        ]
      }
    },
    {
      "type": "Feature",
      "properties": {
        "id": 1317977136,
        "nombre": "Drogas Popular",
        "categoria": "salud",
        "subcategoria": "hospital",
        "tags": {
          "addr:street": "Avenida Calle 72",
          "amenity": "hospital",
          "healthcare": "hospital",
          "name": "Drogas Popular",
          "source": "Kaart Ground Survey 2017"
        }
      },
      "geometry": {
        "type": "Point",
        "coordinates": [
          -74.0788844,
          4.6721415
        ]
      }
    },
    {
      "type": "Feature",
      "properties": {
        "id": 1460310724,
        "nombre": "Hospital Fontibón",
        "categoria": "salud",
        "subcategoria": "hospital",
        "tags": {
          "amenity": "hospital",
          "emergency": "no",
          "healthcare": "hospital",
          "name": "Hospital Fontibón"
        }
      },
      "geometry": {
        "type": "Point",
        "coordinates": [
          -74.1420402,
          4.6728771
        ]
      }
    },
    {
      "type": "Feature",
      "properties": {
        "id": 1626840072,
        "nombre": "Clínica Odontologica Jasban",
        "categoria": "salud",
        "subcategoria": "hospital",
        "tags": {
          "amenity": "hospital",
          "healthcare": "hospital",
          "name": "Clínica Odontologica Jasban"
        }
      },
      "geometry": {
        "type": "Point",
        "coordinates": [
          -74.0555373,
          4.6933194
        ]
      }
    },
    {
      "type": "Feature",
      "properties": {
        "id": 1626844670,
        "nombre": "Instituto de Ortopedia y Fractura",
        "categoria": "salud",
        "subcategoria": "hospital",
        "tags": {
          "amenity": "hospital",
          "healthcare": "hospital",
          "healthcare:speciality": "orthopaedics;physiotherapy",
          "name": "Instituto de Ortopedia y Fractura"
        }
      },
      "geometry": {
        "type": "Point",
        "coordinates": [
          -74.0503492,
          4.6976859
        ]
      }
    },
    {
      "type": "Feature",
      "properties": {
        "id": 1626845467,
        "nombre": "LaFam",
        "categoria": "salud",
        "subcategoria": "hospital",
        "tags": {
          "amenity": "hospital",
          "healthcare": "hospital",
          "name": "LaFam"
        }
      },
      "geometry": {
        "type": "Point",
        "coordinates": [
          -74.0511921,
          4.692218
        ]
      }
    },
    {
      "type": "Feature",
      "properties": {
        "id": 1626846961,
        "nombre": "Clínica de la Sabana",
        "categoria": "salud",
        "subcategoria": "hospital",
        "tags": {
          "addr:street": "Avenida Carrera 19",
          "amenity": "hospital",
          "healthcare": "hospital",
          "name": "Clínica de la Sabana",
          "source": "Kaart Ground Survey 2017"
        }
      },
      "geometry": {
        "type": "Point",
        "coordinates": [
          -74.0519818,
          4.688106
        ]
      }
    },
    {
      "type": "Feature",
      "properties": {
        "id": 1626852523,
        "nombre": "Edificio Dalí - Clínica Estetica",
        "categoria": "salud",
        "subcategoria": "hospital",
        "tags": {
          "amenity": "hospital",
          "healthcare": "hospital",
          "name": "Edificio Dalí - Clínica Estetica"
        }
      },
      "geometry": {
        "type": "Point",
        "coordinates": [
          -74.0571037,
          4.6846581
        ]
      }
    },
    {
      "type": "Feature",
      "properties": {
        "id": 1661279380,
        "nombre": "Hospital de Chapinero",
        "categoria": "salud",
        "subcategoria": "hospital",
        "tags": {
          "amenity": "hospital",
          "emergency": "yes",
          "healthcare": "hospital",
          "name": "Hospital de Chapinero"
        }
      },
      "geometry": {
        "type": "Point",
        "coordinates": [
          -74.0633017,
          4.6655942
        ]
      }
    },
    {
      "type": "Feature",
      "properties": {
        "id": 1661458473,
        "nombre": "Sanitas CLL 95",
        "categoria": "salud",
        "subcategoria": "hospital",
        "tags": {
          "amenity": "hospital",
          "emergency": "no",
          "healthcare": "hospital",
          "name": "Sanitas CLL 95"
        }
      },
      "geometry": {
        "type": "Point",
        "coordinates": [
          -74.0485803,
          4.6811406
        ]
      }
    },
    {
      "type": "Feature",
      "properties": {
        "id": 2040979151,
        "nombre": "Centro Médico Uniandes",
        "categoria": "salud",
        "subcategoria": "hospital",
        "tags": {
          "amenity": "hospital",
          "contact:phone": "+57 601 3394949",
          "description": "Entrada por el edificio Ñh",
          "designation": "Centro médico",
          "emergency": "yes",
          "healthcare": "hospital",
          "name": "Centro Médico Uniandes",
          "source": "http://medicina.uniandes.edu.co"
        }
      },
      "geometry": {
        "type": "Point",
        "coordinates": [
          -74.0669169,
          4.6012791
        ]
      }
    },
    {
      "type": "Feature",
      "properties": {
        "id": 2315535486,
        "nombre": "Salud Total",
        "categoria": "salud",
        "subcategoria": "hospital",
        "tags": {
          "amenity": "hospital",
          "healthcare": "hospital",
          "name": "Salud Total"
        }
      },
      "geometry": {
        "type": "Point",
        "coordinates": [
          -74.0788582,
          4.6359714
        ]
      }
    },
    {
      "type": "Feature",
      "properties": {
        "id": 2374397659,
        "nombre": "IMEVI sede Galerias",
        "categoria": "salud",
        "subcategoria": "clinic",
        "tags": {
          "addr:street": "carrera 24 50 - 68",
          "amenity": "clinic",
          "emergency": "no",
          "healthcare": "clinic",
          "name": "IMEVI sede Galerias",
          "operator": "Compensar"
        }
      },
      "geometry": {
        "type": "Point",
        "coordinates": [
          -74.0742149,
          4.6391828
        ]
      }
    },
    {
      "type": "Feature",
      "properties": {
        "id": 2819032330,
        "nombre": "Policlínico Bosa",
        "categoria": "salud",
        "subcategoria": "clinic",
        "tags": {
          "amenity": "clinic",
          "name": "Policlínico Bosa",
          "opening_hours": "24/7"
        }
      },
      "geometry": {
        "type": "Point",
        "coordinates": [
          -74.1876999,
          4.6054814
        ]
      }
    },
    {
      "type": "Feature",
      "properties": {
        "id": 3419842531,
        "nombre": "Odontología",
        "categoria": "salud",
        "subcategoria": "hospital",
        "tags": {
          "amenity": "hospital",
          "healthcare": "hospital",
          "name": "Odontología"
        }
      },
      "geometry": {
        "type": "Point",
        "coordinates": [
          -74.132597,
          4.5994773
        ]
      }
    },
    {
      "type": "Feature",
      "properties": {
        "id": 3419846101,
        "nombre": "Instituto Laboratorio Clinico",
        "categoria": "salud",
        "subcategoria": "hospital",
        "tags": {
          "amenity": "hospital",
          "healthcare": "hospital",
          "name": "Instituto Laboratorio Clinico"
        }
      },
      "geometry": {
        "type": "Point",
        "coordinates": [
          -74.0670123,
          4.625976
        ]
      }
    },
    {
      "type": "Feature",
      "properties": {
        "id": 3544818813,
        "nombre": "Clínica San Francisco de Asis",
        "categoria": "salud",
        "subcategoria": "hospital",
        "tags": {
          "addr:city": "Bogota",
          "addr:street": "Calle 16",
          "amenity": "hospital",
          "healthcare": "hospital",
          "name": "Clínica San Francisco de Asis"
        }
      },
      "geometry": {
        "type": "Point",
        "coordinates": [
          -74.0806549,
          4.6081771
        ]
      }
    },
    {
      "type": "Feature",
      "properties": {
        "id": 3649459146,
        "nombre": "Puesto de la Cruz Roja",
        "categoria": "salud",
        "subcategoria": "hospital",
        "tags": {
          "amenity": "hospital",
          "name": "Puesto de la Cruz Roja",
          "operator": "Cruz Roja"
        }
      },
      "geometry": {
        "type": "Point",
        "coordinates": [
          -74.0549947,
          4.605784
        ]
      }
    },
    {
      "type": "Feature",
      "properties": {
        "id": 3697926116,
        "nombre": "Laboratorio Clínico Gómez Vesga",
        "categoria": "salud",
        "subcategoria": "clinic",
        "tags": {
          "addr:street": "Calle 125",
          "amenity": "clinic",
          "healthcare": "clinic",
          "name": "Laboratorio Clínico Gómez Vesga",
          "source": "Kaart Ground Survey 2017"
        }
      },
      "geometry": {
        "type": "Point",
        "coordinates": [
          -74.0510595,
          4.7046979
        ]
      }
    },
    {
      "type": "Feature",
      "properties": {
        "id": 3754553226,
        "nombre": "Gastromedicall",
        "categoria": "salud",
        "subcategoria": "clinic",
        "tags": {
          "addr:city": "Bogotá D.C.",
          "addr:housenumber": "19a-44 Consultorios 512/513/514",
          "addr:postcode": "110121",
          "addr:street": "Avenida Calle 127",
          "amenity": "clinic",
          "name": "Gastromedicall",
          "note": "Gastroenterología, Endoscopia, Colonoscopia, Fibroscan, Videocápsula endoscópica, Balón intragástrico, Test de aliento hpilory",
          "phone": "+571 625 0199 / 625 0210",
          "website": "http://www.gastromedicall.com"
        }
      },
      "geometry": {
        "type": "Point",
        "coordinates": [
          -74.0500367,
          4.7062068
        ]
      }
    },
    {
      "type": "Feature",
      "properties": {
        "id": 3755437887,
        "nombre": "Tania Salud",
        "categoria": "salud",
        "subcategoria": "clinic",
        "tags": {
          "addr:city": "Bogotá D.C.",
          "addr:housenumber": "51-14",
          "addr:street": "Carrera 15",
          "amenity": "clinic",
          "name": "Tania Salud",
          "source": "Kaart Ground Survey 2017"
        }
      },
      "geometry": {
        "type": "Point",
        "coordinates": [
          -74.0675683,
          4.6387856
        ]
      }
    },
    {
      "type": "Feature",
      "properties": {
        "id": 4056991817,
        "nombre": "Sin Nombre",
        "categoria": "salud",
        "subcategoria": "clinic",
        "tags": {
          "amenity": "clinic",
          "phone": "+57 310 1432"
        }
      },
      "geometry": {
        "type": "Point",
        "coordinates": [
          -74.0636895,
          4.6496384
        ]
      }
    },
    {
      "type": "Feature",
      "properties": {
        "id": 4101111353,
        "nombre": "Nueva Esps",
        "categoria": "salud",
        "subcategoria": "clinic",
        "tags": {
          "addr:housenumber": "47-39",
          "addr:street": "Avenida Caracas",
          "amenity": "clinic",
          "name": "Nueva Esps"
        }
      },
      "geometry": {
        "type": "Point",
        "coordinates": [
          -74.0674557,
          4.6349383
        ]
      }
    },
    {
      "type": "Feature",
      "properties": {
        "id": 4103735736,
        "nombre": "IPS CRC Valoramos",
        "categoria": "salud",
        "subcategoria": "clinic",
        "tags": {
          "amenity": "clinic",
          "healthcare": "clinic",
          "name": "IPS CRC Valoramos"
        }
      },
      "geometry": {
        "type": "Point",
        "coordinates": [
          -74.0662134,
          4.6292389
        ]
      }
    },
    {
      "type": "Feature",
      "properties": {
        "id": 4103811703,
        "nombre": "Salud Ocupacional Colcan",
        "categoria": "salud",
        "subcategoria": "clinic",
        "tags": {
          "amenity": "clinic",
          "healthcare": "clinic",
          "name": "Salud Ocupacional Colcan"
        }
      },
      "geometry": {
        "type": "Point",
        "coordinates": [
          -74.0657887,
          4.632092
        ]
      }
    },
    {
      "type": "Feature",
      "properties": {
        "id": 4117589314,
        "nombre": "Fundemos I.p.s.",
        "categoria": "salud",
        "subcategoria": "clinic",
        "tags": {
          "amenity": "clinic",
          "healthcare": "clinic",
          "name": "Fundemos I.p.s."
        }
      },
      "geometry": {
        "type": "Point",
        "coordinates": [
          -74.0671731,
          4.6284326
        ]
      }
    },
    {
      "type": "Feature",
      "properties": {
        "id": 4124935696,
        "nombre": "Clínica De Marly Archivo 50",
        "categoria": "salud",
        "subcategoria": "clinic",
        "tags": {
          "addr:city": "Bogotá D.C.",
          "addr:housenumber": "13-73",
          "addr:street": "Calle 50",
          "amenity": "clinic",
          "healthcare": "clinic",
          "name": "Clínica De Marly Archivo 50"
        }
      },
      "geometry": {
        "type": "Point",
        "coordinates": [
          -74.0664165,
          4.6373158
        ]
      }
    },
    {
      "type": "Feature",
      "properties": {
        "id": 4230329693,
        "nombre": "Goleman Teusaquillo",
        "categoria": "salud",
        "subcategoria": "clinic",
        "tags": {
          "amenity": "clinic",
          "name": "Goleman Teusaquillo"
        }
      },
      "geometry": {
        "type": "Point",
        "coordinates": [
          -74.0748375,
          4.6277
        ]
      }
    },
    {
      "type": "Feature",
      "properties": {
        "id": 4230798790,
        "nombre": "Orthohand",
        "categoria": "salud",
        "subcategoria": "clinic",
        "tags": {
          "amenity": "clinic",
          "name": "Orthohand"
        }
      },
      "geometry": {
        "type": "Point",
        "coordinates": [
          -74.1317367,
          4.6304281
        ]
      }
    },
    {
      "type": "Feature",
      "properties": {
        "id": 4232060989,
        "nombre": "Goleman LA Soledad",
        "categoria": "salud",
        "subcategoria": "clinic",
        "tags": {
          "amenity": "clinic",
          "healthcare": "clinic",
          "name": "Goleman LA Soledad"
        }
      },
      "geometry": {
        "type": "Point",
        "coordinates": [
          -74.0768908,
          4.6373383
        ]
      }
    },
    {
      "type": "Feature",
      "properties": {
        "id": 4236749589,
        "nombre": "Country Medical Center",
        "categoria": "salud",
        "subcategoria": "clinic",
        "tags": {
          "addr:street": "Carrera 19A",
          "amenity": "clinic",
          "name": "Country Medical Center"
        }
      },
      "geometry": {
        "type": "Point",
        "coordinates": [
          -74.0590022,
          4.6696738
        ]
      }
    },
    {
      "type": "Feature",
      "properties": {
        "id": 4267146497,
        "nombre": "kekerkre",
        "categoria": "salud",
        "subcategoria": "hospital",
        "tags": {
          "amenity": "hospital",
          "healthcare": "hospital",
          "name": "kekerkre"
        }
      },
      "geometry": {
        "type": "Point",
        "coordinates": [
          -74.0520929,
          4.6521807
        ]
      }
    },
    {
      "type": "Feature",
      "properties": {
        "id": 4313654837,
        "nombre": "Drogueria Cafam",
        "categoria": "salud",
        "subcategoria": "hospital",
        "tags": {
          "addr:housenumber": "19-63",
          "addr:street": "Carrera 7",
          "amenity": "hospital",
          "healthcare": "hospital",
          "name": "Drogueria Cafam"
        }
      },
      "geometry": {
        "type": "Point",
        "coordinates": [
          -74.0714421,
          4.6060582
        ]
      }
    },
    {
      "type": "Feature",
      "properties": {
        "id": 4366360695,
        "nombre": "Medicentro 93",
        "categoria": "salud",
        "subcategoria": "clinic",
        "tags": {
          "addr:housenumber": "17-12/26",
          "addr:street": "Calle 93B",
          "amenity": "clinic",
          "name": "Medicentro 93",
          "name:es": "Medicentro 93"
        }
      },
      "geometry": {
        "type": "Point",
        "coordinates": [
          -74.0526243,
          4.6794398
        ]
      }
    },
    {
      "type": "Feature",
      "properties": {
        "id": 4564102289,
        "nombre": "Cayre",
        "categoria": "salud",
        "subcategoria": "clinic",
        "tags": {
          "addr:housenumber": "38",
          "addr:street": "Carrera 12",
          "amenity": "clinic",
          "healthcare": "clinic",
          "name": "Cayre",
          "opening_hours": "24/7",
          "phone": "6446800",
          "website": "https://cayre.co"
        }
      },
      "geometry": {
        "type": "Point",
        "coordinates": [
          -74.0458262,
          4.6821974
        ]
      }
    },
    {
      "type": "Feature",
      "properties": {
        "id": 4596421290,
        "nombre": "Eps Cafam",
        "categoria": "salud",
        "subcategoria": "clinic",
        "tags": {
          "amenity": "clinic",
          "name": "Eps Cafam",
          "name:es": "Eps Cafam"
        }
      },
      "geometry": {
        "type": "Point",
        "coordinates": [
          -74.1045036,
          4.7082642
        ]
      }
    },
    {
      "type": "Feature",
      "properties": {
        "id": 4701904491,
        "nombre": "Horus",
        "categoria": "salud",
        "subcategoria": "clinic",
        "tags": {
          "addr:housenumber": "85-11",
          "addr:street": "Carrera 19A",
          "amenity": "clinic",
          "healthcare": "clinic",
          "name": "Horus"
        }
      },
      "geometry": {
        "type": "Point",
        "coordinates": [
          -74.0577017,
          4.6718773
        ]
      }
    },
    {
      "type": "Feature",
      "properties": {
        "id": 4731462022,
        "nombre": "MEDICARTE",
        "categoria": "salud",
        "subcategoria": "clinic",
        "tags": {
          "amenity": "clinic",
          "name": "MEDICARTE",
          "name:es": "MEDICARTE"
        }
      },
      "geometry": {
        "type": "Point",
        "coordinates": [
          -74.0575382,
          4.669341
        ]
      }
    },
    {
      "type": "Feature",
      "properties": {
        "id": 4753302623,
        "nombre": "Hospital Universitario Clínica San Rafael Urgencias",
        "categoria": "salud",
        "subcategoria": "clinic",
        "tags": {
          "addr:city": "Pereira",
          "addr:street": "Carrera 8",
          "amenity": "clinic",
          "healthcare": "clinic",
          "name": "Hospital Universitario Clínica San Rafael Urgencias",
          "name:es": "Hospital universitario clínica San Rafael urgencias",
          "website": "https://www.ipsclinicasanrafael.com/institucional/"
        }
      },
      "geometry": {
        "type": "Point",
        "coordinates": [
          -74.09135,
          4.5762585
        ]
      }
    },
    {
      "type": "Feature",
      "properties": {
        "id": 4831147422,
        "nombre": "E.P.S. Sanitas",
        "categoria": "salud",
        "subcategoria": "clinic",
        "tags": {
          "addr:street": "Diagonal 115A",
          "amenity": "clinic",
          "healthcare": "clinic",
          "internet_access": "wlan",
          "name": "E.P.S. Sanitas",
          "name:es": "E.P.S. Sanitas"
        }
      },
      "geometry": {
        "type": "Point",
        "coordinates": [
          -74.0719838,
          4.6989769
        ]
      }
    },
    {
      "type": "Feature",
      "properties": {
        "id": 4832914021,
        "nombre": "Centro Odontologíco Fuerza Aérea",
        "categoria": "salud",
        "subcategoria": "hospital",
        "tags": {
          "addr:housenumber": "crra 27A 52-14",
          "amenity": "hospital",
          "healthcare": "hospital",
          "name": "Centro Odontologíco Fuerza Aérea",
          "name:es": "Centro Odontologíco Fuerza Aérea"
        }
      },
      "geometry": {
        "type": "Point",
        "coordinates": [
          -74.0765505,
          4.6413289
        ]
      }
    },
    {
      "type": "Feature",
      "properties": {
        "id": 4846075122,
        "nombre": "Sin Nombre",
        "categoria": "salud",
        "subcategoria": "clinic",
        "tags": {
          "amenity": "clinic",
          "name:ko": "타투상가"
        }
      },
      "geometry": {
        "type": "Point",
        "coordinates": [
          -74.0702002,
          4.6042923
        ]
      }
    },
    {
      "type": "Feature",
      "properties": {
        "id": 4946357722,
        "nombre": "Country",
        "categoria": "salud",
        "subcategoria": "clinic",
        "tags": {
          "amenity": "clinic",
          "check_date": "2024-05-21",
          "name": "Country",
          "name:es": "Country"
        }
      },
      "geometry": {
        "type": "Point",
        "coordinates": [
          -74.0566707,
          4.6689792
        ]
      }
    },
    {
      "type": "Feature",
      "properties": {
        "id": 5129716401,
        "nombre": "Salud Fisico",
        "categoria": "salud",
        "subcategoria": "clinic",
        "tags": {
          "addr:city": "Chía",
          "addr:street": "Carrera 7",
          "amenity": "clinic",
          "name": "Salud Fisico",
          "source": "Kaart Ground Survey 2017"
        }
      },
      "geometry": {
        "type": "Point",
        "coordinates": [
          -74.0561715,
          4.8622382
        ]
      }
    },
    {
      "type": "Feature",
      "properties": {
        "id": 5131518962,
        "nombre": "Eyebix",
        "categoria": "salud",
        "subcategoria": "clinic",
        "tags": {
          "addr:street": "Calle 109",
          "amenity": "clinic",
          "healthcare": "clinic",
          "name": "Eyebix",
          "source": "Kaart Ground Survey 2017"
        }
      },
      "geometry": {
        "type": "Point",
        "coordinates": [
          -74.0441739,
          4.6924345
        ]
      }
    },
    {
      "type": "Feature",
      "properties": {
        "id": 5131876240,
        "nombre": "Centro De Análisis Molecular",
        "categoria": "salud",
        "subcategoria": "clinic",
        "tags": {
          "addr:street": "Autopista Norte",
          "amenity": "clinic",
          "name": "Centro De Análisis Molecular",
          "source": "Kaart Ground Survey 2017"
        }
      },
      "geometry": {
        "type": "Point",
        "coordinates": [
          -74.04908,
          4.7323395
        ]
      }
    },
    {
      "type": "Feature",
      "properties": {
        "id": 5131891129,
        "nombre": "Colmédica",
        "categoria": "salud",
        "subcategoria": "clinic",
        "tags": {
          "addr:street": "Avenida Calle 116",
          "amenity": "clinic",
          "healthcare": "clinic",
          "name": "Colmédica",
          "source": "Kaart Ground Survey 2017"
        }
      },
      "geometry": {
        "type": "Point",
        "coordinates": [
          -74.0442072,
          4.6970704
        ]
      }
    },
    {
      "type": "Feature",
      "properties": {
        "id": 5133179544,
        "nombre": "Vida Salud",
        "categoria": "salud",
        "subcategoria": "clinic",
        "tags": {
          "addr:housenumber": "69-49",
          "addr:street": "Carrera 11",
          "amenity": "clinic",
          "healthcare": "clinic",
          "healthcare:speciality": "chiropractic",
          "name": "Vida Salud",
          "source": "Kaart Ground Survey 2017"
        }
      },
      "geometry": {
        "type": "Point",
        "coordinates": [
          -74.0606961,
          4.6546368
        ]
      }
    },
    {
      "type": "Feature",
      "properties": {
        "id": 5133412494,
        "nombre": "Espinosa Gómez",
        "categoria": "salud",
        "subcategoria": "clinic",
        "tags": {
          "addr:street": "Calle 64",
          "amenity": "clinic",
          "healthcare": "clinic",
          "name": "Espinosa Gómez",
          "source": "Kaart Ground Survey 2017"
        }
      },
      "geometry": {
        "type": "Point",
        "coordinates": [
          -74.0604659,
          4.6489104
        ]
      }
    },
    {
      "type": "Feature",
      "properties": {
        "id": 5136183417,
        "nombre": "Ecografías",
        "categoria": "salud",
        "subcategoria": "clinic",
        "tags": {
          "addr:street": "Avenida Calle 34",
          "amenity": "clinic",
          "name": "Ecografías",
          "source": "Kaart Ground Survey 2017"
        }
      },
      "geometry": {
        "type": "Point",
        "coordinates": [
          -74.069731,
          4.6227687
        ]
      }
    },
    {
      "type": "Feature",
      "properties": {
        "id": 5136184122,
        "nombre": "Orienta Familiar",
        "categoria": "salud",
        "subcategoria": "clinic",
        "tags": {
          "addr:street": "Avenida Calle 34",
          "amenity": "clinic",
          "name": "Orienta Familiar",
          "source": "Kaart Ground Survey 2017"
        }
      },
      "geometry": {
        "type": "Point",
        "coordinates": [
          -74.0701654,
          4.6229641
        ]
      }
    },
    {
      "type": "Feature",
      "properties": {
        "id": 5136291456,
        "nombre": "Consultorio Medico Familliar",
        "categoria": "salud",
        "subcategoria": "clinic",
        "tags": {
          "addr:street": "Calle 33A",
          "amenity": "clinic",
          "name": "Consultorio Medico Familliar",
          "source": "Kaart Ground Survey 2017"
        }
      },
      "geometry": {
        "type": "Point",
        "coordinates": [
          -74.0704604,
          4.6222321
        ]
      }
    },
    {
      "type": "Feature",
      "properties": {
        "id": 5137954661,
        "nombre": "Unidad Medica",
        "categoria": "salud",
        "subcategoria": "clinic",
        "tags": {
          "addr:street": "Avenida Calle 72",
          "amenity": "clinic",
          "name": "Unidad Medica",
          "source": "Kaart Ground Survey 2017"
        }
      },
      "geometry": {
        "type": "Point",
        "coordinates": [
          -74.0924067,
          4.6851401
        ]
      }
    },
    {
      "type": "Feature",
      "properties": {
        "id": 5141968075,
        "nombre": "Veterinaria Animal's Help",
        "categoria": "salud",
        "subcategoria": "hospital",
        "tags": {
          "addr:housenumber": "91A-65",
          "addr:street": "Calle 70A",
          "amenity": "hospital",
          "healthcare": "hospital",
          "name": "Veterinaria Animal's Help",
          "source": "Kaart Ground Survey 2017"
        }
      },
      "geometry": {
        "type": "Point",
        "coordinates": [
          -74.1125389,
          4.6967648
        ]
      }
    },
    {
      "type": "Feature",
      "properties": {
        "id": 5141986169,
        "nombre": "Clinica Veterinaria Animal Zone",
        "categoria": "salud",
        "subcategoria": "hospital",
        "tags": {
          "amenity": "hospital",
          "healthcare": "hospital",
          "name": "Clinica Veterinaria Animal Zone"
        }
      },
      "geometry": {
        "type": "Point",
        "coordinates": [
          -74.1231707,
          4.6005189
        ]
      }
    },
    {
      "type": "Feature",
      "properties": {
        "id": 5143223051,
        "nombre": "Col Médica",
        "categoria": "salud",
        "subcategoria": "clinic",
        "tags": {
          "addr:city": "Bogotá D.C.",
          "addr:street": "Avenida Carrera 7",
          "amenity": "clinic",
          "name": "Col Médica",
          "source": "Kaart Ground Survey 2017"
        }
      },
      "geometry": {
        "type": "Point",
        "coordinates": [
          -74.024472,
          4.7271608
        ]
      }
    },
    {
      "type": "Feature",
      "properties": {
        "id": 5143649088,
        "nombre": "Ecografias",
        "categoria": "salud",
        "subcategoria": "clinic",
        "tags": {
          "addr:street": "Avenida Calle 34",
          "amenity": "clinic",
          "healthcare": "clinic",
          "healthcare:speciality": "abortion",
          "name": "Ecografias",
          "source": "Kaart Ground Survey 2017"
        }
      },
      "geometry": {
        "type": "Point",
        "coordinates": [
          -74.0692202,
          4.622764
        ]
      }
    },
    {
      "type": "Feature",
      "properties": {
        "id": 5143649090,
        "nombre": "Unidad Medica",
        "categoria": "salud",
        "subcategoria": "clinic",
        "tags": {
          "addr:street": "Avenida Caracas",
          "amenity": "clinic",
          "name": "Unidad Medica",
          "source": "Kaart Ground Survey 2017"
        }
      },
      "geometry": {
        "type": "Point",
        "coordinates": [
          -74.069262,
          4.6227739
        ]
      }
    },
    {
      "type": "Feature",
      "properties": {
        "id": 5143649096,
        "nombre": "Instituto Medico La 34",
        "categoria": "salud",
        "subcategoria": "clinic",
        "tags": {
          "addr:street": "Avenida Caracas",
          "amenity": "clinic",
          "name": "Instituto Medico La 34",
          "source": "Kaart Ground Survey 2017"
        }
      },
      "geometry": {
        "type": "Point",
        "coordinates": [
          -74.0691882,
          4.623016
        ]
      }
    },
    {
      "type": "Feature",
      "properties": {
        "id": 5143661559,
        "nombre": "ReviSalud",
        "categoria": "salud",
        "subcategoria": "clinic",
        "tags": {
          "addr:street": "Calle 74A",
          "amenity": "clinic",
          "name": "ReviSalud",
          "source": "Kaart Ground Survey 2017"
        }
      },
      "geometry": {
        "type": "Point",
        "coordinates": [
          -74.0805309,
          4.6757263
        ]
      }
    },
    {
      "type": "Feature",
      "properties": {
        "id": 5143940360,
        "nombre": "Clínica Del Tapizado",
        "categoria": "salud",
        "subcategoria": "clinic",
        "tags": {
          "addr:city": "Bogotá D.C.",
          "addr:street": "Calle 71A",
          "amenity": "clinic",
          "name": "Clínica Del Tapizado",
          "source": "Kaart Ground Survey 2017"
        }
      },
      "geometry": {
        "type": "Point",
        "coordinates": [
          -74.0662217,
          4.6613129
        ]
      }
    },
    {
      "type": "Feature",
      "properties": {
        "id": 5143988756,
        "nombre": "Fresenus Medical Care",
        "categoria": "salud",
        "subcategoria": "clinic",
        "tags": {
          "addr:street": "Calle 76",
          "amenity": "clinic",
          "name": "Fresenus Medical Care",
          "source": "Kaart Ground Survey 2017"
        }
      },
      "geometry": {
        "type": "Point",
        "coordinates": [
          -74.0602816,
          4.6637798
        ]
      }
    },
    {
      "type": "Feature",
      "properties": {
        "id": 5145508197,
        "nombre": "Centro Médico San Sebastián del Country",
        "categoria": "salud",
        "subcategoria": "clinic",
        "tags": {
          "addr:street": "Carrera 16",
          "amenity": "clinic",
          "check_date": "2025-06-26",
          "healthcare": "clinic",
          "name": "Centro Médico San Sebastián del Country",
          "source": "Kaart Ground Survey 2017"
        }
      },
      "geometry": {
        "type": "Point",
        "coordinates": [
          -74.0565626,
          4.668641
        ]
      }
    },
    {
      "type": "Feature",
      "properties": {
        "id": 5146197646,
        "nombre": "Colmédica sede Colina",
        "categoria": "salud",
        "subcategoria": "clinic",
        "tags": {
          "addr:street": "Carrera 54",
          "amenity": "clinic",
          "healthcare": "clinic",
          "healthcare:speciality": "general",
          "name": "Colmédica sede Colina",
          "operator": "Colmédica",
          "operator:type": "private",
          "source": "Kaart Ground Survey 2017"
        }
      },
      "geometry": {
        "type": "Point",
        "coordinates": [
          -74.0561022,
          4.7339927
        ]
      }
    },
    {
      "type": "Feature",
      "properties": {
        "id": 5146266674,
        "nombre": "Lacorsalud",
        "categoria": "salud",
        "subcategoria": "clinic",
        "tags": {
          "addr:street": "Calle 75",
          "amenity": "clinic",
          "name": "Lacorsalud",
          "source": "Kaart Ground Survey 2017"
        }
      },
      "geometry": {
        "type": "Point",
        "coordinates": [
          -74.0644446,
          4.6651974
        ]
      }
    },
    {
      "type": "Feature",
      "properties": {
        "id": 5148470421,
        "nombre": "DaVita Centro de Cuidado Renal",
        "categoria": "salud",
        "subcategoria": "clinic",
        "tags": {
          "addr:street": "Calle 26A",
          "amenity": "clinic",
          "name": "DaVita Centro de Cuidado Renal",
          "source": "Kaart Ground Survey 2017",
          "website": "https://espanol.davita.com/"
        }
      },
      "geometry": {
        "type": "Point",
        "coordinates": [
          -74.083292,
          4.6312218
        ]
      }
    },
    {
      "type": "Feature",
      "properties": {
        "id": 5148548245,
        "nombre": "Clínica La Sabana",
        "categoria": "salud",
        "subcategoria": "clinic",
        "tags": {
          "addr:street": "Avenida Carrera 19",
          "amenity": "clinic",
          "name": "Clínica La Sabana",
          "source": "Kaart Ground Survey 2017"
        }
      },
      "geometry": {
        "type": "Point",
        "coordinates": [
          -74.0519105,
          4.688279
        ]
      }
    },
    {
      "type": "Feature",
      "properties": {
        "id": 5150106105,
        "nombre": "Consultorio Radiologico",
        "categoria": "salud",
        "subcategoria": "clinic",
        "tags": {
          "addr:street": "Carrera 18",
          "amenity": "clinic",
          "name": "Consultorio Radiologico",
          "source": "Kaart Ground Survey 2017"
        }
      },
      "geometry": {
        "type": "Point",
        "coordinates": [
          -74.044762,
          4.7230118
        ]
      }
    },
    {
      "type": "Feature",
      "properties": {
        "id": 5150727817,
        "nombre": "Dr. Luis Carlos Osorio",
        "categoria": "salud",
        "subcategoria": "clinic",
        "tags": {
          "addr:street": "Avenida Calle 134",
          "amenity": "clinic",
          "name": "Dr. Luis Carlos Osorio",
          "source": "Kaart Ground Survey 2017"
        }
      },
      "geometry": {
        "type": "Point",
        "coordinates": [
          -74.0462498,
          4.7177171
        ]
      }
    },
    {
      "type": "Feature",
      "properties": {
        "id": 5150727818,
        "nombre": "Dr. Hernando Leuro",
        "categoria": "salud",
        "subcategoria": "clinic",
        "tags": {
          "addr:street": "Avenida Calle 134",
          "amenity": "clinic",
          "name": "Dr. Hernando Leuro",
          "source": "Kaart Ground Survey 2017"
        }
      },
      "geometry": {
        "type": "Point",
        "coordinates": [
          -74.0462989,
          4.7177369
        ]
      }
    },
    {
      "type": "Feature",
      "properties": {
        "id": 5152585285,
        "nombre": "Centro Medico Comunitario",
        "categoria": "salud",
        "subcategoria": "clinic",
        "tags": {
          "addr:street": "Carrera 85",
          "amenity": "clinic",
          "name": "Centro Medico Comunitario",
          "source": "Kaart Ground Survey 2017"
        }
      },
      "geometry": {
        "type": "Point",
        "coordinates": [
          -74.0999359,
          4.7026554
        ]
      }
    },
    {
      "type": "Feature",
      "properties": {
        "id": 5157343410,
        "nombre": "Clínica del Vestido Luce",
        "categoria": "salud",
        "subcategoria": "clinic",
        "tags": {
          "addr:street": "Transversal 73A",
          "amenity": "clinic",
          "healthcare": "clinic",
          "name": "Clínica del Vestido Luce",
          "source": "Kaart Ground Survey 2017"
        }
      },
      "geometry": {
        "type": "Point",
        "coordinates": [
          -74.0896581,
          4.7006791
        ]
      }
    },
    {
      "type": "Feature",
      "properties": {
        "id": 5157557306,
        "nombre": "Reyvelt",
        "categoria": "salud",
        "subcategoria": "clinic",
        "tags": {
          "addr:street": "Calle 85A",
          "amenity": "clinic",
          "healthcare": "clinic",
          "name": "Reyvelt",
          "source": "Kaart Ground Survey 2017"
        }
      },
      "geometry": {
        "type": "Point",
        "coordinates": [
          -74.0616572,
          4.6733291
        ]
      }
    },
    {
      "type": "Feature",
      "properties": {
        "id": 5157673761,
        "nombre": "Accion Medica",
        "categoria": "salud",
        "subcategoria": "clinic",
        "tags": {
          "addr:street": "Avenida Calle 72",
          "amenity": "clinic",
          "healthcare": "clinic",
          "name": "Accion Medica",
          "source": "Kaart Ground Survey 2017"
        }
      },
      "geometry": {
        "type": "Point",
        "coordinates": [
          -74.0968585,
          4.6889509
        ]
      }
    },
    {
      "type": "Feature",
      "properties": {
        "id": 5159673315,
        "nombre": "Healthy Skin",
        "categoria": "salud",
        "subcategoria": "clinic",
        "tags": {
          "addr:street": "Transversal 83 Bis",
          "amenity": "clinic",
          "healthcare": "clinic",
          "name": "Healthy Skin",
          "source": "Kaart Ground Survey 2017"
        }
      },
      "geometry": {
        "type": "Point",
        "coordinates": [
          -74.1045232,
          4.6952577
        ]
      }
    },
    {
      "type": "Feature",
      "properties": {
        "id": 5161451142,
        "nombre": "Quirisalud",
        "categoria": "salud",
        "subcategoria": "clinic",
        "tags": {
          "addr:street": "Transversal 94",
          "amenity": "clinic",
          "healthcare": "clinic",
          "name": "Quirisalud",
          "source": "Kaart Ground Survey 2017"
        }
      },
      "geometry": {
        "type": "Point",
        "coordinates": [
          -74.1056953,
          4.7075722
        ]
      }
    },
    {
      "type": "Feature",
      "properties": {
        "id": 5161992907,
        "nombre": "Centro De Relevo",
        "categoria": "salud",
        "subcategoria": "clinic",
        "tags": {
          "addr:street": "Calle 39A",
          "amenity": "clinic",
          "healthcare": "clinic",
          "name": "Centro De Relevo",
          "source": "Kaart Ground Survey 2017"
        }
      },
      "geometry": {
        "type": "Point",
        "coordinates": [
          -74.0789628,
          4.6289886
        ]
      }
    },
    {
      "type": "Feature",
      "properties": {
        "id": 5163360464,
        "nombre": "Clínica Del Pie",
        "categoria": "salud",
        "subcategoria": "clinic",
        "tags": {
          "addr:street": "Calle 95",
          "amenity": "clinic",
          "healthcare": "clinic",
          "name": "Clínica Del Pie",
          "source": "Kaart Ground Survey 2017"
        }
      },
      "geometry": {
        "type": "Point",
        "coordinates": [
          -74.0616662,
          4.6843076
        ]
      }
    },
    {
      "type": "Feature",
      "properties": {
        "id": 5163624206,
        "nombre": "Cruz Blanco",
        "categoria": "salud",
        "subcategoria": "clinic",
        "tags": {
          "addr:city": "Bogotá D.C.",
          "addr:housenumber": "17-68",
          "addr:street": "Avenida Calle 63",
          "amenity": "clinic",
          "healthcare": "clinic",
          "name": "Cruz Blanco",
          "source": "Kaart Ground Survey 2017"
        }
      },
      "geometry": {
        "type": "Point",
        "coordinates": [
          -74.0682975,
          4.6504728
        ]
      }
    },
    {
      "type": "Feature",
      "properties": {
        "id": 5171895838,
        "nombre": "Certi Salud",
        "categoria": "salud",
        "subcategoria": "clinic",
        "tags": {
          "addr:street": "Avenida Calle 53",
          "amenity": "clinic",
          "healthcare": "clinic",
          "name": "Certi Salud",
          "source": "Kaart Ground Survey 2017"
        }
      },
      "geometry": {
        "type": "Point",
        "coordinates": [
          -74.1081705,
          4.6729141
        ]
      }
    },
    {
      "type": "Feature",
      "properties": {
        "id": 5173160115,
        "nombre": "Ortopedica Comunal",
        "categoria": "salud",
        "subcategoria": "clinic",
        "tags": {
          "addr:city": "Barrios Unidos",
          "addr:street": "Calle 64",
          "amenity": "clinic",
          "healthcare": "clinic",
          "name": "Ortopedica Comunal",
          "source": "Kaart Ground Survey 2017"
        }
      },
      "geometry": {
        "type": "Point",
        "coordinates": [
          -74.0701808,
          4.6551669
        ]
      }
    },
    {
      "type": "Feature",
      "properties": {
        "id": 5173588243,
        "nombre": "Gaes",
        "categoria": "salud",
        "subcategoria": "clinic",
        "tags": {
          "addr:street": "Carrera 13",
          "amenity": "clinic",
          "healthcare": "clinic",
          "name": "Gaes",
          "opening_hours": "Mo-Fr 07:30-12:00,13:00-17:30; Sa 09:00-12:00",
          "source": "Kaart Ground Survey 2017"
        }
      },
      "geometry": {
        "type": "Point",
        "coordinates": [
          -74.0642652,
          4.6443541
        ]
      }
    },
    {
      "type": "Feature",
      "properties": {
        "id": 5173759109,
        "nombre": "Davita",
        "categoria": "salud",
        "subcategoria": "clinic",
        "tags": {
          "addr:street": "Avenida Carrera 13",
          "amenity": "clinic",
          "check_date:opening_hours": "2024-01-30",
          "name": "Davita",
          "opening_hours:signed": "no",
          "source": "Kaart Ground Survey 2017"
        }
      },
      "geometry": {
        "type": "Point",
        "coordinates": [
          -74.0646549,
          4.6433842
        ]
      }
    },
    {
      "type": "Feature",
      "properties": {
        "id": 5173857738,
        "nombre": "Medical Shop",
        "categoria": "salud",
        "subcategoria": "clinic",
        "tags": {
          "addr:street": "Carrera 9",
          "amenity": "clinic",
          "healthcare": "clinic",
          "name": "Medical Shop",
          "source": "Kaart Ground Survey 2017"
        }
      },
      "geometry": {
        "type": "Point",
        "coordinates": [
          -74.0615461,
          4.6468593
        ]
      }
    },
    {
      "type": "Feature",
      "properties": {
        "id": 5175067929,
        "nombre": "Salud Total",
        "categoria": "salud",
        "subcategoria": "clinic",
        "tags": {
          "addr:street": "Carrera 13",
          "amenity": "clinic",
          "healthcare": "clinic",
          "name": "Salud Total",
          "source": "Kaart Ground Survey 2017"
        }
      },
      "geometry": {
        "type": "Point",
        "coordinates": [
          -74.065822,
          4.6366631
        ]
      }
    },
    {
      "type": "Feature",
      "properties": {
        "id": 5177113879,
        "nombre": "Salud Dar",
        "categoria": "salud",
        "subcategoria": "clinic",
        "tags": {
          "addr:street": "Avenida Carrera 24",
          "amenity": "clinic",
          "healthcare": "clinic",
          "name": "Salud Dar",
          "source": "Kaart Ground Survey 2017"
        }
      },
      "geometry": {
        "type": "Point",
        "coordinates": [
          -74.0752681,
          4.635069
        ]
      }
    },
    {
      "type": "Feature",
      "properties": {
        "id": 5177258021,
        "nombre": "CAFAM Centro de Salud",
        "categoria": "salud",
        "subcategoria": "clinic",
        "tags": {
          "addr:housenumber": "51-36",
          "addr:street": "Carrera 16",
          "amenity": "clinic",
          "healthcare": "clinic",
          "name": "CAFAM Centro de Salud",
          "source": "Kaart Ground Survey 2017",
          "website": "http://www.cafam.com.co/salud/home-salud"
        }
      },
      "geometry": {
        "type": "Point",
        "coordinates": [
          -74.0684623,
          4.6390359
        ]
      }
    },
    {
      "type": "Feature",
      "properties": {
        "id": 5178658153,
        "nombre": "Munera's",
        "categoria": "salud",
        "subcategoria": "clinic",
        "tags": {
          "addr:street": "Carrera 17",
          "amenity": "clinic",
          "healthcare": "clinic",
          "name": "Munera's",
          "source": "Kaart Ground Survey 2017"
        }
      },
      "geometry": {
        "type": "Point",
        "coordinates": [
          -74.0698014,
          4.6376738
        ]
      }
    },
    {
      "type": "Feature",
      "properties": {
        "id": 5178726291,
        "nombre": "Cafam Clínica",
        "categoria": "salud",
        "subcategoria": "clinic",
        "tags": {
          "addr:street": "Carrera 15",
          "amenity": "clinic",
          "healthcare": "clinic",
          "name": "Cafam Clínica",
          "source": "Kaart Ground Survey 2017"
        }
      },
      "geometry": {
        "type": "Point",
        "coordinates": [
          -74.0677486,
          4.638738
        ]
      }
    },
    {
      "type": "Feature",
      "properties": {
        "id": 5178726292,
        "nombre": "Virrey Solís IPS",
        "categoria": "salud",
        "subcategoria": "clinic",
        "tags": {
          "addr:city": "Bogotá",
          "addr:street": "Avenida Caracas",
          "alt_name": "Virrey Solís IPS - Sede Chapinero",
          "amenity": "clinic",
          "branch": "Chapinero",
          "healthcare": "clinic",
          "name": "Virrey Solís IPS",
          "operator": "Salud Total EPS-S",
          "operator:type": "private",
          "operator:wikidata": "Q131987798",
          "operator:wikipedia": "es:Salud Total",
          "source": "Kaart Ground Survey 2017"
        }
      },
      "geometry": {
        "type": "Point",
        "coordinates": [
          -74.0670227,
          4.637346
        ]
      }
    },
    {
      "type": "Feature",
      "properties": {
        "id": 5178855670,
        "nombre": "Zon Medica",
        "categoria": "salud",
        "subcategoria": "clinic",
        "tags": {
          "addr:street": "Calle 40",
          "amenity": "clinic",
          "healthcare": "clinic",
          "name": "Zon Medica",
          "source": "Kaart Ground Survey 2017"
        }
      },
      "geometry": {
        "type": "Point",
        "coordinates": [
          -74.0780061,
          4.6304171
        ]
      }
    },
    {
      "type": "Feature",
      "properties": {
        "id": 5178923446,
        "nombre": "Juan Bautista",
        "categoria": "salud",
        "subcategoria": "clinic",
        "tags": {
          "addr:street": "Avenida Carrera 30",
          "amenity": "clinic",
          "healthcare": "clinic",
          "name": "Juan Bautista",
          "source": "Kaart Ground Survey 2017"
        }
      },
      "geometry": {
        "type": "Point",
        "coordinates": [
          -74.0787898,
          4.6369732
        ]
      }
    },
    {
      "type": "Feature",
      "properties": {
        "id": 5178949538,
        "nombre": "Clínica Estética",
        "categoria": "salud",
        "subcategoria": "clinic",
        "tags": {
          "addr:street": "Calle 53B",
          "amenity": "clinic",
          "healthcare": "clinic",
          "healthcare:speciality": "plastic_surgery",
          "name": "Clínica Estética",
          "source": "Kaart Ground Survey 2017"
        }
      },
      "geometry": {
        "type": "Point",
        "coordinates": [
          -74.0774364,
          4.6437029
        ]
      }
    },
    {
      "type": "Feature",
      "properties": {
        "id": 5202388289,
        "nombre": "Clínica Del Calzado",
        "categoria": "salud",
        "subcategoria": "clinic",
        "tags": {
          "addr:street": "Calle 18",
          "amenity": "clinic",
          "healthcare": "clinic",
          "name": "Clínica Del Calzado",
          "source": "Kaart Ground Survey 2017"
        }
      },
      "geometry": {
        "type": "Point",
        "coordinates": [
          -74.0738658,
          4.6057614
        ]
      }
    },
    {
      "type": "Feature",
      "properties": {
        "id": 5207321898,
        "nombre": "Sonoria",
        "categoria": "salud",
        "subcategoria": "clinic",
        "tags": {
          "addr:street": "Transversal 21A",
          "amenity": "clinic",
          "healthcare": "clinic",
          "name": "Sonoria",
          "source": "Kaart Ground Survey 2017"
        }
      },
      "geometry": {
        "type": "Point",
        "coordinates": [
          -74.1042497,
          4.5843974
        ]
      }
    },
    {
      "type": "Feature",
      "properties": {
        "id": 5207383668,
        "nombre": "Policlínico San Cristobal de Sur",
        "categoria": "salud",
        "subcategoria": "clinic",
        "tags": {
          "addr:street": "Avenida Primero de Mayo",
          "amenity": "clinic",
          "healthcare": "clinic",
          "name": "Policlínico San Cristobal de Sur",
          "source": "Kaart Ground Survey 2017"
        }
      },
      "geometry": {
        "type": "Point",
        "coordinates": [
          -74.0907711,
          4.5721429
        ]
      }
    },
    {
      "type": "Feature",
      "properties": {
        "id": 5208928424,
        "nombre": "Clínicas Odontologicas",
        "categoria": "salud",
        "subcategoria": "clinic",
        "tags": {
          "addr:housenumber": "26-30",
          "addr:street": "Avenida Primero de Mayo",
          "amenity": "clinic",
          "healthcare": "clinic",
          "name": "Clínicas Odontologicas",
          "source": "Kaart Ground Survey 2017"
        }
      },
      "geometry": {
        "type": "Point",
        "coordinates": [
          -74.1085375,
          4.5889141
        ]
      }
    },
    {
      "type": "Feature",
      "properties": {
        "id": 5208928428,
        "nombre": "OralMedic",
        "categoria": "salud",
        "subcategoria": "clinic",
        "tags": {
          "addr:housenumber": "20-26",
          "addr:street": "Avenida Carrera 27",
          "amenity": "clinic",
          "healthcare": "clinic",
          "name": "OralMedic",
          "source": "Kaart Ground Survey 2017"
        }
      },
      "geometry": {
        "type": "Point",
        "coordinates": [
          -74.1088107,
          4.5892957
        ]
      }
    },
    {
      "type": "Feature",
      "properties": {
        "id": 5208928432,
        "nombre": "Consulta Medica",
        "categoria": "salud",
        "subcategoria": "clinic",
        "tags": {
          "addr:housenumber": "26-61",
          "addr:street": "Calle 21 Sur",
          "amenity": "clinic",
          "healthcare": "clinic",
          "name": "Consulta Medica",
          "source": "Kaart Ground Survey 2017"
        }
      },
      "geometry": {
        "type": "Point",
        "coordinates": [
          -74.1085949,
          4.5894366
        ]
      }
    },
    {
      "type": "Feature",
      "properties": {
        "id": 5212920829,
        "nombre": "Clínica La Inmaculada",
        "categoria": "salud",
        "subcategoria": "clinic",
        "tags": {
          "addr:city": "Bogotá",
          "addr:street": "Carrera 7 # 69-70",
          "amenity": "clinic",
          "check_date": "2025-05-08",
          "name": "Clínica La Inmaculada",
          "note": "Clínica siquiátrica",
          "opening_hours": "24/7",
          "phone": "+57 (1) 587 0366",
          "wheelchair": "yes"
        }
      },
      "geometry": {
        "type": "Point",
        "coordinates": [
          -74.0569989,
          4.6516982
        ]
      }
    },
    {
      "type": "Feature",
      "properties": {
        "id": 5228462325,
        "nombre": "Oral Clinic",
        "categoria": "salud",
        "subcategoria": "clinic",
        "tags": {
          "addr:street": "Avenida Calle 26",
          "amenity": "clinic",
          "healthcare": "clinic",
          "name": "Oral Clinic",
          "source": "Kaart Ground Survey 2017"
        }
      },
      "geometry": {
        "type": "Point",
        "coordinates": [
          -74.0896639,
          4.6339627
        ]
      }
    },
    {
      "type": "Feature",
      "properties": {
        "id": 5230736566,
        "nombre": "Allianz Centro Medico",
        "categoria": "salud",
        "subcategoria": "clinic",
        "tags": {
          "addr:street": "Avenida Calle 24",
          "amenity": "clinic",
          "healthcare": "clinic",
          "name": "Allianz Centro Medico",
          "source": "Kaart Ground Survey 2017"
        }
      },
      "geometry": {
        "type": "Point",
        "coordinates": [
          -74.0957296,
          4.6346674
        ]
      }
    },
    {
      "type": "Feature",
      "properties": {
        "id": 5231509271,
        "nombre": "Allianz",
        "categoria": "salud",
        "subcategoria": "clinic",
        "tags": {
          "addr:street": "Avenida Carrera 19",
          "amenity": "clinic",
          "healthcare": "clinic",
          "name": "Allianz",
          "source": "Kaart Ground Survey 2017"
        }
      },
      "geometry": {
        "type": "Point",
        "coordinates": [
          -74.0519977,
          4.6880078
        ]
      }
    },
    {
      "type": "Feature",
      "properties": {
        "id": 5231539894,
        "nombre": "Medical Health Care",
        "categoria": "salud",
        "subcategoria": "clinic",
        "tags": {
          "addr:street": "Avenida Carrera 30",
          "amenity": "clinic",
          "healthcare": "clinic",
          "name": "Medical Health Care",
          "source": "Kaart Ground Survey 2017"
        }
      },
      "geometry": {
        "type": "Point",
        "coordinates": [
          -74.0651887,
          4.6755668
        ]
      }
    },
    {
      "type": "Feature",
      "properties": {
        "id": 5232944677,
        "nombre": "Clinic Stetic Dental",
        "categoria": "salud",
        "subcategoria": "clinic",
        "tags": {
          "addr:housenumber": "64004",
          "addr:street": "Carrera 19F",
          "addr:unit": "2nd Floor",
          "amenity": "clinic",
          "description": "2nd Floor",
          "healthcare": "clinic",
          "healthcare:speciality": "orthodontics",
          "name": "Clinic Stetic Dental",
          "source": "Kaart Ground Survey 2017"
        }
      },
      "geometry": {
        "type": "Point",
        "coordinates": [
          -74.1453182,
          4.5616362
        ]
      }
    },
    {
      "type": "Feature",
      "properties": {
        "id": 5233751756,
        "nombre": "Avamed",
        "categoria": "salud",
        "subcategoria": "clinic",
        "tags": {
          "addr:street": "Carrera 72",
          "amenity": "clinic",
          "healthcare": "clinic",
          "name": "Avamed",
          "source": "Kaart Ground Survey 2017"
        }
      },
      "geometry": {
        "type": "Point",
        "coordinates": [
          -74.1090474,
          4.6694587
        ]
      }
    },
    {
      "type": "Feature",
      "properties": {
        "id": 5239898550,
        "nombre": "Unidad Medica",
        "categoria": "salud",
        "subcategoria": "clinic",
        "tags": {
          "addr:street": "Carrera 51B",
          "amenity": "clinic",
          "healthcare": "clinic",
          "name": "Unidad Medica",
          "source": "Kaart Ground Survey 2017"
        }
      },
      "geometry": {
        "type": "Point",
        "coordinates": [
          -74.1309273,
          4.5962033
        ]
      }
    },
    {
      "type": "Feature",
      "properties": {
        "id": 5240009897,
        "nombre": "DERMAINNOVA",
        "categoria": "salud",
        "subcategoria": "clinic",
        "tags": {
          "addr:street": "Avenida de las Américas",
          "amenity": "clinic",
          "healthcare": "clinic",
          "healthcare:speciality": "dermatology",
          "name": "DERMAINNOVA",
          "source": "Kaart Ground Survey 2017"
        }
      },
      "geometry": {
        "type": "Point",
        "coordinates": [
          -74.1301667,
          4.6292342
        ]
      }
    },
    {
      "type": "Feature",
      "properties": {
        "id": 5240174957,
        "nombre": "la Primera",
        "categoria": "salud",
        "subcategoria": "clinic",
        "tags": {
          "addr:city": "Bogotá D.C.",
          "addr:street": "Carrera 69B",
          "amenity": "clinic",
          "healthcare": "clinic",
          "name": "la Primera",
          "source": "Kaart Ground Survey 2017"
        }
      },
      "geometry": {
        "type": "Point",
        "coordinates": [
          -74.134973,
          4.6145209
        ]
      }
    },
    {
      "type": "Feature",
      "properties": {
        "id": 5242880236,
        "nombre": "Consultoria medico",
        "categoria": "salud",
        "subcategoria": "clinic",
        "tags": {
          "addr:city": "Bogotá",
          "addr:street": "Calle 2B",
          "amenity": "clinic",
          "healthcare": "clinic",
          "name": "Consultoria medico",
          "operator": "Dr. Hermes Triana H.",
          "source": "Kaart Ground Survey 2017"
        }
      },
      "geometry": {
        "type": "Point",
        "coordinates": [
          -74.119962,
          4.6178375
        ]
      }
    },
    {
      "type": "Feature",
      "properties": {
        "id": 5250764221,
        "nombre": "Oral Med",
        "categoria": "salud",
        "subcategoria": "clinic",
        "tags": {
          "addr:street": "Carrera 78K",
          "amenity": "clinic",
          "healthcare": "clinic",
          "name": "Oral Med",
          "source": "Kaart Ground Survey 2017"
        }
      },
      "geometry": {
        "type": "Point",
        "coordinates": [
          -74.1510793,
          4.6267658
        ]
      }
    },
    {
      "type": "Feature",
      "properties": {
        "id": 5252831529,
        "nombre": "Video Office Medi Call",
        "categoria": "salud",
        "subcategoria": "clinic",
        "tags": {
          "addr:street": "Carrera 68N",
          "amenity": "clinic",
          "healthcare": "clinic",
          "name": "Video Office Medi Call",
          "source": "Kaart Ground Survey 2017"
        }
      },
      "geometry": {
        "type": "Point",
        "coordinates": [
          -74.1382166,
          4.6095325
        ]
      }
    },
    {
      "type": "Feature",
      "properties": {
        "id": 5320431171,
        "nombre": "Cancha Microfutbol Altablanca",
        "categoria": "salud",
        "subcategoria": "hospital",
        "tags": {
          "amenity": "hospital",
          "healthcare": "hospital",
          "name": "Cancha Microfutbol Altablanca"
        }
      },
      "geometry": {
        "type": "Point",
        "coordinates": [
          -74.0290195,
          4.7342116
        ]
      }
    },
    {
      "type": "Feature",
      "properties": {
        "id": 5364323335,
        "nombre": "Electrofisiatría SAS",
        "categoria": "salud",
        "subcategoria": "hospital",
        "tags": {
          "amenity": "hospital",
          "healthcare": "hospital",
          "healthcare:speciality": "neurology;physiotherapy;neurophysology;occupational_therapy",
          "name": "Electrofisiatría SAS"
        }
      },
      "geometry": {
        "type": "Point",
        "coordinates": [
          -74.0715624,
          4.6986477
        ]
      }
    },
    {
      "type": "Feature",
      "properties": {
        "id": 5400448165,
        "nombre": "Compensar",
        "categoria": "salud",
        "subcategoria": "clinic",
        "tags": {
          "amenity": "clinic",
          "healthcare": "clinic",
          "name": "Compensar"
        }
      },
      "geometry": {
        "type": "Point",
        "coordinates": [
          -74.0837795,
          4.7400297
        ]
      }
    },
    {
      "type": "Feature",
      "properties": {
        "id": 5495053499,
        "nombre": "Centro de Salud",
        "categoria": "salud",
        "subcategoria": "hospital",
        "tags": {
          "amenity": "hospital",
          "healthcare": "hospital",
          "name": "Centro de Salud"
        }
      },
      "geometry": {
        "type": "Point",
        "coordinates": [
          -74.0899067,
          4.6982129
        ]
      }
    },
    {
      "type": "Feature",
      "properties": {
        "id": 5631380221,
        "nombre": "Colmedicos",
        "categoria": "salud",
        "subcategoria": "clinic",
        "tags": {
          "addr:housenumber": "18-36",
          "addr:street": "Calle 79A",
          "amenity": "clinic",
          "name": "Colmedicos",
          "opening_hours": "Mo-Fr 06:00-18:00"
        }
      },
      "geometry": {
        "type": "Point",
        "coordinates": [
          -74.0593596,
          4.6671535
        ]
      }
    },
    {
      "type": "Feature",
      "properties": {
        "id": 6026248318,
        "nombre": "Proseguir",
        "categoria": "salud",
        "subcategoria": "clinic",
        "tags": {
          "addr:city": "Bogotá",
          "addr:housenumber": "15-31",
          "addr:street": "Calle 32",
          "amenity": "clinic",
          "healthcare": "clinic",
          "healthcare:speciality": "pain_control",
          "name": "Proseguir"
        }
      },
      "geometry": {
        "type": "Point",
        "coordinates": [
          -74.0713413,
          4.6207412
        ]
      }
    },
    {
      "type": "Feature",
      "properties": {
        "id": 6026248343,
        "nombre": "Vital Salud",
        "categoria": "salud",
        "subcategoria": "clinic",
        "tags": {
          "addr:city": "Bogotá",
          "addr:street": "Calle 30",
          "amenity": "clinic",
          "healthcare": "clinic",
          "name": "Vital Salud"
        }
      },
      "geometry": {
        "type": "Point",
        "coordinates": [
          -74.0741141,
          4.6197405
        ]
      }
    },
    {
      "type": "Feature",
      "properties": {
        "id": 6027734909,
        "nombre": "MedicalEsthetic",
        "categoria": "salud",
        "subcategoria": "clinic",
        "tags": {
          "addr:street": "Calle 38",
          "amenity": "clinic",
          "healthcare": "clinic",
          "healthcare:speciality": "plastic_surgery",
          "name": "MedicalEsthetic",
          "website": "https://medicalesthetic.co/"
        }
      },
      "geometry": {
        "type": "Point",
        "coordinates": [
          -74.0801226,
          4.6264581
        ]
      }
    },
    {
      "type": "Feature",
      "properties": {
        "id": 6032137073,
        "nombre": "Aleandes",
        "categoria": "salud",
        "subcategoria": "clinic",
        "tags": {
          "addr:city": "Bogotá",
          "addr:street": "Carrera 17",
          "amenity": "clinic",
          "description": "IPS Salud Ocupacional",
          "healthcare": "clinic",
          "healthcare:speciality": "occupational",
          "name": "Aleandes"
        }
      },
      "geometry": {
        "type": "Point",
        "coordinates": [
          -74.0724666,
          4.6228095
        ]
      }
    },
    {
      "type": "Feature",
      "properties": {
        "id": 6040292871,
        "nombre": "Unidad Médica Minuto de Dios",
        "categoria": "salud",
        "subcategoria": "clinic",
        "tags": {
          "amenity": "clinic",
          "healthcare": "clinic",
          "name": "Unidad Médica Minuto de Dios"
        }
      },
      "geometry": {
        "type": "Point",
        "coordinates": [
          -74.0910835,
          4.6967691
        ]
      }
    },
    {
      "type": "Feature",
      "properties": {
        "id": 6065202086,
        "nombre": "IPS Sura",
        "categoria": "salud",
        "subcategoria": "clinic",
        "tags": {
          "amenity": "clinic",
          "name": "IPS Sura"
        }
      },
      "geometry": {
        "type": "Point",
        "coordinates": [
          -74.1191789,
          4.628051
        ]
      }
    },
    {
      "type": "Feature",
      "properties": {
        "id": 6139325985,
        "nombre": "Home Salud",
        "categoria": "salud",
        "subcategoria": "clinic",
        "tags": {
          "amenity": "clinic",
          "healthcare": "clinic",
          "name": "Home Salud"
        }
      },
      "geometry": {
        "type": "Point",
        "coordinates": [
          -74.060109,
          4.676666
        ]
      }
    },
    {
      "type": "Feature",
      "properties": {
        "id": 6150373465,
        "nombre": "Unión médica del norte",
        "categoria": "salud",
        "subcategoria": "clinic",
        "tags": {
          "amenity": "clinic",
          "name": "Unión médica del norte"
        }
      },
      "geometry": {
        "type": "Point",
        "coordinates": [
          -74.0908125,
          4.7251222
        ]
      }
    },
    {
      "type": "Feature",
      "properties": {
        "id": 6377060254,
        "nombre": "Clinica Vascular de Bogotá",
        "categoria": "salud",
        "subcategoria": "clinic",
        "tags": {
          "addr:housenumber": "24-32",
          "addr:street": "Calle 35",
          "amenity": "clinic",
          "healthcare": "clinic",
          "healthcare:speciality": "vascular_surgery",
          "name": "Clinica Vascular de Bogotá",
          "phone": "+57 317 5202667",
          "website": "https://clinicavasculardebogota.com"
        }
      },
      "geometry": {
        "type": "Point",
        "coordinates": [
          -74.0759507,
          4.6250934
        ]
      }
    },
    {
      "type": "Feature",
      "properties": {
        "id": 6377060261,
        "nombre": "Medicina Laboral",
        "categoria": "salud",
        "subcategoria": "clinic",
        "tags": {
          "amenity": "clinic",
          "healthcare": "clinic",
          "name": "Medicina Laboral"
        }
      },
      "geometry": {
        "type": "Point",
        "coordinates": [
          -74.0750054,
          4.6249013
        ]
      }
    },
    {
      "type": "Feature",
      "properties": {
        "id": 6501137717,
        "nombre": "Medicos Sin Fronteras",
        "categoria": "salud",
        "subcategoria": "hospital",
        "tags": {
          "amenity": "hospital",
          "healthcare": "hospital",
          "name": "Medicos Sin Fronteras"
        }
      },
      "geometry": {
        "type": "Point",
        "coordinates": [
          -74.0728484,
          4.6264463
        ]
      }
    },
    {
      "type": "Feature",
      "properties": {
        "id": 6512097421,
        "nombre": "Prosalud Ocupacional",
        "categoria": "salud",
        "subcategoria": "hospital",
        "tags": {
          "amenity": "hospital",
          "healthcare": "hospital",
          "name": "Prosalud Ocupacional"
        }
      },
      "geometry": {
        "type": "Point",
        "coordinates": [
          -74.0709087,
          4.6242063
        ]
      }
    },
    {
      "type": "Feature",
      "properties": {
        "id": 6513742931,
        "nombre": "Ecografias",
        "categoria": "salud",
        "subcategoria": "clinic",
        "tags": {
          "addr:city": "Bogotá D.C.",
          "addr:housenumber": "34-17",
          "addr:street": "Avenida Carrera 14",
          "amenity": "clinic",
          "healthcare": "clinic",
          "healthcare:speciality": "ultrasound",
          "name": "Ecografias"
        }
      },
      "geometry": {
        "type": "Point",
        "coordinates": [
          -74.0695744,
          4.6233782
        ]
      }
    },
    {
      "type": "Feature",
      "properties": {
        "id": 6518282788,
        "nombre": "Santo Tomas",
        "categoria": "salud",
        "subcategoria": "clinic",
        "tags": {
          "addr:city": "Bogotá D.C.",
          "addr:housenumber": "51A-56",
          "addr:street": "Transversal 3",
          "amenity": "clinic",
          "healthcare": "clinic",
          "name": "Santo Tomas"
        }
      },
      "geometry": {
        "type": "Point",
        "coordinates": [
          -74.0611792,
          4.6375654
        ]
      }
    },
    {
      "type": "Feature",
      "properties": {
        "id": 6520199856,
        "nombre": "Sin Nombre",
        "categoria": "salud",
        "subcategoria": "hospital",
        "tags": {
          "amenity": "hospital",
          "healthcare": "hospital"
        }
      },
      "geometry": {
        "type": "Point",
        "coordinates": [
          -74.0702896,
          4.6263631
        ]
      }
    },
    {
      "type": "Feature",
      "properties": {
        "id": 6655801203,
        "nombre": "Compensar EPS Fontibón",
        "categoria": "salud",
        "subcategoria": "hospital",
        "tags": {
          "addr:city": "Bogota",
          "addr:housenumber": "14-50",
          "addr:street": "Carrera 104",
          "amenity": "hospital",
          "healthcare": "hospital",
          "name": "Compensar EPS Fontibón",
          "operator": "Compensar EPS",
          "operator:type": "private",
          "phone": "(1) 4441234"
        }
      },
      "geometry": {
        "type": "Point",
        "coordinates": [
          -74.1531345,
          4.670537
        ]
      }
    },
    {
      "type": "Feature",
      "properties": {
        "id": 6658612785,
        "nombre": "CAPS centro de atención prioritaria de salud",
        "categoria": "salud",
        "subcategoria": "clinic",
        "tags": {
          "addr:street": "carrera 106 # 15a",
          "amenity": "clinic",
          "healthcare": "clinic",
          "name": "CAPS centro de atención prioritaria de salud",
          "name:en": "Zona franca",
          "name:es": "CAPS centro de atención prioritaria de salud"
        }
      },
      "geometry": {
        "type": "Point",
        "coordinates": [
          -74.1540324,
          4.6726433
        ]
      }
    },
    {
      "type": "Feature",
      "properties": {
        "id": 7600724117,
        "nombre": "Sin Nombre",
        "categoria": "salud",
        "subcategoria": "hospital",
        "tags": {
          "amenity": "hospital",
          "healthcare": "hospital"
        }
      },
      "geometry": {
        "type": "Point",
        "coordinates": [
          -74.0901629,
          4.5927759
        ]
      }
    },
    {
      "type": "Feature",
      "properties": {
        "id": 7921161245,
        "nombre": "Hospital Veterianrio",
        "categoria": "salud",
        "subcategoria": "hospital",
        "tags": {
          "addr:city": "Bogota",
          "addr:housenumber": "transversal 56",
          "addr:postcode": "111111",
          "addr:street": "Calle 104B",
          "amenity": "hospital",
          "healthcare": "hospital",
          "healthcare:speciality": "veterinaria",
          "name": "Hospital Veterianrio"
        }
      },
      "geometry": {
        "type": "Point",
        "coordinates": [
          -74.0642817,
          4.6932049
        ]
      }
    },
    {
      "type": "Feature",
      "properties": {
        "id": 9060434038,
        "nombre": "Clínica San Ignacio",
        "categoria": "salud",
        "subcategoria": "hospital",
        "tags": {
          "amenity": "hospital",
          "healthcare": "hospital",
          "name": "Clínica San Ignacio",
          "name:en": "San Ignacio Clinic",
          "name:es": "Clínica San Ignacio"
        }
      },
      "geometry": {
        "type": "Point",
        "coordinates": [
          -74.0641532,
          4.6287176
        ]
      }
    },
    {
      "type": "Feature",
      "properties": {
        "id": 9060434040,
        "nombre": "Sin Nombre",
        "categoria": "salud",
        "subcategoria": "clinic",
        "tags": {
          "amenity": "clinic",
          "name:en": "Fundacion Santa Fe Clinic"
        }
      },
      "geometry": {
        "type": "Point",
        "coordinates": [
          -74.0329948,
          4.695489
        ]
      }
    },
    {
      "type": "Feature",
      "properties": {
        "id": 9060434041,
        "nombre": "Sin Nombre",
        "categoria": "salud",
        "subcategoria": "clinic",
        "tags": {
          "amenity": "clinic",
          "name:en": "Women's clinical fertility center"
        }
      },
      "geometry": {
        "type": "Point",
        "coordinates": [
          -74.0573587,
          4.6777828
        ]
      }
    },
    {
      "type": "Feature",
      "properties": {
        "id": 9073636918,
        "nombre": "SYN LAB - Laboratory Covid 19 Test",
        "categoria": "salud",
        "subcategoria": "clinic",
        "tags": {
          "addr:housenumber": "22C-35",
          "addr:street": "Carrera 30",
          "addr:unit": "Local 14",
          "amenity": "clinic",
          "name": "SYN LAB - Laboratory Covid 19 Test"
        }
      },
      "geometry": {
        "type": "Point",
        "coordinates": [
          -74.0843899,
          4.6227654
        ]
      }
    },
    {
      "type": "Feature",
      "properties": {
        "id": 9099674430,
        "nombre": "Sin Nombre",
        "categoria": "salud",
        "subcategoria": "clinic",
        "tags": {
          "amenity": "clinic"
        }
      },
      "geometry": {
        "type": "Point",
        "coordinates": [
          -74.0771762,
          4.6224398
        ]
      }
    },
    {
      "type": "Feature",
      "properties": {
        "id": 9598712460,
        "nombre": "Cruz Roja Colombiana - Seccional Cundinamarca Y Bogota",
        "categoria": "salud",
        "subcategoria": "hospital",
        "tags": {
          "amenity": "hospital",
          "contact:facebook": "https://www.facebook.com/CruzRojaBogota/",
          "contact:instagram": "cruzrojabogota",
          "contact:linkedin": "https://www.linkedin.com/company/cruz-roja-colombiana-seccional-cundinamarca-y-bogot%C3%A1/",
          "contact:twitter": "@cruzrojabogota",
          "contact:whatsapp": "+57 317 3638993",
          "contact:youtube": "https://www.youtube.com/user/CRCSCB/videos",
          "healthcare": "hospital",
          "name": "Cruz Roja Colombiana - Seccional Cundinamarca Y Bogota",
          "office": "ngo",
          "operator": "Cruz Roja Colombiana",
          "operator:wikidata": "Q7178",
          "operator:wikipedia": "es:Cruz Roja",
          "phone": "+57 601 7460909",
          "website": "https://www.cruzrojabogota.org.co/"
        }
      },
      "geometry": {
        "type": "Point",
        "coordinates": [
          -74.0659824,
          4.663999
        ]
      }
    },
    {
      "type": "Feature",
      "properties": {
        "id": 9598712466,
        "nombre": "Samu 68",
        "categoria": "salud",
        "subcategoria": "hospital",
        "tags": {
          "amenity": "hospital",
          "healthcare": "hospital",
          "name": "Samu 68",
          "operator": "Cruz Roja Colombiana Seccional Cundinamarca Y Bogota",
          "operator:type": "private_non_profit"
        }
      },
      "geometry": {
        "type": "Point",
        "coordinates": [
          -74.089479,
          4.6725765
        ]
      }
    },
    {
      "type": "Feature",
      "properties": {
        "id": 9719571617,
        "nombre": "Centros de Atención Prioritaria en Salud Cabañas",
        "categoria": "salud",
        "subcategoria": "hospital",
        "tags": {
          "addr:housenumber": "89B-19",
          "addr:street": "Calle 57 Sur",
          "amenity": "hospital",
          "healthcare": "hospital",
          "name": "Centros de Atención Prioritaria en Salud Cabañas"
        }
      },
      "geometry": {
        "type": "Point",
        "coordinates": [
          -74.1901353,
          4.630924
        ]
      }
    },
    {
      "type": "Feature",
      "properties": {
        "id": 9719586417,
        "nombre": "Centros de Atención Prioritaria en Salud Bosa Centro",
        "categoria": "salud",
        "subcategoria": "hospital",
        "tags": {
          "addr:housenumber": "80H-44",
          "addr:street": "Calle 65 Sur",
          "amenity": "hospital",
          "healthcare": "hospital",
          "name": "Centros de Atención Prioritaria en Salud Bosa Centro"
        }
      },
      "geometry": {
        "type": "Point",
        "coordinates": [
          -74.1857388,
          4.6093687
        ]
      }
    },
    {
      "type": "Feature",
      "properties": {
        "id": 9728012074,
        "nombre": "Colcan",
        "categoria": "salud",
        "subcategoria": "clinic",
        "tags": {
          "amenity": "clinic",
          "check_date": "2024-06-01",
          "health_facility:type": "laboratory",
          "name": "Colcan"
        }
      },
      "geometry": {
        "type": "Point",
        "coordinates": [
          -74.0463012,
          4.6930964
        ]
      }
    },
    {
      "type": "Feature",
      "properties": {
        "id": 9736127250,
        "nombre": "Clínica Reina Sofia Colsánitas",
        "categoria": "salud",
        "subcategoria": "hospital",
        "tags": {
          "amenity": "hospital",
          "healthcare": "hospital",
          "name": "Clínica Reina Sofia Colsánitas",
          "operator": "Colsánitas - Keralty",
          "wheelchair": "limited"
        }
      },
      "geometry": {
        "type": "Point",
        "coordinates": [
          -74.0522841,
          4.7070462
        ]
      }
    },
    {
      "type": "Feature",
      "properties": {
        "id": 9736127251,
        "nombre": "Clínica Pediátrica Colsánitas",
        "categoria": "salud",
        "subcategoria": "clinic",
        "tags": {
          "addr:housenumber": "20-56",
          "addr:street": "Calle 127",
          "amenity": "clinic",
          "name": "Clínica Pediátrica Colsánitas",
          "operator": "Colsánitas - Keralty",
          "phone": "+57 601 7455100",
          "website": "https://www.clinicapediatricacolsanitas.com/"
        }
      },
      "geometry": {
        "type": "Point",
        "coordinates": [
          -74.0508951,
          4.7065206
        ]
      }
    },
    {
      "type": "Feature",
      "properties": {
        "id": 9915303817,
        "nombre": "Compensar Cajicá",
        "categoria": "salud",
        "subcategoria": "clinic",
        "tags": {
          "amenity": "clinic",
          "name": "Compensar Cajicá"
        }
      },
      "geometry": {
        "type": "Point",
        "coordinates": [
          -74.0356121,
          4.8922762
        ]
      }
    },
    {
      "type": "Feature",
      "properties": {
        "id": 9948003817,
        "nombre": "Zahnarzt Marta",
        "categoria": "salud",
        "subcategoria": "clinic",
        "tags": {
          "amenity": "clinic",
          "name": "Zahnarzt Marta"
        }
      },
      "geometry": {
        "type": "Point",
        "coordinates": [
          -74.0323599,
          4.6961758
        ]
      }
    },
    {
      "type": "Feature",
      "properties": {
        "id": 9957887819,
        "nombre": "sanitas EPS - trámite",
        "categoria": "salud",
        "subcategoria": "clinic",
        "tags": {
          "amenity": "clinic",
          "name": "sanitas EPS - trámite"
        }
      },
      "geometry": {
        "type": "Point",
        "coordinates": [
          -74.1160626,
          4.6346179
        ]
      }
    },
    {
      "type": "Feature",
      "properties": {
        "id": 10170715726,
        "nombre": "Colsanitas Salitre",
        "categoria": "salud",
        "subcategoria": "clinic",
        "tags": {
          "addr:floor": "4",
          "amenity": "clinic",
          "healthcare": "clinic",
          "name": "Colsanitas Salitre"
        }
      },
      "geometry": {
        "type": "Point",
        "coordinates": [
          -74.10607,
          4.6512522
        ]
      }
    },
    {
      "type": "Feature",
      "properties": {
        "id": 10698166605,
        "nombre": "fami care IPS",
        "categoria": "salud",
        "subcategoria": "clinic",
        "tags": {
          "amenity": "clinic",
          "name": "fami care IPS"
        }
      },
      "geometry": {
        "type": "Point",
        "coordinates": [
          -74.0623657,
          4.675599
        ]
      }
    },
    {
      "type": "Feature",
      "properties": {
        "id": 10698169105,
        "nombre": "Sin Nombre",
        "categoria": "salud",
        "subcategoria": "clinic",
        "tags": {
          "amenity": "clinic",
          "name:en": "cepa IPS"
        }
      },
      "geometry": {
        "type": "Point",
        "coordinates": [
          -74.0746073,
          4.6212859
        ]
      }
    },
    {
      "type": "Feature",
      "properties": {
        "id": 10699711405,
        "nombre": "Sin Nombre",
        "categoria": "salud",
        "subcategoria": "clinic",
        "tags": {
          "amenity": "clinic",
          "name:en": "Fami Care IPS"
        }
      },
      "geometry": {
        "type": "Point",
        "coordinates": [
          -74.0624672,
          4.6748959
        ]
      }
    },
    {
      "type": "Feature",
      "properties": {
        "id": 10734026507,
        "nombre": "clinica garper medical s.a.s",
        "categoria": "salud",
        "subcategoria": "clinic",
        "tags": {
          "addr:housenumber": "24-40",
          "addr:street": "Calle 27",
          "amenity": "clinic",
          "name": "clinica garper medical s.a.s",
          "phone": "+57 601 3902986",
          "website": "https://www.garpermedica.com"
        }
      },
      "geometry": {
        "type": "Point",
        "coordinates": [
          -74.0769061,
          4.6229471
        ]
      }
    },
    {
      "type": "Feature",
      "properties": {
        "id": 10916002471,
        "nombre": "Compensar Salud Plan Complementario",
        "categoria": "salud",
        "subcategoria": "clinic",
        "tags": {
          "addr:city": "Bogotá D.C.",
          "addr:housenumber": "95-81",
          "addr:street": "Autopista Norte",
          "amenity": "clinic",
          "description": "Plan Complementario",
          "healthcare": "clinic",
          "name": "Compensar Salud Plan Complementario",
          "operator": "Compensar",
          "source": "Kaart Ground Survey 2017;local knowledge"
        }
      },
      "geometry": {
        "type": "Point",
        "coordinates": [
          -74.0581486,
          4.684651
        ]
      }
    },
    {
      "type": "Feature",
      "properties": {
        "id": 10945592815,
        "nombre": "Sin Nombre",
        "categoria": "salud",
        "subcategoria": "clinic",
        "tags": {
          "amenity": "clinic"
        }
      },
      "geometry": {
        "type": "Point",
        "coordinates": [
          -74.2300969,
          4.7043813
        ]
      }
    },
    {
      "type": "Feature",
      "properties": {
        "id": 11152236172,
        "nombre": "Ango Fisioterapia",
        "categoria": "salud",
        "subcategoria": "hospital",
        "tags": {
          "addr:city": "Mosquera",
          "addr:housenumber": "8-05",
          "addr:street": "Calle 8",
          "amenity": "hospital",
          "healthcare": "hospital",
          "healthcare:speciality": "applied_kinesiology;physiatry",
          "name": "Ango Fisioterapia"
        }
      },
      "geometry": {
        "type": "Point",
        "coordinates": [
          -74.2294304,
          4.7113635
        ]
      }
    },
    {
      "type": "Feature",
      "properties": {
        "id": 11263552241,
        "nombre": "IMEVI",
        "categoria": "salud",
        "subcategoria": "clinic",
        "tags": {
          "amenity": "clinic",
          "name": "IMEVI"
        }
      },
      "geometry": {
        "type": "Point",
        "coordinates": [
          -74.0630409,
          4.6646127
        ]
      }
    },
    {
      "type": "Feature",
      "properties": {
        "id": 11423818027,
        "nombre": "Clínica de Especialistas",
        "categoria": "salud",
        "subcategoria": "clinic",
        "tags": {
          "amenity": "clinic",
          "healthcare": "clinic",
          "name": "Clínica de Especialistas"
        }
      },
      "geometry": {
        "type": "Point",
        "coordinates": [
          -74.0713732,
          4.618864
        ]
      }
    },
    {
      "type": "Feature",
      "properties": {
        "id": 11906880586,
        "nombre": "Clínica de la piel",
        "categoria": "salud",
        "subcategoria": "clinic",
        "tags": {
          "amenity": "clinic",
          "name": "Clínica de la piel"
        }
      },
      "geometry": {
        "type": "Point",
        "coordinates": [
          -74.0604794,
          4.687014
        ]
      }
    },
    {
      "type": "Feature",
      "properties": {
        "id": 12313761201,
        "nombre": "Oncolife 104",
        "categoria": "salud",
        "subcategoria": "clinic",
        "tags": {
          "addr:housenumber": "104A-91",
          "addr:street": "Avenida Carrera 45",
          "amenity": "clinic",
          "name": "Oncolife 104",
          "opening_hours": "Fr,Tu-Th,Mo 06:00-17:00; Sa 06:00-13:00",
          "phone": "+57 601 5803973"
        }
      },
      "geometry": {
        "type": "Point",
        "coordinates": [
          -74.056747,
          4.6931627
        ]
      }
    },
    {
      "type": "Feature",
      "properties": {
        "id": 12313761202,
        "nombre": "Clínica Oncolife 103",
        "categoria": "salud",
        "subcategoria": "clinic",
        "tags": {
          "addr:housenumber": "103-59",
          "addr:street": "Avenida Carrera 45",
          "amenity": "clinic",
          "name": "Clínica Oncolife 103",
          "opening_hours": "24/7",
          "phone": "+57 601 5803973"
        }
      },
      "geometry": {
        "type": "Point",
        "coordinates": [
          -74.0571549,
          4.6905237
        ]
      }
    },
    {
      "type": "Feature",
      "properties": {
        "id": 12341084785,
        "nombre": "Centro Médico de Especialistas",
        "categoria": "salud",
        "subcategoria": "clinic",
        "tags": {
          "amenity": "clinic",
          "healthcare": "clinic",
          "name": "Centro Médico de Especialistas"
        }
      },
      "geometry": {
        "type": "Point",
        "coordinates": [
          -74.0723703,
          4.6507122
        ]
      }
    },
    {
      "type": "Feature",
      "properties": {
        "id": 12366031345,
        "nombre": "Hospital Jorge Eliecer Gaitán",
        "categoria": "salud",
        "subcategoria": "hospital",
        "tags": {
          "amenity": "hospital",
          "name": "Hospital Jorge Eliecer Gaitán"
        }
      },
      "geometry": {
        "type": "Point",
        "coordinates": [
          -74.0700723,
          4.5895932
        ]
      }
    },
    {
      "type": "Feature",
      "properties": {
        "id": 12994553007,
        "nombre": "Profamilia Quirigua",
        "categoria": "salud",
        "subcategoria": "clinic",
        "tags": {
          "amenity": "clinic",
          "check_date": "2025-07-11",
          "healthcare": "clinic",
          "healthcare:speciality": "fertility;abortion;blood_check;gynaecology",
          "internet_access": "no",
          "name": "Profamilia Quirigua",
          "operator": "Profamilia",
          "wheelchair": "limited"
        }
      },
      "geometry": {
        "type": "Point",
        "coordinates": [
          -74.1086305,
          4.7073336
        ]
      }
    },
    {
      "type": "Feature",
      "properties": {
        "id": 13281914702,
        "nombre": "DentiSalud",
        "categoria": "salud",
        "subcategoria": "clinic",
        "tags": {
          "amenity": "clinic",
          "name": "DentiSalud"
        }
      },
      "geometry": {
        "type": "Point",
        "coordinates": [
          -74.0420996,
          4.7043701
        ]
      }
    },
    {
      "type": "Feature",
      "properties": {
        "id": 13741244536,
        "nombre": "Pauvethome veterinaria",
        "categoria": "salud",
        "subcategoria": "hospital",
        "tags": {
          "addr:city": "Bogotá D.C.",
          "addr:street": "Carrera 21 #108a 10 navarra",
          "amenity": "hospital",
          "healthcare": "hospital",
          "healthcare:speciality": "veterinaria",
          "name": "Pauvethome veterinaria"
        }
      },
      "geometry": {
        "type": "Point",
        "coordinates": [
          -74.0529065,
          4.6951722
        ]
      }
    },
    {
      "type": "Feature",
      "properties": {
        "id": 24038308,
        "nombre": "Instituto Materno Infantil Concepción Villaveces",
        "categoria": "salud",
        "subcategoria": "hospital",
        "tags": {
          "amenity": "hospital",
          "healthcare": "hospital",
          "name": "Instituto Materno Infantil Concepción Villaveces"
        }
      },
      "geometry": {
        "type": "Point",
        "coordinates": [
          -74.0849677,
          4.5884963
        ]
      }
    },
    {
      "type": "Feature",
      "properties": {
        "id": 24249764,
        "nombre": "Hospital Universiario Nacional",
        "categoria": "salud",
        "subcategoria": "hospital",
        "tags": {
          "amenity": "hospital",
          "building": "yes",
          "healthcare": "hospital",
          "name": "Hospital Universiario Nacional"
        }
      },
      "geometry": {
        "type": "Point",
        "coordinates": [
          -74.0955891,
          4.6489229
        ]
      }
    },
    {
      "type": "Feature",
      "properties": {
        "id": 24249781,
        "nombre": "Clínica del Niño",
        "categoria": "salud",
        "subcategoria": "hospital",
        "tags": {
          "amenity": "hospital",
          "building": "yes",
          "building:levels": "3",
          "healthcare": "hospital",
          "name": "Clínica del Niño"
        }
      },
      "geometry": {
        "type": "Point",
        "coordinates": [
          -74.0948765,
          4.6476447
        ]
      }
    },
    {
      "type": "Feature",
      "properties": {
        "id": 24510160,
        "nombre": "UPA Lourdes",
        "categoria": "salud",
        "subcategoria": "hospital",
        "tags": {
          "amenity": "hospital",
          "building": "yes",
          "healthcare": "hospital",
          "name": "UPA Lourdes"
        }
      },
      "geometry": {
        "type": "Point",
        "coordinates": [
          -74.0739448,
          4.5893068
        ]
      }
    },
    {
      "type": "Feature",
      "properties": {
        "id": 24559320,
        "nombre": "Hospital Infantil Universitario San José",
        "categoria": "salud",
        "subcategoria": "hospital",
        "tags": {
          "amenity": "hospital",
          "healthcare": "hospital",
          "name": "Hospital Infantil Universitario San José"
        }
      },
      "geometry": {
        "type": "Point",
        "coordinates": [
          -74.0789709,
          4.6648488
        ]
      }
    },
    {
      "type": "Feature",
      "properties": {
        "id": 39764638,
        "nombre": "Instituto Colombiano del Sistema Nervioso Clínica Monserrat",
        "categoria": "salud",
        "subcategoria": "clinic",
        "tags": {
          "amenity": "clinic",
          "building": "yes",
          "building:levels": "2",
          "building:material": "brick",
          "healthcare": "clinic",
          "name": "Instituto Colombiano del Sistema Nervioso Clínica Monserrat",
          "website": "https://www.clinicamontserrat.com.co/web/"
        }
      },
      "geometry": {
        "type": "Point",
        "coordinates": [
          -74.0467127,
          4.7170991
        ]
      }
    },
    {
      "type": "Feature",
      "properties": {
        "id": 42527299,
        "nombre": "Hospital Simón Bolívar",
        "categoria": "salud",
        "subcategoria": "hospital",
        "tags": {
          "addr:city": "Bogotá D.C.",
          "addr:country": "CO",
          "addr:full": "KR 7 No 165-0",
          "amenity": "hospital",
          "emergency": "yes",
          "name": "Hospital Simón Bolívar",
          "wheelchair": "yes"
        }
      },
      "geometry": {
        "type": "Point",
        "coordinates": [
          -74.0230348,
          4.7421942
        ]
      }
    },
    {
      "type": "Feature",
      "properties": {
        "id": 61758777,
        "nombre": "Sin Nombre",
        "categoria": "salud",
        "subcategoria": "hospital",
        "tags": {
          "amenity": "hospital",
          "building": "yes",
          "healthcare": "hospital",
          "source": "WMS Yahoo"
        }
      },
      "geometry": {
        "type": "Point",
        "coordinates": [
          -74.0925208,
          4.5913053
        ]
      }
    },
    {
      "type": "Feature",
      "properties": {
        "id": 74268803,
        "nombre": "Hospital de Fontibón",
        "categoria": "salud",
        "subcategoria": "hospital",
        "tags": {
          "amenity": "hospital",
          "building": "yes",
          "emergency": "yes",
          "healthcare": "hospital",
          "name": "Hospital de Fontibón"
        }
      },
      "geometry": {
        "type": "Point",
        "coordinates": [
          -74.1461862,
          4.6717466
        ]
      }
    },
    {
      "type": "Feature",
      "properties": {
        "id": 81140805,
        "nombre": "Clínica Palermo",
        "categoria": "salud",
        "subcategoria": "hospital",
        "tags": {
          "amenity": "hospital",
          "healthcare": "hospital",
          "name": "Clínica Palermo"
        }
      },
      "geometry": {
        "type": "Point",
        "coordinates": [
          -74.0738817,
          4.6361823
        ]
      }
    },
    {
      "type": "Feature",
      "properties": {
        "id": 97636047,
        "nombre": "La Carolina Centro Médico",
        "categoria": "salud",
        "subcategoria": "clinic",
        "tags": {
          "amenity": "clinic",
          "building": "yes",
          "building:levels": "5",
          "healthcare": "clinic",
          "name": "La Carolina Centro Médico"
        }
      },
      "geometry": {
        "type": "Point",
        "coordinates": [
          -74.041098,
          4.7044191
        ]
      }
    },
    {
      "type": "Feature",
      "properties": {
        "id": 132577773,
        "nombre": "Fundación Cardio Infantil",
        "categoria": "salud",
        "subcategoria": "hospital",
        "tags": {
          "amenity": "hospital",
          "emergency": "yes",
          "healthcare": "hospital",
          "name": "Fundación Cardio Infantil"
        }
      },
      "geometry": {
        "type": "Point",
        "coordinates": [
          -74.0340397,
          4.7418435
        ]
      }
    },
    {
      "type": "Feature",
      "properties": {
        "id": 153460467,
        "nombre": "Fundacion Medica de los Andes",
        "categoria": "salud",
        "subcategoria": "clinic",
        "tags": {
          "amenity": "clinic",
          "building": "yes",
          "building:levels": "8",
          "building:material": "brick",
          "emergency": "no",
          "healthcare": "clinic",
          "name": "Fundacion Medica de los Andes",
          "wheelchair": "limited"
        }
      },
      "geometry": {
        "type": "Point",
        "coordinates": [
          -74.0337699,
          4.6948658
        ]
      }
    },
    {
      "type": "Feature",
      "properties": {
        "id": 168526080,
        "nombre": "Sin Nombre",
        "categoria": "salud",
        "subcategoria": "hospital",
        "tags": {
          "amenity": "hospital",
          "building": "yes",
          "building:levels": "3",
          "building:material": "brick"
        }
      },
      "geometry": {
        "type": "Point",
        "coordinates": [
          -74.0677706,
          4.692895
        ]
      }
    },
    {
      "type": "Feature",
      "properties": {
        "id": 175822270,
        "nombre": "CAMI Gran Britalia",
        "categoria": "salud",
        "subcategoria": "hospital",
        "tags": {
          "amenity": "hospital",
          "emergency": "yes",
          "name": "CAMI Gran Britalia"
        }
      },
      "geometry": {
        "type": "Point",
        "coordinates": [
          -74.1718163,
          4.6220388
        ]
      }
    },
    {
      "type": "Feature",
      "properties": {
        "id": 177991055,
        "nombre": "Compensar Avenida 1 de Mayo",
        "categoria": "salud",
        "subcategoria": "clinic",
        "tags": {
          "addr:city": "Bogotá D.C.",
          "addr:housenumber": "10Bis-22 Sur",
          "addr:street": "Avenida Primero de Mayo",
          "amenity": "clinic",
          "building": "yes",
          "healthcare": "clinic",
          "name": "Compensar Avenida 1 de Mayo",
          "operator": "Compensar"
        }
      },
      "geometry": {
        "type": "Point",
        "coordinates": [
          -74.0952086,
          4.5766846
        ]
      }
    },
    {
      "type": "Feature",
      "properties": {
        "id": 199522386,
        "nombre": "Centro Salud Cafam",
        "categoria": "salud",
        "subcategoria": "clinic",
        "tags": {
          "amenity": "clinic",
          "building": "clinic",
          "healthcare": "clinic",
          "name": "Centro Salud Cafam",
          "opening_hours": "24/7"
        }
      },
      "geometry": {
        "type": "Point",
        "coordinates": [
          -74.075193,
          4.6861671
        ]
      }
    },
    {
      "type": "Feature",
      "properties": {
        "id": 220078994,
        "nombre": "Centro de Atención las Lomas",
        "categoria": "salud",
        "subcategoria": "hospital",
        "tags": {
          "amenity": "hospital",
          "healthcare": "hospital",
          "name": "Centro de Atención las Lomas"
        }
      },
      "geometry": {
        "type": "Point",
        "coordinates": [
          -74.1077179,
          4.5655778
        ]
      }
    },
    {
      "type": "Feature",
      "properties": {
        "id": 225050224,
        "nombre": "Fundación Clínica Shaio",
        "categoria": "salud",
        "subcategoria": "hospital",
        "tags": {
          "amenity": "hospital",
          "emergency": "yes",
          "healthcare": "hospital",
          "name": "Fundación Clínica Shaio",
          "opening_hours": "24/7",
          "phone": "(031) 593-8210",
          "website": "https://www.shaio.org/"
        }
      },
      "geometry": {
        "type": "Point",
        "coordinates": [
          -74.0728533,
          4.6980792
        ]
      }
    },
    {
      "type": "Feature",
      "properties": {
        "id": 230361682,
        "nombre": "Hospital El Tunal",
        "categoria": "salud",
        "subcategoria": "hospital",
        "tags": {
          "addr:street": "Calle 48C Sur",
          "amenity": "hospital",
          "emergency": "yes",
          "healthcare": "hospital",
          "name": "Hospital El Tunal",
          "source": "Kaart Ground Survey 2017"
        }
      },
      "geometry": {
        "type": "Point",
        "coordinates": [
          -74.1282485,
          4.5714697
        ]
      }
    },
    {
      "type": "Feature",
      "properties": {
        "id": 231391647,
        "nombre": "UPA Álamos",
        "categoria": "salud",
        "subcategoria": "hospital",
        "tags": {
          "addr:city": "Bogotá",
          "addr:housename": "UPA Álamos",
          "addr:housenumber": "65 - 63",
          "addr:street": "Carrera 97A",
          "amenity": "hospital",
          "building": "yes",
          "emergency": "yes",
          "name": "UPA Álamos"
        }
      },
      "geometry": {
        "type": "Point",
        "coordinates": [
          -74.1203222,
          4.6950574
        ]
      }
    },
    {
      "type": "Feature",
      "properties": {
        "id": 231977250,
        "nombre": "Centro Dermatológico Federico Lleras Acosta",
        "categoria": "salud",
        "subcategoria": "hospital",
        "tags": {
          "addr:country": "CO",
          "addr:full": "AV 1 13 A 61",
          "addr:street": "Avenida Carrera 14",
          "amenity": "hospital",
          "healthcare": "hospital",
          "name": "Centro Dermatológico Federico Lleras Acosta",
          "phone": "3077072",
          "source": "Kaart Ground Survey 2017"
        }
      },
      "geometry": {
        "type": "Point",
        "coordinates": [
          -74.0891721,
          4.5913278
        ]
      }
    },
    {
      "type": "Feature",
      "properties": {
        "id": 233391214,
        "nombre": "Fresenius Medical Care",
        "categoria": "salud",
        "subcategoria": "hospital",
        "tags": {
          "amenity": "hospital",
          "healthcare": "hospital",
          "name": "Fresenius Medical Care"
        }
      },
      "geometry": {
        "type": "Point",
        "coordinates": [
          -74.1245654,
          4.682227
        ]
      }
    },
    {
      "type": "Feature",
      "properties": {
        "id": 233575886,
        "nombre": "Hospital El Carmen",
        "categoria": "salud",
        "subcategoria": "hospital",
        "tags": {
          "amenity": "hospital",
          "emergency": "yes",
          "healthcare": "hospital",
          "name": "Hospital El Carmen"
        }
      },
      "geometry": {
        "type": "Point",
        "coordinates": [
          -74.1319733,
          4.5835619
        ]
      }
    },
    {
      "type": "Feature",
      "properties": {
        "id": 238505519,
        "nombre": "Nueva EPS Kennedy",
        "categoria": "salud",
        "subcategoria": "clinic",
        "tags": {
          "amenity": "clinic",
          "healthcare": "clinic",
          "name": "Nueva EPS Kennedy"
        }
      },
      "geometry": {
        "type": "Point",
        "coordinates": [
          -74.1542834,
          4.6200718
        ]
      }
    },
    {
      "type": "Feature",
      "properties": {
        "id": 244789412,
        "nombre": "Centro de Salud Famisanar Cafam Kennedy",
        "categoria": "salud",
        "subcategoria": "hospital",
        "tags": {
          "amenity": "hospital",
          "building": "yes",
          "name": "Centro de Salud Famisanar Cafam Kennedy"
        }
      },
      "geometry": {
        "type": "Point",
        "coordinates": [
          -74.154275,
          4.6237093
        ]
      }
    },
    {
      "type": "Feature",
      "properties": {
        "id": 252078996,
        "nombre": "Centro Médico IMEF",
        "categoria": "salud",
        "subcategoria": "clinic",
        "tags": {
          "addr:street": "Calle25E",
          "amenity": "clinic",
          "building": "yes",
          "healthcare": "clinic",
          "name": "Centro Médico IMEF",
          "source": "Kaart Ground Survey 2017"
        }
      },
      "geometry": {
        "type": "Point",
        "coordinates": [
          -74.0847907,
          4.6313163
        ]
      }
    },
    {
      "type": "Feature",
      "properties": {
        "id": 252078998,
        "nombre": "Clínica Fundadores",
        "categoria": "salud",
        "subcategoria": "clinic",
        "tags": {
          "amenity": "clinic",
          "building": "yes",
          "emergency": "yes",
          "healthcare": "clinic",
          "name": "Clínica Fundadores"
        }
      },
      "geometry": {
        "type": "Point",
        "coordinates": [
          -74.0854537,
          4.6313102
        ]
      }
    },
    {
      "type": "Feature",
      "properties": {
        "id": 258199722,
        "nombre": "Clínica La Colina",
        "categoria": "salud",
        "subcategoria": "clinic",
        "tags": {
          "amenity": "clinic",
          "building": "yes",
          "building:levels": "8",
          "building:material": "glass",
          "emergency": "yes",
          "healthcare": "clinic",
          "name": "Clínica La Colina"
        }
      },
      "geometry": {
        "type": "Point",
        "coordinates": [
          -74.0654918,
          4.7501117
        ]
      }
    },
    {
      "type": "Feature",
      "properties": {
        "id": 305178582,
        "nombre": "UPA 92",
        "categoria": "salud",
        "subcategoria": "clinic",
        "tags": {
          "amenity": "clinic",
          "building": "yes",
          "healthcare": "clinic",
          "name": "UPA 92"
        }
      },
      "geometry": {
        "type": "Point",
        "coordinates": [
          -74.1614074,
          4.6430879
        ]
      }
    },
    {
      "type": "Feature",
      "properties": {
        "id": 313193639,
        "nombre": "Hospital San Blas Nivel II E.S.E.",
        "categoria": "salud",
        "subcategoria": "hospital",
        "tags": {
          "amenity": "hospital",
          "healthcare": "hospital",
          "name": "Hospital San Blas Nivel II E.S.E."
        }
      },
      "geometry": {
        "type": "Point",
        "coordinates": [
          -74.0833933,
          4.56963
        ]
      }
    },
    {
      "type": "Feature",
      "properties": {
        "id": 324799387,
        "nombre": "Hospital La Victoria",
        "categoria": "salud",
        "subcategoria": "hospital",
        "tags": {
          "amenity": "hospital",
          "healthcare": "hospital",
          "name": "Hospital La Victoria"
        }
      },
      "geometry": {
        "type": "Point",
        "coordinates": [
          -74.0944097,
          4.5526614
        ]
      }
    },
    {
      "type": "Feature",
      "properties": {
        "id": 326795792,
        "nombre": "Hospital de Chapinero-Empresa Soc. Del Estado",
        "categoria": "salud",
        "subcategoria": "hospital",
        "tags": {
          "addr:city": "Chapinero",
          "addr:street": "Calle 66",
          "amenity": "hospital",
          "emergency": "yes",
          "healthcare": "hospital",
          "name": "Hospital de Chapinero-Empresa Soc. Del Estado",
          "note": "Sede Administrativa y Asistencial Telefono : 3499080",
          "operator": "SDS",
          "source": "Kaart Ground Survey 2017"
        }
      },
      "geometry": {
        "type": "Point",
        "coordinates": [
          -74.0656493,
          4.6536855
        ]
      }
    },
    {
      "type": "Feature",
      "properties": {
        "id": 334793591,
        "nombre": "Clínica Oftalmológica",
        "categoria": "salud",
        "subcategoria": "clinic",
        "tags": {
          "amenity": "clinic",
          "building": "yes",
          "name": "Clínica Oftalmológica"
        }
      },
      "geometry": {
        "type": "Point",
        "coordinates": [
          -74.0688417,
          4.6289874
        ]
      }
    },
    {
      "type": "Feature",
      "properties": {
        "id": 334798683,
        "nombre": "Centro de Medicina Bioenergetica ALMHI",
        "categoria": "salud",
        "subcategoria": "clinic",
        "tags": {
          "amenity": "clinic",
          "building": "yes",
          "name": "Centro de Medicina Bioenergetica ALMHI"
        }
      },
      "geometry": {
        "type": "Point",
        "coordinates": [
          -74.0689012,
          4.6324227
        ]
      }
    },
    {
      "type": "Feature",
      "properties": {
        "id": 334930764,
        "nombre": "Aliansalud",
        "categoria": "salud",
        "subcategoria": "hospital",
        "tags": {
          "amenity": "hospital",
          "name": "Aliansalud"
        }
      },
      "geometry": {
        "type": "Point",
        "coordinates": [
          -74.0665422,
          4.6262663
        ]
      }
    },
    {
      "type": "Feature",
      "properties": {
        "id": 334965688,
        "nombre": "Sanitas",
        "categoria": "salud",
        "subcategoria": "clinic",
        "tags": {
          "addr:housenumber": "3B-40",
          "addr:street": "Transversal 39",
          "amenity": "clinic",
          "building": "yes",
          "name": "Sanitas"
        }
      },
      "geometry": {
        "type": "Point",
        "coordinates": [
          -74.1110518,
          4.612701
        ]
      }
    },
    {
      "type": "Feature",
      "properties": {
        "id": 371546548,
        "nombre": "ICOP",
        "categoria": "salud",
        "subcategoria": "clinic",
        "tags": {
          "addr:housenumber": "13-13",
          "addr:street": "Calle 46",
          "amenity": "clinic",
          "building": "yes",
          "name": "ICOP"
        }
      },
      "geometry": {
        "type": "Point",
        "coordinates": [
          -74.0666128,
          4.6329633
        ]
      }
    },
    {
      "type": "Feature",
      "properties": {
        "id": 371988569,
        "nombre": "Centro de Especialidades",
        "categoria": "salud",
        "subcategoria": "clinic",
        "tags": {
          "addr:city": "Bogotá D.C.",
          "addr:housenumber": "7-36",
          "addr:street": "Carrera 9",
          "amenity": "clinic",
          "building": "yes",
          "check_date": "2025-06-20",
          "name": "Centro de Especialidades"
        }
      },
      "geometry": {
        "type": "Point",
        "coordinates": [
          -74.0639597,
          4.6369318
        ]
      }
    },
    {
      "type": "Feature",
      "properties": {
        "id": 371993126,
        "nombre": "Cafam",
        "categoria": "salud",
        "subcategoria": "clinic",
        "tags": {
          "amenity": "clinic",
          "building": "yes",
          "healthcare": "clinic",
          "name": "Cafam"
        }
      },
      "geometry": {
        "type": "Point",
        "coordinates": [
          -74.068538,
          4.6401714
        ]
      }
    },
    {
      "type": "Feature",
      "properties": {
        "id": 371998454,
        "nombre": "Sin Nombre",
        "categoria": "salud",
        "subcategoria": "clinic",
        "tags": {
          "addr:housenumber": "49-22",
          "addr:name": "Radioterapia Oncología Marly",
          "addr:street": "Carrera 9",
          "amenity": "clinic",
          "building": "yes",
          "healthcare": "clinic"
        }
      },
      "geometry": {
        "type": "Point",
        "coordinates": [
          -74.06441,
          4.636391
        ]
      }
    },
    {
      "type": "Feature",
      "properties": {
        "id": 372071295,
        "nombre": "Clínica Marly",
        "categoria": "salud",
        "subcategoria": "clinic",
        "tags": {
          "addr:housenumber": "48-63",
          "addr:street": "Carrera 13",
          "amenity": "clinic",
          "building": "yes",
          "healthcare": "clinic",
          "name": "Clínica Marly",
          "opening_hours": "07:00-19:00"
        }
      },
      "geometry": {
        "type": "Point",
        "coordinates": [
          -74.0662124,
          4.6359703
        ]
      }
    },
    {
      "type": "Feature",
      "properties": {
        "id": 372071297,
        "nombre": "Centro de Servicios Famisanar",
        "categoria": "salud",
        "subcategoria": "clinic",
        "tags": {
          "addr:street": "Carrera 13",
          "amenity": "clinic",
          "building": "yes",
          "healthcare": "clinic",
          "name": "Centro de Servicios Famisanar",
          "opening_hours": "06:00-22:00"
        }
      },
      "geometry": {
        "type": "Point",
        "coordinates": [
          -74.0662407,
          4.6357804
        ]
      }
    },
    {
      "type": "Feature",
      "properties": {
        "id": 372117754,
        "nombre": "Centro Medico",
        "categoria": "salud",
        "subcategoria": "clinic",
        "tags": {
          "addr:housenumber": "49-02",
          "addr:street": "Carrera 9",
          "amenity": "clinic",
          "building": "yes",
          "check_date": "2025-06-20",
          "name": "Centro Medico"
        }
      },
      "geometry": {
        "type": "Point",
        "coordinates": [
          -74.0644465,
          4.6362163
        ]
      }
    },
    {
      "type": "Feature",
      "properties": {
        "id": 390354414,
        "nombre": "Clínica Los Nogales",
        "categoria": "salud",
        "subcategoria": "clinic",
        "tags": {
          "amenity": "clinic",
          "building": "yes",
          "healthcare": "clinic",
          "name": "Clínica Los Nogales"
        }
      },
      "geometry": {
        "type": "Point",
        "coordinates": [
          -74.0570844,
          4.6828761
        ]
      }
    },
    {
      "type": "Feature",
      "properties": {
        "id": 395594654,
        "nombre": "Hospital Juan N. Corpas",
        "categoria": "salud",
        "subcategoria": "hospital",
        "tags": {
          "amenity": "hospital",
          "barrier": "yes",
          "emergency": "yes",
          "healthcare": "hospital",
          "name": "Hospital Juan N. Corpas"
        }
      },
      "geometry": {
        "type": "Point",
        "coordinates": [
          -74.0932764,
          4.7618982
        ]
      }
    },
    {
      "type": "Feature",
      "properties": {
        "id": 408010553,
        "nombre": "Hospital Pablo VI de Bosa",
        "categoria": "salud",
        "subcategoria": "hospital",
        "tags": {
          "addr:housenumber": "Cr 87",
          "addr:postcode": "110711",
          "addr:street": "calle 53B S-73",
          "amenity": "hospital",
          "name": "Hospital Pablo VI de Bosa",
          "name:en": "Centros de Atención Prioritaria en Salud Porvenir",
          "name:es": "Centros de Atención Prioritaria en Salud Porvenir"
        }
      },
      "geometry": {
        "type": "Point",
        "coordinates": [
          -74.1818632,
          4.6250158
        ]
      }
    },
    {
      "type": "Feature",
      "properties": {
        "id": 408344492,
        "nombre": "Hospital Universitario San Ignacio",
        "categoria": "salud",
        "subcategoria": "hospital",
        "tags": {
          "amenity": "hospital",
          "building": "yes",
          "name": "Hospital Universitario San Ignacio"
        }
      },
      "geometry": {
        "type": "Point",
        "coordinates": [
          -74.0671165,
          4.6291753
        ]
      }
    },
    {
      "type": "Feature",
      "properties": {
        "id": 408468025,
        "nombre": "Clínica de Marly B",
        "categoria": "salud",
        "subcategoria": "clinic",
        "tags": {
          "addr:street": "Calle 50",
          "amenity": "clinic",
          "name": "Clínica de Marly B"
        }
      },
      "geometry": {
        "type": "Point",
        "coordinates": [
          -74.064706,
          4.6373186
        ]
      }
    },
    {
      "type": "Feature",
      "properties": {
        "id": 408488094,
        "nombre": "Unidad Radiológica Panoramax",
        "categoria": "salud",
        "subcategoria": "hospital",
        "tags": {
          "addr:housenumber": "9-21",
          "addr:street": "Calle 49",
          "amenity": "hospital",
          "building": "yes",
          "building:levels": "2",
          "name": "Unidad Radiológica Panoramax"
        }
      },
      "geometry": {
        "type": "Point",
        "coordinates": [
          -74.06491,
          4.6359534
        ]
      }
    },
    {
      "type": "Feature",
      "properties": {
        "id": 408488106,
        "nombre": "Unidad Médica",
        "categoria": "salud",
        "subcategoria": "hospital",
        "tags": {
          "addr:housenumber": "48-51",
          "addr:street": "Carrera 9",
          "amenity": "hospital",
          "level": "4",
          "name": "Unidad Médica"
        }
      },
      "geometry": {
        "type": "Point",
        "coordinates": [
          -74.0650196,
          4.6356548
        ]
      }
    },
    {
      "type": "Feature",
      "properties": {
        "id": 409876143,
        "nombre": "SaludVida EPS",
        "categoria": "salud",
        "subcategoria": "hospital",
        "tags": {
          "addr:housenumber": "40B-41",
          "addr:street": "Carrera 13",
          "amenity": "hospital",
          "building": "yes",
          "emergency": "no",
          "healthcare": "hospital",
          "name": "SaludVida EPS"
        }
      },
      "geometry": {
        "type": "Point",
        "coordinates": [
          -74.0672666,
          4.628237
        ]
      }
    },
    {
      "type": "Feature",
      "properties": {
        "id": 410109440,
        "nombre": "Clínica Auditiva Escucho IPS",
        "categoria": "salud",
        "subcategoria": "clinic",
        "tags": {
          "addr:street": "Avenida Carrera 7",
          "amenity": "clinic",
          "building": "yes",
          "name": "Clínica Auditiva Escucho IPS",
          "source": "Kaart Ground Survey 2017"
        }
      },
      "geometry": {
        "type": "Point",
        "coordinates": [
          -74.0653131,
          4.6289357
        ]
      }
    },
    {
      "type": "Feature",
      "properties": {
        "id": 411098595,
        "nombre": "Unidad de Servicios de Salud Patio Bonito El Tintal",
        "categoria": "salud",
        "subcategoria": "hospital",
        "tags": {
          "alt_name": "Hospital El Tintal",
          "amenity": "hospital",
          "barrier": "fence",
          "emergency": "yes",
          "healthcare": "hospital",
          "landuse": "residential",
          "name": "Unidad de Servicios de Salud Patio Bonito El Tintal"
        }
      },
      "geometry": {
        "type": "Point",
        "coordinates": [
          -74.1487251,
          4.6516696
        ]
      }
    },
    {
      "type": "Feature",
      "properties": {
        "id": 411110249,
        "nombre": "Sin Nombre",
        "categoria": "salud",
        "subcategoria": "hospital",
        "tags": {
          "amenity": "hospital"
        }
      },
      "geometry": {
        "type": "Point",
        "coordinates": [
          -74.143745,
          4.6073906
        ]
      }
    },
    {
      "type": "Feature",
      "properties": {
        "id": 412246743,
        "nombre": "Profamilia",
        "categoria": "salud",
        "subcategoria": "clinic",
        "tags": {
          "addr:street": "Avenida Calle 34",
          "amenity": "clinic",
          "building": "yes",
          "healthcare": "clinic",
          "name": "Profamilia",
          "opening_hours": "Mo-Fr 06:00-19:00; Sa 07:00-16:00",
          "source": "Kaart Ground Survey 2017"
        }
      },
      "geometry": {
        "type": "Point",
        "coordinates": [
          -74.0700069,
          4.623234
        ]
      }
    },
    {
      "type": "Feature",
      "properties": {
        "id": 414032444,
        "nombre": "Clínica de Marly Jorge Cavelier Gaviria",
        "categoria": "salud",
        "subcategoria": "clinic",
        "tags": {
          "amenity": "clinic",
          "healthcare": "clinic",
          "landuse": "commercial",
          "name": "Clínica de Marly Jorge Cavelier Gaviria"
        }
      },
      "geometry": {
        "type": "Point",
        "coordinates": [
          -74.0366695,
          4.8754939
        ]
      }
    },
    {
      "type": "Feature",
      "properties": {
        "id": 421201421,
        "nombre": "Hospital Maria Auxiliadora",
        "categoria": "salud",
        "subcategoria": "hospital",
        "tags": {
          "addr:street": "Calle 3",
          "amenity": "hospital",
          "name": "Hospital Maria Auxiliadora",
          "source": "Kaart Ground Survey 2017"
        }
      },
      "geometry": {
        "type": "Point",
        "coordinates": [
          -74.228161,
          4.7033189
        ]
      }
    },
    {
      "type": "Feature",
      "properties": {
        "id": 430200798,
        "nombre": "Clínica Colombia",
        "categoria": "salud",
        "subcategoria": "hospital",
        "tags": {
          "amenity": "hospital",
          "emergency": "yes",
          "healthcare": "hospital",
          "name": "Clínica Colombia",
          "operator": "Sanitas"
        }
      },
      "geometry": {
        "type": "Point",
        "coordinates": [
          -74.1063889,
          4.6480661
        ]
      }
    },
    {
      "type": "Feature",
      "properties": {
        "id": 438544025,
        "nombre": "Edificio El Bosque",
        "categoria": "salud",
        "subcategoria": "clinic",
        "tags": {
          "amenity": "clinic",
          "building": "yes",
          "building:levels": "11",
          "building:material": "brick",
          "name": "Edificio El Bosque"
        }
      },
      "geometry": {
        "type": "Point",
        "coordinates": [
          -74.0321227,
          4.7118554
        ]
      }
    },
    {
      "type": "Feature",
      "properties": {
        "id": 438544379,
        "nombre": "Clínica El Bosque",
        "categoria": "salud",
        "subcategoria": "clinic",
        "tags": {
          "addr:housenumber": "7B-83",
          "addr:street": "Calle 134",
          "addr:unit": "Oficina 520",
          "amenity": "clinic",
          "building": "yes",
          "name": "Clínica El Bosque",
          "phone": "+57 601 6273399"
        }
      },
      "geometry": {
        "type": "Point",
        "coordinates": [
          -74.0309439,
          4.7114509
        ]
      }
    },
    {
      "type": "Feature",
      "properties": {
        "id": 461501610,
        "nombre": "E.S.E. Hospital Santa Matilde",
        "categoria": "salud",
        "subcategoria": "hospital",
        "tags": {
          "addr:city": "Madrid",
          "addr:housenumber": "KR 6 No.11-45",
          "addr:postcode": "250030",
          "addr:street": "Carrera 6",
          "amenity": "hospital",
          "check_date": "2024-12-30",
          "healthcare": "hospital",
          "healthcare:speciality": "general",
          "name": "E.S.E. Hospital Santa Matilde"
        }
      },
      "geometry": {
        "type": "Point",
        "coordinates": [
          -74.2597903,
          4.7354721
        ]
      }
    },
    {
      "type": "Feature",
      "properties": {
        "id": 478122407,
        "nombre": "Unidad Primaria de Atención Upa Bravo Páez",
        "categoria": "salud",
        "subcategoria": "clinic",
        "tags": {
          "amenity": "clinic",
          "healthcare": "clinic",
          "name": "Unidad Primaria de Atención Upa Bravo Páez",
          "operator": "Hospital Rafael Uribe Uribe"
        }
      },
      "geometry": {
        "type": "Point",
        "coordinates": [
          -74.1200907,
          4.5837128
        ]
      }
    },
    {
      "type": "Feature",
      "properties": {
        "id": 479816460,
        "nombre": "Compensar Unidad de Servicios Kennedy",
        "categoria": "salud",
        "subcategoria": "hospital",
        "tags": {
          "amenity": "hospital",
          "building": "yes",
          "name": "Compensar Unidad de Servicios Kennedy",
          "operator": "Compensar"
        }
      },
      "geometry": {
        "type": "Point",
        "coordinates": [
          -74.1584241,
          4.6157604
        ]
      }
    },
    {
      "type": "Feature",
      "properties": {
        "id": 481482654,
        "nombre": "Clinica Avidanti Ciudad Verde",
        "categoria": "salud",
        "subcategoria": "hospital",
        "tags": {
          "addr:city": "Soacha",
          "addr:housenumber": "33-??",
          "addr:postcode": "250051",
          "addr:street": "Carrera 34",
          "amenity": "hospital",
          "barrier": "fence",
          "construction": "health",
          "description": "Hospital nuevo",
          "healthcare": "hospital",
          "name": "Clinica Avidanti Ciudad Verde",
          "operator": "https://www.avidanti.com/",
          "operator:type": "private",
          "website": "https://www.avidanti.com/"
        }
      },
      "geometry": {
        "type": "Point",
        "coordinates": [
          -74.2173227,
          4.6072828
        ]
      }
    },
    {
      "type": "Feature",
      "properties": {
        "id": 526309662,
        "nombre": "JoMedical",
        "categoria": "salud",
        "subcategoria": "clinic",
        "tags": {
          "addr:street": "Carrera 7",
          "amenity": "clinic",
          "building": "yes",
          "healthcare": "clinic",
          "name": "JoMedical",
          "source": "Kaart Ground Survey 2017"
        }
      },
      "geometry": {
        "type": "Point",
        "coordinates": [
          -74.029182,
          4.7000005
        ]
      }
    },
    {
      "type": "Feature",
      "properties": {
        "id": 526309663,
        "nombre": "E.P.S. Sanitas",
        "categoria": "salud",
        "subcategoria": "clinic",
        "tags": {
          "addr:street": "Carrera 7",
          "amenity": "clinic",
          "building": "yes",
          "healthcare": "clinic",
          "name": "E.P.S. Sanitas",
          "source": "Kaart Ground Survey 2017"
        }
      },
      "geometry": {
        "type": "Point",
        "coordinates": [
          -74.0291246,
          4.7002058
        ]
      }
    },
    {
      "type": "Feature",
      "properties": {
        "id": 527591530,
        "nombre": "Rosangela Benedetti",
        "categoria": "salud",
        "subcategoria": "clinic",
        "tags": {
          "addr:street": "Avenida Santa Bárbara - Carrera 19",
          "amenity": "clinic",
          "building": "yes",
          "name": "Rosangela Benedetti",
          "source": "Kaart Ground Survey 2017"
        }
      },
      "geometry": {
        "type": "Point",
        "coordinates": [
          -74.0445615,
          4.732159
        ]
      }
    },
    {
      "type": "Feature",
      "properties": {
        "id": 527639736,
        "nombre": "P.S. Ocupacional",
        "categoria": "salud",
        "subcategoria": "clinic",
        "tags": {
          "addr:city": "Chía",
          "addr:street": "Carrera 13",
          "amenity": "clinic",
          "building": "yes",
          "name": "P.S. Ocupacional",
          "source": "Kaart Ground Survey 2017"
        }
      },
      "geometry": {
        "type": "Point",
        "coordinates": [
          -74.0612551,
          4.8639139
        ]
      }
    },
    {
      "type": "Feature",
      "properties": {
        "id": 527888122,
        "nombre": "Idime",
        "categoria": "salud",
        "subcategoria": "hospital",
        "tags": {
          "addr:street": "Autopista Norte - Paralela Oriental",
          "amenity": "hospital",
          "building": "yes",
          "name": "Idime",
          "source": "Kaart Ground Survey 2017"
        }
      },
      "geometry": {
        "type": "Point",
        "coordinates": [
          -74.0538197,
          4.7033368
        ]
      }
    },
    {
      "type": "Feature",
      "properties": {
        "id": 527929423,
        "nombre": "Maternity Spa",
        "categoria": "salud",
        "subcategoria": "clinic",
        "tags": {
          "addr:street": "Calle 108",
          "amenity": "clinic",
          "building": "yes",
          "name": "Maternity Spa",
          "source": "Kaart Ground Survey 2017"
        }
      },
      "geometry": {
        "type": "Point",
        "coordinates": [
          -74.0441388,
          4.6917481
        ]
      }
    },
    {
      "type": "Feature",
      "properties": {
        "id": 527961729,
        "nombre": "E.P.S. Sanitas",
        "categoria": "salud",
        "subcategoria": "clinic",
        "tags": {
          "addr:street": "Carrera 21",
          "amenity": "clinic",
          "building": "yes",
          "name": "E.P.S. Sanitas",
          "source": "Kaart Ground Survey 2017"
        }
      },
      "geometry": {
        "type": "Point",
        "coordinates": [
          -74.0442881,
          4.7471739
        ]
      }
    },
    {
      "type": "Feature",
      "properties": {
        "id": 527971016,
        "nombre": "Coomeva EPS",
        "categoria": "salud",
        "subcategoria": "clinic",
        "tags": {
          "addr:street": "Avenida Calle 161",
          "amenity": "clinic",
          "building": "yes",
          "name": "Coomeva EPS",
          "source": "Kaart Ground Survey 2017"
        }
      },
      "geometry": {
        "type": "Point",
        "coordinates": [
          -74.0408453,
          4.7400103
        ]
      }
    },
    {
      "type": "Feature",
      "properties": {
        "id": 527972484,
        "nombre": "Medic Global Professional IPS",
        "categoria": "salud",
        "subcategoria": "clinic",
        "tags": {
          "addr:street": "Avenida Calle 161",
          "amenity": "clinic",
          "building": "yes",
          "name": "Medic Global Professional IPS",
          "source": "Kaart Ground Survey 2017"
        }
      },
      "geometry": {
        "type": "Point",
        "coordinates": [
          -74.0387509,
          4.7395545
        ]
      }
    },
    {
      "type": "Feature",
      "properties": {
        "id": 527978865,
        "nombre": "Dra. Soffa Alegria",
        "categoria": "salud",
        "subcategoria": "clinic",
        "tags": {
          "addr:street": "Autopista Norte",
          "amenity": "clinic",
          "building": "yes",
          "name": "Dra. Soffa Alegria",
          "source": "Kaart Ground Survey 2017"
        }
      },
      "geometry": {
        "type": "Point",
        "coordinates": [
          -74.0463289,
          4.7487042
        ]
      }
    },
    {
      "type": "Feature",
      "properties": {
        "id": 527990322,
        "nombre": "Clínica De Traumatologia Y Ortopedia",
        "categoria": "salud",
        "subcategoria": "clinic",
        "tags": {
          "addr:housenumber": "10-92",
          "addr:street": "Calle 71",
          "amenity": "clinic",
          "building": "yes",
          "name": "Clínica De Traumatologia Y Ortopedia",
          "source": "Kaart Ground Survey 2017"
        }
      },
      "geometry": {
        "type": "Point",
        "coordinates": [
          -74.059029,
          4.656462
        ]
      }
    },
    {
      "type": "Feature",
      "properties": {
        "id": 528159571,
        "nombre": "Pointer",
        "categoria": "salud",
        "subcategoria": "clinic",
        "tags": {
          "addr:street": "Carrera 58B",
          "amenity": "clinic",
          "building": "yes",
          "name": "Pointer",
          "source": "Kaart Ground Survey 2017"
        }
      },
      "geometry": {
        "type": "Point",
        "coordinates": [
          -74.0688188,
          4.7211582
        ]
      }
    },
    {
      "type": "Feature",
      "properties": {
        "id": 528183670,
        "nombre": "Cafe Salud",
        "categoria": "salud",
        "subcategoria": "clinic",
        "tags": {
          "addr:street": "Avenida Carrera 7",
          "amenity": "clinic",
          "building": "yes",
          "name": "Cafe Salud",
          "source": "Kaart Ground Survey 2017"
        }
      },
      "geometry": {
        "type": "Point",
        "coordinates": [
          -74.0625414,
          4.6419542
        ]
      }
    },
    {
      "type": "Feature",
      "properties": {
        "id": 528185301,
        "nombre": "EPS Sura",
        "categoria": "salud",
        "subcategoria": "clinic",
        "tags": {
          "addr:housenumber": "54-27",
          "addr:street": "Avenida Carrera 7",
          "amenity": "clinic",
          "building": "yes",
          "healthcare": "clinic",
          "name": "EPS Sura",
          "name:es": "EPS Sura",
          "opening_hours": "Mo-Fr 07:00-20:00; Sa 07:00-13:00",
          "source": "Kaart Ground Survey 2017"
        }
      },
      "geometry": {
        "type": "Point",
        "coordinates": [
          -74.0629751,
          4.6404927
        ]
      }
    },
    {
      "type": "Feature",
      "properties": {
        "id": 528188403,
        "nombre": "Centro Medico Colmédica",
        "categoria": "salud",
        "subcategoria": "clinic",
        "tags": {
          "addr:housenumber": "52-53",
          "addr:street": "Avenida Carrera 7",
          "amenity": "clinic",
          "building": "yes",
          "name": "Centro Medico Colmédica",
          "source": "Kaart Ground Survey 2017"
        }
      },
      "geometry": {
        "type": "Point",
        "coordinates": [
          -74.0633161,
          4.6389126
        ]
      }
    },
    {
      "type": "Feature",
      "properties": {
        "id": 528204403,
        "nombre": "Jave Salud",
        "categoria": "salud",
        "subcategoria": "clinic",
        "tags": {
          "addr:city": "Bogotá D.C.",
          "addr:housenumber": "40-11",
          "addr:street": "Avenida Carrera 7",
          "amenity": "clinic",
          "building": "yes",
          "check_date:opening_hours": "2024-02-01",
          "healthcare": "clinic",
          "name": "Jave Salud",
          "opening_hours:signed": "no",
          "source": "Kaart Ground Survey 2017"
        }
      },
      "geometry": {
        "type": "Point",
        "coordinates": [
          -74.0655488,
          4.6276657
        ]
      }
    },
    {
      "type": "Feature",
      "properties": {
        "id": 528234915,
        "nombre": "Asociacion Mutual San Jorge",
        "categoria": "salud",
        "subcategoria": "clinic",
        "tags": {
          "addr:street": "Calle 101",
          "amenity": "clinic",
          "building": "yes",
          "name": "Asociacion Mutual San Jorge",
          "source": "Kaart Ground Survey 2017"
        }
      },
      "geometry": {
        "type": "Point",
        "coordinates": [
          -74.077328,
          4.6984564
        ]
      }
    },
    {
      "type": "Feature",
      "properties": {
        "id": 528474678,
        "nombre": "Clínica San Miguel",
        "categoria": "salud",
        "subcategoria": "clinic",
        "tags": {
          "addr:city": "Bogotá D.C.",
          "addr:street": "Carrera 7C",
          "amenity": "clinic",
          "building": "yes",
          "healthcare": "clinic",
          "name": "Clínica San Miguel",
          "source": "Kaart Ground Survey 2017"
        }
      },
      "geometry": {
        "type": "Point",
        "coordinates": [
          -74.0317814,
          4.7011163
        ]
      }
    },
    {
      "type": "Feature",
      "properties": {
        "id": 528476656,
        "nombre": "Centro Medico 78",
        "categoria": "salud",
        "subcategoria": "clinic",
        "tags": {
          "addr:street": "Carrera 18",
          "amenity": "clinic",
          "building": "yes",
          "name": "Centro Medico 78",
          "source": "Kaart Ground Survey 2017"
        }
      },
      "geometry": {
        "type": "Point",
        "coordinates": [
          -74.0589017,
          4.6667052
        ]
      }
    },
    {
      "type": "Feature",
      "properties": {
        "id": 528502281,
        "nombre": "Hospital Ingativa Bellavista",
        "categoria": "salud",
        "subcategoria": "hospital",
        "tags": {
          "addr:street": "Carrera 69",
          "amenity": "hospital",
          "building": "yes",
          "name": "Hospital Ingativa Bellavista",
          "source": "Kaart Ground Survey 2017"
        }
      },
      "geometry": {
        "type": "Point",
        "coordinates": [
          -74.0906853,
          4.6778947
        ]
      }
    },
    {
      "type": "Feature",
      "properties": {
        "id": 528548770,
        "nombre": "Orienta Familiar I.P.S EU",
        "categoria": "salud",
        "subcategoria": "clinic",
        "tags": {
          "addr:street": "Avenida Caracas",
          "amenity": "clinic",
          "building": "yes",
          "healthcare": "clinic",
          "name": "Orienta Familiar I.P.S EU",
          "source": "Kaart Ground Survey 2017"
        }
      },
      "geometry": {
        "type": "Point",
        "coordinates": [
          -74.0697518,
          4.6227409
        ]
      }
    },
    {
      "type": "Feature",
      "properties": {
        "id": 528560008,
        "nombre": "Asociación San Bartolomé Apóstol",
        "categoria": "salud",
        "subcategoria": "clinic",
        "tags": {
          "addr:street": "Carrera 59A",
          "amenity": "clinic",
          "building": "yes",
          "name": "Asociación San Bartolomé Apóstol",
          "source": "Kaart Ground Survey 2017"
        }
      },
      "geometry": {
        "type": "Point",
        "coordinates": [
          -74.071526,
          4.7202429
        ]
      }
    },
    {
      "type": "Feature",
      "properties": {
        "id": 528561843,
        "nombre": "Oriéntame",
        "categoria": "salud",
        "subcategoria": "clinic",
        "tags": {
          "addr:housenumber": "16 - 55",
          "addr:street": "Calle 33A",
          "amenity": "clinic",
          "building": "yes",
          "name": "Oriéntame",
          "office": "foundation",
          "phone": "+57 1 7447633",
          "source": "Kaart Ground Survey 2017",
          "website": "https://orientame.org.co/"
        }
      },
      "geometry": {
        "type": "Point",
        "coordinates": [
          -74.07214,
          4.622344
        ]
      }
    },
    {
      "type": "Feature",
      "properties": {
        "id": 528565891,
        "nombre": "Instituto Medico de Especialistas",
        "categoria": "salud",
        "subcategoria": "clinic",
        "tags": {
          "addr:housenumber": "29-61",
          "addr:street": "Avenida Caracas",
          "amenity": "clinic",
          "building": "yes",
          "check_date": "2024-08-20",
          "name": "Instituto Medico de Especialistas",
          "source": "Kaart Ground Survey 2017"
        }
      },
      "geometry": {
        "type": "Point",
        "coordinates": [
          -74.0716598,
          4.6183861
        ]
      }
    },
    {
      "type": "Feature",
      "properties": {
        "id": 529278238,
        "nombre": "San Nicolás",
        "categoria": "salud",
        "subcategoria": "clinic",
        "tags": {
          "amenity": "clinic",
          "building": "yes",
          "name": "San Nicolás"
        }
      },
      "geometry": {
        "type": "Point",
        "coordinates": [
          -74.0687032,
          4.6666577
        ]
      }
    },
    {
      "type": "Feature",
      "properties": {
        "id": 529309515,
        "nombre": "Santa Catalina.",
        "categoria": "salud",
        "subcategoria": "clinic",
        "tags": {
          "amenity": "clinic",
          "building": "yes",
          "name": "Santa Catalina."
        }
      },
      "geometry": {
        "type": "Point",
        "coordinates": [
          -74.0708441,
          4.6286131
        ]
      }
    },
    {
      "type": "Feature",
      "properties": {
        "id": 529499066,
        "nombre": "Centro Medico",
        "categoria": "salud",
        "subcategoria": "clinic",
        "tags": {
          "addr:city": "Bogotá D.C.",
          "addr:street": "Calle 67",
          "amenity": "clinic",
          "building": "yes",
          "name": "Centro Medico",
          "source": "Kaart Ground Survey 2017"
        }
      },
      "geometry": {
        "type": "Point",
        "coordinates": [
          -74.064051,
          4.6547449
        ]
      }
    },
    {
      "type": "Feature",
      "properties": {
        "id": 529561782,
        "nombre": "I.P.S. Cipres",
        "categoria": "salud",
        "subcategoria": "clinic",
        "tags": {
          "addr:street": "Calle 150",
          "amenity": "clinic",
          "building": "yes",
          "name": "I.P.S. Cipres",
          "source": "Kaart Ground Survey 2017"
        }
      },
      "geometry": {
        "type": "Point",
        "coordinates": [
          -74.0532915,
          4.7324141
        ]
      }
    },
    {
      "type": "Feature",
      "properties": {
        "id": 529735263,
        "nombre": "Centro Cardiológico de Bogotá",
        "categoria": "salud",
        "subcategoria": "clinic",
        "tags": {
          "addr:housenumber": "82-36",
          "addr:street": "Carrera 16",
          "amenity": "clinic",
          "building": "yes",
          "check_date": "2024-05-21",
          "name": "Centro Cardiológico de Bogotá",
          "source": "Kaart Ground Survey 2017"
        }
      },
      "geometry": {
        "type": "Point",
        "coordinates": [
          -74.056682,
          4.6682084
        ]
      }
    },
    {
      "type": "Feature",
      "properties": {
        "id": 530035006,
        "nombre": "CafeSalud",
        "categoria": "salud",
        "subcategoria": "clinic",
        "tags": {
          "addr:street": "Autopista Norte - Paralela Oriental",
          "amenity": "clinic",
          "building": "yes",
          "name": "CafeSalud",
          "source": "Kaart Ground Survey 2017"
        }
      },
      "geometry": {
        "type": "Point",
        "coordinates": [
          -74.0505424,
          4.7231283
        ]
      }
    },
    {
      "type": "Feature",
      "properties": {
        "id": 530035019,
        "nombre": "Dos Hemisferios",
        "categoria": "salud",
        "subcategoria": "clinic",
        "tags": {
          "addr:street": "Autopista Norte - Paralela Oriental",
          "amenity": "clinic",
          "building": "yes",
          "name": "Dos Hemisferios",
          "source": "Kaart Ground Survey 2017"
        }
      },
      "geometry": {
        "type": "Point",
        "coordinates": [
          -74.0500497,
          4.7262378
        ]
      }
    },
    {
      "type": "Feature",
      "properties": {
        "id": 530111519,
        "nombre": "Compensar Calle 145",
        "categoria": "salud",
        "subcategoria": "clinic",
        "tags": {
          "addr:street": "Autopista Norte - Paralela Oriental",
          "amenity": "clinic",
          "building": "yes",
          "name": "Compensar Calle 145",
          "source": "Kaart Ground Survey 2017"
        }
      },
      "geometry": {
        "type": "Point",
        "coordinates": [
          -74.049581,
          4.7274068
        ]
      }
    },
    {
      "type": "Feature",
      "properties": {
        "id": 530125836,
        "nombre": "Servimed",
        "categoria": "salud",
        "subcategoria": "clinic",
        "tags": {
          "addr:street": "Avenida Carrera 70",
          "amenity": "clinic",
          "building": "yes",
          "name": "Servimed",
          "source": "Kaart Ground Survey 2017"
        }
      },
      "geometry": {
        "type": "Point",
        "coordinates": [
          -74.1030759,
          4.669495
        ]
      }
    },
    {
      "type": "Feature",
      "properties": {
        "id": 530331495,
        "nombre": "Clínica Rivas",
        "categoria": "salud",
        "subcategoria": "clinic",
        "tags": {
          "addr:street": "Avenida Carrera 19",
          "amenity": "clinic",
          "building": "yes",
          "check_date": "2025-04-04",
          "name": "Clínica Rivas",
          "source": "Kaart Ground Survey 2017"
        }
      },
      "geometry": {
        "type": "Point",
        "coordinates": [
          -74.0516588,
          4.6865435
        ]
      }
    },
    {
      "type": "Feature",
      "properties": {
        "id": 530331496,
        "nombre": "Clínica Rivas",
        "categoria": "salud",
        "subcategoria": "clinic",
        "tags": {
          "addr:street": "Avenida Carrera 19",
          "amenity": "clinic",
          "building": "yes",
          "name": "Clínica Rivas",
          "source": "Kaart Ground Survey 2017"
        }
      },
      "geometry": {
        "type": "Point",
        "coordinates": [
          -74.0514974,
          4.6872189
        ]
      }
    },
    {
      "type": "Feature",
      "properties": {
        "id": 530419697,
        "nombre": "Erdintore & Trama",
        "categoria": "salud",
        "subcategoria": "clinic",
        "tags": {
          "addr:street": "Calle 74",
          "amenity": "clinic",
          "building": "yes",
          "name": "Erdintore & Trama",
          "source": "Kaart Ground Survey 2017"
        }
      },
      "geometry": {
        "type": "Point",
        "coordinates": [
          -74.0747458,
          4.6707284
        ]
      }
    },
    {
      "type": "Feature",
      "properties": {
        "id": 530424917,
        "nombre": "E.P.S. Sanitas",
        "categoria": "salud",
        "subcategoria": "clinic",
        "tags": {
          "addr:street": "Calle 106",
          "amenity": "clinic",
          "building": "yes",
          "name": "E.P.S. Sanitas",
          "source": "Kaart Ground Survey 2017"
        }
      },
      "geometry": {
        "type": "Point",
        "coordinates": [
          -74.0512655,
          4.6926327
        ]
      }
    },
    {
      "type": "Feature",
      "properties": {
        "id": 530603619,
        "nombre": "Avellaneda",
        "categoria": "salud",
        "subcategoria": "clinic",
        "tags": {
          "addr:street": "Calle 106",
          "amenity": "clinic",
          "building": "yes",
          "name": "Avellaneda",
          "source": "Kaart Ground Survey 2017"
        }
      },
      "geometry": {
        "type": "Point",
        "coordinates": [
          -74.0486462,
          4.6914922
        ]
      }
    },
    {
      "type": "Feature",
      "properties": {
        "id": 530624456,
        "nombre": "Unidad renal Fresenius Medical care",
        "categoria": "salud",
        "subcategoria": "clinic",
        "tags": {
          "addr:street": "Diagonal 82 Bis",
          "amenity": "clinic",
          "building": "yes",
          "name": "Unidad renal Fresenius Medical care",
          "name:es": "Unidad renal Fresenius Medical care",
          "source": "Kaart Ground Survey 2017"
        }
      },
      "geometry": {
        "type": "Point",
        "coordinates": [
          -74.0996441,
          4.7042772
        ]
      }
    },
    {
      "type": "Feature",
      "properties": {
        "id": 530629947,
        "nombre": "Clínica New Image",
        "categoria": "salud",
        "subcategoria": "clinic",
        "tags": {
          "addr:street": "Carrera 17A",
          "amenity": "clinic",
          "building": "yes",
          "name": "Clínica New Image",
          "source": "Kaart Ground Survey 2017"
        }
      },
      "geometry": {
        "type": "Point",
        "coordinates": [
          -74.048929,
          4.6916674
        ]
      }
    },
    {
      "type": "Feature",
      "properties": {
        "id": 531288236,
        "nombre": "Corvesalud Coodontólogos",
        "categoria": "salud",
        "subcategoria": "clinic",
        "tags": {
          "addr:street": "Avenida Carrera 20",
          "amenity": "clinic",
          "building": "yes",
          "healthcare": "clinic",
          "name": "Corvesalud Coodontólogos",
          "source": "Kaart Ground Survey 2017"
        }
      },
      "geometry": {
        "type": "Point",
        "coordinates": [
          -74.0605726,
          4.6701876
        ]
      }
    },
    {
      "type": "Feature",
      "properties": {
        "id": 531289026,
        "nombre": "DaVita",
        "categoria": "salud",
        "subcategoria": "clinic",
        "tags": {
          "addr:street": "Calle 73",
          "amenity": "clinic",
          "building": "yes",
          "healthcare": "clinic",
          "name": "DaVita",
          "source": "Kaart Ground Survey 2017"
        }
      },
      "geometry": {
        "type": "Point",
        "coordinates": [
          -74.0953828,
          4.6889639
        ]
      }
    },
    {
      "type": "Feature",
      "properties": {
        "id": 531324508,
        "nombre": "Promedico",
        "categoria": "salud",
        "subcategoria": "clinic",
        "tags": {
          "addr:street": "Autopista Norte - Paralela Occidental",
          "amenity": "clinic",
          "building": "yes",
          "healthcare": "clinic",
          "name": "Promedico",
          "source": "Kaart Ground Survey 2017"
        }
      },
      "geometry": {
        "type": "Point",
        "coordinates": [
          -74.0595267,
          4.6762352
        ]
      }
    },
    {
      "type": "Feature",
      "properties": {
        "id": 531476538,
        "nombre": "Clinica Barraquer",
        "categoria": "salud",
        "subcategoria": "clinic",
        "tags": {
          "addr:street": "Avenida Carrera 19",
          "amenity": "clinic",
          "building": "hospital",
          "building:levels": "4",
          "colour": "white",
          "healthcare": "clinic",
          "name": "Clinica Barraquer",
          "source": "Kaart Ground Survey 2017"
        }
      },
      "geometry": {
        "type": "Point",
        "coordinates": [
          -74.051608,
          4.6853828
        ]
      }
    },
    {
      "type": "Feature",
      "properties": {
        "id": 531493604,
        "nombre": "Servimed",
        "categoria": "salud",
        "subcategoria": "clinic",
        "tags": {
          "addr:street": "Autopista Norte",
          "amenity": "clinic",
          "building": "yes",
          "name": "Servimed",
          "source": "Kaart Ground Survey 2017"
        }
      },
      "geometry": {
        "type": "Point",
        "coordinates": [
          -74.0568661,
          4.692715
        ]
      }
    },
    {
      "type": "Feature",
      "properties": {
        "id": 531999540,
        "nombre": "Salud Total",
        "categoria": "salud",
        "subcategoria": "clinic",
        "tags": {
          "addr:housenumber": "48-25",
          "addr:street": "Avenida Carrera 50",
          "amenity": "clinic",
          "building": "yes",
          "healthcare": "clinic",
          "healthcare:speciality": "general",
          "name": "Salud Total",
          "source": "Kaart Ground Survey 2017"
        }
      },
      "geometry": {
        "type": "Point",
        "coordinates": [
          -74.0607874,
          4.6866522
        ]
      }
    },
    {
      "type": "Feature",
      "properties": {
        "id": 532043902,
        "nombre": "Alianza",
        "categoria": "salud",
        "subcategoria": "clinic",
        "tags": {
          "addr:city": "Bogotá D.C.",
          "addr:housenumber": "24-88",
          "addr:street": "Avenida Calle 63",
          "amenity": "clinic",
          "building": "yes",
          "healthcare": "clinic",
          "name": "Alianza",
          "source": "Kaart Ground Survey 2017"
        }
      },
      "geometry": {
        "type": "Point",
        "coordinates": [
          -74.0728859,
          4.6513404
        ]
      }
    },
    {
      "type": "Feature",
      "properties": {
        "id": 532978914,
        "nombre": "Clínica Sanita Magarita",
        "categoria": "salud",
        "subcategoria": "clinic",
        "tags": {
          "addr:street": "Autopista Norte",
          "amenity": "clinic",
          "building": "yes",
          "name": "Clínica Sanita Magarita",
          "source": "Kaart Ground Survey 2017"
        }
      },
      "geometry": {
        "type": "Point",
        "coordinates": [
          -74.0572229,
          4.690524
        ]
      }
    },
    {
      "type": "Feature",
      "properties": {
        "id": 532978916,
        "nombre": "E.P.S. Sanitas",
        "categoria": "salud",
        "subcategoria": "clinic",
        "tags": {
          "addr:housenumber": "103B-03",
          "addr:street": "Avenida Carrera 45",
          "amenity": "clinic",
          "building": "yes",
          "name": "E.P.S. Sanitas",
          "opening_hours": "Mo-Fr 06:00-20:00; Sa 06:00-17:00",
          "source": "Kaart Ground Survey 2017"
        }
      },
      "geometry": {
        "type": "Point",
        "coordinates": [
          -74.0571439,
          4.6909256
        ]
      }
    },
    {
      "type": "Feature",
      "properties": {
        "id": 532978920,
        "nombre": "Clínica Colombiana",
        "categoria": "salud",
        "subcategoria": "clinic",
        "tags": {
          "addr:street": "Autopista Norte",
          "amenity": "clinic",
          "building": "yes",
          "name": "Clínica Colombiana",
          "source": "Kaart Ground Survey 2017"
        }
      },
      "geometry": {
        "type": "Point",
        "coordinates": [
          -74.0570845,
          4.6914337
        ]
      }
    },
    {
      "type": "Feature",
      "properties": {
        "id": 533046357,
        "nombre": "UPA Rincon",
        "categoria": "salud",
        "subcategoria": "clinic",
        "tags": {
          "addr:street": "Calle 129B",
          "amenity": "clinic",
          "building": "yes",
          "healthcare": "clinic",
          "name": "UPA Rincon",
          "source": "Kaart Ground Survey 2017"
        }
      },
      "geometry": {
        "type": "Point",
        "coordinates": [
          -74.0931042,
          4.7260729
        ]
      }
    },
    {
      "type": "Feature",
      "properties": {
        "id": 533052840,
        "nombre": "Gimnasio Pedagógico San Rafael",
        "categoria": "salud",
        "subcategoria": "clinic",
        "tags": {
          "addr:street": "Calle 10A",
          "amenity": "clinic",
          "building": "yes",
          "healthcare": "clinic",
          "name": "Gimnasio Pedagógico San Rafael",
          "source": "Kaart Ground Survey 2017"
        }
      },
      "geometry": {
        "type": "Point",
        "coordinates": [
          -74.2249377,
          4.7107851
        ]
      }
    },
    {
      "type": "Feature",
      "properties": {
        "id": 533177261,
        "nombre": "Clínica San Sebastian",
        "categoria": "salud",
        "subcategoria": "clinic",
        "tags": {
          "addr:street": "Calle 63B",
          "amenity": "clinic",
          "building": "yes",
          "healthcare": "clinic",
          "name": "Clínica San Sebastian",
          "source": "Kaart Ground Survey 2017"
        }
      },
      "geometry": {
        "type": "Point",
        "coordinates": [
          -74.1087146,
          4.6799469
        ]
      }
    },
    {
      "type": "Feature",
      "properties": {
        "id": 533252847,
        "nombre": "Centro Medico y Odontologico  - Cifuentes",
        "categoria": "salud",
        "subcategoria": "hospital",
        "tags": {
          "addr:street": "Avenida Suba",
          "amenity": "hospital",
          "building": "yes",
          "healthcare": "hospital",
          "name": "Centro Medico y Odontologico  - Cifuentes",
          "source": "Kaart Ground Survey 2017"
        }
      },
      "geometry": {
        "type": "Point",
        "coordinates": [
          -74.0882438,
          4.7398661
        ]
      }
    },
    {
      "type": "Feature",
      "properties": {
        "id": 533884601,
        "nombre": "Corsanemos",
        "categoria": "salud",
        "subcategoria": "clinic",
        "tags": {
          "addr:street": "Calle 46",
          "amenity": "clinic",
          "building": "yes",
          "healthcare": "clinic",
          "name": "Corsanemos",
          "source": "Kaart Ground Survey 2017"
        }
      },
      "geometry": {
        "type": "Point",
        "coordinates": [
          -74.0774552,
          4.6357385
        ]
      }
    },
    {
      "type": "Feature",
      "properties": {
        "id": 534962151,
        "nombre": "Clínica Cardiointensiva",
        "categoria": "salud",
        "subcategoria": "clinic",
        "tags": {
          "addr:city": "Bogotá",
          "addr:street": "Calle 3",
          "amenity": "clinic",
          "building": "yes",
          "healthcare": "clinic",
          "name": "Clínica Cardiointensiva",
          "source": "Kaart Ground Survey 2017"
        }
      },
      "geometry": {
        "type": "Point",
        "coordinates": [
          -74.0956197,
          4.6001268
        ]
      }
    },
    {
      "type": "Feature",
      "properties": {
        "id": 537009002,
        "nombre": "Consultorios Medicos",
        "categoria": "salud",
        "subcategoria": "clinic",
        "tags": {
          "addr:city": "Bogotá D.C.",
          "addr:street": "Avenida Carrera 36",
          "amenity": "clinic",
          "building": "yes",
          "healthcare": "clinic",
          "name": "Consultorios Medicos",
          "source": "Kaart Ground Survey 2017"
        }
      },
      "geometry": {
        "type": "Point",
        "coordinates": [
          -74.1101204,
          4.6038132
        ]
      }
    },
    {
      "type": "Feature",
      "properties": {
        "id": 537772812,
        "nombre": "Consulta Externa Clínica San Rafael",
        "categoria": "salud",
        "subcategoria": "clinic",
        "tags": {
          "addr:street": "Carrera 8",
          "amenity": "clinic",
          "building": "yes",
          "healthcare": "clinic",
          "name": "Consulta Externa Clínica San Rafael",
          "source": "Kaart Ground Survey 2017"
        }
      },
      "geometry": {
        "type": "Point",
        "coordinates": [
          -74.0911476,
          4.5760833
        ]
      }
    },
    {
      "type": "Feature",
      "properties": {
        "id": 537813155,
        "nombre": "E.P.S. Sanitas Centro Medico",
        "categoria": "salud",
        "subcategoria": "clinic",
        "tags": {
          "addr:city": "Bogota",
          "addr:street": "Carrera 18",
          "amenity": "clinic",
          "building": "yes",
          "healthcare": "clinic",
          "name": "E.P.S. Sanitas Centro Medico",
          "source": "Kaart Ground Survey 2017"
        }
      },
      "geometry": {
        "type": "Point",
        "coordinates": [
          -74.1002353,
          4.5855736
        ]
      }
    },
    {
      "type": "Feature",
      "properties": {
        "id": 537813156,
        "nombre": "CafeSalud EPS",
        "categoria": "salud",
        "subcategoria": "clinic",
        "tags": {
          "addr:city": "Bogota",
          "addr:street": "Carrera 18",
          "amenity": "clinic",
          "building": "yes",
          "healthcare": "clinic",
          "name": "CafeSalud EPS",
          "source": "Kaart Ground Survey 2017"
        }
      },
      "geometry": {
        "type": "Point",
        "coordinates": [
          -74.0998087,
          4.586069
        ]
      }
    },
    {
      "type": "Feature",
      "properties": {
        "id": 539470012,
        "nombre": "Capital Salud",
        "categoria": "salud",
        "subcategoria": "clinic",
        "tags": {
          "addr:street": "Carrera 16",
          "amenity": "clinic",
          "building": "yes",
          "healthcare": "clinic",
          "name": "Capital Salud",
          "source": "Kaart Ground Survey 2017"
        }
      },
      "geometry": {
        "type": "Point",
        "coordinates": [
          -74.0700269,
          4.6298017
        ]
      }
    },
    {
      "type": "Feature",
      "properties": {
        "id": 540252906,
        "nombre": "Sin Nombre",
        "categoria": "salud",
        "subcategoria": "clinic",
        "tags": {
          "addr:housenumber": "19F-18",
          "amenity": "clinic",
          "building": "yes",
          "healthcare": "clinic",
          "source": "Kaart Ground Survey 2017"
        }
      },
      "geometry": {
        "type": "Point",
        "coordinates": [
          -74.108099,
          4.5818669
        ]
      }
    },
    {
      "type": "Feature",
      "properties": {
        "id": 540487107,
        "nombre": "Hospital Pediátrico la Misericordia HOMI",
        "categoria": "salud",
        "subcategoria": "hospital",
        "tags": {
          "addr:city": "Bogotá",
          "addr:street": "Calle 2",
          "amenity": "hospital",
          "healthcare": "hospital",
          "name": "Hospital Pediátrico la Misericordia HOMI",
          "official_name": "Fundación Hospital Pediátrico la Misericordia HOMI",
          "operator": "Fundación Hospital Pediátrico la Misericordia HOMI",
          "operator:type": "public",
          "source": "Kaart Ground Survey 2017"
        }
      },
      "geometry": {
        "type": "Point",
        "coordinates": [
          -74.0885867,
          4.5936358
        ]
      }
    },
    {
      "type": "Feature",
      "properties": {
        "id": 540519532,
        "nombre": "EAAB Centro Medico",
        "categoria": "salud",
        "subcategoria": "clinic",
        "tags": {
          "addr:street": "Avenida Calle 20",
          "amenity": "clinic",
          "building": "roof",
          "healthcare": "clinic",
          "name": "EAAB Centro Medico",
          "source": "Kaart Ground Survey 2017"
        }
      },
      "geometry": {
        "type": "Point",
        "coordinates": [
          -74.0915092,
          4.6265162
        ]
      }
    },
    {
      "type": "Feature",
      "properties": {
        "id": 540740685,
        "nombre": "Premi Salud",
        "categoria": "salud",
        "subcategoria": "clinic",
        "tags": {
          "addr:city": "Bogotá D.C.",
          "addr:street": "Calle 24D",
          "amenity": "clinic",
          "building": "yes",
          "healthcare": "clinic",
          "name": "Premi Salud",
          "source": "Kaart Ground Survey 2017"
        }
      },
      "geometry": {
        "type": "Point",
        "coordinates": [
          -74.0909423,
          4.6324004
        ]
      }
    },
    {
      "type": "Feature",
      "properties": {
        "id": 540861322,
        "nombre": "Complejo Medical Calle 100",
        "categoria": "salud",
        "subcategoria": "clinic",
        "tags": {
          "addr:street": "Avenida Carrera 19",
          "amenity": "clinic",
          "building": "yes",
          "building:levels": "2",
          "healthcare": "clinic",
          "name": "Complejo Medical Calle 100",
          "source": "Kaart Ground Survey 2017"
        }
      },
      "geometry": {
        "type": "Point",
        "coordinates": [
          -74.0524218,
          4.6854797
        ]
      }
    },
    {
      "type": "Feature",
      "properties": {
        "id": 541127746,
        "nombre": "Sin Nombre",
        "categoria": "salud",
        "subcategoria": "clinic",
        "tags": {
          "addr:city": "Bogotá D.C.",
          "addr:street": "Calle 92",
          "amenity": "clinic",
          "building": "yes",
          "healthcare": "clinic",
          "source": "Kaart Ground Survey 2017"
        }
      },
      "geometry": {
        "type": "Point",
        "coordinates": [
          -74.0531946,
          4.6765769
        ]
      }
    },
    {
      "type": "Feature",
      "properties": {
        "id": 541149016,
        "nombre": "CAPS Abraham Lincoln",
        "categoria": "salud",
        "subcategoria": "clinic",
        "tags": {
          "addr:street": "Carrera 12",
          "amenity": "clinic",
          "building": "yes",
          "healthcare": "clinic",
          "name": "CAPS Abraham Lincoln",
          "source": "Kaart Ground Survey 2017"
        }
      },
      "geometry": {
        "type": "Point",
        "coordinates": [
          -74.1260017,
          4.5591056
        ]
      }
    },
    {
      "type": "Feature",
      "properties": {
        "id": 541408739,
        "nombre": "Clínica del Occidente",
        "categoria": "salud",
        "subcategoria": "hospital",
        "tags": {
          "addr:street": "Avenida Las Américas",
          "amenity": "hospital",
          "healthcare": "hospital",
          "name": "Clínica del Occidente",
          "source": "Kaart Ground Survey 2017"
        }
      },
      "geometry": {
        "type": "Point",
        "coordinates": [
          -74.1358523,
          4.6292974
        ]
      }
    },
    {
      "type": "Feature",
      "properties": {
        "id": 541970655,
        "nombre": "Salud Express",
        "categoria": "salud",
        "subcategoria": "clinic",
        "tags": {
          "addr:city": "Bogotá D.C.",
          "addr:street": "Carrera 69B",
          "amenity": "clinic",
          "building": "yes",
          "healthcare": "clinic",
          "name": "Salud Express",
          "source": "Kaart Ground Survey 2017"
        }
      },
      "geometry": {
        "type": "Point",
        "coordinates": [
          -74.1353591,
          4.6144652
        ]
      }
    },
    {
      "type": "Feature",
      "properties": {
        "id": 542140551,
        "nombre": "Clínica Centenario",
        "categoria": "salud",
        "subcategoria": "hospital",
        "tags": {
          "amenity": "hospital",
          "healthcare": "hospital",
          "name": "Clínica Centenario"
        }
      },
      "geometry": {
        "type": "Point",
        "coordinates": [
          -74.0833605,
          4.6056685
        ]
      }
    },
    {
      "type": "Feature",
      "properties": {
        "id": 542284975,
        "nombre": "Aurum",
        "categoria": "salud",
        "subcategoria": "clinic",
        "tags": {
          "addr:street": "Calle 2",
          "amenity": "clinic",
          "building": "yes",
          "healthcare": "clinic",
          "name": "Aurum",
          "source": "Kaart Ground Survey 2017"
        }
      },
      "geometry": {
        "type": "Point",
        "coordinates": [
          -74.100142,
          4.6009198
        ]
      }
    },
    {
      "type": "Feature",
      "properties": {
        "id": 544198643,
        "nombre": "Clínica la magdalena",
        "categoria": "salud",
        "subcategoria": "hospital",
        "tags": {
          "amenity": "hospital",
          "emergency": "yes",
          "healthcare": "hospital",
          "healthcare:speciality": "general;gynaecology;emergency",
          "name": "Clínica la magdalena"
        }
      },
      "geometry": {
        "type": "Point",
        "coordinates": [
          -74.0691748,
          4.6272113
        ]
      }
    },
    {
      "type": "Feature",
      "properties": {
        "id": 548001520,
        "nombre": "Hospital Cardiovascular del Niño de Cundinamarca",
        "categoria": "salud",
        "subcategoria": "hospital",
        "tags": {
          "addr:city": "Soacha",
          "addr:postcode": "250054",
          "addr:street": "Carrera 4 Este",
          "amenity": "hospital",
          "barrier": "yes",
          "healthcare": "hospital",
          "name": "Hospital Cardiovascular del Niño de Cundinamarca",
          "operator": "Hospital Cardiovascular del Niño de Cundinamarca"
        }
      },
      "geometry": {
        "type": "Point",
        "coordinates": [
          -74.2003764,
          4.5823132
        ]
      }
    },
    {
      "type": "Feature",
      "properties": {
        "id": 550950590,
        "nombre": "Hospital Bosa Il Nivel",
        "categoria": "salud",
        "subcategoria": "hospital",
        "tags": {
          "amenity": "hospital",
          "healthcare": "hospital",
          "name": "Hospital Bosa Il Nivel",
          "name:en": "Hospital Bosa II Nivel",
          "name:es": "Hospital Bosa Il Nivel Urgencias"
        }
      },
      "geometry": {
        "type": "Point",
        "coordinates": [
          -74.1855977,
          4.6068517
        ]
      }
    },
    {
      "type": "Feature",
      "properties": {
        "id": 551338975,
        "nombre": "UBA San Bernardino",
        "categoria": "salud",
        "subcategoria": "hospital",
        "tags": {
          "amenity": "hospital",
          "healthcare": "hospital",
          "name": "UBA San Bernardino"
        }
      },
      "geometry": {
        "type": "Point",
        "coordinates": [
          -74.204437,
          4.6179287
        ]
      }
    },
    {
      "type": "Feature",
      "properties": {
        "id": 554301746,
        "nombre": "Clínica Ami odontologia estetica",
        "categoria": "salud",
        "subcategoria": "clinic",
        "tags": {
          "addr:housenumber": "10-18",
          "addr:street": "Calle 12",
          "amenity": "clinic",
          "building": "commercial",
          "building:levels": "2",
          "building:material": "other",
          "name": "Clínica Ami odontologia estetica"
        }
      },
      "geometry": {
        "type": "Point",
        "coordinates": [
          -74.0597929,
          4.8615679
        ]
      }
    },
    {
      "type": "Feature",
      "properties": {
        "id": 557698998,
        "nombre": "Hospital de Suba",
        "categoria": "salud",
        "subcategoria": "hospital",
        "tags": {
          "amenity": "hospital",
          "barrier": "yes",
          "healthcare": "hospital",
          "name": "Hospital de Suba"
        }
      },
      "geometry": {
        "type": "Point",
        "coordinates": [
          -74.0918042,
          4.753412
        ]
      }
    },
    {
      "type": "Feature",
      "properties": {
        "id": 582012500,
        "nombre": "Fundacion Neumologica",
        "categoria": "salud",
        "subcategoria": "hospital",
        "tags": {
          "amenity": "hospital",
          "healthcare": "hospital",
          "name": "Fundacion Neumologica"
        }
      },
      "geometry": {
        "type": "Point",
        "coordinates": [
          -74.0344245,
          4.7408029
        ]
      }
    },
    {
      "type": "Feature",
      "properties": {
        "id": 591105427,
        "nombre": "Hospital Meissen",
        "categoria": "salud",
        "subcategoria": "hospital",
        "tags": {
          "amenity": "hospital",
          "building": "yes",
          "healthcare": "hospital",
          "name": "Hospital Meissen"
        }
      },
      "geometry": {
        "type": "Point",
        "coordinates": [
          -74.1384156,
          4.5595165
        ]
      }
    },
    {
      "type": "Feature",
      "properties": {
        "id": 597167736,
        "nombre": "CAMI La Perseverancia",
        "categoria": "salud",
        "subcategoria": "hospital",
        "tags": {
          "addr:housenumber": "Carrera 5 No. 33A - 45",
          "addr:street": "Avenida Carrera 5",
          "amenity": "hospital",
          "healthcare": "hospital",
          "name": "CAMI La Perseverancia",
          "operator": "Hospital Centro Oriente"
        }
      },
      "geometry": {
        "type": "Point",
        "coordinates": [
          -74.0655189,
          4.6199162
        ]
      }
    },
    {
      "type": "Feature",
      "properties": {
        "id": 617878302,
        "nombre": "Teletón Soacha",
        "categoria": "salud",
        "subcategoria": "hospital",
        "tags": {
          "amenity": "hospital",
          "barrier": "wall",
          "healthcare": "hospital",
          "name": "Teletón Soacha",
          "operator": "Teletón"
        }
      },
      "geometry": {
        "type": "Point",
        "coordinates": [
          -74.2137788,
          4.6069418
        ]
      }
    },
    {
      "type": "Feature",
      "properties": {
        "id": 624079134,
        "nombre": "Centro de Salud Manuela Beltrán",
        "categoria": "salud",
        "subcategoria": "hospital",
        "tags": {
          "addr:city": "Bogotá",
          "amenity": "hospital",
          "emergency": "no",
          "healthcare": "centre",
          "name": "Centro de Salud Manuela Beltrán",
          "operator": "Secretaria Distrital de Salud",
          "operator:type": "public",
          "wheelchair": "yes"
        }
      },
      "geometry": {
        "type": "Point",
        "coordinates": [
          -74.1578075,
          4.5706767
        ]
      }
    },
    {
      "type": "Feature",
      "properties": {
        "id": 627294936,
        "nombre": "Hospital de Kennedy",
        "categoria": "salud",
        "subcategoria": "hospital",
        "tags": {
          "amenity": "hospital",
          "healthcare": "hospital",
          "name": "Hospital de Kennedy",
          "operator": "Secretaría de Salud de Bogotá"
        }
      },
      "geometry": {
        "type": "Point",
        "coordinates": [
          -74.1535247,
          4.6162674
        ]
      }
    },
    {
      "type": "Feature",
      "properties": {
        "id": 629263901,
        "nombre": "Instituto de Ortopedía Infantil Roosevelt - Sede Propace",
        "categoria": "salud",
        "subcategoria": "hospital",
        "tags": {
          "amenity": "hospital",
          "healthcare": "hospital",
          "name": "Instituto de Ortopedía Infantil Roosevelt - Sede Propace",
          "operator": "Instituto Roosevelt"
        }
      },
      "geometry": {
        "type": "Point",
        "coordinates": [
          -74.080986,
          4.6641739
        ]
      }
    },
    {
      "type": "Feature",
      "properties": {
        "id": 633507263,
        "nombre": "Centro de Salud",
        "categoria": "salud",
        "subcategoria": "hospital",
        "tags": {
          "amenity": "hospital",
          "healthcare": "hospital",
          "name": "Centro de Salud",
          "operator": "Hospital San Antonio de Chía"
        }
      },
      "geometry": {
        "type": "Point",
        "coordinates": [
          -74.0997437,
          4.8127796
        ]
      }
    },
    {
      "type": "Feature",
      "properties": {
        "id": 637289421,
        "nombre": "Fundación Liga Central Contra la Epilepsia",
        "categoria": "salud",
        "subcategoria": "clinic",
        "tags": {
          "addr:city": "Bogotá D.C.",
          "addr:housenumber": "17-48",
          "addr:postcode": "111311",
          "addr:street": "Calle 35",
          "amenity": "clinic",
          "building": "yes",
          "email": "fund_licce@epilepsia.org",
          "healthcare": "clinic",
          "name": "Fundación Liga Central Contra la Epilepsia",
          "opening_hours": "Mo-Fr 08:00-18:00",
          "phone": "+571 2455717",
          "website": "http://www.epilepsia.org/"
        }
      },
      "geometry": {
        "type": "Point",
        "coordinates": [
          -74.0724752,
          4.6245433
        ]
      }
    },
    {
      "type": "Feature",
      "properties": {
        "id": 653206988,
        "nombre": "Hospital del Oriente 1",
        "categoria": "salud",
        "subcategoria": "hospital",
        "tags": {
          "addr:city": "Bogotá",
          "addr:housenumber": "12",
          "addr:street": "Calle 41",
          "amenity": "hospital",
          "healthcare": "hospital",
          "healthcare:speciality": "general",
          "name": "Hospital del Oriente 1",
          "operator": "Seguro Social"
        }
      },
      "geometry": {
        "type": "Point",
        "coordinates": [
          -74.0592783,
          4.6277141
        ]
      }
    },
    {
      "type": "Feature",
      "properties": {
        "id": 657074846,
        "nombre": "Clínica Candelaria IPS",
        "categoria": "salud",
        "subcategoria": "clinic",
        "tags": {
          "amenity": "clinic",
          "building": "yes",
          "healthcare": "clinic",
          "name": "Clínica Candelaria IPS"
        }
      },
      "geometry": {
        "type": "Point",
        "coordinates": [
          -74.1494542,
          4.5692449
        ]
      }
    },
    {
      "type": "Feature",
      "properties": {
        "id": 660506678,
        "nombre": "Instituto Nacional de Oftalmología",
        "categoria": "salud",
        "subcategoria": "clinic",
        "tags": {
          "addr:housenumber": "7-53",
          "addr:street": "Calle 127A",
          "amenity": "clinic",
          "building": "yes",
          "building:levels": "7",
          "building:material": "glass",
          "healthcare": "clinic",
          "healthcare:speciality": "ophthalmology",
          "name": "Instituto Nacional de Oftalmología"
        }
      },
      "geometry": {
        "type": "Point",
        "coordinates": [
          -74.0293121,
          4.703464
        ]
      }
    },
    {
      "type": "Feature",
      "properties": {
        "id": 661322624,
        "nombre": "CAPS Villa Javier",
        "categoria": "salud",
        "subcategoria": "hospital",
        "tags": {
          "addr:housenumber": "81H-20",
          "addr:street": "Calle 77 Sur",
          "amenity": "hospital",
          "healthcare": "hospital",
          "name": "CAPS Villa Javier"
        }
      },
      "geometry": {
        "type": "Point",
        "coordinates": [
          -74.2014839,
          4.615974
        ]
      }
    },
    {
      "type": "Feature",
      "properties": {
        "id": 670510383,
        "nombre": "Jasban",
        "categoria": "salud",
        "subcategoria": "clinic",
        "tags": {
          "amenity": "clinic",
          "building": "yes",
          "building:levels": "8",
          "building:material": "glass",
          "healthcare": "clinic",
          "name": "Jasban"
        }
      },
      "geometry": {
        "type": "Point",
        "coordinates": [
          -74.0556022,
          4.6932148
        ]
      }
    },
    {
      "type": "Feature",
      "properties": {
        "id": 670565092,
        "nombre": "Clinica Vascular Navarra",
        "categoria": "salud",
        "subcategoria": "clinic",
        "tags": {
          "amenity": "clinic",
          "building": "yes",
          "building:levels": "6",
          "building:material": "brick",
          "healthcare": "clinic",
          "name": "Clinica Vascular Navarra"
        }
      },
      "geometry": {
        "type": "Point",
        "coordinates": [
          -74.0554629,
          4.6938467
        ]
      }
    },
    {
      "type": "Feature",
      "properties": {
        "id": 670726249,
        "nombre": "Clinica Nueva",
        "categoria": "salud",
        "subcategoria": "clinic",
        "tags": {
          "amenity": "clinic",
          "building": "yes",
          "healthcare": "clinic",
          "name": "Clinica Nueva"
        }
      },
      "geometry": {
        "type": "Point",
        "coordinates": [
          -74.0709738,
          4.6342711
        ]
      }
    },
    {
      "type": "Feature",
      "properties": {
        "id": 675058466,
        "nombre": "Puesto de Salud",
        "categoria": "salud",
        "subcategoria": "hospital",
        "tags": {
          "amenity": "hospital",
          "emergency": "yes",
          "healthcare": "hospital",
          "healthcare:speciality": "general;emergency",
          "name": "Puesto de Salud"
        }
      },
      "geometry": {
        "type": "Point",
        "coordinates": [
          -74.2622933,
          4.4889321
        ]
      }
    },
    {
      "type": "Feature",
      "properties": {
        "id": 676288198,
        "nombre": "Los Cobos",
        "categoria": "salud",
        "subcategoria": "clinic",
        "tags": {
          "amenity": "clinic",
          "building": "yes",
          "healthcare": "clinic",
          "name": "Los Cobos"
        }
      },
      "geometry": {
        "type": "Point",
        "coordinates": [
          -74.0320533,
          4.7106874
        ]
      }
    },
    {
      "type": "Feature",
      "properties": {
        "id": 676864778,
        "nombre": "Clínica de la Mujer",
        "categoria": "salud",
        "subcategoria": "clinic",
        "tags": {
          "amenity": "clinic",
          "building": "yes",
          "healthcare": "clinic",
          "name": "Clínica de la Mujer",
          "opening_hours": "24/7"
        }
      },
      "geometry": {
        "type": "Point",
        "coordinates": [
          -74.0572427,
          4.6776531
        ]
      }
    },
    {
      "type": "Feature",
      "properties": {
        "id": 685127232,
        "nombre": "UPA 26 Alcala Muzu",
        "categoria": "salud",
        "subcategoria": "clinic",
        "tags": {
          "amenity": "clinic",
          "building": "yes",
          "healthcare": "clinic",
          "name": "UPA 26 Alcala Muzu"
        }
      },
      "geometry": {
        "type": "Point",
        "coordinates": [
          -74.129538,
          4.602141
        ]
      }
    },
    {
      "type": "Feature",
      "properties": {
        "id": 691700384,
        "nombre": "Compensar",
        "categoria": "salud",
        "subcategoria": "clinic",
        "tags": {
          "addr:housenumber": "152 B - 79",
          "addr:street": "Carrera 59",
          "amenity": "clinic",
          "building": "yes",
          "building:levels": "5",
          "building:material": "metal",
          "healthcare": "clinic",
          "name": "Compensar"
        }
      },
      "geometry": {
        "type": "Point",
        "coordinates": [
          -74.0639037,
          4.741573
        ]
      }
    },
    {
      "type": "Feature",
      "properties": {
        "id": 693621807,
        "nombre": "Sin Nombre",
        "categoria": "salud",
        "subcategoria": "hospital",
        "tags": {
          "amenity": "hospital",
          "healthcare": "hospital"
        }
      },
      "geometry": {
        "type": "Point",
        "coordinates": [
          -74.0709023,
          4.6241964
        ]
      }
    },
    {
      "type": "Feature",
      "properties": {
        "id": 693636202,
        "nombre": "Planificación Familiar",
        "categoria": "salud",
        "subcategoria": "clinic",
        "tags": {
          "amenity": "clinic",
          "building": "yes",
          "healthcare": "clinic",
          "name": "Planificación Familiar"
        }
      },
      "geometry": {
        "type": "Point",
        "coordinates": [
          -74.0704296,
          4.6237675
        ]
      }
    },
    {
      "type": "Feature",
      "properties": {
        "id": 694274988,
        "nombre": "Santo Tomás",
        "categoria": "salud",
        "subcategoria": "clinic",
        "tags": {
          "addr:city": "Bogotá D.C.",
          "addr:housenumber": "51A-56",
          "addr:street": "Transversal 3",
          "amenity": "clinic",
          "building": "yes",
          "healthcare": "clinic",
          "name": "Santo Tomás"
        }
      },
      "geometry": {
        "type": "Point",
        "coordinates": [
          -74.0612915,
          4.637472
        ]
      }
    },
    {
      "type": "Feature",
      "properties": {
        "id": 694328931,
        "nombre": "Hospital de Engativá Emaús",
        "categoria": "salud",
        "subcategoria": "hospital",
        "tags": {
          "addr:city": "Bogotá",
          "addr:housenumber": "121-76",
          "addr:street": "Calle 64C",
          "amenity": "hospital",
          "healthcare": "hospital",
          "healthcare:speciality": "general",
          "name": "Hospital de Engativá Emaús"
        }
      },
      "geometry": {
        "type": "Point",
        "coordinates": [
          -74.1404811,
          4.7152756
        ]
      }
    },
    {
      "type": "Feature",
      "properties": {
        "id": 695841872,
        "nombre": "Hospital San Antonio",
        "categoria": "salud",
        "subcategoria": "hospital",
        "tags": {
          "amenity": "hospital",
          "healthcare": "hospital",
          "healthcare:speciality": "general;emergency",
          "name": "Hospital San Antonio"
        }
      },
      "geometry": {
        "type": "Point",
        "coordinates": [
          -74.0605233,
          4.8582132
        ]
      }
    },
    {
      "type": "Feature",
      "properties": {
        "id": 704036511,
        "nombre": "Méderi Hospital Universitario Mayor",
        "categoria": "salud",
        "subcategoria": "hospital",
        "tags": {
          "addr:country": "CO",
          "addr:housenumber": "29 - 45",
          "addr:street": "Calle 24",
          "amenity": "hospital",
          "emergency": "yes",
          "healthcare": "hospital",
          "name": "Méderi Hospital Universitario Mayor",
          "name:es": "Hospital Universitario Mayor mederi",
          "operator": "Corporación Hospitalaria Juan Ciudad - Méderi",
          "operator:type": "private",
          "source": "Kaart Ground Survey 2017",
          "website": "https://www.mederi.com.co/"
        }
      },
      "geometry": {
        "type": "Point",
        "coordinates": [
          -74.0826458,
          4.6233213
        ]
      }
    },
    {
      "type": "Feature",
      "properties": {
        "id": 708293046,
        "nombre": "Hospital de Bosa",
        "categoria": "salud",
        "subcategoria": "hospital",
        "tags": {
          "amenity": "hospital",
          "barrier": "yes",
          "check_date": "por definir",
          "healthcare": "hospital",
          "name": "Hospital de Bosa",
          "note": "Emplazamiento del nuevo hospital",
          "opening_date": "por definir",
          "operator": "Subred Suroccidente",
          "source": "https://bogota.gov.co/mi-ciudad/salud/construccion-y-dotacion-del-nuevo-hospital-de-bosa"
        }
      },
      "geometry": {
        "type": "Point",
        "coordinates": [
          -74.206366,
          4.6351637
        ]
      }
    },
    {
      "type": "Feature",
      "properties": {
        "id": 712430649,
        "nombre": "Clínica Coomeva",
        "categoria": "salud",
        "subcategoria": "clinic",
        "tags": {
          "amenity": "clinic",
          "building": "yes",
          "healthcare": "clinic",
          "name": "Clínica Coomeva"
        }
      },
      "geometry": {
        "type": "Point",
        "coordinates": [
          -74.1144958,
          4.5801241
        ]
      }
    },
    {
      "type": "Feature",
      "properties": {
        "id": 717330620,
        "nombre": "Clínica Medicentro",
        "categoria": "salud",
        "subcategoria": "hospital",
        "tags": {
          "addr:city": "Bogotá",
          "addr:housenumber": "98-72",
          "addr:street": "Calle 20",
          "amenity": "hospital",
          "healthcare": "hospital",
          "healthcare:speciality": "general",
          "name": "Clínica Medicentro",
          "operator": "Medicentro Familiar I.P.S.",
          "operator:type": "private"
        }
      },
      "geometry": {
        "type": "Point",
        "coordinates": [
          -74.1422077,
          4.6743492
        ]
      }
    },
    {
      "type": "Feature",
      "properties": {
        "id": 719388105,
        "nombre": "Unidad de Servicios de Salud La Estrella",
        "categoria": "salud",
        "subcategoria": "clinic",
        "tags": {
          "amenity": "clinic",
          "healthcare": "clinic",
          "name": "Unidad de Servicios de Salud La Estrella"
        }
      },
      "geometry": {
        "type": "Point",
        "coordinates": [
          -74.1460302,
          4.545009
        ]
      }
    },
    {
      "type": "Feature",
      "properties": {
        "id": 734298685,
        "nombre": "Hospital Universitario San Juan de Dios",
        "categoria": "salud",
        "subcategoria": "hospital",
        "tags": {
          "amenity": "hospital",
          "description": "Hospital fundado en el siglo XVII, abandonado por su quiebra entre 1996 a 2019. En proceso de reconstrucción y restauración",
          "healthcare": "hospital",
          "name": "Hospital Universitario San Juan de Dios",
          "operator": "Subred Centro Oriente",
          "operator:type": "public"
        }
      },
      "geometry": {
        "type": "Point",
        "coordinates": [
          -74.0875999,
          4.5894746
        ]
      }
    },
    {
      "type": "Feature",
      "properties": {
        "id": 734298696,
        "nombre": "Instituto Nacional de Cancerología",
        "categoria": "salud",
        "subcategoria": "hospital",
        "tags": {
          "amenity": "hospital",
          "healthcare": "hospital",
          "name": "Instituto Nacional de Cancerología"
        }
      },
      "geometry": {
        "type": "Point",
        "coordinates": [
          -74.0845417,
          4.5879997
        ]
      }
    },
    {
      "type": "Feature",
      "properties": {
        "id": 738588719,
        "nombre": "Fundación Hospital San Carlos",
        "categoria": "salud",
        "subcategoria": "hospital",
        "tags": {
          "amenity": "hospital",
          "barrier": "yes",
          "healthcare": "hospital",
          "name": "Fundación Hospital San Carlos"
        }
      },
      "geometry": {
        "type": "Point",
        "coordinates": [
          -74.1069018,
          4.571112
        ]
      }
    },
    {
      "type": "Feature",
      "properties": {
        "id": 741106709,
        "nombre": "CAMI Clínica de Medicina Interna Tunjuelito",
        "categoria": "salud",
        "subcategoria": "clinic",
        "tags": {
          "amenity": "clinic",
          "building": "yes",
          "healthcare": "clinic",
          "name": "CAMI Clínica de Medicina Interna Tunjuelito"
        }
      },
      "geometry": {
        "type": "Point",
        "coordinates": [
          -74.1252874,
          4.5628474
        ]
      }
    },
    {
      "type": "Feature",
      "properties": {
        "id": 741705599,
        "nombre": "Centro de Atencion Chircales",
        "categoria": "salud",
        "subcategoria": "clinic",
        "tags": {
          "amenity": "clinic",
          "building": "yes",
          "healthcare": "clinic",
          "name": "Centro de Atencion Chircales"
        }
      },
      "geometry": {
        "type": "Point",
        "coordinates": [
          -74.112035,
          4.557526
        ]
      }
    },
    {
      "type": "Feature",
      "properties": {
        "id": 745448317,
        "nombre": "USS Diana Turbay",
        "categoria": "salud",
        "subcategoria": "clinic",
        "tags": {
          "amenity": "clinic",
          "building": "yes",
          "healthcare": "clinic",
          "name": "USS Diana Turbay"
        }
      },
      "geometry": {
        "type": "Point",
        "coordinates": [
          -74.1064553,
          4.5455684
        ]
      }
    },
    {
      "type": "Feature",
      "properties": {
        "id": 758842547,
        "nombre": "Hospital de Usme",
        "categoria": "salud",
        "subcategoria": "hospital",
        "tags": {
          "amenity": "hospital",
          "healthcare": "hospital",
          "name": "Hospital de Usme"
        }
      },
      "geometry": {
        "type": "Point",
        "coordinates": [
          -74.1217601,
          4.4731295
        ]
      }
    },
    {
      "type": "Feature",
      "properties": {
        "id": 758856802,
        "nombre": "USS Vista Hermosa",
        "categoria": "salud",
        "subcategoria": "hospital",
        "tags": {
          "amenity": "hospital",
          "healthcare": "hospital",
          "name": "USS Vista Hermosa"
        }
      },
      "geometry": {
        "type": "Point",
        "coordinates": [
          -74.1447891,
          4.5525912
        ]
      }
    },
    {
      "type": "Feature",
      "properties": {
        "id": 762719851,
        "nombre": "Hospital Universitario De La Samaritana",
        "categoria": "salud",
        "subcategoria": "hospital",
        "tags": {
          "amenity": "hospital",
          "healthcare": "hospital",
          "name": "Hospital Universitario De La Samaritana"
        }
      },
      "geometry": {
        "type": "Point",
        "coordinates": [
          -74.0837583,
          4.5872679
        ]
      }
    },
    {
      "type": "Feature",
      "properties": {
        "id": 762914214,
        "nombre": "Curia Provincial Orden Hospitalaria de San Juan de Dios",
        "categoria": "salud",
        "subcategoria": "clinic",
        "tags": {
          "addr:housenumber": "17-45 Sur",
          "addr:street": "Carrera 8",
          "amenity": "clinic",
          "healthcare": "clinic",
          "name": "Curia Provincial Orden Hospitalaria de San Juan de Dios",
          "source": "Kaart Ground Survey 2017"
        }
      },
      "geometry": {
        "type": "Point",
        "coordinates": [
          -74.0905643,
          4.5762112
        ]
      }
    },
    {
      "type": "Feature",
      "properties": {
        "id": 767410055,
        "nombre": "Puesto Médico \"El Hato\"",
        "categoria": "salud",
        "subcategoria": "hospital",
        "tags": {
          "amenity": "hospital",
          "healthcare": "hospital",
          "name": "Puesto Médico \"El Hato\"",
          "operator": "Alcaldía de Funza"
        }
      },
      "geometry": {
        "type": "Point",
        "coordinates": [
          -74.2006748,
          4.7069714
        ]
      }
    },
    {
      "type": "Feature",
      "properties": {
        "id": 769107350,
        "nombre": "Centro de Urgencias Argenitna",
        "categoria": "salud",
        "subcategoria": "hospital",
        "tags": {
          "amenity": "hospital",
          "healthcare": "hospital",
          "name": "Centro de Urgencias Argenitna",
          "operator": "Capital Salud",
          "operator:type": "private"
        }
      },
      "geometry": {
        "type": "Point",
        "coordinates": [
          -74.1656517,
          4.5783382
        ]
      }
    },
    {
      "type": "Feature",
      "properties": {
        "id": 777870965,
        "nombre": "Instituto de Cornea",
        "categoria": "salud",
        "subcategoria": "clinic",
        "tags": {
          "amenity": "clinic",
          "building": "yes",
          "healthcare": "clinic",
          "name": "Instituto de Cornea"
        }
      },
      "geometry": {
        "type": "Point",
        "coordinates": [
          -74.031102,
          4.6982032
        ]
      }
    },
    {
      "type": "Feature",
      "properties": {
        "id": 813680664,
        "nombre": "Medicall",
        "categoria": "salud",
        "subcategoria": "clinic",
        "tags": {
          "amenity": "clinic",
          "building": "yes",
          "healthcare": "clinic",
          "layer": "1",
          "name": "Medicall"
        }
      },
      "geometry": {
        "type": "Point",
        "coordinates": [
          -74.0902378,
          4.592843
        ]
      }
    },
    {
      "type": "Feature",
      "properties": {
        "id": 815163422,
        "nombre": "Unidad de Urgencias EPS Sanitas",
        "categoria": "salud",
        "subcategoria": "hospital",
        "tags": {
          "addr:housenumber": "14 - 41",
          "addr:street": "Carrera 62",
          "amenity": "hospital",
          "building": "yes",
          "name": "Unidad de Urgencias EPS Sanitas"
        }
      },
      "geometry": {
        "type": "Point",
        "coordinates": [
          -74.1125415,
          4.6344954
        ]
      }
    },
    {
      "type": "Feature",
      "properties": {
        "id": 815971420,
        "nombre": "Clínica Nuestra Señora de la Paz",
        "categoria": "salud",
        "subcategoria": "hospital",
        "tags": {
          "addr:city": "Bogotá",
          "addr:street": "Carrera 71 Bis",
          "amenity": "hospital",
          "healthcare": "hospital",
          "name": "Clínica Nuestra Señora de la Paz",
          "operator": "Orden Hospitalaria de San Juan de Dios",
          "operator:type": "public",
          "religion": "christian"
        }
      },
      "geometry": {
        "type": "Point",
        "coordinates": [
          -74.126253,
          4.6383077
        ]
      }
    },
    {
      "type": "Feature",
      "properties": {
        "id": 817532478,
        "nombre": "Clínica de la Mujer",
        "categoria": "salud",
        "subcategoria": "clinic",
        "tags": {
          "amenity": "clinic",
          "building": "yes",
          "name": "Clínica de la Mujer"
        }
      },
      "geometry": {
        "type": "Point",
        "coordinates": [
          -74.0568956,
          4.6773502
        ]
      }
    },
    {
      "type": "Feature",
      "properties": {
        "id": 819337803,
        "nombre": "Hospital Universitario Clínica San Rafael",
        "categoria": "salud",
        "subcategoria": "hospital",
        "tags": {
          "addr:city": "Pereira",
          "addr:country": "CO",
          "addr:street": "Carrera 8",
          "amenity": "hospital",
          "emergency": "yes",
          "healthcare": "hospital",
          "name": "Hospital Universitario Clínica San Rafael",
          "source": "Kaart Ground Survey 2017"
        }
      },
      "geometry": {
        "type": "Point",
        "coordinates": [
          -74.0913416,
          4.5766742
        ]
      }
    },
    {
      "type": "Feature",
      "properties": {
        "id": 827893412,
        "nombre": "Centro Medico Virrey Solis Soacha",
        "categoria": "salud",
        "subcategoria": "clinic",
        "tags": {
          "addr:street": "Carrera 4",
          "amenity": "clinic",
          "barrier": "fence",
          "healthcare": "clinic",
          "name": "Centro Medico Virrey Solis Soacha",
          "operator": "IPS Virrey Solis",
          "operator:type": "private"
        }
      },
      "geometry": {
        "type": "Point",
        "coordinates": [
          -74.2000885,
          4.5880273
        ]
      }
    },
    {
      "type": "Feature",
      "properties": {
        "id": 827898837,
        "nombre": "Sin Nombre",
        "categoria": "salud",
        "subcategoria": "clinic",
        "tags": {
          "amenity": "clinic",
          "building": "yes",
          "healthcare": "clinic"
        }
      },
      "geometry": {
        "type": "Point",
        "coordinates": [
          -74.110239,
          4.740795
        ]
      }
    },
    {
      "type": "Feature",
      "properties": {
        "id": 829948015,
        "nombre": "Fundación Santafé de Bogotá",
        "categoria": "salud",
        "subcategoria": "hospital",
        "tags": {
          "amenity": "hospital",
          "branch": "Principal",
          "emergency": "yes",
          "healthcare": "hospital",
          "healthcare:speciality": "general;psychiatry",
          "name": "Fundación Santafé de Bogotá",
          "operator": "Fundación Santafé de Bogotá",
          "operator:type": "private",
          "wheelchair": "limited"
        }
      },
      "geometry": {
        "type": "Point",
        "coordinates": [
          -74.0332206,
          4.6952135
        ]
      }
    },
    {
      "type": "Feature",
      "properties": {
        "id": 848045766,
        "nombre": "Clínica VIP",
        "categoria": "salud",
        "subcategoria": "clinic",
        "tags": {
          "amenity": "clinic",
          "building": "yes",
          "building:levels": "10",
          "healthcare": "clinic",
          "name": "Clínica VIP"
        }
      },
      "geometry": {
        "type": "Point",
        "coordinates": [
          -74.0565337,
          4.6851364
        ]
      }
    },
    {
      "type": "Feature",
      "properties": {
        "id": 848055198,
        "nombre": "Centro Médico Dali",
        "categoria": "salud",
        "subcategoria": "clinic",
        "tags": {
          "amenity": "clinic",
          "building": "yes",
          "building:levels": "9",
          "building:material": "glass",
          "healthcare": "clinic",
          "name": "Centro Médico Dali"
        }
      },
      "geometry": {
        "type": "Point",
        "coordinates": [
          -74.0569186,
          4.6845984
        ]
      }
    },
    {
      "type": "Feature",
      "properties": {
        "id": 848622759,
        "nombre": "Hospital Engativá",
        "categoria": "salud",
        "subcategoria": "hospital",
        "tags": {
          "addr:city": "Bogotá",
          "addr:street": "Calle 80A",
          "amenity": "hospital",
          "emergency": "yes",
          "healthcare": "hospital",
          "name": "Hospital Engativá",
          "operator": "Alcadía Mayor de Bogotá",
          "operator:type": "private"
        }
      },
      "geometry": {
        "type": "Point",
        "coordinates": [
          -74.1095929,
          4.7109602
        ]
      }
    },
    {
      "type": "Feature",
      "properties": {
        "id": 857637317,
        "nombre": "Hospital Militar Central",
        "categoria": "salud",
        "subcategoria": "hospital",
        "tags": {
          "amenity": "hospital",
          "healthcare": "hospital",
          "name": "Hospital Militar Central",
          "name:en": "Central Military Hospital",
          "name:es": "Hospital Militar Central"
        }
      },
      "geometry": {
        "type": "Point",
        "coordinates": [
          -74.0617311,
          4.6345844
        ]
      }
    },
    {
      "type": "Feature",
      "properties": {
        "id": 857708541,
        "nombre": "Instituto de Ortopedia Infantil Roosevelt",
        "categoria": "salud",
        "subcategoria": "hospital",
        "tags": {
          "addr:city": "Bogotá",
          "addr:street": "Avenida Carrera 5A Este",
          "amenity": "hospital",
          "healthcare": "hospital",
          "name": "Instituto de Ortopedia Infantil Roosevelt",
          "operator": "Instituto de Ortopedia Infantil Roosevelt"
        }
      },
      "geometry": {
        "type": "Point",
        "coordinates": [
          -74.0639715,
          4.5985006
        ]
      }
    },
    {
      "type": "Feature",
      "properties": {
        "id": 865499033,
        "nombre": "Centro Médico San Juan Camilo Rey",
        "categoria": "salud",
        "subcategoria": "hospital",
        "tags": {
          "addr:street": "Transversal 14 E",
          "amenity": "hospital",
          "healthcare": "hospital",
          "name": "Centro Médico San Juan Camilo Rey"
        }
      },
      "geometry": {
        "type": "Point",
        "coordinates": [
          -74.0880409,
          4.5219294
        ]
      }
    },
    {
      "type": "Feature",
      "properties": {
        "id": 900185226,
        "nombre": "Clinca Medical",
        "categoria": "salud",
        "subcategoria": "hospital",
        "tags": {
          "addr:city": "Bogota DC",
          "addr:housenumber": "77-33",
          "addr:street": "Calle 36 Sur",
          "amenity": "hospital",
          "emergency": "yes",
          "healthcare": "hospital",
          "name": "Clinca Medical",
          "operator": "Medical",
          "operator:type": "private"
        }
      },
      "geometry": {
        "type": "Point",
        "coordinates": [
          -74.1497606,
          4.6219025
        ]
      }
    },
    {
      "type": "Feature",
      "properties": {
        "id": 962128768,
        "nombre": "Hospital de San José",
        "categoria": "salud",
        "subcategoria": "hospital",
        "tags": {
          "amenity": "hospital",
          "healthcare": "hospital",
          "name": "Hospital de San José"
        }
      },
      "geometry": {
        "type": "Point",
        "coordinates": [
          -74.0863973,
          4.6033177
        ]
      }
    },
    {
      "type": "Feature",
      "properties": {
        "id": 963240697,
        "nombre": "Hospital Santa Matilde",
        "categoria": "salud",
        "subcategoria": "hospital",
        "tags": {
          "addr:city": "Madrid",
          "addr:postcode": "250030",
          "addr:street": "Avenida Carrera 2 Este",
          "amenity": "hospital",
          "barrier": "yes",
          "construction": "health",
          "healthcare": "hospital",
          "name": "Hospital Santa Matilde"
        }
      },
      "geometry": {
        "type": "Point",
        "coordinates": [
          -74.2557219,
          4.7255125
        ]
      }
    },
    {
      "type": "Feature",
      "properties": {
        "id": 966224144,
        "nombre": "Clínica Marly",
        "categoria": "salud",
        "subcategoria": "hospital",
        "tags": {
          "addr:street": "Calle 50",
          "alt_name": "Complejo Marly",
          "amenity": "hospital",
          "healthcare": "hospital",
          "name": "Clínica Marly",
          "name:en": "Marly Clinic",
          "name:es": "Clínica Marly"
        }
      },
      "geometry": {
        "type": "Point",
        "coordinates": [
          -74.0649479,
          4.6370936
        ]
      }
    },
    {
      "type": "Feature",
      "properties": {
        "id": 974848338,
        "nombre": "Unidad de servicios de Salud Patio Bonito",
        "categoria": "salud",
        "subcategoria": "hospital",
        "tags": {
          "amenity": "hospital",
          "healthcare": "hospital",
          "name": "Unidad de servicios de Salud Patio Bonito"
        }
      },
      "geometry": {
        "type": "Point",
        "coordinates": [
          -74.1616004,
          4.6343082
        ]
      }
    },
    {
      "type": "Feature",
      "properties": {
        "id": 980771699,
        "nombre": "Hospital Neuropsiquiatrico Julio Manrique",
        "categoria": "salud",
        "subcategoria": "hospital",
        "tags": {
          "amenity": "hospital",
          "healthcare": "rehabilitation",
          "name": "Hospital Neuropsiquiatrico Julio Manrique",
          "operator": "Beneficencia de Cundinamarca"
        }
      },
      "geometry": {
        "type": "Point",
        "coordinates": [
          -74.2654627,
          4.4834679
        ]
      }
    },
    {
      "type": "Feature",
      "properties": {
        "id": 1012835385,
        "nombre": "Sin Nombre",
        "categoria": "salud",
        "subcategoria": "hospital",
        "tags": {
          "amenity": "hospital",
          "healthcare": "hospital"
        }
      },
      "geometry": {
        "type": "Point",
        "coordinates": [
          -74.0976524,
          4.6474598
        ]
      }
    },
    {
      "type": "Feature",
      "properties": {
        "id": 1013881851,
        "nombre": "Virrey Solís I.P.S.",
        "categoria": "salud",
        "subcategoria": "clinic",
        "tags": {
          "addr:city": "Bogotá",
          "addr:street": "Avenida de las Américas",
          "alt_name": "Virrey Solís I.P.S Américas",
          "amenity": "clinic",
          "brand:wikidata": "Q134985917",
          "building": "yes",
          "healthcare": "clinic",
          "name": "Virrey Solís I.P.S.",
          "operator": "Salud Total EPS-S",
          "operator:type": "private",
          "operator:wikidata": "Q131987798",
          "operator:wikipedia": "es:Salud Total"
        }
      },
      "geometry": {
        "type": "Point",
        "coordinates": [
          -74.1213724,
          4.6277582
        ]
      }
    },
    {
      "type": "Feature",
      "properties": {
        "id": 1020674818,
        "nombre": "Sin Nombre",
        "categoria": "salud",
        "subcategoria": "hospital",
        "tags": {
          "amenity": "hospital",
          "healthcare": "hospital"
        }
      },
      "geometry": {
        "type": "Point",
        "coordinates": [
          -74.0444272,
          4.7039645
        ]
      }
    },
    {
      "type": "Feature",
      "properties": {
        "id": 1023014264,
        "nombre": "Hospital Cafam",
        "categoria": "salud",
        "subcategoria": "hospital",
        "tags": {
          "amenity": "hospital",
          "healthcare": "hospital",
          "name": "Hospital Cafam"
        }
      },
      "geometry": {
        "type": "Point",
        "coordinates": [
          -74.1029742,
          4.7477437
        ]
      }
    },
    {
      "type": "Feature",
      "properties": {
        "id": 1056250660,
        "nombre": "Hospital de Usme",
        "categoria": "salud",
        "subcategoria": "hospital",
        "tags": {
          "amenity": "hospital",
          "healthcare": "hospital",
          "name": "Hospital de Usme"
        }
      },
      "geometry": {
        "type": "Point",
        "coordinates": [
          -74.1100101,
          4.4892417
        ]
      }
    },
    {
      "type": "Feature",
      "properties": {
        "id": 1089428514,
        "nombre": "Centro de Atención Básica Quirigua",
        "categoria": "salud",
        "subcategoria": "hospital",
        "tags": {
          "amenity": "hospital",
          "emergency": "no",
          "healthcare": "hospital",
          "name": "Centro de Atención Básica Quirigua",
          "operator": "Hospital Engativa",
          "wheelchair": "yes"
        }
      },
      "geometry": {
        "type": "Point",
        "coordinates": [
          -74.0957581,
          4.7131646
        ]
      }
    },
    {
      "type": "Feature",
      "properties": {
        "id": 1089988445,
        "nombre": "El Bosque Centro Odontologico",
        "categoria": "salud",
        "subcategoria": "hospital",
        "tags": {
          "amenity": "hospital",
          "building": "yes",
          "emergency": "no",
          "healthcare": "hospital",
          "name": "El Bosque Centro Odontologico"
        }
      },
      "geometry": {
        "type": "Point",
        "coordinates": [
          -74.096542,
          4.669737
        ]
      }
    },
    {
      "type": "Feature",
      "properties": {
        "id": 1089998617,
        "nombre": "Salud Total",
        "categoria": "salud",
        "subcategoria": "hospital",
        "tags": {
          "amenity": "hospital",
          "check_date": "2025-10-07",
          "healthcare": "hospital",
          "name": "Salud Total"
        }
      },
      "geometry": {
        "type": "Point",
        "coordinates": [
          -74.1372023,
          4.6323136
        ]
      }
    },
    {
      "type": "Feature",
      "properties": {
        "id": 1090005912,
        "nombre": "HCO-CAMI Samper Mendoza",
        "categoria": "salud",
        "subcategoria": "hospital",
        "tags": {
          "amenity": "hospital",
          "healthcare": "hospital",
          "name": "HCO-CAMI Samper Mendoza"
        }
      },
      "geometry": {
        "type": "Point",
        "coordinates": [
          -74.0811435,
          4.6169241
        ]
      }
    },
    {
      "type": "Feature",
      "properties": {
        "id": 1090170574,
        "nombre": "Unidad Medica Cecimin",
        "categoria": "salud",
        "subcategoria": "hospital",
        "tags": {
          "amenity": "hospital",
          "healthcare": "hospital",
          "name": "Unidad Medica Cecimin"
        }
      },
      "geometry": {
        "type": "Point",
        "coordinates": [
          -74.055685,
          4.6921938
        ]
      }
    },
    {
      "type": "Feature",
      "properties": {
        "id": 1090195083,
        "nombre": "Clínica de Ojos",
        "categoria": "salud",
        "subcategoria": "clinic",
        "tags": {
          "amenity": "clinic",
          "building": "yes",
          "healthcare": "clinic",
          "name": "Clínica de Ojos"
        }
      },
      "geometry": {
        "type": "Point",
        "coordinates": [
          -74.057089,
          4.6837419
        ]
      }
    },
    {
      "type": "Feature",
      "properties": {
        "id": 1090200685,
        "nombre": "Salud Sura",
        "categoria": "salud",
        "subcategoria": "clinic",
        "tags": {
          "addr:city": "Bogota",
          "addr:housenumber": "19a-35",
          "addr:street": "Calle 100",
          "amenity": "clinic",
          "branch": "Calle 100",
          "brand": "Salud Sura",
          "building": "yes",
          "healthcare": "clinic",
          "mobile": "#888",
          "name": "Salud Sura",
          "opening_hours": "Mo-Fr 06:30-20:00; Sa 07:00-13:00; Su-Su 00:00-24:00",
          "operator": "Seguros SURA Colombia",
          "operator:type": "private",
          "phone": "+57601487388",
          "website": "https://www.sura.co/seguros/personas/salud/centro-de-ayuda/sedes/calle-100"
        }
      },
      "geometry": {
        "type": "Point",
        "coordinates": [
          -74.0533382,
          4.6856377
        ]
      }
    },
    {
      "type": "Feature",
      "properties": {
        "id": 1090201467,
        "nombre": "Club de Leones Antonio Nariño",
        "categoria": "salud",
        "subcategoria": "hospital",
        "tags": {
          "addr:street": "Calle 86",
          "amenity": "hospital",
          "healthcare": "hospital",
          "name": "Club de Leones Antonio Nariño"
        }
      },
      "geometry": {
        "type": "Point",
        "coordinates": [
          -74.1034102,
          4.7117661
        ]
      }
    },
    {
      "type": "Feature",
      "properties": {
        "id": 1090905509,
        "nombre": "UPA Rionegro",
        "categoria": "salud",
        "subcategoria": "hospital",
        "tags": {
          "addr:housenumber": "57-40",
          "addr:street": "Calle 94C",
          "amenity": "hospital",
          "healthcare": "hospital",
          "name": "UPA Rionegro",
          "operator": "SDS"
        }
      },
      "geometry": {
        "type": "Point",
        "coordinates": [
          -74.0644933,
          4.6847924
        ]
      }
    },
    {
      "type": "Feature",
      "properties": {
        "id": 1090980950,
        "nombre": "Clinica Jorge Piñeros Corpas",
        "categoria": "salud",
        "subcategoria": "hospital",
        "tags": {
          "addr:housenumber": "104A 33",
          "addr:street": "Avenida Carrera 45",
          "amenity": "hospital",
          "healthcare": "hospital",
          "name": "Clinica Jorge Piñeros Corpas"
        }
      },
      "geometry": {
        "type": "Point",
        "coordinates": [
          -74.0569148,
          4.6922749
        ]
      }
    },
    {
      "type": "Feature",
      "properties": {
        "id": 1092250585,
        "nombre": "Clínica Federman",
        "categoria": "salud",
        "subcategoria": "hospital",
        "tags": {
          "amenity": "hospital",
          "emergency": "yes",
          "healthcare": "hospital",
          "name": "Clínica Federman"
        }
      },
      "geometry": {
        "type": "Point",
        "coordinates": [
          -74.0814339,
          4.6498504
        ]
      }
    },
    {
      "type": "Feature",
      "properties": {
        "id": 1092263996,
        "nombre": "Centro de Atención Prioritaria en Salud - CAMI Trinidad",
        "categoria": "salud",
        "subcategoria": "hospital",
        "tags": {
          "addr:housenumber": "4-33",
          "addr:street": "Carrera 60",
          "amenity": "hospital",
          "healthcare": "hospital",
          "name": "Centro de Atención Prioritaria en Salud - CAMI Trinidad",
          "phone": "+57 313 2666416"
        }
      },
      "geometry": {
        "type": "Point",
        "coordinates": [
          -74.1205869,
          4.6223941
        ]
      }
    },
    {
      "type": "Feature",
      "properties": {
        "id": 1092523509,
        "nombre": "CAP San Cristóbal",
        "categoria": "salud",
        "subcategoria": "hospital",
        "tags": {
          "amenity": "hospital",
          "healthcare": "hospital",
          "name": "CAP San Cristóbal"
        }
      },
      "geometry": {
        "type": "Point",
        "coordinates": [
          -74.0936711,
          4.5752854
        ]
      }
    },
    {
      "type": "Feature",
      "properties": {
        "id": 1092802605,
        "nombre": "Cami Suba",
        "categoria": "salud",
        "subcategoria": "hospital",
        "tags": {
          "amenity": "hospital",
          "healthcare": "hospital",
          "name": "Cami Suba"
        }
      },
      "geometry": {
        "type": "Point",
        "coordinates": [
          -74.0841332,
          4.7434986
        ]
      }
    },
    {
      "type": "Feature",
      "properties": {
        "id": 1096179243,
        "nombre": "Instituto Colombiano del Sistema Nervioso Clínica Monserrat",
        "categoria": "salud",
        "subcategoria": "hospital",
        "tags": {
          "amenity": "hospital",
          "healthcare": "hospital",
          "name": "Instituto Colombiano del Sistema Nervioso Clínica Monserrat"
        }
      },
      "geometry": {
        "type": "Point",
        "coordinates": [
          -74.0466495,
          4.7167267
        ]
      }
    },
    {
      "type": "Feature",
      "properties": {
        "id": 1096241264,
        "nombre": "Guapetones Clínica Veterinaria",
        "categoria": "salud",
        "subcategoria": "hospital",
        "tags": {
          "alt_name": "Veterinaria",
          "amenity": "hospital",
          "healthcare": "hospital",
          "name": "Guapetones Clínica Veterinaria"
        }
      },
      "geometry": {
        "type": "Point",
        "coordinates": [
          -74.0492933,
          4.7244125
        ]
      }
    },
    {
      "type": "Feature",
      "properties": {
        "id": 1101372055,
        "nombre": "Centro Médico Plan Premium Sanitas",
        "categoria": "salud",
        "subcategoria": "hospital",
        "tags": {
          "addr:street": "Avenida Carrera 24",
          "amenity": "hospital",
          "check_date": "2025-02-05",
          "healthcare": "hospital",
          "healthcare:speciality": "general",
          "name": "Centro Médico Plan Premium Sanitas"
        }
      },
      "geometry": {
        "type": "Point",
        "coordinates": [
          -74.0745806,
          4.6393469
        ]
      }
    },
    {
      "type": "Feature",
      "properties": {
        "id": 1122420283,
        "nombre": "Centro Médico EPS Sanitas",
        "categoria": "salud",
        "subcategoria": "hospital",
        "tags": {
          "amenity": "hospital",
          "building": "yes",
          "name": "Centro Médico EPS Sanitas"
        }
      },
      "geometry": {
        "type": "Point",
        "coordinates": [
          -74.1601026,
          4.6189715
        ]
      }
    },
    {
      "type": "Feature",
      "properties": {
        "id": 1174069502,
        "nombre": "Medplus",
        "categoria": "salud",
        "subcategoria": "clinic",
        "tags": {
          "addr:housenumber": "94-49",
          "addr:street": "Carrera 14",
          "amenity": "clinic",
          "building": "yes",
          "name": "Medplus",
          "opening_hours": "Mo-Fr 06:30-19:00; Sa 06:30-13:00"
        }
      },
      "geometry": {
        "type": "Point",
        "coordinates": [
          -74.04975,
          4.6796971
        ]
      }
    },
    {
      "type": "Feature",
      "properties": {
        "id": 1214236823,
        "nombre": "Centro de Especialistas Av. Séptima",
        "categoria": "salud",
        "subcategoria": "hospital",
        "tags": {
          "amenity": "hospital",
          "healthcare": "hospital",
          "name": "Centro de Especialistas Av. Séptima"
        }
      },
      "geometry": {
        "type": "Point",
        "coordinates": [
          -74.063902,
          4.6365282
        ]
      }
    },
    {
      "type": "Feature",
      "properties": {
        "id": 1252395474,
        "nombre": "Clinica Barraquer",
        "categoria": "salud",
        "subcategoria": "clinic",
        "tags": {
          "amenity": "clinic",
          "healthcare": "hospital",
          "healthcare:speciality": "ophthalmology",
          "name": "Clinica Barraquer"
        }
      },
      "geometry": {
        "type": "Point",
        "coordinates": [
          -74.0515881,
          4.6853534
        ]
      }
    },
    {
      "type": "Feature",
      "properties": {
        "id": 1268469303,
        "nombre": "Compensar Venecia",
        "categoria": "salud",
        "subcategoria": "clinic",
        "tags": {
          "amenity": "clinic",
          "building": "yes",
          "name": "Compensar Venecia",
          "operator": "Compensar"
        }
      },
      "geometry": {
        "type": "Point",
        "coordinates": [
          -74.1419293,
          4.5959874
        ]
      }
    },
    {
      "type": "Feature",
      "properties": {
        "id": 1337996985,
        "nombre": "Centro de Salud San Mateo",
        "categoria": "salud",
        "subcategoria": "hospital",
        "tags": {
          "amenity": "hospital",
          "healthcare": "hospital",
          "name": "Centro de Salud San Mateo"
        }
      },
      "geometry": {
        "type": "Point",
        "coordinates": [
          -74.2028298,
          4.5776649
        ]
      }
    },
    {
      "type": "Feature",
      "properties": {
        "id": 1340650175,
        "nombre": "Nueva E.P.S - I.P.S Viva",
        "categoria": "salud",
        "subcategoria": "clinic",
        "tags": {
          "addr:city": "Bogotá D.C.",
          "addr:street": "Avenida Carrera 68 # 39-11",
          "amenity": "clinic",
          "building": "me",
          "healthcare": "clinic",
          "name": "Nueva E.P.S - I.P.S Viva",
          "operator": "Nueva E.P.S",
          "phone": "(1) 7454949",
          "website": "https://www.nuevaeps.com.co/"
        }
      },
      "geometry": {
        "type": "Point",
        "coordinates": [
          -74.134212,
          4.6023388
        ]
      }
    },
    {
      "type": "Feature",
      "properties": {
        "id": 1351673776,
        "nombre": "Sin Nombre",
        "categoria": "salud",
        "subcategoria": "hospital",
        "tags": {
          "amenity": "hospital",
          "healthcare": "hospital"
        }
      },
      "geometry": {
        "type": "Point",
        "coordinates": [
          -74.2127189,
          4.5818497
        ]
      }
    },
    {
      "type": "Feature",
      "properties": {
        "id": 1352237624,
        "nombre": "Hospital Nuestra Señora De Las Mercedes Funza",
        "categoria": "salud",
        "subcategoria": "hospital",
        "tags": {
          "amenity": "hospital",
          "healthcare": "hospital",
          "name": "Hospital Nuestra Señora De Las Mercedes Funza"
        }
      },
      "geometry": {
        "type": "Point",
        "coordinates": [
          -74.2129003,
          4.7121567
        ]
      }
    },
    {
      "type": "Feature",
      "properties": {
        "id": 1396321827,
        "nombre": "Salud Sura Usaquén",
        "categoria": "salud",
        "subcategoria": "clinic",
        "tags": {
          "addr:city": "Bogotá D.C.",
          "addr:housenumber": "7‑74",
          "addr:postcode": "110121",
          "addr:street": "Calle 119A",
          "amenity": "clinic",
          "branch": "Usaquén",
          "brand": "Salud Sura",
          "building": "yes",
          "building:levels": "4",
          "healthcare": "clinic",
          "healthcare:speciality": "internal;general;blood_check;paediatrics;gynaecology;humanistic",
          "mobile": "#888",
          "name": "Salud Sura Usaquén",
          "opening_hours": "Mo-Fr 07:00-19:00; Sa 07:00-13:00",
          "operator": "Seguros SURA Colombia",
          "operator:type": "private",
          "payment:apple_pay": "yes",
          "payment:cash": "yes",
          "payment:contactless": "yes",
          "payment:credit_cards": "yes",
          "payment:debit_cards": "yes",
          "phone": "+576014824366",
          "website": "https://www.sura.co/seguros/personas/salud/centro-de-ayuda/sedes/usaquen"
        }
      },
      "geometry": {
        "type": "Point",
        "coordinates": [
          -74.0325591,
          4.696872
        ]
      }
    },
    {
      "type": "Feature",
      "properties": {
        "id": 1435924866,
        "nombre": "Clinicentro Cedro Bolivar",
        "categoria": "salud",
        "subcategoria": "hospital",
        "tags": {
          "amenity": "hospital",
          "healthcare": "hospital",
          "name": "Clinicentro Cedro Bolivar"
        }
      },
      "geometry": {
        "type": "Point",
        "coordinates": [
          -74.0448555,
          4.7340795
        ]
      }
    },
    {
      "type": "Feature",
      "properties": {
        "id": 1436241349,
        "nombre": "Colmédica",
        "categoria": "salud",
        "subcategoria": "clinic",
        "tags": {
          "addr:city": "Bogotá",
          "addr:housenumber": "122-96",
          "addr:street": "Avenida Carrera 45",
          "amenity": "clinic",
          "building": "yes",
          "building:colour": "cornflowerblue",
          "building:levels": "9",
          "building:material": "glass",
          "name": "Colmédica"
        }
      },
      "geometry": {
        "type": "Point",
        "coordinates": [
          -74.0537155,
          4.7039714
        ]
      }
    },
    {
      "type": "Feature",
      "properties": {
        "id": 1447300414,
        "nombre": "Hospital Santa Rosa de Tenjo",
        "categoria": "salud",
        "subcategoria": "hospital",
        "tags": {
          "amenity": "hospital",
          "barrier": "yes",
          "healthcare": "hospital",
          "name": "Hospital Santa Rosa de Tenjo"
        }
      },
      "geometry": {
        "type": "Point",
        "coordinates": [
          -74.1441346,
          4.8701704
        ]
      }
    },
    {
      "type": "Feature",
      "properties": {
        "id": 1472424286,
        "nombre": "Edificio Ambulatorio - Fundación Santa Fe de Bogotá",
        "categoria": "salud",
        "subcategoria": "clinic",
        "tags": {
          "addr:city": "Bogota, D.C",
          "addr:housenumber": "7 - 80",
          "addr:street": "Calle 119",
          "addr:suburb": "Usaquén",
          "amenity": "clinic",
          "architect": "Giancarlo Mazzanti",
          "branch": "Edificio Ambulatorio",
          "brand": "Fundación Santa Fe de Bogotá",
          "building": "hospital",
          "building:levels": "12",
          "building:levels:underground": "3",
          "building:material": "brick",
          "building:prefabricated": "no",
          "certification:edge": "advanced",
          "certification:leed": "gold",
          "completion": "2016",
          "contact:instagram": "fsfb_oficial",
          "contact:phone": "+57 601 482 4444",
          "contact:website": "https://www.fundacionsantafedebogota.com",
          "contact:whatsapp": "+573330334096",
          "emergency": "no",
          "healthcare": "clinic",
          "name": "Edificio Ambulatorio - Fundación Santa Fe de Bogotá",
          "operator": "Fundación Santa Fe de Bogotá",
          "operator:type": "private",
          "roof": "helipad",
          "smoking": "no",
          "start_date": "2012",
          "toilets:wheelchair": "yes",
          "wheelchair": "yes",
          "wikidata": "Q5508922"
        }
      },
      "geometry": {
        "type": "Point",
        "coordinates": [
          -74.0328521,
          4.6965813
        ]
      }
    },
    {
      "type": "Feature",
      "properties": {
        "id": 1472424295,
        "nombre": "Fundación Santa Fe de Bogotá",
        "categoria": "salud",
        "subcategoria": "hospital",
        "tags": {
          "addr:city": "Bogota, D.C",
          "addr:housenumber": "7 - 80",
          "addr:street": "Calle 119",
          "addr:suburb": "Usaquén",
          "amenity": "hospital",
          "architect": "Giancarlo Mazzanti",
          "branch": "Edificio Ambulatorio",
          "brand": "Fundación Santa Fe de Bogotá",
          "building": "hospital",
          "building:levels": "12",
          "building:levels:underground": "3",
          "building:material": "brick",
          "building:prefabricated": "no",
          "certification:edge": "advanced",
          "certification:leed": "gold",
          "completion": "2016",
          "contact:instagram": "fsfb_oficial",
          "contact:phone": "+57 601 482 4444",
          "contact:website": "https://www.fundacionsantafedebogota.com",
          "contact:whatsapp": "+573330334096",
          "emergency": "no",
          "healthcare": "hospital",
          "internet_access": "yes",
          "operator": "Fundación Santa Fe de Bogotá",
          "operator:type": "private",
          "roof": "helipad",
          "smoking": "no",
          "start_date": "2012",
          "toilets:wheelchair": "yes",
          "wheelchair": "yes",
          "wikidata": "Q5508922"
        }
      },
      "geometry": {
        "type": "Point",
        "coordinates": [
          -74.0329132,
          4.6965808
        ]
      }
    },
    {
      "type": "Feature",
      "properties": {
        "id": 1472498608,
        "nombre": "Sin Nombre",
        "categoria": "salud",
        "subcategoria": "hospital",
        "tags": {
          "amenity": "hospital",
          "healthcare": "hospital",
          "operator": "Seguros SURA Colombia"
        }
      },
      "geometry": {
        "type": "Point",
        "coordinates": [
          -74.0325543,
          4.6969483
        ]
      }
    },
    {
      "type": "Feature",
      "properties": {
        "id": 1490342607,
        "nombre": "Clínica Fray Bartolomé de las Casas",
        "categoria": "salud",
        "subcategoria": "hospital",
        "tags": {
          "amenity": "hospital",
          "barrier": "yes",
          "healthcare": "hospital",
          "name": "Clínica Fray Bartolomé de las Casas"
        }
      },
      "geometry": {
        "type": "Point",
        "coordinates": [
          -74.0676753,
          4.6928209
        ]
      }
    },
    {
      "type": "Feature",
      "properties": {
        "id": 1495161683,
        "nombre": "Hospital Universitario de Barrios Unidos",
        "categoria": "salud",
        "subcategoria": "hospital",
        "tags": {
          "addr:country": "CO",
          "addr:housenumber": "52 - 25",
          "addr:street": "Calle 66a",
          "amenity": "hospital",
          "emergency": "yes",
          "healthcare": "hospital",
          "name": "Hospital Universitario de Barrios Unidos",
          "name:es": "Hospital Universitario de Barrios Unidos",
          "operator": "Corporación Hospitalaria Juan Ciudad - Méderi",
          "operator:type": "private",
          "website": "https://www.mederi.com.co/"
        }
      },
      "geometry": {
        "type": "Point",
        "coordinates": [
          -74.0800567,
          4.6635905
        ]
      }
    },
    {
      "type": "Feature",
      "properties": {
        "id": 1528685156,
        "nombre": "Puesto de Salud San fernando",
        "categoria": "salud",
        "subcategoria": "hospital",
        "tags": {
          "amenity": "hospital",
          "healthcare": "hospital",
          "name": "Puesto de Salud San fernando"
        }
      },
      "geometry": {
        "type": "Point",
        "coordinates": [
          -74.0799545,
          4.6724874
        ]
      }
    },
    {
      "type": "Feature",
      "properties": {
        "id": 1537060501,
        "nombre": "Sin Nombre",
        "categoria": "salud",
        "subcategoria": "hospital",
        "tags": {
          "amenity": "hospital",
          "healthcare": "hospital"
        }
      },
      "geometry": {
        "type": "Point",
        "coordinates": [
          -74.0441874,
          4.7039146
        ]
      }
    },
    {
      "type": "Feature",
      "properties": {
        "id": 11313467,
        "nombre": "Clínica Del Country",
        "categoria": "salud",
        "subcategoria": "hospital",
        "tags": {
          "addr:country": "CO",
          "addr:street": "Carrera 16",
          "amenity": "hospital",
          "emergency": "yes",
          "healthcare": "hospital",
          "name": "Clínica Del Country",
          "type": "multipolygon",
          "wheelchair": "limited"
        }
      },
      "geometry": {
        "type": "Point",
        "coordinates": [
          -74.056688,
          4.6690859
        ]
      }
    },
    {
      "type": "Feature",
      "properties": {
        "id": 13540150,
        "nombre": "Centro Policlínico del Olaya",
        "categoria": "salud",
        "subcategoria": "clinic",
        "tags": {
          "amenity": "clinic",
          "building": "yes",
          "healthcare": "clinic",
          "name": "Centro Policlínico del Olaya",
          "type": "multipolygon"
        }
      },
      "geometry": {
        "type": "Point",
        "coordinates": [
          -74.1055845,
          4.5832661
        ]
      }
    },
    {
      "type": "Feature",
      "properties": {
        "id": 14377099,
        "nombre": "Centro de Tratamiento e Investigación sobre Cáncer",
        "categoria": "salud",
        "subcategoria": "clinic",
        "tags": {
          "amenity": "clinic",
          "building": "yes",
          "healthcare": "clinic",
          "healthcare:speciality": "oncology",
          "name": "Centro de Tratamiento e Investigación sobre Cáncer",
          "type": "multipolygon",
          "website": "https://www.cticsarmientoangulo.org/home",
          "wheelchair": "yes"
        }
      },
      "geometry": {
        "type": "Point",
        "coordinates": [
          -74.0364133,
          4.7479487
        ]
      }
    },
    {
      "type": "Feature",
      "properties": {
        "id": 14532149,
        "nombre": "UPA San Cristobal",
        "categoria": "salud",
        "subcategoria": "hospital",
        "tags": {
          "amenity": "hospital",
          "building": "yes",
          "healthcare": "hospital",
          "name": "UPA San Cristobal",
          "type": "multipolygon"
        }
      },
      "geometry": {
        "type": "Point",
        "coordinates": [
          -74.0250498,
          4.7399405
        ]
      }
    }
  ]
}