{"type": "FeatureCollection", "features": [{"type": "Feature", "properties": {"h3_index": "8966f1c59b3ffff", "lat": 3.408575699611805, "lng": -76.46727792821822, "nivel_admin_1": "Comuna 21", "nivel_admin_2": "Nuevo Amanecer", "estrato_promedio_200m": 3.0, "dist_sitp": 500, "dist_tm": 1500, "dist_ciclo": 800}, "geometry": {"type": "Polygon", "coordinates": [[[-76.46807413446523, 3.4102959827548496], [-76.46917707360596, 3.408805067952582], [-76.46838086555806, 3.4070847627883323], [-76.46648171633717, 3.4068553974862374], [-76.46537879660113, 3.4083463290887273], [-76.4661750066802, 3.410066609193083], [-76.46807413446523, 3.4102959827548496]]]}}, {"type": "Feature", "properties": {"h3_index": "8966f1c405bffff", "lat": 3.473587170227402, "lng": -76.48123545356563, "nivel_admin_1": "Comuna 06", "nivel_admin_2": "Petecuy Primera Etapa", "estrato_promedio_200m": 2.0, "dist_sitp": 500, "dist_tm": 1500, "dist_ciclo": 800}, "geometry": {"type": "Polygon", "coordinates": [[[-76.48203147456854, 3.4753066834242006], [-76.48313432545346, 3.473816675773554], [-76.48233830265842, 3.472097140491046], [-76.48043942692553, 3.4718676379197793], [-76.47933659541344, 3.4733576624239064], [-76.48013262026032, 3.4750771726458294], [-76.48203147456854, 3.4753066834242006]]]}}, {"type": "Feature", "properties": {"h3_index": "8966f1c508bffff", "lat": 3.4746241317938575, "lng": -76.53012201905374, "nivel_admin_1": "Comuna 02", "nivel_admin_2": "Chipichape", "estrato_promedio_200m": 5.0, "dist_sitp": 500, "dist_tm": 1500, "dist_ciclo": 800}, "geometry": {"type": "Polygon", "coordinates": [[[-76.53091795254923, 3.4763437820065475], [-76.53202127196408, 3.4748535673203316], [-76.53122533670471, 3.4731338950266655], [-76.52932607990218, 3.4729044624243812], [-76.52822277977585, 3.4743946939941295], [-76.52901871716242, 3.476114341282639], [-76.53091795254923, 3.4763437820065475]]]}}, {"type": "Feature", "properties": {"h3_index": "8966f1cec8bffff", "lat": 3.443323435725675, "lng": -76.55329499851263, "nivel_admin_1": "Comuna 19", "nivel_admin_2": "Bellavista", "estrato_promedio_200m": 2.0, "dist_sitp": 500, "dist_tm": 1500, "dist_ciclo": 800}, "geometry": {"type": "Polygon", "coordinates": [[[-76.55409096891906, 3.4450435492931937], [-76.55519461916263, 3.443552762402335], [-76.55439864700537, 3.441832626788425], [-76.55249902244009, 3.4416033030360875], [-76.5513953914488, 3.443094106802853], [-76.5521913657694, 3.444814217446045], [-76.55409096891906, 3.4450435492931937]]]}}, {"type": "Feature", "properties": {"h3_index": "8966f1c532bffff", "lat": 3.4373604743578294, "lng": -76.53080802524072, "nivel_admin_1": "Comuna 09", "nivel_admin_2": "Bretaña", "estrato_promedio_200m": 3.0, "dist_sitp": 500, "dist_tm": 1500, "dist_ciclo": 800}, "geometry": {"type": "Polygon", "coordinates": [[[-76.53160404991863, 3.439080593835043], [-76.53270750401046, 3.43758981979956], [-76.53191147756866, 3.435869678279335], [-76.53001199490517, 3.435640335789453], [-76.52890856010514, 3.4371311266832367], [-76.52970458867568, 3.4388512432086116], [-76.53160404991863, 3.439080593835043]]]}}, {"type": "Feature", "properties": {"h3_index": "8966f1c51a3ffff", "lat": 3.455132391044343, "lng": -76.50317020651676, "nivel_admin_1": "Comuna 07", "nivel_admin_2": "Sector Base Aérea", "estrato_promedio_200m": 3.0, "dist_sitp": 500, "dist_tm": 1500, "dist_ciclo": 800}, "geometry": {"type": "Polygon", "coordinates": [[[-76.50396623531759, 3.4568522031059414], [-76.50506936162775, 3.455361819717562], [-76.50427333104724, 3.4536419855915983], [-76.50237417206957, 3.4534125598849226], [-76.50127106509672, 3.454902960127235], [-76.50206709776313, 3.4566227692222897], [-76.50396623531759, 3.4568522031059414]]]}}, {"type": "Feature", "properties": {"h3_index": "8966f1c5c13ffff", "lat": 3.444124871842887, "lng": -76.49269646247512, "nivel_admin_1": "Comuna 08", "nivel_admin_2": "Urbanización La Nueva Base", "estrato_promedio_200m": 3.0, "dist_sitp": 500, "dist_tm": 1500, "dist_ciclo": 800}, "geometry": {"type": "Polygon", "coordinates": [[[-76.49349253672831, 3.4458447894904953], [-76.4945955996573, 3.444354289376038], [-76.49379952361829, 3.442634349674018], [-76.4919003825793, 3.442404935126501], [-76.49079733900696, 3.4438954520810157], [-76.49159341711587, 3.445615366742993], [-76.49349253672831, 3.4458447894904953]]]}}, {"type": "Feature", "properties": {"h3_index": "8966f1c5a03ffff", "lat": 3.4096066687398694, "lng": -76.51617133380584, "nivel_admin_1": "Comuna 16", "nivel_admin_2": "República de Israel", "estrato_promedio_200m": 2.0, "dist_sitp": 500, "dist_tm": 1500, "dist_ciclo": 800}, "geometry": {"type": "Polygon", "coordinates": [[[-76.51696745285713, 3.4113270902360266], [-76.51807086112484, 3.4098359688961697], [-76.51727474030089, 3.408115525383535], [-76.51537520910158, 3.4078862282151707], [-76.51427182015425, 3.40937736638537], [-76.51506794308474, 3.4110977848935984], [-76.51696745285713, 3.4113270902360266]]]}}, {"type": "Feature", "properties": {"h3_index": "8966f11b0d3ffff", "lat": 3.3749616671686864, "lng": -76.52525110572739, "nivel_admin_1": "Comuna 17", "nivel_admin_2": "Urbanización San Joaquín", "estrato_promedio_200m": 3.0, "dist_sitp": 500, "dist_tm": 1500, "dist_ciclo": 800}, "geometry": {"type": "Polygon", "coordinates": [[[-76.52604729480962, 3.3766825486812593], [-76.52715090972873, 3.375190870890324], [-76.52635471887872, 3.37346996739771], [-76.52445491098749, 3.373240766681117], [-76.52335131537727, 3.3747324612838887], [-76.52414750834826, 3.376453339791433], [-76.52604729480962, 3.3766825486812593]]]}}, {"type": "Feature", "properties": {"h3_index": "8966f1c4237ffff", "lat": 3.4575383439177045, "lng": -76.48276962251963, "nivel_admin_1": "Comuna 07", "nivel_admin_2": "Alfonso Lopez Pumarejo 2a Etapa", "estrato_promedio_200m": 3.0, "dist_sitp": 500, "dist_tm": 1500, "dist_ciclo": 800}, "geometry": {"type": "Polygon", "coordinates": [[[-76.48356568067238, 3.459258063001576], [-76.48466860153462, 3.457767808426045], [-76.48387254159046, 3.4560480672729454], [-76.48197355872851, 3.4558186057501676], [-76.48087065723841, 3.4573088771690483], [-76.48166671923701, 3.4590285932673726], [-76.48356568067238, 3.459258063001576]]]}}, {"type": "Feature", "properties": {"h3_index": "8966f1c5a63ffff", "lat": 3.4019214035543186, "lng": -76.51978892263203, "nivel_admin_1": "Comuna 16", "nivel_admin_2": "Mariano Ramos", "estrato_promedio_200m": 2.0, "dist_sitp": 500, "dist_tm": 1500, "dist_ciclo": 800}, "geometry": {"type": "Polygon", "coordinates": [[[-76.52058505442507, 3.403641932128346], [-76.52168852401122, 3.402150679991008], [-76.52089239044753, 3.400430129408779], [-76.51899278518435, 3.4002008559621917], [-76.51788933491328, 3.4016921249267353], [-76.5186854705892, 3.4034126505106674], [-76.52058505442507, 3.403641932128346]]]}}, {"type": "Feature", "properties": {"h3_index": "8966f11b26fffff", "lat": 3.3448934147397393, "lng": -76.54542622387262, "nivel_admin_1": "Comuna 22", "nivel_admin_2": "Parcelaciones Pance", "estrato_promedio_200m": 3.0, "dist_sitp": 500, "dist_tm": 1500, "dist_ciclo": 800}, "geometry": {"type": "Polygon", "coordinates": [[[-76.54622245210328, 3.346614732532912], [-76.54732636483529, 3.3451225175055086], [-76.5465301348482, 3.3434011777654713], [-76.54462998997545, 3.3431720780070098], [-76.54352609652113, 3.344664309837571], [-76.54432232866075, 3.346385624623436], [-76.54622245210328, 3.346614732532912]]]}}, {"type": "Feature", "properties": {"h3_index": "8966f1c4277ffff", "lat": 3.4569658909655017, "lng": -76.49146861031392, "nivel_admin_1": "Comuna 07", "nivel_admin_2": "Sector Base Aérea", "estrato_promedio_200m": 3.0, "dist_sitp": 500, "dist_tm": 1500, "dist_ciclo": 800}, "geometry": {"type": "Polygon", "coordinates": [[[-76.49226465485214, 3.458685644039664], [-76.4933676617936, 3.4571953412848693], [-76.492571615469, 3.455475566143098], [-76.49067256013399, 3.4552461188008308], [-76.48956957254974, 3.4567364384037966], [-76.49036562094217, 3.4584561885008673], [-76.49226465485214, 3.458685644039664]]]}}, {"type": "Feature", "properties": {"h3_index": "8966f11b67bffff", "lat": 3.372549102614646, "lng": -76.5456611927508, "nivel_admin_1": "Comuna 18", "nivel_admin_2": "Bajo Meléndez", "estrato_promedio_200m": 3.0, "dist_sitp": 500, "dist_tm": 1500, "dist_ciclo": 800}, "geometry": {"type": "Polygon", "coordinates": [[[-76.54645735202347, 3.3742700770126626], [-76.54756117198558, 3.3727782713692003], [-76.54676501095689, 3.371057274996059], [-76.54486502781249, 3.3708281092275114], [-76.54376122712435, 3.372319931693432], [-76.54455739030556, 3.374040903105445], [-76.54645735202347, 3.3742700770126626]]]}}, {"type": "Feature", "properties": {"h3_index": "8966f1c436fffff", "lat": 3.438849606854775, "lng": -76.47591163205412, "nivel_admin_1": "Comuna 21", "nivel_admin_2": "Valle Grande", "estrato_promedio_200m": 3.0, "dist_sitp": 500, "dist_tm": 1500, "dist_ciclo": 800}, "geometry": {"type": "Polygon", "coordinates": [[[-76.4767077483754, 3.4405695386579604], [-76.47781066709524, 3.4390790361873353], [-76.47701454897837, 3.437359082333134], [-76.47511551009647, 3.4371296560073583], [-76.47401261076283, 3.4386201753043055], [-76.47480873092378, 3.4403401041007062], [-76.4767077483754, 3.4405695386579604]]]}}, {"type": "Feature", "properties": {"h3_index": "8966f1c4613ffff", "lat": 3.4890621005564433, "lng": -76.48839943962336, "nivel_admin_1": "Comuna 06", "nivel_admin_2": "San Luis II", "estrato_promedio_200m": 3.0, "dist_sitp": 500, "dist_tm": 1500, "dist_ciclo": 800}, "geometry": {"type": "Polygon", "coordinates": [[[-76.48919540988042, 3.4907814415860967], [-76.49029827687292, 3.4892916327811045], [-76.48950230482801, 3.4875722696508937], [-76.48760346372684, 3.4873427403820174], [-76.48650061609301, 3.488832566055423], [-76.4872965902006, 3.490551904129299], [-76.48919540988042, 3.4907814415860967]]]}}, {"type": "Feature", "properties": {"h3_index": "8966f1c5007ffff", "lat": 3.4662550143383632, "lng": -76.5280415391044, "nivel_admin_1": "Comuna 02", "nivel_admin_2": "San Vicente", "estrato_promedio_200m": 4.0, "dist_sitp": 500, "dist_tm": 1500, "dist_ciclo": 800}, "geometry": {"type": "Polygon", "coordinates": [[[-76.52883749698839, 3.46797476322994], [-76.52994082510591, 3.466484432959185], [-76.52914486545674, 3.464764661994884], [-76.52724557556485, 3.464535246306749], [-76.52614226674044, 3.4660255934540305], [-76.52693822851371, 3.4677453394129367], [-76.52883749698839, 3.46797476322994]]]}}, {"type": "Feature", "properties": {"h3_index": "8966f1c537bffff", "lat": 3.43999797398278, "lng": -76.53920203117364, "nivel_admin_1": "Comuna 03", "nivel_admin_2": "Los Libertadores", "estrato_promedio_200m": 3.0, "dist_sitp": 500, "dist_tm": 1500, "dist_ciclo": 800}, "geometry": {"type": "Polygon", "coordinates": [[[-76.53999803460198, 3.4417180861427963], [-76.54110156053807, 3.440227313426096], [-76.54030555535073, 3.438507179221387], [-76.53840602208453, 3.438277842719344], [-76.53730251542545, 3.4397686323011945], [-76.53809852275447, 3.441488741519951], [-76.53999803460198, 3.4417180861427963]]]}}, {"type": "Feature", "properties": {"h3_index": "8966f1c50b7ffff", "lat": 3.4700375915029444, "lng": -76.51903403624725, "nivel_admin_1": "Comuna 02", "nivel_admin_2": "Prados del Norte", "estrato_promedio_200m": 5.0, "dist_sitp": 500, "dist_tm": 1500, "dist_ciclo": 800}, "geometry": {"type": "Polygon", "coordinates": [[[-76.51983000048445, 3.471757265362203], [-76.52093322872037, 3.4702670325158573], [-76.52013726271284, 3.468547336578962], [-76.51823806635812, 3.4683178985050565], [-76.51713485743036, 3.4698081482251215], [-76.51793082554808, 3.471527819145384], [-76.51983000048445, 3.471757265362203]]]}}, {"type": "Feature", "properties": {"h3_index": "8966f11b483ffff", "lat": 3.394809832469075, "lng": -76.51470473567316, "nivel_admin_1": "Comuna 16", "nivel_admin_2": "Ciudad 2000", "estrato_promedio_200m": 3.0, "dist_sitp": 500, "dist_tm": 1500, "dist_ciclo": 800}, "geometry": {"type": "Polygon", "coordinates": [[[-76.51550089396316, 3.396530434094206], [-76.51660433891612, 3.395039099115035], [-76.51580817885247, 3.3933184754883543], [-76.51390857173027, 3.393089211843096], [-76.51280514610201, 3.3945805636414907], [-76.51360130827014, 3.396301162265921], [-76.51550089396316, 3.396530434094206]]]}}, {"type": "Feature", "properties": {"h3_index": "8966f11b657ffff", "lat": 3.3789745183548727, "lng": -76.54504590947427, "nivel_admin_1": "Comuna 18", "nivel_admin_2": "Meléndez", "estrato_promedio_200m": 3.0, "dist_sitp": 500, "dist_tm": 1500, "dist_ciclo": 800}, "geometry": {"type": "Polygon", "coordinates": [[[-76.54584205390292, 3.3806954108014198], [-76.54694584585717, 3.379203703381672], [-76.54614969967221, 3.377482788953351], [-76.54424975938042, 3.3772536069083037], [-76.54314598670044, 3.378745331154596], [-76.54394213503687, 3.380466220619402], [-76.54584205390292, 3.3806954108014198]]]}}, {"type": "Feature", "properties": {"h3_index": "8966f1c5ed7ffff", "lat": 3.4404564862744818, "lng": -76.51610149231799, "nivel_admin_1": "Comuna 08", "nivel_admin_2": "Primitivo Crespo", "estrato_promedio_200m": 2.0, "dist_sitp": 500, "dist_tm": 1500, "dist_ciclo": 800}, "geometry": {"type": "Polygon", "coordinates": [[[-76.51689753500912, 3.4421765218701332], [-76.51800083659882, 3.440685860682237], [-76.5172047921353, 3.438965803038678], [-76.51530544397498, 3.438736431595434], [-76.5142021617021, 3.4402271096349213], [-76.51499820827162, 3.4419471422660695], [-76.51689753500912, 3.4421765218701332]]]}}, {"type": "Feature", "properties": {"h3_index": "8966f1c5ab7ffff", "lat": 3.411442288197535, "lng": -76.50446731217286, "nivel_admin_1": "Comuna 16", "nivel_admin_2": "Antonio Nariño", "estrato_promedio_200m": 2.0, "dist_sitp": 500, "dist_tm": 1500, "dist_ciclo": 800}, "geometry": {"type": "Polygon", "coordinates": [[[-76.5052634470437, 3.4131626506950394], [-76.50636673599809, 3.4116716097229904], [-76.50557059934785, 3.4099512252057487], [-76.50367117165366, 3.4097219066788034], [-76.50256790203962, 3.411212964475427], [-76.50336404077832, 3.4129333239744324], [-76.5052634470437, 3.4131626506950394]]]}}, {"type": "Feature", "properties": {"h3_index": "8966f1ccd83ffff", "lat": 3.377136884293537, "lng": -76.55675349866284, "nivel_admin_1": "Comuna 18", "nivel_admin_2": "Sector Alto Jordán", "estrato_promedio_200m": 3.0, "dist_sitp": 500, "dist_tm": 1500, "dist_ciclo": 800}, "geometry": {"type": "Polygon", "coordinates": [[[-76.5575496270261, 3.37885783557899], [-76.55865353803898, 3.37736604814698], [-76.55785740792616, 3.3756450748830265], [-76.55595736462978, 3.3754159140007625], [-76.55485347287119, 3.376907718265096], [-76.55564960515358, 3.3786286665793797], [-76.5575496270261, 3.37885783557899]]]}}, {"type": "Feature", "properties": {"h3_index": "8966f1c5c4fffff", "lat": 3.4371307691079194, "lng": -76.50201038974808, "nivel_admin_1": "Comuna 12", "nivel_admin_2": "Asturias", "estrato_promedio_200m": 2.0, "dist_sitp": 500, "dist_tm": 1500, "dist_ciclo": 800}, "geometry": {"type": "Polygon", "coordinates": [[[-76.5028064651963, 3.4388508029760954], [-76.50390964215639, 3.437360156141601], [-76.50311356492762, 3.4356401002272374], [-76.50121430865335, 3.4354107161750034], [-76.50011115103474, 3.436901379850329], [-76.50090723034783, 3.438621410737064], [-76.5028064651963, 3.4388508029760954]]]}}, {"type": "Feature", "properties": {"h3_index": "8966f1ceb27ffff", "lat": 3.3828746640334915, "lng": -76.55043806339343, "nivel_admin_1": "Comuna 18", "nivel_admin_2": "Sector Cuarteles de Nápoles", "estrato_promedio_200m": 1.0, "dist_sitp": 500, "dist_tm": 1500, "dist_ciclo": 800}, "geometry": {"type": "Polygon", "coordinates": [[[-76.551234188667, 3.384595524417284], [-76.55233801915512, 3.3831038506595195], [-76.5515418921284, 3.3813829682906187], [-76.54964193245272, 3.381153784637846], [-76.54853812122909, 3.3826454752280988], [-76.54933425041557, 3.3843663326386286], [-76.551234188667, 3.384595524417284]]]}}, {"type": "Feature", "properties": {"h3_index": "8966f1c5037ffff", "lat": 3.462356626855156, "lng": -76.52265105973463, "nivel_admin_1": "Comuna 02", "nivel_admin_2": "San Vicente", "estrato_promedio_200m": 4.0, "dist_sitp": 500, "dist_tm": 1500, "dist_ciclo": 800}, "geometry": {"type": "Polygon", "coordinates": [[[-76.52344703670327, 3.4640764081470863], [-76.5245503262297, 3.462586044126241], [-76.52375434749271, 3.4608662407649065], [-76.52185507711239, 3.4606368264349725], [-76.52075180688881, 3.462127207326428], [-76.52154778774164, 3.463846985677214], [-76.52344703670327, 3.4640764081470863]]]}}, {"type": "Feature", "properties": {"h3_index": "8966f1c5277ffff", "lat": 3.452955784083573, "lng": -76.55237202598929, "nivel_admin_1": "Comuna 02", "nivel_admin_2": "Santa Rita", "estrato_promedio_200m": 6.0, "dist_sitp": 500, "dist_tm": 1500, "dist_ciclo": 800}, "geometry": {"type": "Polygon", "coordinates": [[[-76.55316797414402, 3.4546757740982725], [-76.55427158239455, 3.4531851350357394], [-76.55347563248856, 3.451465122964736], [-76.55157607216913, 3.451235774930514], [-76.55047248317133, 3.4527264308750256], [-76.55126843523912, 3.4544464179717873], [-76.55316797414402, 3.4546757740982725]]]}}, {"type": "Feature", "properties": {"h3_index": "8966f1c5167ffff", "lat": 3.444928372504908, "lng": -76.51279168749377, "nivel_admin_1": "Comuna 08", "nivel_admin_2": "La Floresta", "estrato_promedio_200m": 3.0, "dist_sitp": 500, "dist_tm": 1500, "dist_ciclo": 800}, "geometry": {"type": "Polygon", "coordinates": [[[-76.51358772486415, 3.4466483419469665], [-76.5146909791413, 3.44515776250543], [-76.51389493999673, 3.4434377710105233], [-76.511995644473, 3.4432083839744902], [-76.51089240951781, 3.4446989802687136], [-76.51168845076324, 3.4464189467462867], [-76.51358772486415, 3.4466483419469665]]]}}, {"type": "Feature", "properties": {"h3_index": "8966f1c5b93ffff", "lat": 3.4068548956411973, "lng": -76.49337807318923, "nivel_admin_1": "Comuna 15", "nivel_admin_2": "Los Comuneros I", "estrato_promedio_200m": 2.0, "dist_sitp": 500, "dist_tm": 1500, "dist_ciclo": 800}, "geometry": {"type": "Polygon", "coordinates": [[[-76.4941742386703, 3.408575281142469], [-76.49527743623325, 3.4070842221213873], [-76.49448126896631, 3.40536381460375], [-76.49258190206392, 3.4051344911368986], [-76.49147872386095, 3.406625566972703], [-76.49227489319932, 3.408345949460642], [-76.4941742386703, 3.408575281142469]]]}}, {"type": "Feature", "properties": {"h3_index": "8966f1c4657ffff", "lat": 3.4865414526694147, "lng": -76.4944029442964, "nivel_admin_1": "Comuna 06", "nivel_admin_2": "Portada de Comfandi - Las Encinas", "estrato_promedio_200m": 3.0, "dist_sitp": 500, "dist_tm": 1500, "dist_ciclo": 800}, "geometry": {"type": "Polygon", "coordinates": [[[-76.49519891041761, 3.488260843803811], [-76.49630184409973, 3.4867709698836182], [-76.49550587619414, 3.4850515566519116], [-76.49360697253336, 3.484822042389293], [-76.49250405819986, 3.4863119331797847], [-76.49330002817742, 3.4880313213626133], [-76.49519891041761, 3.488260843803811]]]}}, {"type": "Feature", "properties": {"h3_index": "8966f1c5033ffff", "lat": 3.464305828357208, "lng": -76.52534629931235, "nivel_admin_1": "Comuna 02", "nivel_admin_2": "San Vicente", "estrato_promedio_200m": 4.0, "dist_sitp": 500, "dist_tm": 1500, "dist_ciclo": 800}, "geometry": {"type": "Polygon", "coordinates": [[[-76.52614226674044, 3.4660255934540305], [-76.52724557556485, 3.464535246306749], [-76.52644960637001, 3.4628154591388656], [-76.5245503262297, 3.462586044126241], [-76.52344703670327, 3.4640764081470863], [-76.52424300801808, 3.4657961703069993], [-76.52614226674044, 3.4660255934540305]]]}}, {"type": "Feature", "properties": {"h3_index": "8966f1c5387ffff", "lat": 3.4514645831795754, "lng": -76.52657566759078, "nivel_admin_1": "Comuna 03", "nivel_admin_2": "San Nicolás", "estrato_promedio_200m": 2.0, "dist_sitp": 500, "dist_tm": 1500, "dist_ciclo": 800}, "geometry": {"type": "Polygon", "coordinates": [[[-76.52737166470656, 3.4531845130382193], [-76.5284750295173, 3.451693968591475], [-76.52767903063533, 3.4499740166749784], [-76.52577966481947, 3.449744634208511], [-76.52467631930612, 3.4512351955207192], [-76.52547232031014, 3.452955122433927], [-76.52737166470656, 3.4531845130382193]]]}}, {"type": "Feature", "properties": {"h3_index": "8966f1c5003ffff", "lat": 3.4682041847813174, "lng": -76.53073677909883, "nivel_admin_1": "Comuna 02", "nivel_admin_2": "Santa Mónica", "estrato_promedio_200m": 5.0, "dist_sitp": 500, "dist_tm": 1500, "dist_ciclo": 800}, "geometry": {"type": "Polygon", "coordinates": [[[-76.53153272743522, 3.4699239174575136], [-76.53263607484097, 3.468433604066234], [-76.53184012474098, 3.466713849315658], [-76.52994082510591, 3.466484432959185], [-76.52883749698839, 3.46797476322994], [-76.52963344921662, 3.4696944929776996], [-76.53153272743522, 3.4699239174575136]]]}}, {"type": "Feature", "properties": {"h3_index": "8966f1c5c63ffff", "lat": 3.433231875385606, "lng": -76.4966197427332, "nivel_admin_1": "Comuna 12", "nivel_admin_2": "Nueva Floresta", "estrato_promedio_200m": 3.0, "dist_sitp": 500, "dist_tm": 1500, "dist_ciclo": 800}, "geometry": {"type": "Polygon", "coordinates": [[[-76.49741583719918, 3.4349519414059864], [-76.49851897547147, 3.4334612608927917], [-76.49772287922178, 3.4317411728295513], [-76.49582364262265, 3.4315117903122814], [-76.4947205237016, 3.433002487660372], [-76.49551662202735, 3.4347225506908354], [-76.49741583719918, 3.4349519414059864]]]}}, {"type": "Feature", "properties": {"h3_index": "8966f11b207ffff", "lat": 3.3538462675801126, "lng": -76.53880308907364, "nivel_admin_1": "Comuna 22", "nivel_admin_2": "Parcelaciones Pance", "estrato_promedio_200m": 3.0, "dist_sitp": 500, "dist_tm": 1500, "dist_ciclo": 800}, "geometry": {"type": "Polygon", "coordinates": [[[-76.53959930675252, 3.355567453657226], [-76.54070312489888, 3.3540754012274516], [-76.53990690545982, 3.352354193193514], [-76.5380068657311, 3.3521250625534424], [-76.5369030668728, 3.353617131788595], [-76.53769928845404, 3.3553383148584386], [-76.53959930675252, 3.355567453657226]]]}}, {"type": "Feature", "properties": {"h3_index": "8966f11b297ffff", "lat": 3.3647483664047466, "lng": -76.53487665572683, "nivel_admin_1": "Comuna 22", "nivel_admin_2": "Urbanización Ciudad Jardín", "estrato_promedio_200m": 6.0, "dist_sitp": 500, "dist_tm": 1500, "dist_ciclo": 800}, "geometry": {"type": "Polygon", "coordinates": [[[-76.53567285327219, 3.366469404745738], [-76.53677659610908, 3.3649775318302764], [-76.53598039680139, 3.3632564715208346], [-76.53408045251972, 3.363027309098282], [-76.53297672897634, 3.364519198824307], [-76.53377293042001, 3.3662402341623268], [-76.53567285327219, 3.366469404745738]]]}}, {"type": "Feature", "properties": {"h3_index": "8966f1c5523ffff", "lat": 3.4699216322202306, "lng": -76.50463698365546, "nivel_admin_1": "Comuna 05", "nivel_admin_2": "El Sena", "estrato_promedio_200m": 3.0, "dist_sitp": 500, "dist_tm": 1500, "dist_ciclo": 800}, "geometry": {"type": "Polygon", "coordinates": [[[-76.50543297323912, 3.471641263382926], [-76.50653606289815, 3.4701510942831275], [-76.50574007153583, 3.4684314410412114], [-76.50384098842542, 3.468201981932094], [-76.5027379180994, 3.4696921678968917], [-76.50353391154967, 3.471411796105814], [-76.50543297323912, 3.471641263382926]]]}}, {"type": "Feature", "properties": {"h3_index": "8966f1c5d8fffff", "lat": 3.431740269735501, "lng": -76.47082807376525, "nivel_admin_1": "Comuna 21", "nivel_admin_2": "Compartir", "estrato_promedio_200m": 1.0, "dist_sitp": 500, "dist_tm": 1500, "dist_ciclo": 800}, "geometry": {"type": "Polygon", "coordinates": [[[-76.47162421646722, 3.433460274677629], [-76.47272711040793, 3.431969689237576], [-76.47193096590736, 3.4302496622510703], [-76.47003192542866, 3.4300202457663986], [-76.46892905088374, 3.4315108480248204], [-76.46972519742064, 3.4332308499495388], [-76.47162421646722, 3.433460274677629]]]}}, {"type": "Feature", "properties": {"h3_index": "8966f1cedafffff", "lat": 3.4206168596387307, "lng": -76.52664651633017, "nivel_admin_1": "Comuna 10", "nivel_admin_2": "Cristóbal Colón", "estrato_promedio_200m": 3.0, "dist_sitp": 500, "dist_tm": 1500, "dist_ciclo": 800}, "geometry": {"type": "Polygon", "coordinates": [[[-76.52744258979699, 3.4223371757971752], [-76.52854606129742, 3.4208461710405147], [-76.52774998606411, 3.4191258328556144], [-76.52585043720671, 3.41889652442268], [-76.52474698500728, 3.420387546023584], [-76.52554306236316, 3.4221078592131913], [-76.52744258979699, 3.4223371757971752]]]}}, {"type": "Feature", "properties": {"h3_index": "8966f1c585bffff", "lat": 3.41981457170379, "lng": -76.50654853925185, "nivel_admin_1": "Comuna 16", "nivel_admin_2": "Antonio Nariño", "estrato_promedio_200m": 2.0, "dist_sitp": 500, "dist_tm": 1500, "dist_ciclo": 800}, "geometry": {"type": "Polygon", "coordinates": [[[-76.50734464974869, 3.421534836050543], [-76.50844793003853, 3.420043910397154], [-76.5076518177636, 3.418323624022376], [-76.50575242310616, 3.4180942883190135], [-76.50464916215205, 3.4195852308040124], [-76.50544527651854, 3.4213054921607817], [-76.50734464974869, 3.421534836050543]]]}}, {"type": "Feature", "properties": {"h3_index": "8966f1c422bffff", "lat": 3.4550166692183533, "lng": -76.48877351851631, "nivel_admin_1": "Comuna 07", "nivel_admin_2": "Las Ceibas", "estrato_promedio_200m": 3.0, "dist_sitp": 500, "dist_tm": 1500, "dist_ciclo": 800}, "geometry": {"type": "Polygon", "coordinates": [[[-76.48956957254974, 3.4567364384037966], [-76.49067256013399, 3.4552461188008308], [-76.48987650431256, 3.4535263275494343], [-76.4879774588421, 3.453296880948296], [-76.48687449061995, 3.45478721739648], [-76.4876705485051, 3.456506983600592], [-76.48956957254974, 3.4567364384037966]]]}}, {"type": "Feature", "properties": {"h3_index": "8966f1194bbffff", "lat": 3.3358283599639615, "lng": -76.53764471757962, "nivel_admin_1": "Comuna 22", "nivel_admin_2": "Parcelaciones Pance", "estrato_promedio_200m": 3.0, "dist_sitp": 500, "dist_tm": 1500, "dist_ciclo": 800}, "geometry": {"type": "Polygon", "coordinates": [[[-76.53844098194935, 3.337549766378976], [-76.53954485084081, 3.3360574519226796], [-76.53874858471004, 3.3343360235691337], [-76.53684844754605, 3.334106934632603], [-76.53574459794682, 3.3355992658810805], [-76.53654086621822, 3.337320669273926], [-76.53844098194935, 3.337549766378976]]]}}, {"type": "Feature", "properties": {"h3_index": "8966f1c5d0fffff", "lat": 3.424057564074551, "lng": -76.47444358158481, "nivel_admin_1": "Comuna 14", "nivel_admin_2": "Manuela Beltrán", "estrato_promedio_200m": 1.0, "dist_sitp": 500, "dist_tm": 1500, "dist_ciclo": 800}, "geometry": {"type": "Polygon", "coordinates": [[[-76.47523973711398, 3.4257776762046723], [-76.47634269244138, 3.4242869596679397], [-76.47554653511557, 3.4225668255016792], [-76.47364742041931, 3.4223374329278493], [-76.47254448448244, 3.423828166279814], [-76.47334064385024, 3.4255482753903856], [-76.47523973711398, 3.4257776762046723]]]}}, {"type": "Feature", "properties": {"h3_index": "8966f119457ffff", "lat": 3.3339890472099714, "lng": -76.54935344535785, "nivel_admin_1": "Comuna 22", "nivel_admin_2": "Parcelaciones Pance", "estrato_promedio_200m": 3.0, "dist_sitp": 500, "dist_tm": 1500, "dist_ciclo": 800}, "geometry": {"type": "Polygon", "coordinates": [[[-76.55014969370214, 3.335710512579527], [-76.55125368173512, 3.3342181182597543], [-76.55045743163652, 3.332496630954965], [-76.54855719134511, 3.3322675629167757], [-76.54745322258437, 3.333759974034506], [-76.5482494748417, 3.3354814363924783], [-76.55014969370214, 3.335710512579527]]]}}, {"type": "Feature", "properties": {"h3_index": "8966f11b68fffff", "lat": 3.382761929175829, "lng": -76.53603506366899, "nivel_admin_1": "Comuna 17", "nivel_admin_2": "El Ingenio", "estrato_promedio_200m": 3.0, "dist_sitp": 500, "dist_tm": 1500, "dist_ciclo": 800}, "geometry": {"type": "Polygon", "coordinates": [[[-76.53683121453298, 3.3844827467156215], [-76.53793490663882, 3.382991136201783], [-76.53713875401336, 3.3812702966752752], [-76.53523890714341, 3.3810410926373984], [-76.53413523432693, 3.3825327199749653], [-76.53493138908993, 3.384253534526693], [-76.53683121453298, 3.3844827467156215]]]}}, {"type": "Feature", "properties": {"h3_index": "8966f1c538fffff", "lat": 3.4502033968957795, "lng": -76.5295784100909, "nivel_admin_1": "Comuna 03", "nivel_admin_2": "San Pedro", "estrato_promedio_200m": 3.0, "dist_sitp": 500, "dist_tm": 1500, "dist_ciclo": 800}, "geometry": {"type": "Polygon", "coordinates": [[[-76.53037440508174, 3.4519233517556005], [-76.53147780318217, 3.4504327748700905], [-76.53068180642686, 3.4487127979540486], [-76.52878240944337, 3.4484834229230628], [-76.52767903063533, 3.4499740166749784], [-76.5284750295173, 3.451693968591475], [-76.53037440508174, 3.4519233517556005]]]}}, {"type": "Feature", "properties": {"h3_index": "8966f11b0c7ffff", "lat": 3.3697989087962092, "lng": -76.52286250453565, "nivel_admin_1": "Comuna 17", "nivel_admin_2": "Lili", "estrato_promedio_200m": 3.0, "dist_sitp": 500, "dist_tm": 1500, "dist_ciclo": 800}, "geometry": {"type": "Polygon", "coordinates": [[[-76.52365871059015, 3.37151984722236], [-76.52476232020447, 3.370028103496328], [-76.52396611238075, 3.3683071430951372], [-76.5220662928242, 3.3680779514064407], [-76.5209627025235, 3.369569711939303], [-76.52175891246465, 3.3712906473540354], [-76.52365871059015, 3.37151984722236]]]}}, {"type": "Feature", "properties": {"h3_index": "8966f1cec83ffff", "lat": 3.4445848833514563, "lng": -76.55029177620818, "nivel_admin_1": "Comuna 19", "nivel_admin_2": "Bellavista", "estrato_promedio_200m": 2.0, "dist_sitp": 500, "dist_tm": 1500, "dist_ciclo": 800}, "geometry": {"type": "Polygon", "coordinates": [[[-76.55108774877625, 3.446304971946611], [-76.5521913657694, 3.444814217446045], [-76.5513953914488, 3.443094106802853], [-76.54949579797524, 3.4428647756346966], [-76.54839220023942, 3.444355547010234], [-76.54918817671872, 3.4460756326789532], [-76.55108774877625, 3.446304971946611]]]}}, {"type": "Feature", "properties": {"h3_index": "8966f1c536fffff", "lat": 3.434837522897312, "lng": -76.53681398692498, "nivel_admin_1": "Comuna 19", "nivel_admin_2": "El Cedro", "estrato_promedio_200m": 4.0, "dist_sitp": 500, "dist_tm": 1500, "dist_ciclo": 800}, "geometry": {"type": "Polygon", "coordinates": [[[-76.53761000733489, 3.4365576923562577], [-76.53871352799253, 3.43506685351045], [-76.53791750582215, 3.433346662011781], [-76.536017960855, 3.4331173343462735], [-76.53491445947914, 3.4346081900522396], [-76.53571048378755, 3.4363283565635556], [-76.53761000733489, 3.4365576923562577]]]}}, {"type": "Feature", "properties": {"h3_index": "8966f1c5c1bffff", "lat": 3.442863761994117, "lng": -76.49569867836911, "nivel_admin_1": "Comuna 08", "nivel_admin_2": "El Trébol", "estrato_promedio_200m": 3.0, "dist_sitp": 500, "dist_tm": 1500, "dist_ciclo": 800}, "geometry": {"type": "Polygon", "coordinates": [[[-76.49649475054947, 3.444583704679657], [-76.4975978468277, 3.4430931720859634], [-76.49680177286322, 3.441373207347657], [-76.49490260054489, 3.441143800239337], [-76.49379952361829, 3.442634349674018], [-76.4945955996573, 3.444354289376038], [-76.49649475054947, 3.444583704679657]]]}}, {"type": "Feature", "properties": {"h3_index": "8966f11b613ffff", "lat": 3.3814994985395574, "lng": -76.53903861450888, "nivel_admin_1": "Comuna 17", "nivel_admin_2": "Unicentro Cali", "estrato_promedio_200m": 3.0, "dist_sitp": 500, "dist_tm": 1500, "dist_ciclo": 800}, "geometry": {"type": "Polygon", "coordinates": [[[-76.53983476323242, 3.3832203410520174], [-76.54093848862595, 3.381728698229396], [-76.54014233814267, 3.38000783373186], [-76.53824246012258, 3.3797786370279854], [-76.53713875401336, 3.3812702966752752], [-76.53793490663882, 3.382991136201783], [-76.53983476323242, 3.3832203410520174]]]}}, {"type": "Feature", "properties": {"h3_index": "8966f1c54a7ffff", "lat": 3.4892955088255313, "lng": -76.5171906454337, "nivel_admin_1": "Comuna 02", "nivel_admin_2": "Urbanización La Flora", "estrato_promedio_200m": 3.0, "dist_sitp": 500, "dist_tm": 1500, "dist_ciclo": 800}, "geometry": {"type": "Polygon", "coordinates": [[[-76.51798656513637, 3.4910149352139452], [-76.51908970940464, 3.4895249986702095], [-76.51829378793079, 3.4878055501843854], [-76.5163947200805, 3.4875760632659163], [-76.51529159512125, 3.4890660166954994], [-76.51608751870215, 3.490785440157716], [-76.51798656513637, 3.4910149352139452]]]}}, {"type": "Feature", "properties": {"h3_index": "8966f1c4047ffff", "lat": 3.4696890805581355, "lng": -76.47584567671595, "nivel_admin_1": "Comuna 06", "nivel_admin_2": "Jorge Eliécer Gaitán", "estrato_promedio_200m": 2.0, "dist_sitp": 500, "dist_tm": 1500, "dist_ciclo": 800}, "geometry": {"type": "Polygon", "coordinates": [[[-76.4766417166762, 3.471408626012419], [-76.47774452881055, 3.4699185846577807], [-76.47694848705503, 3.4681990171211146], [-76.47504963112046, 3.467969516004841], [-76.47394683836869, 3.46945957420704], [-76.47474288216779, 3.4711791166779693], [-76.4766417166762, 3.471408626012419]]]}}, {"type": "Feature", "properties": {"h3_index": "8966f1c5907ffff", "lat": 3.4028411363637208, "lng": -76.4735889881712, "nivel_admin_1": "Comuna 21", "nivel_admin_2": "Pizamos I", "estrato_promedio_200m": 1.0, "dist_sitp": 500, "dist_tm": 1500, "dist_ciclo": 800}, "geometry": {"type": "Polygon", "coordinates": [[[-76.47438519777982, 3.4045615106183167], [-76.47548821771663, 3.4030704816554334], [-76.47469200631069, 3.4013500853862255], [-76.47279277292587, 3.4011207431311323], [-76.47168977238361, 3.4026117888940552], [-76.47248598583052, 3.404332160112038], [-76.47438519777982, 3.4045615106183167]]]}}, {"type": "Feature", "properties": {"h3_index": "8966f1c58d3ffff", "lat": 3.428759685976754, "lng": -76.49992919954529, "nivel_admin_1": "Comuna 12", "nivel_admin_2": "Sindical", "estrato_promedio_200m": 3.0, "dist_sitp": 500, "dist_tm": 1500, "dist_ciclo": 800}, "geometry": {"type": "Polygon", "coordinates": [[[-76.50072529936048, 3.4304798181207614], [-76.50182848497626, 3.428989055867787], [-76.50103238337924, 3.4272689016858577], [-76.4991330940841, 3.42703953478477], [-76.49802992781439, 3.4285303138715473], [-76.49882603149264, 3.4302504430256233], [-76.50072529936048, 3.4304798181207614]]]}}, {"type": "Feature", "properties": {"h3_index": "8966f1c530fffff", "lat": 3.4425207755009084, "lng": -76.53319608230059, "nivel_admin_1": "Comuna 03", "nivel_admin_2": "San Juan Bosco", "estrato_promedio_200m": 3.0, "dist_sitp": 500, "dist_tm": 1500, "dist_ciclo": 800}, "geometry": {"type": "Polygon", "coordinates": [[[-76.53399209000416, 3.444240837681991], [-76.53509554938478, 3.4427501297854577], [-76.53429953991878, 3.441030045556395], [-76.53240006893867, 3.440800694217331], [-76.53129662884511, 3.442291418977149], [-76.5320926404435, 3.4440114782127624], [-76.53399209000416, 3.444240837681991]]]}}, {"type": "Feature", "properties": {"h3_index": "8966f1c5e0bffff", "lat": 3.4308239351875427, "lng": -76.51702326114334, "nivel_admin_1": "Comuna 11", "nivel_admin_2": "Aguablanca", "estrato_promedio_200m": 3.0, "dist_sitp": 500, "dist_tm": 1500, "dist_ciclo": 800}, "geometry": {"type": "Polygon", "coordinates": [[[-76.51781932610875, 3.4325440941458676], [-76.51892266969372, 3.4310532851140834], [-76.51812660295639, 3.4293331041177657], [-76.51622719052538, 3.4291037571621414], [-76.51512386625677, 3.430594583039426], [-76.51591993510166, 3.4323147390268463], [-76.51781932610875, 3.4325440941458676]]]}}, {"type": "Feature", "properties": {"h3_index": "8966f1ced6fffff", "lat": 3.4123581252998654, "lng": -76.53896656253238, "nivel_admin_1": "Comuna 19", "nivel_admin_2": "Urbanización Militar", "estrato_promedio_200m": 4.0, "dist_sitp": 500, "dist_tm": 1500, "dist_ciclo": 800}, "geometry": {"type": "Polygon", "coordinates": [[[-76.53976263489092, 3.4140785824862045], [-76.54086625354635, 3.4125873990137308], [-76.54007017942838, 3.4108669198108243], [-76.53817048451221, 3.410637649059502], [-76.53706688513752, 3.4121288493779245], [-76.53786296139714, 3.413849303601736], [-76.53976263489092, 3.4140785824862045]]]}}, {"type": "Feature", "properties": {"h3_index": "8966f11b4b3ffff", "lat": 3.39091004440394, "lng": -76.50931322116368, "nivel_admin_1": "Comuna 15", "nivel_admin_2": "El Morichal", "estrato_promedio_200m": 3.0, "dist_sitp": 500, "dist_tm": 1500, "dist_ciclo": 800}, "geometry": {"type": "Polygon", "coordinates": [[[-76.51010939851076, 3.392630678014941], [-76.51121280480946, 3.3911393094002857], [-76.51041662568555, 3.3894186537910738], [-76.50851703816564, 3.3891893918039293], [-76.50741365120138, 3.390680777231877], [-76.50820983242149, 3.3924014078336837], [-76.51010939851076, 3.392630678014941]]]}}, {"type": "Feature", "properties": {"h3_index": "8966f11b6cbffff", "lat": 3.3841371386793355, "lng": -76.54743432576369, "nivel_admin_1": "Comuna 18", "nivel_admin_2": "Sector Cuarteles de Nápoles", "estrato_promedio_200m": 1.0, "dist_sitp": 500, "dist_tm": 1500, "dist_ciclo": 800}, "geometry": {"type": "Polygon", "coordinates": [[[-76.54823045319529, 3.385857974103113], [-76.54933425041557, 3.3843663326386286], [-76.54853812122909, 3.3826454752280988], [-76.54663819266614, 3.3824162842441687], [-76.54553441471539, 3.3839079425401914], [-76.54633054605696, 3.385628774988604], [-76.54823045319529, 3.385857974103113]]]}}, {"type": "Feature", "properties": {"h3_index": "8966f11b23bffff", "lat": 3.350632966211692, "lng": -76.53911068035663, "nivel_admin_1": "Comuna 22", "nivel_admin_2": "Parcelaciones Pance", "estrato_promedio_200m": 3.0, "dist_sitp": 500, "dist_tm": 1500, "dist_ciclo": 800}, "geometry": {"type": "Polygon", "coordinates": [[[-76.53990690545982, 3.352354193193514], [-76.54101073761211, 3.350862091701602], [-76.54021451074888, 3.349140842766277], [-76.53831444958955, 3.3489117202857765], [-76.53721063672516, 3.350403838581022], [-76.5380068657311, 3.3521250625534424], [-76.53990690545982, 3.352354193193514]]]}}, {"type": "Feature", "properties": {"h3_index": "8966f1c5e8bffff", "lat": 3.438507057922516, "lng": -76.51340610948145, "nivel_admin_1": "Comuna 08", "nivel_admin_2": "Rafael Uribe Uribe", "estrato_promedio_200m": 2.0, "dist_sitp": 500, "dist_tm": 1500, "dist_ciclo": 800}, "geometry": {"type": "Polygon", "coordinates": [[[-76.5142021617021, 3.4402271096349213], [-76.51530544397498, 3.438736431595434], [-76.51450938998042, 3.4370163578367903], [-76.51261005160994, 3.4367869871326318], [-76.5115067886587, 3.438277682020746], [-76.51230284475518, 3.4399977307644014], [-76.5142021617021, 3.4402271096349213]]]}}, {"type": "Feature", "properties": {"h3_index": "8966f1c559bffff", "lat": 3.486658092768105, "lng": -76.50879858532282, "nivel_admin_1": "Comuna 02", "nivel_admin_2": "Ciudad Los Álamos", "estrato_promedio_200m": 3.0, "dist_sitp": 500, "dist_tm": 1500, "dist_ciclo": 800}, "geometry": {"type": "Polygon", "coordinates": [[[-76.50959452617518, 3.488377526601695], [-76.51069759850766, 3.486887588814494], [-76.50990165587926, 3.485168132885178], [-76.50800263882309, 3.4849386397755837], [-76.5068995858144, 3.486428594441795], [-76.50769553053698, 3.4881480253386], [-76.50959452617518, 3.488377526601695]]]}}, {"type": "Feature", "properties": {"h3_index": "8966f1c5843ffff", "lat": 3.4178649504113547, "lng": -76.50385304213741, "nivel_admin_1": "Comuna 16", "nivel_admin_2": "Antonio Nariño", "estrato_promedio_200m": 2.0, "dist_sitp": 500, "dist_tm": 1500, "dist_ciclo": 800}, "geometry": {"type": "Polygon", "coordinates": [[[-76.50464916215205, 3.4195852308040124], [-76.50575242310616, 3.4180942883190135], [-76.50495630131184, 3.4163739859000084], [-76.50305691647488, 3.416144650986595], [-76.50195367486138, 3.4176356103002288], [-76.50274979874314, 3.4193558876986563], [-76.50464916215205, 3.4195852308040124]]]}}, {"type": "Feature", "properties": {"h3_index": "8966f1c5933ffff", "lat": 3.4008913987002, "lng": -76.47089355330073, "nivel_admin_1": "Comuna 21", "nivel_admin_2": "Pizamos II", "estrato_promedio_200m": 1.0, "dist_sitp": 500, "dist_tm": 1500, "dist_ciclo": 800}, "geometry": {"type": "Polygon", "coordinates": [[[-76.47168977238361, 3.4026117888940552], [-76.47279277292587, 3.4011207431311323], [-76.47199655204408, 3.3994003309243186], [-76.47009732858207, 3.3991709895342423], [-76.46899434743925, 3.400662052094237], [-76.46979057035787, 3.402382439247254], [-76.47168977238361, 3.4026117888940552]]]}}, {"type": "Feature", "properties": {"h3_index": "8966f1194b3ffff", "lat": 3.3370915700434196, "lng": -76.53464076411768, "nivel_admin_1": "Comuna 22", "nivel_admin_2": "Parcelaciones Pance", "estrato_promedio_200m": 3.0, "dist_sitp": 500, "dist_tm": 1500, "dist_ciclo": 800}, "geometry": {"type": "Polygon", "coordinates": [[[-76.53543703062633, 3.338812951496093], [-76.53654086621822, 3.337320669273926], [-76.53574459794682, 3.3355992658810805], [-76.53384449194638, 3.3353701696748645], [-76.53274067565172, 3.3368624686882744], [-76.53353694605914, 3.338583847116663], [-76.53543703062633, 3.338812951496093]]]}}, {"type": "Feature", "properties": {"h3_index": "8966f11b6c3ffff", "lat": 3.3853995736929665, "lng": -76.54443065252445, "nivel_admin_1": "Comuna 17", "nivel_admin_2": "Mayapan - Las Vegas", "estrato_promedio_200m": 3.0, "dist_sitp": 500, "dist_tm": 1500, "dist_ciclo": 800}, "geometry": {"type": "Polygon", "coordinates": [[[-76.54522678210944, 3.3871203841529822], [-76.54633054605696, 3.385628774988604], [-76.54553441471539, 3.3839079425401914], [-76.54363451727473, 3.383678744222048], [-76.54253077260175, 3.385170370217035], [-76.5433269060938, 3.386891177699563], [-76.54522678210944, 3.3871203841529822]]]}}, {"type": "Feature", "properties": {"h3_index": "8966f1c5e6bffff", "lat": 3.4231401813941496, "lng": -76.52064064531532, "nivel_admin_1": "Comuna 11", "nivel_admin_2": "Urbanización Boyaca", "estrato_promedio_200m": 3.0, "dist_sitp": 500, "dist_tm": 1500, "dist_ciclo": 800}, "geometry": {"type": "Polygon", "coordinates": [[[-76.52143672301916, 3.424860447554979], [-76.52254012791303, 3.4233695075926662], [-76.52174404843927, 3.4216492194021098], [-76.51984456195729, 3.4214198961766593], [-76.51874117637446, 3.4229108529813406], [-76.51953725796149, 3.424631116169106], [-76.52143672301916, 3.424860447554979]]]}}, {"type": "Feature", "properties": {"h3_index": "8966f1cedb7ffff", "lat": 3.4250897767244375, "lng": -76.52333620173187, "nivel_admin_1": "Comuna 10", "nivel_admin_2": "Santa Elena", "estrato_promedio_200m": 3.0, "dist_sitp": 500, "dist_tm": 1500, "dist_ciclo": 800}, "geometry": {"type": "Polygon", "coordinates": [[[-76.52413226989553, 3.4268100267936465], [-76.52523569409557, 3.4253191036766757], [-76.52443962416356, 3.423598831576074], [-76.52254012791303, 3.4233695075926662], [-76.52143672301916, 3.424860447554979], [-76.52223279506856, 3.4265806946553607], [-76.52413226989553, 3.4268100267936465]]]}}, {"type": "Feature", "properties": {"h3_index": "8966f1ce827ffff", "lat": 3.405360319599615, "lng": -76.54828437541096, "nivel_admin_1": "Comuna 19", "nivel_admin_2": "Pampa Linda", "estrato_promedio_200m": 3.0, "dist_sitp": 500, "dist_tm": 1500, "dist_ciclo": 800}, "geometry": {"type": "Polygon", "coordinates": [[[-76.5490804487418, 3.407080892771055], [-76.55018418121337, 3.405589563074087], [-76.54938810612842, 3.403868967894326], [-76.54748829641461, 3.403639727378204], [-76.54638458320854, 3.4051310739218907], [-76.54718066044965, 3.4068516441349908], [-76.5490804487418, 3.407080892771055]]]}}, {"type": "Feature", "properties": {"h3_index": "8966f1c5593ffff", "lat": 3.487918521794302, "lng": -76.50579654857741, "nivel_admin_1": "Comuna 02", "nivel_admin_2": "Ciudad Los Álamos", "estrato_promedio_200m": 3.0, "dist_sitp": 500, "dist_tm": 1500, "dist_ciclo": 800}, "geometry": {"type": "Polygon", "coordinates": [[[-76.5065924915222, 3.4896379305937595], [-76.50769553053698, 3.4881480253386], [-76.5068995858144, 3.486428594441795], [-76.50500059998643, 3.486199093836397], [-76.50389758030049, 3.4876890159696172], [-76.50469352711256, 3.4894084218301833], [-76.5065924915222, 3.4896379305937595]]]}}, {"type": "Feature", "properties": {"h3_index": "8966f11b667ffff", "lat": 3.368648764807819, "lng": -76.54026892394208, "nivel_admin_1": "Comuna 22", "nivel_admin_2": "Ciudad Campestre", "estrato_promedio_200m": 3.0, "dist_sitp": 500, "dist_tm": 1500, "dist_ciclo": 800}, "geometry": {"type": "Polygon", "coordinates": [[[-76.54106510235813, 3.3703697711976446], [-76.5421688837674, 3.3688779319122344], [-76.54137270359217, 3.367156903550626], [-76.53947273986229, 3.3669277394407104], [-76.53836897773678, 3.3684195955426253], [-76.53916516005627, 3.3701405989379594], [-76.54106510235813, 3.3703697711976446]]]}}, {"type": "Feature", "properties": {"h3_index": "8966f1ce037ffff", "lat": 3.4583451644064382, "lng": -76.58356244151122, "nivel_admin_1": "CALI", "nivel_admin_2": "Patio Bonito", "estrato_promedio_200m": 3.0, "dist_sitp": 500, "dist_tm": 1500, "dist_ciclo": 800}, "geometry": {"type": "Polygon", "coordinates": [[[-76.5843583211315, 3.4600651816443087], [-76.58546221082163, 3.4585744820264432], [-76.58466632946816, 3.456854442730513], [-76.58276655621366, 3.456625127992471], [-76.58166268572181, 3.458115844514747], [-76.58245856928511, 3.4598358588706546], [-76.5843583211315, 3.4600651816443087]]]}}, {"type": "Feature", "properties": {"h3_index": "8966f1ceddbffff", "lat": 3.432314412195543, "lng": -76.54282020630124, "nivel_admin_1": "Comuna 19", "nivel_admin_2": "San Fernando Nuevo", "estrato_promedio_200m": 4.0, "dist_sitp": 500, "dist_tm": 1500, "dist_ciclo": 800}, "geometry": {"type": "Polygon", "coordinates": [[[-76.54361622242457, 3.434034631621216], [-76.54471980962846, 3.4325437279922757], [-76.54392379174813, 3.430823486530163], [-76.54202418451547, 3.4305941736768446], [-76.54092061658329, 3.4320850941678134], [-76.54171663661097, 3.433805310650074], [-76.54361622242457, 3.434034631621216]]]}}, {"type": "Feature", "properties": {"h3_index": "8966f1c4243ffff", "lat": 3.462813463865908, "lng": -76.49955388784434, "nivel_admin_1": "Comuna 05", "nivel_admin_2": "El Sena", "estrato_promedio_200m": 3.0, "dist_sitp": 500, "dist_tm": 1500, "dist_ciclo": 800}, "geometry": {"type": "Polygon", "coordinates": [[[-76.50034990387572, 3.4645331685453975], [-76.50145296885961, 3.4630429163528893], [-76.5006569510466, 3.461323189600794], [-76.49875786616835, 3.461093740078212], [-76.49765482052705, 3.462584009127775], [-76.49845084042028, 3.4643037108428807], [-76.50034990387572, 3.4645331685453975]]]}}, {"type": "Feature", "properties": {"h3_index": "8966f1c5dc3ffff", "lat": 3.434377951474459, "lng": -76.47922043020677, "nivel_admin_1": "Comuna 14", "nivel_admin_2": "Alirio Mora Beltrán", "estrato_promedio_200m": 2.0, "dist_sitp": 500, "dist_tm": 1500, "dist_ciclo": 800}, "geometry": {"type": "Polygon", "coordinates": [[[-76.48001655191295, 3.4360979494257675], [-76.48111951800986, 3.434607365140663], [-76.48032339450995, 3.4328873451432727], [-76.4784243028628, 3.432657934483885], [-76.47732135614693, 3.4341485355942254], [-76.47811748169609, 3.4358685305387144], [-76.48001655191295, 3.4360979494257675]]]}}, {"type": "Feature", "properties": {"h3_index": "8966f1cec67ffff", "lat": 3.427267713383232, "lng": -76.5548334176681, "nivel_admin_1": "Comuna 19", "nivel_admin_2": "Belén", "estrato_promedio_200m": 1.0, "dist_sitp": 500, "dist_tm": 1500, "dist_ciclo": 800}, "geometry": {"type": "Polygon", "coordinates": [[[-76.55562942516245, 3.4289880326973408], [-76.55673314540012, 3.427496999583711], [-76.55593713615563, 3.425776658239739], [-76.55403740450647, 3.4255473749742276], [-76.5529337035204, 3.4270384249536225], [-76.55372971493081, 3.4287587413327674], [-76.55562942516245, 3.4289880326973408]]]}}, {"type": "Feature", "properties": {"h3_index": "8966f1c5a6bffff", "lat": 3.400659400665769, "lng": -76.52279200936894, "nivel_admin_1": "Comuna 16", "nivel_admin_2": "Brisas del Limonar", "estrato_promedio_200m": 2.0, "dist_sitp": 500, "dist_tm": 1500, "dist_ciclo": 800}, "geometry": {"type": "Polygon", "coordinates": [[[-76.52358813904684, 3.402379954235982], [-76.52469164194457, 3.4008886697323284], [-76.52389551049774, 3.3991680941555504], [-76.5219958740352, 3.398938828076984], [-76.52089239044753, 3.400430129408779], [-76.52168852401122, 3.402150679991008], [-76.52358813904684, 3.402379954235982]]]}}, {"type": "Feature", "properties": {"h3_index": "8966f1c5527ffff", "lat": 3.4679725205646608, "lng": -76.50194191900349, "nivel_admin_1": "Comuna 05", "nivel_admin_2": "El Sena", "estrato_promedio_200m": 3.0, "dist_sitp": 500, "dist_tm": 1500, "dist_ciclo": 800}, "geometry": {"type": "Polygon", "coordinates": [[[-76.5027379180994, 3.4696921678968917], [-76.50384098842542, 3.468201981932094], [-76.50304498754927, 3.466482312522312], [-76.50114591426215, 3.4662528541129056], [-76.50004286327399, 3.4677430569397445], [-76.50083886623398, 3.469462701313948], [-76.5027379180994, 3.4696921678968917]]]}}, {"type": "Feature", "properties": {"h3_index": "8966f1ce987ffff", "lat": 3.406508831765326, "lng": -76.53087928509609, "nivel_admin_1": "Comuna 17", "nivel_admin_2": "Primero de Mayo", "estrato_promedio_200m": 4.0, "dist_sitp": 500, "dist_tm": 1500, "dist_ciclo": 800}, "geometry": {"type": "Polygon", "coordinates": [[[-76.53167538613017, 3.4082293371892782], [-76.53277894692873, 3.4067381031878514], [-76.53198284413045, 3.405017575752343], [-76.53008317840327, 3.404788307305082], [-76.5289796369001, 3.4062795581435563], [-76.52977574182765, 3.408000060592236], [-76.53167538613017, 3.4082293371892782]]]}}, {"type": "Feature", "properties": {"h3_index": "8966f1ce957ffff", "lat": 3.4014606344031204, "lng": -76.54289262531915, "nivel_admin_1": "Comuna 19", "nivel_admin_2": "Cañaveralejo - Seguros Patria", "estrato_promedio_200m": 3.0, "dist_sitp": 500, "dist_tm": 1500, "dist_ciclo": 800}, "geometry": {"type": "Polygon", "coordinates": [[[-76.54368871779656, 3.4031812397434047], [-76.54479241173223, 3.4016898763559635], [-76.54399631749753, 3.3999692490107027], [-76.54209652717817, 3.399740010024689], [-76.54099285251777, 3.401231390252915], [-76.54178894890035, 3.4029519926263707], [-76.54368871779656, 3.4031812397434047]]]}}, {"type": "Feature", "properties": {"h3_index": "8966f1c5ac7ffff", "lat": 3.414767876127642, "lng": -76.51855967399992, "nivel_admin_1": "Comuna 11", "nivel_admin_2": "La Independencia", "estrato_promedio_200m": 3.0, "dist_sitp": 500, "dist_tm": 1500, "dist_ciclo": 800}, "geometry": {"type": "Polygon", "coordinates": [[[-76.5193557760909, 3.4164882405155312], [-76.5204591896737, 3.4149971852350403], [-76.5196630858115, 3.4132767988257027], [-76.51776356625525, 3.413047492699883], [-76.5166601719881, 3.41453856481571], [-76.51745627796046, 3.4162589262220373], [-76.5193557760909, 3.4164882405155312]]]}}, {"type": "Feature", "properties": {"h3_index": "8966f1ce853ffff", "lat": 3.4170590065583446, "lng": -76.56445962801295, "nivel_admin_1": "Comuna 20", "nivel_admin_2": "Brisas de Mayo", "estrato_promedio_200m": 1.0, "dist_sitp": 500, "dist_tm": 1500, "dist_ciclo": 800}, "geometry": {"type": "Polygon", "coordinates": [[[-76.56525564381946, 3.4187794829797213], [-76.56635949178147, 3.417288254425378], [-76.56556347423032, 3.415567755985692], [-76.5636636065351, 3.415338511051564], [-76.56255977780928, 3.4168297564704244], [-76.56335579754136, 3.4185502299588952], [-76.56525564381946, 3.4187794829797213]]]}}, {"type": "Feature", "properties": {"h3_index": "8966f1ccd07ffff", "lat": 3.367498209053223, "lng": -76.55767683885672, "nivel_admin_1": "Comuna 18", "nivel_admin_2": "Sector Polvorines", "estrato_promedio_200m": 3.0, "dist_sitp": 500, "dist_tm": 1500, "dist_ciclo": 800}, "geometry": {"type": "Polygon", "coordinates": [[[-76.55847298947967, 3.3692192832647714], [-76.55957694250554, 3.3677273485559303], [-76.55878079013348, 3.366006252375858], [-76.55688068256329, 3.3657771158507104], [-76.55577674879125, 3.367269067385754], [-76.55657290333446, 3.3689901386197345], [-76.55847298947967, 3.3692192832647714]]]}}, {"type": "Feature", "properties": {"h3_index": "8966f1c53abffff", "lat": 3.4450434176540803, "lng": -76.52719039117919, "nivel_admin_1": "Comuna 03", "nivel_admin_2": "San Pascual", "estrato_promedio_200m": 1.0, "dist_sitp": 500, "dist_tm": 1500, "dist_ciclo": 800}, "geometry": {"type": "Polygon", "coordinates": [[[-76.52798640313938, 3.446763429841239], [-76.52908979594498, 3.4452727867920347], [-76.5282937822189, 3.4435527525536282], [-76.52639437356304, 3.4433233863653654], [-76.52529100005454, 3.44481404627598], [-76.5260870159037, 3.446534055513451], [-76.52798640313938, 3.446763429841239]]]}}, {"type": "Feature", "properties": {"h3_index": "8966f11b6d3ffff", "lat": 3.388611966169515, "lng": -76.54412303392158, "nivel_admin_1": "Comuna 17", "nivel_admin_2": "Ciudad Capri", "estrato_promedio_200m": 3.0, "dist_sitp": 500, "dist_tm": 1500, "dist_ciclo": 800}, "geometry": {"type": "Polygon", "coordinates": [[[-76.54491915608487, 3.3903327356230983], [-76.54602290602946, 3.388841175598291], [-76.54522678210944, 3.3871203841529822], [-76.5433269060938, 3.386891177699563], [-76.5422231754239, 3.388382754557019], [-76.54301930149386, 3.3901035210352553], [-76.54491915608487, 3.3903327356230983]]]}}, {"type": "Feature", "properties": {"h3_index": "8966f1c5e1bffff", "lat": 3.4340348759455375, "lng": -76.51671599829456, "nivel_admin_1": "Comuna 11", "nivel_admin_2": "El Prado", "estrato_promedio_200m": 3.0, "dist_sitp": 500, "dist_tm": 1500, "dist_ciclo": 800}, "geometry": {"type": "Polygon", "coordinates": [[[-76.51751205583511, 3.4357549937917127], [-76.51861538542138, 3.434264234033336], [-76.51781932610875, 3.4325440941458676], [-76.51591993510166, 3.4323147390268463], [-76.51481662483192, 3.4338055156327467], [-76.51561268625161, 3.435525630510151], [-76.51751205583511, 3.4357549937917127]]]}}, {"type": "Feature", "properties": {"h3_index": "8966f1c5237ffff", "lat": 3.4535289708974055, "lng": -76.54367041555533, "nivel_admin_1": "Comuna 02", "nivel_admin_2": "Normandía", "estrato_promedio_200m": 6.0, "dist_sitp": 500, "dist_tm": 1500, "dist_ciclo": 800}, "geometry": {"type": "Polygon", "coordinates": [[[-76.54446637759503, 3.4552489271697326], [-76.54556990007785, 3.453758336049622], [-76.54477393628187, 3.4520383577193696], [-76.54287444785359, 3.4518089954935536], [-76.54177094463846, 3.453299603490818], [-76.5425669105828, 3.455019556836753], [-76.54446637759503, 3.4552489271697326]]]}}, {"type": "Feature", "properties": {"h3_index": "8966f11b467ffff", "lat": 3.3774865506480753, "lng": -76.51924442987229, "nivel_admin_1": "Comuna 17", "nivel_admin_2": "Lili", "estrato_promedio_200m": 3.0, "dist_sitp": 500, "dist_tm": 1500, "dist_ciclo": 800}, "geometry": {"type": "Polygon", "coordinates": [[[-76.5200406231884, 3.3792073821834543], [-76.52114417147725, 3.3777157690380006], [-76.52034797638987, 3.3759949155192928], [-76.51844823090087, 3.375765700138633], [-76.51734470193098, 3.377257330094056], [-76.51814089913006, 3.378978158620175], [-76.5200406231884, 3.3792073821834543]]]}}, {"type": "Feature", "properties": {"h3_index": "8966f1ce1b7ffff", "lat": 3.4523824925425104, "lng": -76.56107400957733, "nivel_admin_1": "Comuna 01", "nivel_admin_2": "Terrón Colorado", "estrato_promedio_200m": 2.0, "dist_sitp": 500, "dist_tm": 1500, "dist_ciclo": 800}, "geometry": {"type": "Polygon", "coordinates": [[[-76.56186994380846, 3.4541025162641303], [-76.56297363778214, 3.452611829293065], [-76.56217770180477, 3.4508917835167554], [-76.56027806967742, 3.450662449675698], [-76.55917439494154, 3.4521531535335797], [-76.55997033309413, 3.4538731743457194], [-76.56186994380846, 3.4541025162641303]]]}}, {"type": "Feature", "properties": {"h3_index": "8966f1c5a1bffff", "lat": 3.411556393378155, "lng": -76.51886697629513, "nivel_admin_1": "Comuna 11", "nivel_admin_2": "Villa del Sur", "estrato_promedio_200m": 3.0, "dist_sitp": 500, "dist_tm": 1500, "dist_ciclo": 800}, "geometry": {"type": "Polygon", "coordinates": [[[-76.5196630858115, 3.4132767988257027], [-76.5207665133947, 3.411785694319158], [-76.51997040210726, 3.410065266853465], [-76.51807086112484, 3.4098359688961697], [-76.51696745285713, 3.4113270902360266], [-76.51776356625525, 3.413047492699883], [-76.5196630858115, 3.4132767988257027]]]}}, {"type": "Feature", "properties": {"h3_index": "8966f1c5107ffff", "lat": 3.4526103871373652, "lng": -76.50917486547827, "nivel_admin_1": "Comuna 08", "nivel_admin_2": "El Troncal", "estrato_promedio_200m": 3.0, "dist_sitp": 500, "dist_tm": 1500, "dist_ciclo": 800}, "geometry": {"type": "Polygon", "coordinates": [[[-76.50997089009684, 3.4543302492528194], [-76.51107408306014, 3.4528398009085284], [-76.51027805666536, 3.451119916731981], [-76.50837883521098, 3.450890505923145], [-76.50727566157491, 3.452380971123244], [-76.5080716900649, 3.4541008302763676], [-76.50997089009684, 3.4543302492528194]]]}}, {"type": "Feature", "properties": {"h3_index": "8966f11b65bffff", "lat": 3.379662066911545, "lng": -76.55074575943408, "nivel_admin_1": "Comuna 18", "nivel_admin_2": "Sector Cuarteles de Nápoles", "estrato_promedio_200m": 1.0, "dist_sitp": 500, "dist_tm": 1500, "dist_ciclo": 800}, "geometry": {"type": "Polygon", "coordinates": [[[-76.5515418921284, 3.3813829682906187], [-76.55264573662, 3.3798912454129617], [-76.55184960217268, 3.3781703220520916], [-76.54994962107237, 3.3779411465260645], [-76.54884579584511, 3.3794328862341616], [-76.54964193245272, 3.381153784637846], [-76.5515418921284, 3.3813829682906187]]]}}, {"type": "Feature", "properties": {"h3_index": "8966f11b26bffff", "lat": 3.3468438383038728, "lng": -76.54812258915511, "nivel_admin_1": "Comuna 22", "nivel_admin_2": "Parcelaciones Pance", "estrato_promedio_200m": 3.0, "dist_sitp": 500, "dist_tm": 1500, "dist_ciclo": 800}, "geometry": {"type": "Polygon", "coordinates": [[[-76.54891880780744, 3.3485651401567673], [-76.55002273981225, 3.347072941935503], [-76.54922651940507, 3.345351618134068], [-76.54732636483529, 3.3451225175055086], [-76.54622245210328, 3.346614732532912], [-76.54701867466711, 3.348336031382743], [-76.54891880780744, 3.3485651401567673]]]}}, {"type": "Feature", "properties": {"h3_index": "8966f1c53a7ffff", "lat": 3.444355296802649, "lng": -76.52149225874487, "nivel_admin_1": "Comuna 09", "nivel_admin_2": "Sucre", "estrato_promedio_200m": 1.0, "dist_sitp": 500, "dist_tm": 1500, "dist_ciclo": 800}, "geometry": {"type": "Polygon", "coordinates": [[[-76.52228828236647, 3.4460753001343973], [-76.5233916225751, 3.4445846726585607], [-76.5225955971843, 3.4428646472755875], [-76.5206962294695, 3.4426352743757174], [-76.5195929085679, 3.4441259187090627], [-76.52038893607299, 3.4458459190847717], [-76.52228828236647, 3.4460753001343973]]]}}, {"type": "Feature", "properties": {"h3_index": "8966f1c4683ffff", "lat": 3.493531429265223, "lng": -76.48509093870277, "nivel_admin_1": "Comuna 06", "nivel_admin_2": "Paso del Comercio", "estrato_promedio_200m": 2.0, "dist_sitp": 500, "dist_tm": 1500, "dist_ciclo": 800}, "geometry": {"type": "Polygon", "coordinates": [[[-76.48588690359267, 3.4952507039833294], [-76.48698972323983, 3.4937609771901297], [-76.48619375656024, 3.4920416803665257], [-76.48429496817486, 3.4918121353973914], [-76.4831921678915, 3.493301879060102], [-76.48398813662864, 3.495021150822454], [-76.48588690359267, 3.4952507039833294]]]}}, {"type": "Feature", "properties": {"h3_index": "8966f1c54a3ffff", "lat": 3.4912444279827386, "lng": -76.51988562522723, "nivel_admin_1": "Comuna 02", "nivel_admin_2": "Senderos de La Flora", "estrato_promedio_200m": 3.0, "dist_sitp": 500, "dist_tm": 1500, "dist_ciclo": 800}, "geometry": {"type": "Polygon", "coordinates": [[[-76.5206815353983, 3.4929638381181825], [-76.52178469897073, 3.4914739184632553], [-76.52098878703005, 3.4897544862287484], [-76.51908970940464, 3.4895249986702095], [-76.51798656513637, 3.4910149352139452], [-76.51878247918823, 3.492734342427414], [-76.5206815353983, 3.4929638381181825]]]}}, {"type": "Feature", "properties": {"h3_index": "8966f1c522fffff", "lat": 3.4490570496589568, "lng": -76.54698102499512, "nivel_admin_1": "Comuna 02", "nivel_admin_2": "Arboledas", "estrato_promedio_200m": 6.0, "dist_sitp": 500, "dist_tm": 1500, "dist_ciclo": 800}, "geometry": {"type": "Polygon", "coordinates": [[[-76.54777699230179, 3.4507770721001156], [-76.54888056204196, 3.449286399276575], [-76.54808459298086, 3.447566354782437], [-76.54618505202497, 3.4473370080912336], [-76.54508150154733, 3.4488276977908257], [-76.54587747276196, 3.4505477173055765], [-76.54777699230179, 3.4507770721001156]]]}}, {"type": "Feature", "properties": {"h3_index": "8966f1c5bcfffff", "lat": 3.399857817132531, "lng": -76.50269312542297, "nivel_admin_1": "Comuna 15", "nivel_admin_2": "El Morichal", "estrato_promedio_200m": 3.0, "dist_sitp": 500, "dist_tm": 1500, "dist_ciclo": 800}, "geometry": {"type": "Polygon", "coordinates": [[[-76.50348929209609, 3.4015783187195296], [-76.50459260371309, 3.4000871132576624], [-76.50379643525945, 3.3983665896625332], [-76.50189695310179, 3.398137296546551], [-76.50079366082956, 3.399628518823915], [-76.5015898313691, 3.4013490174017837], [-76.50348929209609, 3.4015783187195296]]]}}, {"type": "Feature", "properties": {"h3_index": "8966f1c5b53ffff", "lat": 3.398595880596315, "lng": -76.50569593111157, "nivel_admin_1": "Comuna 15", "nivel_admin_2": "El Morichal", "estrato_promedio_200m": 3.0, "dist_sitp": 500, "dist_tm": 1500, "dist_ciclo": 800}, "geometry": {"type": "Polygon", "coordinates": [[[-76.50649209569589, 3.400316407198477], [-76.5075954406542, 3.3988251693470826], [-76.50679927429107, 3.3971046207384363], [-76.50489976087799, 3.3968753349947045], [-76.50379643525945, 3.3983665896625332], [-76.50459260371309, 3.4000871132576624], [-76.50649209569589, 3.400316407198477]]]}}, {"type": "Feature", "properties": {"h3_index": "8966f1c5987ffff", "lat": 3.410525354132196, "lng": -76.46997327601906, "nivel_admin_1": "Comuna 21", "nivel_admin_2": "Nuevo Amanecer", "estrato_promedio_200m": 3.0, "dist_sitp": 500, "dist_tm": 1500, "dist_ciclo": 800}, "geometry": {"type": "Polygon", "coordinates": [[[-76.47076947279712, 3.4122456213233834], [-76.47187243133772, 3.4107547233242985], [-76.47107623276032, 3.409034434110232], [-76.46917707360596, 3.408805067952582], [-76.46807413446523, 3.4102959827548496], [-76.46887033507788, 3.412016246911599], [-76.47076947279712, 3.4122456213233834]]]}}, {"type": "Feature", "properties": {"h3_index": "8966f1c5d17ffff", "lat": 3.4285296162392442, "lng": -76.47113481577169, "nivel_admin_1": "Comuna 14", "nivel_admin_2": "Promociones Populares B", "estrato_promedio_200m": 3.0, "dist_sitp": 500, "dist_tm": 1500, "dist_ciclo": 800}, "geometry": {"type": "Polygon", "coordinates": [[[-76.47193096590736, 3.4302496622510703], [-76.4730338738465, 3.42875902749917], [-76.47223772191236, 3.427038959446259], [-76.47033866000115, 3.426809551205883], [-76.46923577145768, 3.4283002027741105], [-76.47003192542866, 3.4300202457663986], [-76.47193096590736, 3.4302496622510703]]]}}, {"type": "Feature", "properties": {"h3_index": "8966f1c424bffff", "lat": 3.4615526368735305, "lng": -76.50255604962061, "nivel_admin_1": "Comuna 04", "nivel_admin_2": "Salomia", "estrato_promedio_200m": 3.0, "dist_sitp": 500, "dist_tm": 1500, "dist_ciclo": 800}, "geometry": {"type": "Polygon", "coordinates": [[[-76.50335206356881, 3.463272366587899], [-76.50445516188634, 3.4617820818955694], [-76.5036591461582, 3.4600623301102393], [-76.50176003002653, 3.4598328880504847], [-76.5006569510466, 3.461323189600794], [-76.50145296885961, 3.4630429163528893], [-76.50335206356881, 3.463272366587899]]]}}, {"type": "Feature", "properties": {"h3_index": "8966f1c58d7ffff", "lat": 3.4268101656716436, "lng": -76.49723381849087, "nivel_admin_1": "Comuna 13", "nivel_admin_2": "Yira Castro", "estrato_promedio_200m": 3.0, "dist_sitp": 500, "dist_tm": 1500, "dist_ciclo": 800}, "geometry": {"type": "Polygon", "coordinates": [[[-76.49802992781439, 3.4285303138715473], [-76.4991330940841, 3.42703953478477], [-76.49833698297718, 3.425319364548616], [-76.49643770352232, 3.4250899984296725], [-76.49533455660352, 3.4265807943472932], [-76.49613066978758, 3.4283009395530164], [-76.49802992781439, 3.4285303138715473]]]}}, {"type": "Feature", "properties": {"h3_index": "8966f1c4257ffff", "lat": 3.4640742508879305, "lng": -76.49655179066501, "nivel_admin_1": "Comuna 05", "nivel_admin_2": "Villa del Prado - El Guabito", "estrato_promedio_200m": 3.0, "dist_sitp": 500, "dist_tm": 1500, "dist_ciclo": 800}, "geometry": {"type": "Polygon", "coordinates": [[[-76.49734780877486, 3.4657939305287973], [-76.49845084042028, 3.4643037108428807], [-76.49765482052705, 3.462584009127775], [-76.4957557669117, 3.4623545521393213], [-76.4946527546139, 3.46384478868137], [-76.49544877658272, 3.4655644653557416], [-76.49734780877486, 3.4657939305287973]]]}}, {"type": "Feature", "properties": {"h3_index": "8966f1c404bffff", "lat": 3.47037758609938, "lng": -76.48154227422572, "nivel_admin_1": "Comuna 06", "nivel_admin_2": "Jorge Eliécer Gaitán", "estrato_promedio_200m": 2.0, "dist_sitp": 500, "dist_tm": 1500, "dist_ciclo": 800}, "geometry": {"type": "Polygon", "coordinates": [[[-76.48233830265842, 3.472097140491046], [-76.48344116753825, 3.4706070834396963], [-76.48264513731357, 3.4688875069656144], [-76.48074624015561, 3.4686580126023294], [-76.47964339464848, 3.4701480865051333], [-76.48043942692553, 3.4718676379197793], [-76.48233830265842, 3.472097140491046]]]}}, {"type": "Feature", "properties": {"h3_index": "8966f1c5db7ffff", "lat": 3.4291025577710283, "lng": -76.46243590118407, "nivel_admin_1": "Comuna 21", "nivel_admin_2": "Desepaz Invicali", "estrato_promedio_200m": 1.0, "dist_sitp": 500, "dist_tm": 1500, "dist_ciclo": 800}, "geometry": {"type": "Polygon", "coordinates": [[[-76.46323206484654, 3.4308225696493446], [-76.46433488658661, 3.429331983076729], [-76.46353872112067, 3.4276119491557164], [-76.4616397318901, 3.427382526878005], [-76.46053692956058, 3.4288731302621174], [-76.46133309704994, 3.430593139112463], [-76.46323206484654, 3.4308225696493446]]]}}, {"type": "Feature", "properties": {"h3_index": "8966f1ce94bffff", "lat": 3.3989362975131177, "lng": -76.54889968192538, "nivel_admin_1": "Comuna 19", "nivel_admin_2": "El Refugio", "estrato_promedio_200m": 4.0, "dist_sitp": 500, "dist_tm": 1500, "dist_ciclo": 800}, "geometry": {"type": "Polygon", "coordinates": [[[-76.54969577009655, 3.4006569527890336], [-76.55079953057142, 3.399165524749425], [-76.5500034406464, 3.397444847471821], [-76.54810358808822, 3.3972156231981194], [-76.54699984687856, 3.3987070680803795], [-76.54779593896073, 3.4004277203936977], [-76.54969577009655, 3.4006569527890336]]]}}, {"type": "Feature", "properties": {"h3_index": "8966f1c5a9bffff", "lat": 3.419240944776437, "lng": -76.51524953319976, "nivel_admin_1": "Comuna 11", "nivel_admin_2": "Los Sauces - Ciudad Modelo", "estrato_promedio_200m": 3.0, "dist_sitp": 500, "dist_tm": 1500, "dist_ciclo": 800}, "geometry": {"type": "Polygon", "coordinates": [[[-76.51604562997338, 3.420961243090067], [-76.51714899624027, 3.4194702694459767], [-76.51635289769357, 3.417749949105944], [-76.5144534307739, 3.4175206274179475], [-76.5133500838278, 3.419011617898477], [-76.51414618447949, 3.4207319132305734], [-76.51604562997338, 3.420961243090067]]]}}, {"type": "Feature", "properties": {"h3_index": "8966f1c423bffff", "lat": 3.458226730718445, "lng": -76.48846660074994, "nivel_admin_1": "Comuna 07", "nivel_admin_2": "Las Ceibas", "estrato_promedio_200m": 3.0, "dist_sitp": 500, "dist_tm": 1500, "dist_ciclo": 800}, "geometry": {"type": "Polygon", "coordinates": [[[-76.48926264735425, 3.4599464587462663], [-76.49036562094217, 3.4584561885008673], [-76.48956957254974, 3.4567364384037966], [-76.4876705485051, 3.456506983600592], [-76.4865675942794, 3.4579972706932307], [-76.48736364473504, 3.4597169957418417], [-76.48926264735425, 3.4599464587462663]]]}}, {"type": "Feature", "properties": {"h3_index": "8966f1c55cbffff", "lat": 3.4828765655741827, "lng": -76.51780508274992, "nivel_admin_1": "Comuna 02", "nivel_admin_2": "Vipasa", "estrato_promedio_200m": 3.0, "dist_sitp": 500, "dist_tm": 1500, "dist_ciclo": 800}, "geometry": {"type": "Polygon", "coordinates": [[[-76.51860101729706, 3.4845960744877638], [-76.51970418955342, 3.48310603914504], [-76.51890825323537, 3.4813865081406514], [-76.51700914255176, 3.4811570375002705], [-76.51590598960415, 3.482647089724794], [-76.51670192803029, 3.484366595707905], [-76.51860101729706, 3.4845960744877638]]]}}, {"type": "Feature", "properties": {"h3_index": "8966f1ced8fffff", "lat": 3.42772733314512, "lng": -76.53173030565486, "nivel_admin_1": "Comuna 19", "nivel_admin_2": "Urbanización Colseguros", "estrato_promedio_200m": 4.0, "dist_sitp": 500, "dist_tm": 1500, "dist_ciclo": 800}, "geometry": {"type": "Polygon", "coordinates": [[[-76.53252635259902, 3.4294475759936076], [-76.53362984868738, 3.427956654178443], [-76.53283379997976, 3.426236389296863], [-76.53093425305237, 3.4260070712217776], [-76.52983077625538, 3.427498009889152], [-76.5306268270933, 3.429218249779409], [-76.53252635259902, 3.4294475759936076]]]}}, {"type": "Feature", "properties": {"h3_index": "8966f1c5573ffff", "lat": 3.4725591098577175, "lng": -76.5130293568047, "nivel_admin_1": "Comuna 04", "nivel_admin_2": "Ignacio Rengifo", "estrato_promedio_200m": 3.0, "dist_sitp": 500, "dist_tm": 1500, "dist_ciclo": 800}, "geometry": {"type": "Polygon", "coordinates": [[[-76.51382532525413, 3.474278733676708], [-76.51492848687789, 3.4727885658138744], [-76.51413251665468, 3.4710689199139724], [-76.51223338270573, 3.4708394669010296], [-76.51113024040018, 3.4723296516357203], [-76.51192621272426, 3.474049272511509], [-76.51382532525413, 3.474278733676708]]]}}, {"type": "Feature", "properties": {"h3_index": "8966f1c5197ffff", "lat": 3.463501814570119, "lng": -76.50525117196793, "nivel_admin_1": "Comuna 04", "nivel_admin_2": "Salomia", "estrato_promedio_200m": 3.0, "dist_sitp": 500, "dist_tm": 1500, "dist_ciclo": 800}, "geometry": {"type": "Polygon", "coordinates": [[[-76.50604717640265, 3.4652215281300767], [-76.50715029405288, 3.463731260298704], [-76.50635428783978, 3.46201152466611], [-76.50445516188634, 3.4617820818955694], [-76.50335206356881, 3.463272366587899], [-76.50414807187092, 3.4649920771898173], [-76.50604717640265, 3.4652215281300767]]]}}, {"type": "Feature", "properties": {"h3_index": "8966f1c58b7ffff", "lat": 3.420273399816074, "lng": -76.48345002167594, "nivel_admin_1": "Comuna 14", "nivel_admin_2": "Alfonso Bonilla Aragón", "estrato_promedio_200m": 1.0, "dist_sitp": 500, "dist_tm": 1500, "dist_ciclo": 800}, "geometry": {"type": "Polygon", "coordinates": [[[-76.4842461710564, 3.421993587095751], [-76.48534922652308, 3.420502773157151], [-76.48455307535117, 3.418782563846254], [-76.48265386665555, 3.4185531935184272], [-76.48155083056433, 3.42004402427507], [-76.48234698379218, 3.421764208541497], [-76.4842461710564, 3.421993587095751]]]}}, {"type": "Feature", "properties": {"h3_index": "8966f1c5a93ffff", "lat": 3.420502581161369, "lng": -76.51224675265638, "nivel_admin_1": "Comuna 11", "nivel_admin_2": "San Carlos", "estrato_promedio_200m": 3.0, "dist_sitp": 500, "dist_tm": 1500, "dist_ciclo": 800}, "geometry": {"type": "Polygon", "coordinates": [[[-76.51304285153327, 3.4222228544654216], [-76.51414618447949, 3.4207319132305734], [-76.5133500838278, 3.419011617898477], [-76.51145064812846, 3.4187822888129253], [-76.51034733450805, 3.4202732468832933], [-76.51114343726007, 3.421993517203693], [-76.51304285153327, 3.4222228544654216]]]}}, {"type": "Feature", "properties": {"h3_index": "8966f1c58c3ffff", "lat": 3.425548728457625, "lng": -76.50023627613575, "nivel_admin_1": "Comuna 13", "nivel_admin_2": "Calipso", "estrato_promedio_200m": 3.0, "dist_sitp": 500, "dist_tm": 1500, "dist_ciclo": 800}, "geometry": {"type": "Polygon", "coordinates": [[[-76.50103238337924, 3.4272689016858577], [-76.50213558299401, 3.4257780901558874], [-76.50133947396884, 3.42405789489305], [-76.49944016324602, 3.4238285361868703], [-76.49833698297718, 3.425319364548616], [-76.4991330940841, 3.42703953478477], [-76.50103238337924, 3.4272689016858577]]]}}, {"type": "Feature", "properties": {"h3_index": "8966f11b673ffff", "lat": 3.37381172703027, "lng": -76.54265744219818, "nivel_admin_1": "Comuna 22", "nivel_admin_2": "Club Campestre", "estrato_promedio_200m": 3.0, "dist_sitp": 500, "dist_tm": 1500, "dist_ciclo": 800}, "geometry": {"type": "Polygon", "coordinates": [[[-76.54345360362164, 3.3755326764655105], [-76.54455739030556, 3.374040903105445], [-76.54376122712435, 3.372319931693432], [-76.54186127511026, 3.372090758606382], [-76.54075750770534, 3.3735825487879767], [-76.54155367303441, 3.3753034952351], [-76.54345360362164, 3.3755326764655105]]]}}, {"type": "Feature", "properties": {"h3_index": "8966f1c5d63ffff", "lat": 3.4195852665965583, "lng": -76.47775248956388, "nivel_admin_1": "Comuna 14", "nivel_admin_2": "José Manuel Marroquín Primera Etapa", "estrato_promedio_200m": 2.0, "dist_sitp": 500, "dist_tm": 1500, "dist_ciclo": 800}, "geometry": {"type": "Polygon", "coordinates": [[[-76.47854865048102, 3.421305444830153], [-76.4796516531923, 3.4198146465349564], [-76.47885549048044, 3.4180944462701723], [-76.47695632300902, 3.4178650693513672], [-76.47585333968307, 3.4193558844607], [-76.4766495044421, 3.421076059674704], [-76.47854865048102, 3.421305444830153]]]}}, {"type": "Feature", "properties": {"h3_index": "8966f11b2abffff", "lat": 3.35510917391419, "lng": -76.53579928378217, "nivel_admin_1": "Comuna 22", "nivel_admin_2": "Parcelaciones Pance", "estrato_promedio_200m": 3.0, "dist_sitp": 500, "dist_tm": 1500, "dist_ciclo": 800}, "geometry": {"type": "Polygon", "coordinates": [[[-76.5365955036015, 3.3568303350255597], [-76.53769928845404, 3.3553383148584386], [-76.5369030668728, 3.353617131788595], [-76.53500305830036, 3.353387993853723], [-76.53389929274093, 3.3548800308252775], [-76.5346955164597, 3.3566011889272755], [-76.5365955036015, 3.3568303350255597]]]}}, {"type": "Feature", "properties": {"h3_index": "8966f11b0c3ffff", "lat": 3.3717490449317857, "lng": -76.52555852237056, "nivel_admin_1": "Comuna 17", "nivel_admin_2": "Urbanización San Joaquín", "estrato_promedio_200m": 3.0, "dist_sitp": 500, "dist_tm": 1500, "dist_ciclo": 800}, "geometry": {"type": "Polygon", "coordinates": [[[-76.52635471887872, 3.37346996739771], [-76.5274583478018, 3.3719782404814787], [-76.52666214952599, 3.3702572960388357], [-76.52476232020447, 3.370028103496328], [-76.52365871059015, 3.37151984722236], [-76.52445491098749, 3.373240766681117], [-76.52635471887872, 3.37346996739771]]]}}, {"type": "Feature", "properties": {"h3_index": "8966f11b263ffff", "lat": 3.3481069204680827, "lng": -76.54511855513432, "nivel_admin_1": "Comuna 22", "nivel_admin_2": "Parcelaciones Pance", "estrato_promedio_200m": 3.0, "dist_sitp": 500, "dist_tm": 1500, "dist_ciclo": 800}, "geometry": {"type": "Polygon", "coordinates": [[[-76.5459147759416, 3.3498281973677155], [-76.54701867466711, 3.348336031382743], [-76.54622245210328, 3.346614732532912], [-76.54432232866075, 3.346385624623436], [-76.54321844921306, 3.347877807413612], [-76.54401467392893, 3.349599081308067], [-76.5459147759416, 3.3498281973677155]]]}}, {"type": "Feature", "properties": {"h3_index": "8966f11b407ffff", "lat": 3.385173563152586, "lng": -76.51562658778548, "nivel_admin_1": "Comuna 17", "nivel_admin_2": "Caney", "estrato_promedio_200m": 3.0, "dist_sitp": 500, "dist_tm": 1500, "dist_ciclo": 800}, "geometry": {"type": "Polygon", "coordinates": [[[-76.51642276835688, 3.386894287753623], [-76.51752625531702, 3.38540280525073], [-76.5167300729724, 3.3836820586580845], [-76.51483040156049, 3.383452819567052], [-76.51372693392459, 3.3849443188830635], [-76.51452311837525, 3.386665040476987], [-76.51642276835688, 3.386894287753623]]]}}, {"type": "Feature", "properties": {"h3_index": "8966f1c523bffff", "lat": 3.45421705958764, "lng": -76.5493689099238, "nivel_admin_1": "Comuna 01", "nivel_admin_2": "Terrón Colorado", "estrato_promedio_200m": 2.0, "dist_sitp": 500, "dist_tm": 1500, "dist_ciclo": 800}, "geometry": {"type": "Polygon", "coordinates": [[[-76.55016486023861, 3.455937024626449], [-76.55126843523912, 3.4544464179717873], [-76.55047248317133, 3.4527264308750256], [-76.54857295394477, 3.4524970754109274], [-76.54746939820201, 3.453987698946641], [-76.54826535242695, 3.4557076610654027], [-76.55016486023861, 3.455937024626449]]]}}, {"type": "Feature", "properties": {"h3_index": "8966f11b607ffff", "lat": 3.3763368570227335, "lng": -76.53665013436262, "nivel_admin_1": "Comuna 17", "nivel_admin_2": "Sector Ciudad Universitaria", "estrato_promedio_200m": 3.0, "dist_sitp": 500, "dist_tm": 1500, "dist_ciclo": 800}, "geometry": {"type": "Polygon", "coordinates": [[[-76.53744630007373, 3.37805775652112], [-76.5385500201866, 3.376566047748291], [-76.5377538527143, 3.374845126269827], [-76.53585396298945, 3.374615938536623], [-76.53475026216566, 3.376107664129106], [-76.53554643177652, 3.3778285606351504], [-76.53744630007373, 3.37805775652112]]]}}, {"type": "Feature", "properties": {"h3_index": "8966f1c5917ffff", "lat": 3.4060525123503687, "lng": -76.4732821936412, "nivel_admin_1": "Comuna 21", "nivel_admin_2": "Pizamos II", "estrato_promedio_200m": 1.0, "dist_sitp": 500, "dist_tm": 1500, "dist_ciclo": 800}, "geometry": {"type": "Polygon", "coordinates": [[[-76.47407839581537, 3.407772845605233], [-76.47518140175147, 3.4062818658911187], [-76.47438519777982, 3.4045615106183167], [-76.47248598583052, 3.404332160112038], [-76.47138299928909, 3.405823156628249], [-76.4721792053012, 3.407543486848644], [-76.47407839581537, 3.407772845605233]]]}}, {"type": "Feature", "properties": {"h3_index": "8966f1ced47ffff", "lat": 3.420730929902411, "lng": -76.54104720982143, "nivel_admin_1": "Comuna 19", "nivel_admin_2": "Los Cámbulos", "estrato_promedio_200m": 4.0, "dist_sitp": 500, "dist_tm": 1500, "dist_ciclo": 800}, "geometry": {"type": "Polygon", "coordinates": [[[-76.54184325777268, 3.422451288810031], [-76.54294686770348, 3.4209602206158234], [-76.54215081799406, 3.4192398396833497], [-76.54025115620799, 3.419010551923984], [-76.53914756555334, 3.4205016369711814], [-76.53994361740752, 3.422221992924762], [-76.54184325777268, 3.422451288810031]]]}}, {"type": "Feature", "properties": {"h3_index": "8966f119403ffff", "lat": 3.3333018213098744, "lng": -76.5436528178649, "nivel_admin_1": "Comuna 22", "nivel_admin_2": "Parcelaciones Pance", "estrato_promedio_200m": 3.0, "dist_sitp": 500, "dist_tm": 1500, "dist_ciclo": 800}, "geometry": {"type": "Polygon", "coordinates": [[[-76.54444907794282, 3.335023277638295], [-76.54555301341871, 3.3335308987342076], [-76.54475675158318, 3.331809420470576], [-76.54285655212071, 3.3315803460641984], [-76.54175263592697, 3.333072741762341], [-76.54254889991245, 3.3347941950728033], [-76.54444907794282, 3.335023277638295]]]}}, {"type": "Feature", "properties": {"h3_index": "8966f1cecd7ffff", "lat": 3.445272878892067, "lng": -76.55599058565306, "nivel_admin_1": "Comuna 19", "nivel_admin_2": "Bellavista", "estrato_promedio_200m": 2.0, "dist_sitp": 500, "dist_tm": 1500, "dist_ciclo": 800}, "geometry": {"type": "Polygon", "coordinates": [[[-76.5567865464764, 3.446992976253832], [-76.55789021596742, 3.445502206241843], [-76.55709425339482, 3.4437820868320257], [-76.55519461916263, 3.443552762402335], [-76.55409096891906, 3.4450435492931937], [-76.55488693365912, 3.446763643734875], [-76.5567865464764, 3.446992976253832]]]}}, {"type": "Feature", "properties": {"h3_index": "8966f1c5aabffff", "lat": 3.4089187550851223, "lng": -76.51047283386949, "nivel_admin_1": "Comuna 16", "nivel_admin_2": "Unión de Vivienda Popular", "estrato_promedio_200m": 2.0, "dist_sitp": 500, "dist_tm": 1500, "dist_ciclo": 800}, "geometry": {"type": "Polygon", "coordinates": [[[-76.51126896455288, 3.4106391676111287], [-76.51237232017411, 3.4091480618335184], [-76.51157618771475, 3.407427627291065], [-76.50967669753531, 3.407198323536974], [-76.50857336124436, 3.4086894461410115], [-76.5093694958015, 3.4104098556727425], [-76.51126896455288, 3.4106391676111287]]]}}, {"type": "Feature", "properties": {"h3_index": "8966f11b293ffff", "lat": 3.366698573172141, "lng": -76.5375727897543, "nivel_admin_1": "Comuna 22", "nivel_admin_2": "Urbanización Ciudad Jardín", "estrato_promedio_200m": 6.0, "dist_sitp": 500, "dist_tm": 1500, "dist_ciclo": 800}, "geometry": {"type": "Polygon", "coordinates": [[[-76.53836897773678, 3.3684195955426253], [-76.53947273986229, 3.3669277394407104], [-76.53867655011908, 3.3652066951001], [-76.53677659610908, 3.3649775318302764], [-76.53567285327219, 3.366469404745738], [-76.53646904515554, 3.3681904241174956], [-76.53836897773678, 3.3684195955426253]]]}}, {"type": "Feature", "properties": {"h3_index": "8966f1c50b3ffff", "lat": 3.4719867093119867, "lng": -76.52172918907524, "nivel_admin_1": "Comuna 02", "nivel_admin_2": "Prados del Norte", "estrato_promedio_200m": 5.0, "dist_sitp": 500, "dist_tm": 1500, "dist_ciclo": 800}, "geometry": {"type": "Polygon", "coordinates": [[[-76.52252514377723, 3.4737063669635924], [-76.52362839131645, 3.472216150993923], [-76.52283243484571, 3.470496471263028], [-76.52093322872037, 3.4702670325158573], [-76.51983000048445, 3.471757265362203], [-76.52062595906948, 3.473476920079049], [-76.52252514377723, 3.4737063669635924]]]}}, {"type": "Feature", "properties": {"h3_index": "8966f1c5c3bffff", "lat": 3.4357544002325717, "lng": -76.49061516303338, "nivel_admin_1": "Comuna 13", "nivel_admin_2": "Villa del Lago", "estrato_promedio_200m": 3.0, "dist_sitp": 500, "dist_tm": 1500, "dist_ciclo": 800}, "geometry": {"type": "Polygon", "coordinates": [[[-76.49141126164344, 3.4374744161803847], [-76.49251433321152, 3.435983800597345], [-76.49171823281432, 3.4342637626034054], [-76.48981905878117, 3.4340343652327623], [-76.48871600657435, 3.435524997648824], [-76.48951210903833, 3.437245010602508], [-76.49141126164344, 3.4374744161803847]]]}}, {"type": "Feature", "properties": {"h3_index": "8966f1ce803ffff", "lat": 3.414421509135622, "lng": -76.55606427146132, "nivel_admin_1": "Comuna 20", "nivel_admin_2": "Belisario Caicedo", "estrato_promedio_200m": 3.0, "dist_sitp": 500, "dist_tm": 1500, "dist_ciclo": 800}, "geometry": {"type": "Polygon", "coordinates": [[[-76.55686030862765, 3.416141992889593], [-76.55796408486565, 3.4146507629398704], [-76.55716804594978, 3.4129302571692675], [-76.5552682286268, 3.4127010063085184], [-76.55416447163981, 3.41419225311589], [-76.55496051272368, 3.41591273392638], [-76.55686030862765, 3.416141992889593]]]}}, {"type": "Feature", "properties": {"h3_index": "8966f1cec9bffff", "lat": 3.4465343089655245, "lng": -76.5529873344244, "nivel_admin_1": "Comuna 19", "nivel_admin_2": "Bellavista", "estrato_promedio_200m": 2.0, "dist_sitp": 500, "dist_tm": 1500, "dist_ciclo": 800}, "geometry": {"type": "Polygon", "coordinates": [[[-76.5537832974135, 3.4482543813575077], [-76.55488693365912, 3.446763643734875], [-76.55409096891906, 3.4450435492931937], [-76.5521913657694, 3.444814217446045], [-76.55108774877625, 3.446304971946611], [-76.55188371567915, 3.448025041416397], [-76.5537832974135, 3.4482543813575077]]]}}, {"type": "Feature", "properties": {"h3_index": "8966f1c428bffff", "lat": 3.4698054618840932, "lng": -76.49024086323604, "nivel_admin_1": "Comuna 05", "nivel_admin_2": "Los Guayacanes", "estrato_promedio_200m": 3.0, "dist_sitp": 500, "dist_tm": 1500, "dist_ciclo": 800}, "geometry": {"type": "Polygon", "coordinates": [[[-76.49103687806071, 3.471525050245122], [-76.49213982901918, 3.4700349449759087], [-76.49134381240754, 3.468315334534073], [-76.48944484277054, 3.468085854410834], [-76.48834191116987, 3.469575976536326], [-76.48913792984727, 3.471295561928795], [-76.49103687806071, 3.471525050245122]]]}}, {"type": "Feature", "properties": {"h3_index": "8966f1c42d7ffff", "lat": 3.4717545363033953, "lng": -76.4929358399893, "nivel_admin_1": "Comuna 05", "nivel_admin_2": "Paseo de Los Almendros", "estrato_promedio_200m": 3.0, "dist_sitp": 500, "dist_tm": 1500, "dist_ciclo": 800}, "geometry": {"type": "Polygon", "coordinates": [[[-76.49373184531763, 3.4734741085127667], [-76.49483481562903, 3.471984020102792], [-76.49403880851531, 3.4702644258109565], [-76.49213982901918, 3.4700349449759087], [-76.49103687806071, 3.471525050245122], [-76.49183288724433, 3.4732446194901607], [-76.49373184531763, 3.4734741085127667]]]}}, {"type": "Feature", "properties": {"h3_index": "8966f1c533bffff", "lat": 3.4405713406411746, "lng": -76.5305006115891, "nivel_admin_1": "Comuna 09", "nivel_admin_2": "Guayaquil", "estrato_promedio_200m": 3.0, "dist_sitp": 500, "dist_tm": 1500, "dist_ciclo": 800}, "geometry": {"type": "Polygon", "coordinates": [[[-76.53129662884511, 3.442291418977149], [-76.53240006893867, 3.440800694217331], [-76.53160404991863, 3.439080593835043], [-76.52970458867568, 3.4388512432086116], [-76.52860116787407, 3.440341984828749], [-76.52939718902236, 3.4420620602150125], [-76.53129662884511, 3.442291418977149]]]}}, {"type": "Feature", "properties": {"h3_index": "8966f1c5d2bffff", "lat": 3.4188971135998916, "lng": -76.47205508118041, "nivel_admin_1": "Comuna 14", "nivel_admin_2": "Manuela Beltrán", "estrato_promedio_200m": 1.0, "dist_sitp": 500, "dist_tm": 1500, "dist_ciclo": 800}, "geometry": {"type": "Polygon", "coordinates": [[[-76.47285125361776, 3.420617282768373], [-76.47395420355392, 3.419126500128198], [-76.47315802931851, 3.4174063089285522], [-76.4712589031075, 3.4171769254261837], [-76.47015597256659, 3.418667724876587], [-76.47095214884038, 3.420387891019131], [-76.47285125361776, 3.420617282768373]]]}}, {"type": "Feature", "properties": {"h3_index": "8966f1c5e0fffff", "lat": 3.428874407987058, "lng": -76.51432779176004, "nivel_admin_1": "Comuna 11", "nivel_admin_2": "Prados de Oriente", "estrato_promedio_200m": 3.0, "dist_sitp": 500, "dist_tm": 1500, "dist_ciclo": 800}, "geometry": {"type": "Polygon", "coordinates": [[[-76.51512386625677, 3.430594583039426], [-76.51622719052538, 3.4291037571621414], [-76.51543111425515, 3.4273835600734444], [-76.51353171161176, 3.4271542138735196], [-76.51242840666438, 3.428645056593341], [-76.51322448503805, 3.4303652286705666], [-76.51512386625677, 3.430594583039426]]]}}, {"type": "Feature", "properties": {"h3_index": "8966f11b28fffff", "lat": 3.3602726003858736, "lng": -76.53818792625184, "nivel_admin_1": "Comuna 22", "nivel_admin_2": "Urbanización Ciudad Jardín", "estrato_promedio_200m": 6.0, "dist_sitp": 500, "dist_tm": 1500, "dist_ciclo": 800}, "geometry": {"type": "Polygon", "coordinates": [[[-76.53898412908232, 3.361993704627223], [-76.5400879192177, 3.3605017503455272], [-76.53929171462674, 3.3587806241407048], [-76.53739171775814, 3.3585514771840503], [-76.5362879469111, 3.3600434482752055], [-76.53708415364322, 3.361764549513565], [-76.53898412908232, 3.361993704627223]]]}}, {"type": "Feature", "properties": {"h3_index": "8966f1c5a83ffff", "lat": 3.417291303523655, "lng": -76.51255397752462, "nivel_admin_1": "Comuna 11", "nivel_admin_2": "Los Sauces - Ciudad Modelo", "estrato_promedio_200m": 3.0, "dist_sitp": 500, "dist_tm": 1500, "dist_ciclo": 800}, "geometry": {"type": "Polygon", "coordinates": [[[-76.5133500838278, 3.419011617898477], [-76.5144534307739, 3.4175206274179475], [-76.51365732269603, 3.415800291018381], [-76.51175786557012, 3.4155709701098833], [-76.51065453794972, 3.417061977423891], [-76.51145064812846, 3.4187822888129253], [-76.5133500838278, 3.419011617898477]]]}}, {"type": "Feature", "properties": {"h3_index": "8966f1c5d6fffff", "lat": 3.4163742269954516, "lng": -76.47805932213038, "nivel_admin_1": "Comuna 14", "nivel_admin_2": "Las Orquídeas", "estrato_promedio_200m": 1.0, "dist_sitp": 500, "dist_tm": 1500, "dist_ciclo": 800}, "geometry": {"type": "Polygon", "coordinates": [[[-76.47885549048044, 3.4180944462701723], [-76.47995850719131, 3.4166035986984706], [-76.47916233704665, 3.4148833573958575], [-76.47726314814231, 3.414653988714574], [-76.47616015081665, 3.4161448530983693], [-76.47695632300902, 3.4178650693513672], [-76.47885549048044, 3.4180944462701723]]]}}, {"type": "Feature", "properties": {"h3_index": "8966f1c55cfffff", "lat": 3.4809275645834816, "lng": -76.51511004552773, "nivel_admin_1": "Comuna 02", "nivel_admin_2": "Urbanización La Merced", "estrato_promedio_200m": 3.0, "dist_sitp": 500, "dist_tm": 1500, "dist_ciclo": 800}, "geometry": {"type": "Polygon", "coordinates": [[[-76.51590598960415, 3.482647089724794], [-76.51700914255176, 3.4811570375002705], [-76.51621319670285, 3.479437490269792], [-76.51431409580128, 3.479208020287715], [-76.51321096216729, 3.4806980893910984], [-76.51400691012016, 3.482417611597714], [-76.51590598960415, 3.482647089724794]]]}}, {"type": "Feature", "properties": {"h3_index": "8966f1c5a43ffff", "lat": 3.409032692079821, "lng": -76.52487300171015, "nivel_admin_1": "Comuna 10", "nivel_admin_2": "San Judas Tadeo I", "estrato_promedio_200m": 3.0, "dist_sitp": 500, "dist_tm": 1500, "dist_ciclo": 800}, "geometry": {"type": "Polygon", "coordinates": [[[-76.52566910699467, 3.410753147523075], [-76.52677260119532, 3.409261978255485], [-76.52597649414318, 3.4075415007973846], [-76.5240768907693, 3.407312217601204], [-76.52297341587409, 3.4088034037039683], [-76.5237695250462, 3.410523856167744], [-76.52566910699467, 3.410753147523075]]]}}, {"type": "Feature", "properties": {"h3_index": "8966f1ced6bffff", "lat": 3.414307859160511, "lng": -76.54166232200194, "nivel_admin_1": "Comuna 19", "nivel_admin_2": "Nueva Tequendama", "estrato_promedio_200m": 3.0, "dist_sitp": 500, "dist_tm": 1500, "dist_ciclo": 800}, "geometry": {"type": "Polygon", "coordinates": [[[-76.54245838479488, 3.4160283002473593], [-76.54356202272618, 3.414537133623798], [-76.54276595817537, 3.412816670518713], [-76.54086625354635, 3.4125873990137308], [-76.53976263489092, 3.4140785824862045], [-76.54055870158753, 3.415799020614759], [-76.54245838479488, 3.4160283002473593]]]}}, {"type": "Feature", "properties": {"h3_index": "8966f1c522bffff", "lat": 3.4510064246420384, "lng": -76.54967652543887, "nivel_admin_1": "Comuna 02", "nivel_admin_2": "Arboledas", "estrato_promedio_200m": 6.0, "dist_sitp": 500, "dist_tm": 1500, "dist_ciclo": 800}, "geometry": {"type": "Polygon", "coordinates": [[[-76.55047248317133, 3.4527264308750256], [-76.55157607216913, 3.451235774930514], [-76.55078011268382, 3.4495157466428776], [-76.54888056204196, 3.449286399276575], [-76.54777699230179, 3.4507770721001156], [-76.54857295394477, 3.4524970754109274], [-76.55047248317133, 3.4527264308750256]]]}}, {"type": "Feature", "properties": {"h3_index": "8966f1c543bffff", "lat": 3.485513966792541, "lng": -76.52619751088311, "nivel_admin_1": "Comuna 02", "nivel_admin_2": "El Bosque", "estrato_promedio_200m": 5.0, "dist_sitp": 500, "dist_tm": 1500, "dist_ciclo": 800}, "geometry": {"type": "Polygon", "coordinates": [[[-76.52699342424187, 3.4872334682342676], [-76.52809666838922, 3.485743434160953], [-76.52730075326446, 3.4840239106267274], [-76.52540159187019, 3.4837944461782233], [-76.5242983670168, 3.4852844971401944], [-76.52509428426256, 3.4870039956620227], [-76.52699342424187, 3.4872334682342676]]]}}, {"type": "Feature", "properties": {"h3_index": "8966f1ce973ffff", "lat": 3.3962987041685198, "lng": -76.54050431390654, "nivel_admin_1": "Comuna 17", "nivel_admin_2": "El Gran Limonar - Cataya", "estrato_promedio_200m": 3.0, "dist_sitp": 500, "dist_tm": 1500, "dist_ciclo": 800}, "geometry": {"type": "Polygon", "coordinates": [[[-76.54130042337388, 3.3980193666118974], [-76.54240411203624, 3.396527937214497], [-76.54160800081014, 3.394807252771129], [-76.53970819877637, 3.3945780226983553], [-76.53860452939404, 3.3960694689315356], [-76.53940064276436, 3.397790128401711], [-76.54130042337388, 3.3980193666118974]]]}}, {"type": "Feature", "properties": {"h3_index": "8966f1ce9cfffff", "lat": 3.4046725759600225, "lng": -76.54258503961984, "nivel_admin_1": "Comuna 19", "nivel_admin_2": "Cañaveralejo - Seguros Patria", "estrato_promedio_200m": 3.0, "dist_sitp": 500, "dist_tm": 1500, "dist_ciclo": 800}, "geometry": {"type": "Polygon", "coordinates": [[[-76.543381124676, 3.4063931402500836], [-76.54448480461016, 3.4049018260417574], [-76.54368871779656, 3.4031812397434047], [-76.54178894890035, 3.4029519926263707], [-76.54068528824162, 3.4044433236775196], [-76.54148137720256, 3.406163885002888], [-76.543381124676, 3.4063931402500836]]]}}, {"type": "Feature", "properties": {"h3_index": "8966f11b043ffff", "lat": 3.364060857202055, "lng": -76.52917691638676, "nivel_admin_1": "Comuna 22", "nivel_admin_2": "Urbanización Río Lili", "estrato_promedio_200m": 3.0, "dist_sitp": 500, "dist_tm": 1500, "dist_ciclo": 800}, "geometry": {"type": "Polygon", "coordinates": [[[-76.5299731256216, 3.365781886527758], [-76.53107681586162, 3.364290029089805], [-76.53028060486115, 3.362568977795676], [-76.52838070149232, 3.362339808917263], [-76.52727703055572, 3.3638316831618735], [-76.5280732436834, 3.3655527094782536], [-76.5299731256216, 3.365781886527758]]]}}, {"type": "Feature", "properties": {"h3_index": "8966f1194a3ffff", "lat": 3.3338778435740246, "lng": -76.53494832401228, "nivel_admin_1": "Comuna 22", "nivel_admin_2": "Parcelaciones Pance", "estrato_promedio_200m": 3.0, "dist_sitp": 500, "dist_tm": 1500, "dist_ciclo": 800}, "geometry": {"type": "Polygon", "coordinates": [[[-76.53574459794682, 3.3355992658810805], [-76.53684844754605, 3.334106934632603], [-76.5360521718489, 3.3323854903886976], [-76.53415204441485, 3.332156402356553], [-76.53304821411271, 3.33364875039423], [-76.53384449194638, 3.3353701696748645], [-76.53574459794682, 3.3355992658810805]]]}}, {"type": "Feature", "properties": {"h3_index": "8966f1c43dbffff", "lat": 3.4587991212915603, "lng": -76.47976777153762, "nivel_admin_1": "Comuna 07", "nivel_admin_2": "Alfonso Lopez Pumarejo 2a Etapa", "estrato_promedio_200m": 3.0, "dist_sitp": 500, "dist_tm": 1500, "dist_ciclo": 800}, "geometry": {"type": "Polygon", "coordinates": [[[-76.48056383174308, 3.46051881531903], [-76.48166671923701, 3.4590285932673726], [-76.48087065723841, 3.4573088771690483], [-76.47897170569502, 3.4570794081808875], [-76.47786883757824, 3.458569647074958], [-76.4786649016266, 3.4602893381147792], [-76.48056383174308, 3.46051881531903]]]}}, {"type": "Feature", "properties": {"h3_index": "8966f11b687ffff", "lat": 3.38402432016157, "lng": -76.53303157727687, "nivel_admin_1": "Comuna 17", "nivel_admin_2": "El Ingenio", "estrato_promedio_200m": 3.0, "dist_sitp": 500, "dist_tm": 1500, "dist_ciclo": 800}, "geometry": {"type": "Polygon", "coordinates": [[[-76.53382773027667, 3.3857451127249267], [-76.53493138908993, 3.384253534526693], [-76.53413523432693, 3.3825327199749653], [-76.53223541861668, 3.3823035086000472], [-76.5311317790978, 3.3837951036210816], [-76.53192793599369, 3.3855158931942575], [-76.53382773027667, 3.3857451127249267]]]}}, {"type": "Feature", "properties": {"h3_index": "8966f1c58b3ffff", "lat": 3.4222229634479664, "lng": -76.48614537205434, "nivel_admin_1": "Comuna 14", "nivel_admin_2": "Alfonso Bonilla Aragón", "estrato_promedio_200m": 1.0, "dist_sitp": 500, "dist_tm": 1500, "dist_ciclo": 800}, "geometry": {"type": "Polygon", "coordinates": [[[-76.4869415119447, 3.4239431347148894], [-76.48804458678197, 3.4224523375972855], [-76.48724844510174, 3.420732144297465], [-76.48534922652308, 3.420502773157151], [-76.4842461710564, 3.421993587095751], [-76.4850423147967, 3.4237137553536794], [-76.4869415119447, 3.4239431347148894]]]}}, {"type": "Feature", "properties": {"h3_index": "8966f1c4273ffff", "lat": 3.4589150973340206, "lng": -76.49416370247575, "nivel_admin_1": "Comuna 07", "nivel_admin_2": "Sector Base Aérea", "estrato_promedio_200m": 3.0, "dist_sitp": 500, "dist_tm": 1500, "dist_ciclo": 800}, "geometry": {"type": "Polygon", "coordinates": [[[-76.4949597375152, 3.460634834286764], [-76.49606276380904, 3.4591445483830987], [-76.49526672698477, 3.4574247893610828], [-76.4933676617936, 3.4571953412848693], [-76.49226465485214, 3.458685644039664], [-76.49306069374836, 3.460405378019547], [-76.4949597375152, 3.460634834286764]]]}}, {"type": "Feature", "properties": {"h3_index": "8966f1c51dbffff", "lat": 3.4636175609484186, "lng": -76.51964855243146, "nivel_admin_1": "Comuna 04", "nivel_admin_2": "Sector Industria de Licores", "estrato_promedio_200m": 3.0, "dist_sitp": 500, "dist_tm": 1500, "dist_ciclo": 800}, "geometry": {"type": "Polygon", "coordinates": [[[-76.52044453151423, 3.465337317228174], [-76.52154778774164, 3.463846985677214], [-76.52075180688881, 3.462127207326428], [-76.51885256769631, 3.46189778554089], [-76.51774933077681, 3.4633881339615193], [-76.51854531374082, 3.465107887298025], [-76.52044453151423, 3.465337317228174]]]}}, {"type": "Feature", "properties": {"h3_index": "8966f1c43cfffff", "lat": 3.45363992472507, "lng": -76.47737955709938, "nivel_admin_1": "Comuna 07", "nivel_admin_2": "Alfonso Lopez Pumarejo 3a Etapa", "estrato_promedio_200m": 3.0, "dist_sitp": 500, "dist_tm": 1500, "dist_ciclo": 800}, "geometry": {"type": "Polygon", "coordinates": [[[-76.47817563421553, 3.455359675990798], [-76.4792785163286, 3.4538693877315407], [-76.4784824374179, 3.452149614399915], [-76.47658347434684, 3.451920154387466], [-76.47548061161564, 3.4534104594841484], [-76.47627669257251, 3.4551302077558645], [-76.47817563421553, 3.455359675990798]]]}}, {"type": "Feature", "properties": {"h3_index": "8966f11b447ffff", "lat": 3.3845989933131566, "lng": -76.5243288952643, "nivel_admin_1": "Comuna 17", "nivel_admin_2": "Ciudadela Comfandi", "estrato_promedio_200m": 3.0, "dist_sitp": 500, "dist_tm": 1500, "dist_ciclo": 800}, "geometry": {"type": "Polygon", "coordinates": [[[-76.52512506206924, 3.3863197519130823], [-76.52622863497822, 3.3848282215455447], [-76.52543246640506, 3.383107440955628], [-76.5235327228024, 3.382878215721898], [-76.52242916920274, 3.384369762907388], [-76.52322533989533, 3.3860905185086696], [-76.52512506206924, 3.3863197519130823]]]}}, {"type": "Feature", "properties": {"h3_index": "8966f1c5a97ffff", "lat": 3.4185529575206233, "lng": -76.5095512261057, "nivel_admin_1": "Comuna 11", "nivel_admin_2": "Los Sauces - Ciudad Modelo", "estrato_promedio_200m": 3.0, "dist_sitp": 500, "dist_tm": 1500, "dist_ciclo": 800}, "geometry": {"type": "Polygon", "coordinates": [[[-76.51034733450805, 3.4202732468832933], [-76.51145064812846, 3.4187822888129253], [-76.51065453794972, 3.417061977423891], [-76.50875511205328, 3.4168326491194745], [-76.5076518177636, 3.418323624022376], [-76.50844793003853, 3.420043910397154], [-76.51034733450805, 3.4202732468832933]]]}}, {"type": "Feature", "properties": {"h3_index": "8966f1ccd8bffff", "lat": 3.3758742335915954, "lng": -76.55975746480483, "nivel_admin_1": "Comuna 18", "nivel_admin_2": "Sector Polvorines", "estrato_promedio_200m": 3.0, "dist_sitp": 500, "dist_tm": 1500, "dist_ciclo": 800}, "geometry": {"type": "Polygon", "coordinates": [[[-76.56055359099561, 3.377595209824594], [-76.56165753526177, 3.3761033901256328], [-76.5608614073232, 3.374382391915788], [-76.5589613329431, 3.3741532383508166], [-76.55785740792616, 3.3756450748830265], [-76.55865353803898, 3.37736604814698], [-76.56055359099561, 3.377595209824594]]]}}, {"type": "Feature", "properties": {"h3_index": "8966f1c4203ffff", "lat": 3.4633858575167, "lng": -76.49085472364034, "nivel_admin_1": "Comuna 07", "nivel_admin_2": "Sector Base Aérea", "estrato_promedio_200m": 3.0, "dist_sitp": 500, "dist_tm": 1500, "dist_ciclo": 800}, "geometry": {"type": "Polygon", "coordinates": [[[-76.4916507533216, 3.4651055282517556], [-76.49275373227101, 3.4636153242240058], [-76.49195770080307, 3.461895631414749], [-76.4900586883178, 3.461666167680277], [-76.48895572872591, 3.463156388560235], [-76.48975176226065, 3.4648760563224643], [-76.4916507533216, 3.4651055282517556]]]}}, {"type": "Feature", "properties": {"h3_index": "8966f1c55bbffff", "lat": 3.4795506793242796, "lng": -76.50371575046, "nivel_admin_1": "Comuna 04", "nivel_admin_2": "Flora Industrial", "estrato_promedio_200m": 3.0, "dist_sitp": 500, "dist_tm": 1500, "dist_ciclo": 800}, "geometry": {"type": "Polygon", "coordinates": [[[-76.50451171776773, 3.4812701868256495], [-76.50561476544206, 3.4797801658822163], [-76.50481879635527, 3.47806063629173], [-76.50291977750662, 3.477831152681184], [-76.50181674916568, 3.4793211904957], [-76.50261272033892, 3.481040695049689], [-76.50451171776773, 3.4812701868256495]]]}}, {"type": "Feature", "properties": {"h3_index": "8966f1c558bffff", "lat": 3.483448657798596, "lng": -76.509105707603, "nivel_admin_1": "Comuna 02", "nivel_admin_2": "Ciudad Los Álamos", "estrato_promedio_200m": 3.0, "dist_sitp": 500, "dist_tm": 1500, "dist_ciclo": 800}, "geometry": {"type": "Polygon", "coordinates": [[[-76.50990165587926, 3.485168132885178], [-76.5110047422058, 3.48367814569275], [-76.51020879215362, 3.481958648513742], [-76.5083097536791, 3.4817291635585046], [-76.50720668667623, 3.483219167627912], [-76.50800263882309, 3.4849386397755837], [-76.50990165587926, 3.485168132885178]]]}}, {"type": "Feature", "properties": {"h3_index": "8966f11b047ffff", "lat": 3.3621106378885472, "lng": -76.52648081176918, "nivel_admin_1": "Comuna 22", "nivel_admin_2": "Parcelaciones Pance", "estrato_promedio_200m": 3.0, "dist_sitp": 500, "dist_tm": 1500, "dist_ciclo": 800}, "geometry": {"type": "Polygon", "coordinates": [[[-76.52727703055572, 3.3638316831618735], [-76.52838070149232, 3.362339808917263], [-76.52758448093859, 3.3606187416771753], [-76.52568458732405, 3.3603895736620437], [-76.52458093569574, 3.361881464710338], [-76.52537715837256, 3.3636025069700985], [-76.52727703055572, 3.3638316831618735]]]}}, {"type": "Feature", "properties": {"h3_index": "8966f1c5223ffff", "lat": 3.4522677176921057, "lng": -76.5466734383136, "nivel_admin_1": "Comuna 02", "nivel_admin_2": "Santa Teresita", "estrato_promedio_200m": 6.0, "dist_sitp": 500, "dist_tm": 1500, "dist_ciclo": 800}, "geometry": {"type": "Polygon", "coordinates": [[[-76.54746939820201, 3.453987698946641], [-76.54857295394477, 3.4524970754109274], [-76.54777699230179, 3.4507770721001156], [-76.54587747276196, 3.4505477173055765], [-76.54477393628187, 3.4520383577193696], [-76.54556990007785, 3.453758336049622], [-76.54746939820201, 3.453987698946641]]]}}, {"type": "Feature", "properties": {"h3_index": "8966f1c5543ffff", "lat": 3.476457259755774, "lng": -76.51841954635391, "nivel_admin_1": "Comuna 02", "nivel_admin_2": "Vipasa", "estrato_promedio_200m": 3.0, "dist_sitp": 500, "dist_tm": 1500, "dist_ciclo": 800}, "geometry": {"type": "Polygon", "coordinates": [[[-76.51921549574591, 3.4781768511596276], [-76.52031869599149, 3.476686717049368], [-76.51952274482886, 3.474967103561281], [-76.51762359131045, 3.4747376492024236], [-76.51652041037333, 3.4762278001904505], [-76.51731636364508, 3.4779473886595778], [-76.51921549574591, 3.4781768511596276]]]}}, {"type": "Feature", "properties": {"h3_index": "8966f1c55abffff", "lat": 3.476341087561189, "lng": -76.50402282162231, "nivel_admin_1": "Comuna 05", "nivel_admin_2": "Torres de Comfandi", "estrato_promedio_200m": 3.0, "dist_sitp": 500, "dist_tm": 1500, "dist_ciclo": 800}, "geometry": {"type": "Polygon", "coordinates": [[[-76.50481879635527, 3.47806063629173], [-76.50592185802421, 3.4765705659549755], [-76.50512588151233, 3.4748509951386226], [-76.50322684124346, 3.474621519694363], [-76.50212379890779, 3.4761116069001696], [-76.50291977750662, 3.477831152681184], [-76.50481879635527, 3.47806063629173]]]}}, {"type": "Feature", "properties": {"h3_index": "8966f1c468fffff", "lat": 3.4903223643948573, "lng": -76.4853977842422, "nivel_admin_1": "Comuna 06", "nivel_admin_2": "Urbanización Calimio", "estrato_promedio_200m": 3.0, "dist_sitp": 500, "dist_tm": 1500, "dist_ciclo": 800}, "geometry": {"type": "Polygon", "coordinates": [[[-76.48619375656024, 3.4920416803665257], [-76.4872965902006, 3.490551904129299], [-76.48650061609301, 3.488832566055423], [-76.48460180628592, 3.488603029278875], [-76.48349899200923, 3.4900928223836023], [-76.48429496817486, 3.4918121353973914], [-76.48619375656024, 3.4920416803665257]]]}}, {"type": "Feature", "properties": {"h3_index": "8966f1c4a5bffff", "lat": 3.4149979507309944, "lng": -76.4666645005977, "nivel_admin_1": "Comuna 21", "nivel_admin_2": "Calimio Desepaz", "estrato_promedio_200m": 1.0, "dist_sitp": 500, "dist_tm": 1500, "dist_ciclo": 800}, "geometry": {"type": "Polygon", "coordinates": [[[-76.46746069197401, 3.4167181518436522], [-76.4685636031148, 3.4152273355859863], [-76.46776740993727, 3.4135071124455094], [-76.46586830358774, 3.4132777306249324], [-76.46476541185197, 3.414768563686887], [-76.46556160705963, 3.4164887617651343], [-76.46746069197401, 3.4167181518436522]]]}}, {"type": "Feature", "properties": {"h3_index": "8966f1c421bffff", "lat": 3.4653349979297854, "lng": -76.49354975809696, "nivel_admin_1": "Comuna 05", "nivel_admin_2": "Villa del Prado - El Guabito", "estrato_promedio_200m": 3.0, "dist_sitp": 500, "dist_tm": 1500, "dist_ciclo": 800}, "geometry": {"type": "Polygon", "coordinates": [[[-76.49434577828066, 3.4670546525282897], [-76.49544877658272, 3.4655644653557416], [-76.4946527546139, 3.46384478868137], [-76.49275373227101, 3.4636153242240058], [-76.4916507533216, 3.4651055282517556], [-76.49244677736135, 3.466825179881661], [-76.49434577828066, 3.4670546525282897]]]}}, {"type": "Feature", "properties": {"h3_index": "8966f1c542fffff", "lat": 3.48035534744688, "lng": -76.52380973688292, "nivel_admin_1": "Comuna 02", "nivel_admin_2": "La Flora", "estrato_promedio_200m": 5.0, "dist_sitp": 500, "dist_tm": 1500, "dist_ciclo": 800}, "geometry": {"type": "Polygon", "coordinates": [[[-76.52460566720339, 3.4820749063950767], [-76.52570890605125, 3.4805848060492233], [-76.52491297396332, 3.478865225013476], [-76.52301380090906, 3.478635769337405], [-76.52191058135989, 3.480125886566941], [-76.5227065155652, 3.48184544258888], [-76.52460566720339, 3.4820749063950767]]]}}, {"type": "Feature", "properties": {"h3_index": "8966f1c5203ffff", "lat": 3.459376897275302, "lng": -76.55175674387463, "nivel_admin_1": "Comuna 01", "nivel_admin_2": "Aguacatal", "estrato_promedio_200m": 3.0, "dist_sitp": 500, "dist_tm": 1500, "dist_ciclo": 800}, "geometry": {"type": "Polygon", "coordinates": [[[-76.55255267719535, 3.4610968048777724], [-76.55365625745195, 3.4596062644068697], [-76.55286032237969, 3.4578863347414837], [-76.55096080488896, 3.457656970523596], [-76.54985724388543, 3.459147527880526], [-76.55065318111845, 3.4608674325693216], [-76.55255267719535, 3.4610968048777724]]]}}, {"type": "Feature", "properties": {"h3_index": "8966f1ce84fffff", "lat": 3.4106353800887415, "lng": -76.56507528058594, "nivel_admin_1": "Comuna 19", "nivel_admin_2": "Cañaveral", "estrato_promedio_200m": 3.0, "dist_sitp": 500, "dist_tm": 1500, "dist_ciclo": 800}, "geometry": {"type": "Polygon", "coordinates": [[[-76.5658713112255, 3.4123559387054616], [-76.56697518718907, 3.410864611784111], [-76.56617915480514, 3.409144031155698], [-76.56427924427459, 3.408914802397488], [-76.56317538754689, 3.410406146179303], [-76.56397142211279, 3.4121267018588717], [-76.5658713112255, 3.4123559387054616]]]}}, {"type": "Feature", "properties": {"h3_index": "8966f1c5833ffff", "lat": 3.414539245000905, "lng": -76.4897616062889, "nivel_admin_1": "Comuna 15", "nivel_admin_2": "Mojica", "estrato_promedio_200m": 3.0, "dist_sitp": 500, "dist_tm": 1500, "dist_ciclo": 800}, "geometry": {"type": "Polygon", "coordinates": [[[-76.4905577589778, 3.416259523406731], [-76.49166089517949, 3.4147685953065023], [-76.49086474070273, 3.4130482948760394], [-76.48896544795744, 3.4128189475816217], [-76.48786233112104, 3.414309892499714], [-76.48865848766353, 3.416030167894372], [-76.4905577589778, 3.416259523406731]]]}}, {"type": "Feature", "properties": {"h3_index": "8966f1c5343ffff", "lat": 3.4451582531374334, "lng": -76.54159002447534, "nivel_admin_1": "Comuna 03", "nivel_admin_2": "San Cayetano", "estrato_promedio_200m": 3.0, "dist_sitp": 500, "dist_tm": 1500, "dist_ciclo": 800}, "geometry": {"type": "Polygon", "coordinates": [[[-76.54238601091986, 3.446878307964505], [-76.54348954213012, 3.4453876013918063], [-76.542693553928, 3.4436675245150776], [-76.54079403236929, 3.4434381791955984], [-76.53969052043132, 3.4449289026384418], [-76.54048651077869, 3.4466489545306134], [-76.54238601091986, 3.446878307964505]]]}}, {"type": "Feature", "properties": {"h3_index": "8966f1c5b4bffff", "lat": 3.394122019444812, "lng": -76.50900600799115, "nivel_admin_1": "Comuna 15", "nivel_admin_2": "El Morichal", "estrato_promedio_200m": 3.0, "dist_sitp": 500, "dist_tm": 1500, "dist_ciclo": 800}, "geometry": {"type": "Polygon", "coordinates": [[[-76.50980217791007, 3.395842612061475], [-76.51090557020665, 3.394351292633136], [-76.51010939851076, 3.392630678014941], [-76.50820983242149, 3.3924014078336837], [-76.50710645945951, 3.3938927440773474], [-76.50790263325108, 3.3956133336869554], [-76.50980217791007, 3.395842612061475]]]}}, {"type": "Feature", "properties": {"h3_index": "8966f1ce937ffff", "lat": 3.3949232599102377, "lng": -76.52910581123054, "nivel_admin_1": "Comuna 17", "nivel_admin_2": "La Hacienda", "estrato_promedio_200m": 3.0, "dist_sitp": 500, "dist_tm": 1500, "dist_ciclo": 800}, "geometry": {"type": "Polygon", "coordinates": [[[-76.52990194408841, 3.3966439044826777], [-76.53100552759659, 3.395152506089945], [-76.5302093929734, 3.3934318395175533], [-76.52830967271423, 3.3932025963237606], [-76.52720610850588, 3.3946940115444693], [-76.52800224525575, 3.396414653131001], [-76.52990194408841, 3.3966439044826777]]]}}, {"type": "Feature", "properties": {"h3_index": "8966f1c51afffff", "lat": 3.4519221323694858, "lng": -76.50347729481993, "nivel_admin_1": "Comuna 08", "nivel_admin_2": "El Troncal", "estrato_promedio_200m": 3.0, "dist_sitp": 500, "dist_tm": 1500, "dist_ciclo": 800}, "geometry": {"type": "Polygon", "coordinates": [[[-76.50427333104724, 3.4536419855915983], [-76.50537647135413, 3.452151552867008], [-76.5045804333473, 3.4504316775838224], [-76.50268125294608, 3.4502022600549758], [-76.50157813197633, 3.4516927096314736], [-76.50237417206957, 3.4534125598849226], [-76.50427333104724, 3.4536419855915983]]]}}, {"type": "Feature", "properties": {"h3_index": "8966f1c5d53ffff", "lat": 3.4299060506918644, "lng": -76.4825293704919, "nivel_admin_1": "Comuna 14", "nivel_admin_2": "José Manuel Marroquín Segunda Etapa", "estrato_promedio_200m": 2.0, "dist_sitp": 500, "dist_tm": 1500, "dist_ciclo": 800}, "geometry": {"type": "Polygon", "coordinates": [[[-76.4833254975774, 3.431626114776481], [-76.48442851104707, 3.430135448703253], [-76.4836323821697, 3.428415362577494], [-76.48173323776717, 3.428185967572973], [-76.4806302436734, 3.4296766504703315], [-76.48142637460515, 3.431396711548099], [-76.4833254975774, 3.431626114776481]]]}}, {"type": "Feature", "properties": {"h3_index": "8966f1c732bffff", "lat": 3.4911278085306443, "lng": -76.50548946827895, "nivel_admin_1": "Comuna 02", "nivel_admin_2": "Brisas de los Álamos", "estrato_promedio_200m": 3.0, "dist_sitp": 500, "dist_tm": 1500, "dist_ciclo": 800}, "geometry": {"type": "Polygon", "coordinates": [[[-76.5062854037994, 3.49284717606723], [-76.50738842882055, 3.4913573202309918], [-76.5065924915222, 3.4896379305937595], [-76.50469352711256, 3.4894084218301833], [-76.50359052142038, 3.4908982945465223], [-76.50438646080775, 3.4926176591463487], [-76.5062854037994, 3.49284717606723]]]}}, {"type": "Feature", "properties": {"h3_index": "8966f1ce98bffff", "lat": 3.407196639431879, "lng": -76.53657831148786, "nivel_admin_1": "Comuna 17", "nivel_admin_2": "Santa Anita - La Selva", "estrato_promedio_200m": 3.0, "dist_sitp": 500, "dist_tm": 1500, "dist_ciclo": 800}, "geometry": {"type": "Polygon", "coordinates": [[[-76.53737440083061, 3.4089171537689076], [-76.53847801420626, 3.407425904251727], [-76.53768192310261, 3.4057053679031015], [-76.53578221648417, 3.405476106052176], [-76.53467862239398, 3.406967372410309], [-76.53547471563569, 3.408687883778434], [-76.53737440083061, 3.4089171537689076]]]}}, {"type": "Feature", "properties": {"h3_index": "8966f1c4287ffff", "lat": 3.469116999076267, "lng": -76.48454404820461, "nivel_admin_1": "Comuna 06", "nivel_admin_2": "Jorge Eliécer Gaitán", "estrato_promedio_200m": 2.0, "dist_sitp": 500, "dist_tm": 1500, "dist_ciclo": 800}, "geometry": {"type": "Polygon", "coordinates": [[[-76.48534007458201, 3.4708365785252533], [-76.4864429728247, 3.469346488933438], [-76.48564694465702, 3.46762688740368], [-76.48374801618857, 3.467397400521422], [-76.48264513731357, 3.4688875069656144], [-76.48344116753825, 3.4706070834396963], [-76.48534007458201, 3.4708365785252533]]]}}, {"type": "Feature", "properties": {"h3_index": "8966f1194c7ffff", "lat": 3.3384661335282044, "lng": -76.54604158109889, "nivel_admin_1": "Comuna 22", "nivel_admin_2": "Parcelaciones Pance", "estrato_promedio_200m": 3.0, "dist_sitp": 500, "dist_tm": 1500, "dist_ciclo": 800}, "geometry": {"type": "Polygon", "coordinates": [[[-76.54683782417656, 3.3401875330821005], [-76.54794176492238, 3.3386952199936517], [-76.54714552008855, 3.336973798499535], [-76.54524533235424, 3.336744715045666], [-76.54414141088581, 3.338237044933185], [-76.5449376578732, 3.3399584414755124], [-76.54683782417656, 3.3401875330821005]]]}}, {"type": "Feature", "properties": {"h3_index": "8966f1c508fffff", "lat": 3.4726750275509497, "lng": -76.52742683673395, "nivel_admin_1": "Comuna 02", "nivel_admin_2": "Santa Mónica", "estrato_promedio_200m": 5.0, "dist_sitp": 500, "dist_tm": 1500, "dist_ciclo": 800}, "geometry": {"type": "Polygon", "coordinates": [[[-76.52822277977585, 3.4743946939941295], [-76.52932607990218, 3.4729044624243812], [-76.52853013509483, 3.471184773901882], [-76.52663088803696, 3.470955341956871], [-76.52552760720403, 3.4724455904071885], [-76.52632355413444, 3.47416525392195], [-76.52822277977585, 3.4743946939941295]]]}}, {"type": "Feature", "properties": {"h3_index": "8966f11b4dbffff", "lat": 3.396185399591968, "lng": -76.52610256006669, "nivel_admin_1": "Comuna 17", "nivel_admin_2": "La Hacienda", "estrato_promedio_200m": 3.0, "dist_sitp": 500, "dist_tm": 1500, "dist_ciclo": 800}, "geometry": {"type": "Polygon", "coordinates": [[[-76.5268986950495, 3.3979060191769], [-76.52800224525575, 3.396414653131001], [-76.52720610850588, 3.3946940115444693], [-76.5253064194266, 3.3944647609934493], [-76.52420288852522, 3.395956143866376], [-76.52499902739714, 3.3976767604633], [-76.5268986950495, 3.3979060191769]]]}}, {"type": "Feature", "properties": {"h3_index": "8966f11b287ffff", "lat": 3.361535392247606, "lng": -76.53518419183146, "nivel_admin_1": "Comuna 22", "nivel_admin_2": "Urbanización Ciudad Jardín", "estrato_promedio_200m": 6.0, "dist_sitp": 500, "dist_tm": 1500, "dist_ciclo": 800}, "geometry": {"type": "Polygon", "coordinates": [[[-76.53598039680139, 3.3632564715208346], [-76.53708415364322, 3.361764549513565], [-76.5362879469111, 3.3600434482752055], [-76.53438798119954, 3.3598142940143654], [-76.5332842436511, 3.3613062328301613], [-76.53408045251972, 3.363027309098282], [-76.53598039680139, 3.3632564715208346]]]}}, {"type": "Feature", "properties": {"h3_index": "8966f1c4673ffff", "lat": 3.4813831644069815, "lng": -76.4920150120828, "nivel_admin_1": "Comuna 05", "nivel_admin_2": "Metropolitano del Norte", "estrato_promedio_200m": 3.0, "dist_sitp": 500, "dist_tm": 1500, "dist_ciclo": 800}, "geometry": {"type": "Polygon", "coordinates": [[[-76.49281099512875, 3.4831026129672193], [-76.49391392345629, 3.481612672760069], [-76.49311793862455, 3.479893202107482], [-76.49121902339576, 3.479663696712344], [-76.49011611442157, 3.481153653784803], [-76.49091210132168, 3.482873099387108], [-76.49281099512875, 3.4831026129672193]]]}}, {"type": "Feature", "properties": {"h3_index": "8966f1c463bffff", "lat": 3.4806946257364793, "lng": -76.48631836025199, "nivel_admin_1": "Comuna 06", "nivel_admin_2": "San Luis", "estrato_promedio_200m": 2.0, "dist_sitp": 500, "dist_tm": 1500, "dist_ciclo": 800}, "geometry": {"type": "Polygon", "coordinates": [[[-76.48711435485495, 3.4824140654165654], [-76.48821723047662, 3.480924140894362], [-76.48742123408452, 3.4792046791219553], [-76.48552236001008, 3.4789751669283615], [-76.48441950375167, 3.480465108311989], [-76.48521550220335, 3.482184545027792], [-76.48711435485495, 3.4824140654165654]]]}}, {"type": "Feature", "properties": {"h3_index": "8966f1c4677ffff", "lat": 3.4794341890502203, "lng": -76.4893201218811, "nivel_admin_1": "Comuna 05", "nivel_admin_2": "Metropolitano del Norte", "estrato_promedio_200m": 3.0, "dist_sitp": 500, "dist_tm": 1500, "dist_ciclo": 800}, "geometry": {"type": "Polygon", "coordinates": [[[-76.49011611442157, 3.481153653784803], [-76.49121902339576, 3.479663696712344], [-76.49042302906791, 3.4779442098870774], [-76.4885241237005, 3.477714705187138], [-76.48742123408452, 3.4792046791219553], [-76.48821723047662, 3.480924140894362], [-76.49011611442157, 3.481153653784803]]]}}, {"type": "Feature", "properties": {"h3_index": "8966f11b2bbffff", "lat": 3.358322328078515, "lng": -76.53549173451651, "nivel_admin_1": "Comuna 22", "nivel_admin_2": "Urbanización Ciudad Jardín", "estrato_promedio_200m": 6.0, "dist_sitp": 500, "dist_tm": 1500, "dist_ciclo": 800}, "geometry": {"type": "Polygon", "coordinates": [[[-76.5362879469111, 3.3600434482752055], [-76.53739171775814, 3.3585514771840503], [-76.5365955036015, 3.3568303350255597], [-76.5346955164597, 3.3566011889272755], [-76.53359176490589, 3.358093176824919], [-76.53438798119954, 3.3598142940143654], [-76.5362879469111, 3.3600434482752055]]]}}, {"type": "Feature", "properties": {"h3_index": "8966f1ce99bffff", "lat": 3.4104083761022417, "lng": -76.53627080321695, "nivel_admin_1": "Comuna 10", "nivel_admin_2": "Departamental", "estrato_promedio_200m": 4.0, "dist_sitp": 500, "dist_tm": 1500, "dist_ciclo": 800}, "geometry": {"type": "Polygon", "coordinates": [[[-76.53706688513752, 3.4121288493779245], [-76.53817048451221, 3.410637649059502], [-76.53737440083061, 3.4089171537689076], [-76.53547471563569, 3.408687883778434], [-76.53437113554664, 3.4101791009398332], [-76.53516722136575, 3.4118995712487523], [-76.53706688513752, 3.4121288493779245]]]}}, {"type": "Feature", "properties": {"h3_index": "8966f1c5abbffff", "lat": 3.4121302461806504, "lng": -76.51016562470832, "nivel_admin_1": "Comuna 16", "nivel_admin_2": "Unión de Vivienda Popular", "estrato_promedio_200m": 2.0, "dist_sitp": 500, "dist_tm": 1500, "dist_ciclo": 800}, "geometry": {"type": "Polygon", "coordinates": [[[-76.51096174796461, 3.413850617660952], [-76.51206508958528, 3.4123595611111983], [-76.51126896455288, 3.4106391676111287], [-76.5093694958015, 3.4104098556727425], [-76.50826617351125, 3.411900929050966], [-76.50906230064088, 3.4136212975391222], [-76.51096174796461, 3.413850617660952]]]}}, {"type": "Feature", "properties": {"h3_index": "8966f11b2b3ffff", "lat": 3.3595851376041628, "lng": -76.53248802912121, "nivel_admin_1": "Comuna 22", "nivel_admin_2": "Parcelaciones Pance", "estrato_promedio_200m": 3.0, "dist_sitp": 500, "dist_tm": 1500, "dist_ciclo": 800}, "geometry": {"type": "Polygon", "coordinates": [[[-76.5332842436511, 3.3613062328301613], [-76.53438798119954, 3.3598142940143654], [-76.53359176490589, 3.358093176824919], [-76.5316918089303, 3.3578640234240753], [-76.5305880906801, 3.3593559790454126], [-76.53138430910614, 3.361077071262064], [-76.5332842436511, 3.3613062328301613]]]}}, {"type": "Feature", "properties": {"h3_index": "8966f1c584fffff", "lat": 3.4146536644505554, "lng": -76.50416017386914, "nivel_admin_1": "Comuna 16", "nivel_admin_2": "Antonio Nariño", "estrato_promedio_200m": 2.0, "dist_sitp": 500, "dist_tm": 1500, "dist_ciclo": 800}, "geometry": {"type": "Polygon", "coordinates": [[[-76.50495630131184, 3.4163739859000084], [-76.50605957626593, 3.4148829941675403], [-76.5052634470437, 3.4131626506950394], [-76.50336404077832, 3.4129333239744324], [-76.50226078516468, 3.4144243325335077], [-76.50305691647488, 3.416144650986595], [-76.50495630131184, 3.4163739859000084]]]}}, {"type": "Feature", "properties": {"h3_index": "8966f1c46c3ffff", "lat": 3.4929598374455533, "lng": -76.49378904729778, "nivel_admin_1": "Comuna 06", "nivel_admin_2": "Ciudadela Floralia", "estrato_promedio_200m": 2.0, "dist_sitp": 500, "dist_tm": 1500, "dist_ciclo": 800}, "geometry": {"type": "Polygon", "coordinates": [[[-76.49458499856588, 3.494679146071066], [-76.49568790426105, 3.493189371011786], [-76.49489195120826, 3.4914700402823926], [-76.49299309038828, 3.491240509663469], [-76.49189020404202, 3.492730301597071], [-76.49268615916576, 3.4944496072752758], [-76.49458499856588, 3.494679146071066]]]}}, {"type": "Feature", "properties": {"h3_index": "8966f1c510fffff", "lat": 3.451349325299164, "lng": -76.51217729179606, "nivel_admin_1": "Comuna 08", "nivel_admin_2": "Industrial", "estrato_promedio_200m": 2.0, "dist_sitp": 500, "dist_tm": 1500, "dist_ciclo": 800}, "geometry": {"type": "Polygon", "coordinates": [[[-76.51297331431653, 3.453069212435942], [-76.51407654059909, 3.451578731623867], [-76.51328051630414, 3.4498588224276445], [-76.51138126362568, 3.449629419063177], [-76.51027805666536, 3.451119916731981], [-76.51107408306014, 3.4528398009085284], [-76.51297331431653, 3.453069212435942]]]}}, {"type": "Feature", "properties": {"h3_index": "8966f1c527bffff", "lat": 3.453643830167634, "lng": -76.55807073595102, "nivel_admin_1": "Comuna 01", "nivel_admin_2": "Terrón Colorado", "estrato_promedio_200m": 2.0, "dist_sitp": 500, "dist_tm": 1500, "dist_ciclo": 800}, "geometry": {"type": "Polygon", "coordinates": [[[-76.55886667235562, 3.4553638289234563], [-76.55997033309413, 3.4538731743457194], [-76.55917439494154, 3.4521531535335797], [-76.55727479387879, 3.4519238122670917], [-76.55617115238314, 3.4534144837306973], [-76.5569670927063, 3.4551344795749297], [-76.55886667235562, 3.4553638289234563]]]}}, {"type": "Feature", "properties": {"h3_index": "8966f1ceba7ffff", "lat": 3.3905619480251166, "lng": -76.54681902428428, "nivel_admin_1": "Comuna 18", "nivel_admin_2": "Alférez Real", "estrato_promedio_200m": 3.0, "dist_sitp": 500, "dist_tm": 1500, "dist_ciclo": 800}, "geometry": {"type": "Polygon", "coordinates": [[[-76.54761513687363, 3.3922827014296577], [-76.54871890608803, 3.390791158240469], [-76.54792279174353, 3.3890703828425264], [-76.54602290602946, 3.388841175598291], [-76.54491915608487, 3.3903327356230983], [-76.54571527258344, 3.3920534860565406], [-76.54761513687363, 3.3922827014296577]]]}}, {"type": "Feature", "properties": {"h3_index": "8966f1c550fffff", "lat": 3.4738198090791785, "lng": -76.5100271138653, "nivel_admin_1": "Comuna 04", "nivel_admin_2": "Guillermo Valencia", "estrato_promedio_200m": 2.0, "dist_sitp": 500, "dist_tm": 1500, "dist_ciclo": 800}, "geometry": {"type": "Polygon", "coordinates": [[[-76.51082308441387, 3.4755394078724278], [-76.51192621272426, 3.474049272511509], [-76.51113024040018, 3.4723296516357203], [-76.5092311376684, 3.4721001911487073], [-76.50812802868127, 3.473590343380537], [-76.50892400310155, 3.475309939228477], [-76.51082308441387, 3.4755394078724278]]]}}, {"type": "Feature", "properties": {"h3_index": "8966f11b083ffff", "lat": 3.3723239422127533, "lng": -76.51685581599328, "nivel_admin_1": "Comuna 17", "nivel_admin_2": "Lili", "estrato_promedio_200m": 3.0, "dist_sitp": 500, "dist_tm": 1500, "dist_ciclo": 800}, "geometry": {"type": "Polygon", "coordinates": [[[-76.51765202627446, 3.3740448306589323], [-76.51875556924816, 3.372553151568489], [-76.5179593571943, 3.3708322411439724], [-76.51605960005756, 3.3706030348038754], [-76.51495607640754, 3.3720947306992715], [-76.51575229056948, 3.3738156161298156], [-76.51765202627446, 3.3740448306589323]]]}}, {"type": "Feature", "properties": {"h3_index": "8966f1c5c23ffff", "lat": 3.433804965645272, "lng": -76.48791989846895, "nivel_admin_1": "Comuna 13", "nivel_admin_2": "Sector Laguna del Pondaje", "estrato_promedio_200m": 3.0, "dist_sitp": 500, "dist_tm": 1500, "dist_ciclo": 800}, "geometry": {"type": "Polygon", "coordinates": [[[-76.48871600657435, 3.435524997648824], [-76.48981905878117, 3.4340343652327623], [-76.48902294888705, 3.4323143111847365], [-76.48712378472237, 3.4320849145956216], [-76.4860207518817, 3.433575563841749], [-76.48681686383846, 3.435295592846943], [-76.48871600657435, 3.435524997648824]]]}}, {"type": "Feature", "properties": {"h3_index": "8966f11b233ffff", "lat": 3.351895929771321, "lng": -76.53610683962862, "nivel_admin_1": "Comuna 22", "nivel_admin_2": "Parcelaciones Pance", "estrato_promedio_200m": 3.0, "dist_sitp": 500, "dist_tm": 1500, "dist_ciclo": 800}, "geometry": {"type": "Polygon", "coordinates": [[[-76.5369030668728, 3.353617131788595], [-76.5380068657311, 3.3521250625534424], [-76.53721063672516, 3.350403838581022], [-76.53531060672175, 3.350174708810411], [-76.53420682715637, 3.3516667948479615], [-76.53500305830036, 3.353387993853723], [-76.5369030668728, 3.353617131788595]]]}}, {"type": "Feature", "properties": {"h3_index": "8966f11b43bffff", "lat": 3.381961293082613, "lng": -76.51593388497369, "nivel_admin_1": "Comuna 17", "nivel_admin_2": "Caney", "estrato_promedio_200m": 3.0, "dist_sitp": 500, "dist_tm": 1500, "dist_ciclo": 800}, "geometry": {"type": "Polygon", "coordinates": [[[-76.5167300729724, 3.3836820586580845], [-76.5178335739355, 3.3821905269964283], [-76.51703738416369, 3.3804697394326677], [-76.51513769132114, 3.380240508528086], [-76.51403420968215, 3.381732057000817], [-76.51483040156049, 3.383452819567052], [-76.5167300729724, 3.3836820586580845]]]}}, {"type": "Feature", "properties": {"h3_index": "8966f1c5a2fffff", "lat": 3.3992837402962692, "lng": -76.51139450079478, "nivel_admin_1": "Comuna 15", "nivel_admin_2": "Ciudad Córdoba", "estrato_promedio_200m": 3.0, "dist_sitp": 500, "dist_tm": 1500, "dist_ciclo": 800}, "geometry": {"type": "Polygon", "coordinates": [[[-76.51219065376003, 3.401004275906831], [-76.51329405138465, 3.3995130224930388], [-76.51249789664384, 3.3977924648759643], [-76.51059834217803, 3.397563185679887], [-76.50949496388327, 3.399054455914009], [-76.5102911207234, 3.4007749885238843], [-76.51219065376003, 3.401004275906831]]]}}, {"type": "Feature", "properties": {"h3_index": "8966f1ccdb3ffff", "lat": 3.3732366023750795, "lng": -76.55136117126395, "nivel_admin_1": "Comuna 18", "nivel_admin_2": "El Jordán", "estrato_promedio_200m": 2.0, "dist_sitp": 500, "dist_tm": 1500, "dist_ciclo": 800}, "geometry": {"type": "Polygon", "coordinates": [[[-76.55215731880004, 3.3749575857184104], [-76.55326119129948, 3.3734657646247443], [-76.55246504201068, 3.371744759306261], [-76.55056501806003, 3.371515600036258], [-76.54946116482463, 3.373007437956293], [-76.55025731627475, 3.3747284183199686], [-76.55215731880004, 3.3749575857184104]]]}}, {"type": "Feature", "properties": {"h3_index": "8966f1c5e73ffff", "lat": 3.427612904056038, "lng": -76.51733053056604, "nivel_admin_1": "Comuna 11", "nivel_admin_2": "El Jardín", "estrato_promedio_200m": 3.0, "dist_sitp": 500, "dist_tm": 1500, "dist_ciclo": 800}, "geometry": {"type": "Polygon", "coordinates": [[[-76.51812660295639, 3.4293331041177657], [-76.51922996054037, 3.4278422458204587], [-76.51843388637822, 3.426122023724046], [-76.51653445252292, 3.425892684932674], [-76.51543111425515, 3.4273835600734444], [-76.51622719052538, 3.4291037571621414], [-76.51812660295639, 3.4293331041177657]]]}}, {"type": "Feature", "properties": {"h3_index": "8966f1194cfffff", "lat": 3.337202879825145, "lng": -76.54904572143106, "nivel_admin_1": "Comuna 22", "nivel_admin_2": "Parcelaciones Pance", "estrato_promedio_200m": 3.0, "dist_sitp": 500, "dist_tm": 1500, "dist_ciclo": 800}, "geometry": {"type": "Polygon", "coordinates": [[[-76.54984196235223, 3.3389243043287213], [-76.55094593637774, 3.337431959021666], [-76.55014969370214, 3.335710512579527], [-76.5482494748417, 3.3354814363924783], [-76.54714552008855, 3.336973798499535], [-76.54794176492238, 3.3386952199936517], [-76.54984196235223, 3.3389243043287213]]]}}, {"type": "Feature", "properties": {"h3_index": "8966f1c5e53ffff", "lat": 3.434722943530711, "lng": -76.52241420065158, "nivel_admin_1": "Comuna 10", "nivel_admin_2": "San Cristóbal", "estrato_promedio_200m": 3.0, "dist_sitp": 500, "dist_tm": 1500, "dist_ciclo": 800}, "geometry": {"type": "Polygon", "coordinates": [[[-76.5232102465438, 3.436443070270521], [-76.52431362874685, 3.434952294938636], [-76.52351758108585, 3.4332321461575037], [-76.52161814910485, 3.433002797712021], [-76.52051478620841, 3.434493589895337], [-76.52131083598523, 3.4362137136727253], [-76.5232102465438, 3.436443070270521]]]}}, {"type": "Feature", "properties": {"h3_index": "8966f1c4633ffff", "lat": 3.481955022371123, "lng": -76.48331666327827, "nivel_admin_1": "Comuna 06", "nivel_admin_2": "Petecuy Segunda Etapa", "estrato_promedio_200m": 2.0, "dist_sitp": 500, "dist_tm": 1500, "dist_ciclo": 800}, "geometry": {"type": "Polygon", "coordinates": [[[-76.48411265993911, 3.48367443699297], [-76.48521550220335, 3.482184545027792], [-76.48441950375167, 3.480465108311989], [-76.48252066097972, 3.480235588621702], [-76.48141783808373, 3.4817254974473717], [-76.48221383859037, 3.48344490910284], [-76.48411265993911, 3.48367443699297]]]}}, {"type": "Feature", "properties": {"h3_index": "8966f1c51b3ffff", "lat": 3.4583425592178907, "lng": -76.5028631247837, "nivel_admin_1": "Comuna 07", "nivel_admin_2": "Sector Base Aérea", "estrato_promedio_200m": 3.0, "dist_sitp": 500, "dist_tm": 1500, "dist_ciclo": 800}, "geometry": {"type": "Polygon", "coordinates": [[[-76.5036591461582, 3.4600623301102393], [-76.50476225847189, 3.458571996065954], [-76.50396623531759, 3.4568522031059414], [-76.50206709776313, 3.4566227692222897], [-76.50096400478687, 3.458113120122548], [-76.50176003002653, 3.4598328880504847], [-76.5036591461582, 3.4600623301102393]]]}}, {"type": "Feature", "properties": {"h3_index": "8966f1c5e77ffff", "lat": 3.425663343925243, "lng": -76.5146350323329, "nivel_admin_1": "Comuna 11", "nivel_admin_2": "La Fortaleza", "estrato_promedio_200m": 3.0, "dist_sitp": 500, "dist_tm": 1500, "dist_ciclo": 800}, "geometry": {"type": "Polygon", "coordinates": [[[-76.51543111425515, 3.4273835600734444], [-76.51653445252292, 3.425892684932674], [-76.5157383688273, 3.424172446751449], [-76.51383894475886, 3.423943108721308], [-76.51273562581217, 3.4254340007025914], [-76.51353171161176, 3.4271542138735196], [-76.51543111425515, 3.4273835600734444]]]}}, {"type": "Feature", "properties": {"h3_index": "8966f1c5d07ffff", "lat": 3.425318872373468, "lng": -76.4714415643429, "nivel_admin_1": "Comuna 14", "nivel_admin_2": "Promociones Populares B", "estrato_promedio_200m": 3.0, "dist_sitp": 500, "dist_tm": 1500, "dist_ciclo": 800}, "geometry": {"type": "Polygon", "coordinates": [[[-76.47223772191236, 3.427038959446259], [-76.47334064385024, 3.4255482753903856], [-76.47254448448244, 3.423828166279814], [-76.47064540113831, 3.423598766284575], [-76.46954249859598, 3.425089467154752], [-76.47033866000115, 3.426809551205883], [-76.47223772191236, 3.427038959446259]]]}}, {"type": "Feature", "properties": {"h3_index": "8966f1ced33ffff", "lat": 3.4193551390765022, "lng": -76.52964954856368, "nivel_admin_1": "Comuna 10", "nivel_admin_2": "El Dorado", "estrato_promedio_200m": 3.0, "dist_sitp": 500, "dist_tm": 1500, "dist_ciclo": 800}, "geometry": {"type": "Polygon", "coordinates": [[[-76.53044561990505, 3.421075480228132], [-76.53154912470143, 3.4195844430844926], [-76.53075305159531, 3.4178640799080515], [-76.52885347156453, 3.417634778866804], [-76.52774998606411, 3.4191258328556144], [-76.52854606129742, 3.4208461710405147], [-76.53044561990505, 3.421075480228132]]]}}, {"type": "Feature", "properties": {"h3_index": "8966f1194d7ffff", "lat": 3.3416798190875383, "lng": -76.54573389919409, "nivel_admin_1": "Comuna 22", "nivel_admin_2": "Parcelaciones Pance", "estrato_promedio_200m": 3.0, "dist_sitp": 500, "dist_tm": 1500, "dist_ciclo": 800}, "geometry": {"type": "Polygon", "coordinates": [[[-76.5465301348482, 3.3434011777654713], [-76.54763406158696, 3.3419089137035773], [-76.54683782417656, 3.3401875330821005], [-76.5449376578732, 3.3399584414755124], [-76.54383375041199, 3.3414507223385197], [-76.54462998997545, 3.3431720780070098], [-76.5465301348482, 3.3434011777654713]]]}}, {"type": "Feature", "properties": {"h3_index": "8966f1c5ed3ffff", "lat": 3.442405899240289, "lng": -76.51879687540976, "nivel_admin_1": "Comuna 09", "nivel_admin_2": "Belalcázar", "estrato_promedio_200m": 3.0, "dist_sitp": 500, "dist_tm": 1500, "dist_ciclo": 800}, "geometry": {"type": "Polygon", "coordinates": [[[-76.5195929085679, 3.4441259187090627], [-76.5206962294695, 3.4426352743757174], [-76.51990019454058, 3.4409152328573804], [-76.51800083659882, 3.440685860682237], [-76.51689753500912, 3.4421765218701332], [-76.5176935720482, 3.44389653837863], [-76.5195929085679, 3.4441259187090627]]]}}, {"type": "Feature", "properties": {"h3_index": "8966f11b213ffff", "lat": 3.359009768947641, "lng": -76.54119172511828, "nivel_admin_1": "Comuna 22", "nivel_admin_2": "Urbanización Ciudad Jardín", "estrato_promedio_200m": 6.0, "dist_sitp": 500, "dist_tm": 1500, "dist_ciclo": 800}, "geometry": {"type": "Polygon", "coordinates": [[[-76.54198792580469, 3.3607308981533626], [-76.54309174922874, 3.3592389116040535], [-76.54229554678358, 3.3575177604365165], [-76.54039551876748, 3.357288620780998], [-76.53929171462674, 3.3587806241407048], [-76.5400879192177, 3.3605017503455272], [-76.54198792580469, 3.3607308981533626]]]}}, {"type": "Feature", "properties": {"h3_index": "8966f1c5153ffff", "lat": 3.4571971682249787, "lng": -76.52026309490813, "nivel_admin_1": "Comuna 03", "nivel_admin_2": "San Nicolás", "estrato_promedio_200m": 2.0, "dist_sitp": 500, "dist_tm": 1500, "dist_ciclo": 800}, "geometry": {"type": "Polygon", "coordinates": [[[-76.5210590888368, 3.45891700689032], [-76.52216237305682, 3.457426576666237], [-76.52136637735836, 3.4557067159364565], [-76.51946709532658, 3.455477310442716], [-76.51836383041416, 3.456967757532422], [-76.51915982822484, 3.458687593250246], [-76.5210590888368, 3.45891700689032]]]}}, {"type": "Feature", "properties": {"h3_index": "8966f1ced17ffff", "lat": 3.424516105342099, "lng": -76.53203774561332, "nivel_admin_1": "Comuna 10", "nivel_admin_2": "Colseguros Andes", "estrato_promedio_200m": 4.0, "dist_sitp": 500, "dist_tm": 1500, "dist_ciclo": 800}, "geometry": {"type": "Polygon", "coordinates": [[[-76.53283379997976, 3.426236389296863], [-76.53393731006753, 3.4247454182375776], [-76.53314125393777, 3.423025112253039], [-76.53124168558834, 3.4227958023179244], [-76.53013819479179, 3.424286790227374], [-76.53093425305237, 3.4260070712217776], [-76.53283379997976, 3.426236389296863]]]}}, {"type": "Feature", "properties": {"h3_index": "8966f11b633ffff", "lat": 3.3743867486374635, "lng": -76.53395408689349, "nivel_admin_1": "Comuna 17", "nivel_admin_2": "Sector Ciudad Universitaria", "estrato_promedio_200m": 3.0, "dist_sitp": 500, "dist_tm": 1500, "dist_ciclo": 800}, "geometry": {"type": "Polygon", "coordinates": [[[-76.53475026216566, 3.376107664129106], [-76.53585396298945, 3.374615938536623], [-76.5350577859545, 3.372895001066568], [-76.53315790596022, 3.3726658141639962], [-76.53205422443037, 3.3741575565731576], [-76.53285040359975, 3.375878469068233], [-76.53475026216566, 3.376107664129106]]]}}, {"type": "Feature", "properties": {"h3_index": "8966f1c556bffff", "lat": 3.468088458168347, "lng": -76.51633888366149, "nivel_admin_1": "Comuna 04", "nivel_admin_2": "Unidad Residencial Bueno Madrid", "estrato_promedio_200m": 3.0, "dist_sitp": 500, "dist_tm": 1500, "dist_ciclo": 800}, "geometry": {"type": "Polygon", "coordinates": [[[-76.51713485743036, 3.4698081482251215], [-76.51823806635812, 3.4683178985050565], [-76.51744209081731, 3.4665981863723077], [-76.51554290424164, 3.4663687489788346], [-76.51443971462695, 3.4678590155696627], [-76.51523569227378, 3.4695787026832052], [-76.51713485743036, 3.4698081482251215]]]}}, {"type": "Feature", "properties": {"h3_index": "8966f1c4343ffff", "lat": 3.4491689118782394, "lng": -76.48068824542796, "nivel_admin_1": "Comuna 07", "nivel_admin_2": "Puerto Mallarino", "estrato_promedio_200m": 2.0, "dist_sitp": 500, "dist_tm": 1500, "dist_ciclo": 800}, "geometry": {"type": "Polygon", "coordinates": [[[-76.48148432792594, 3.450888729336715], [-76.48258725740924, 3.4493983592069974], [-76.48179117311852, 3.4476785196875777], [-76.47989215729213, 3.447449075352868], [-76.47878924718557, 3.448939462318901], [-76.47958533352758, 3.4506592767833295], [-76.48148432792594, 3.450888729336715]]]}}, {"type": "Feature", "properties": {"h3_index": "8966f1ce9d3ffff", "lat": 3.411096188355376, "lng": -76.54196988796143, "nivel_admin_1": "Comuna 19", "nivel_admin_2": "Camino Real - Joaquín Borrero Sinisterra", "estrato_promedio_200m": 5.0, "dist_sitp": 500, "dist_tm": 1500, "dist_ciclo": 800}, "geometry": {"type": "Polygon", "coordinates": [[[-76.54276595817537, 3.412816670518713], [-76.54386961010734, 3.411325454692329], [-76.54307353813566, 3.4096049505140735], [-76.54117381208464, 3.409375687137557], [-76.54007017942838, 3.4108669198108243], [-76.54086625354635, 3.4125873990137308], [-76.54276595817537, 3.412816670518713]]]}}, {"type": "Feature", "properties": {"h3_index": "8966f1ceb2fffff", "lat": 3.381612149765319, "lng": -76.55344186539924, "nivel_admin_1": "Comuna 18", "nivel_admin_2": "Sector Cuarteles de Nápoles", "estrato_promedio_200m": 1.0, "dist_sitp": 500, "dist_tm": 1500, "dist_ciclo": 800}, "geometry": {"type": "Polygon", "coordinates": [[[-76.55423798851012, 3.38333303510537], [-76.5553418522612, 3.3818413290611287], [-76.55454572739887, 3.3801204217376255], [-76.55264573662, 3.3798912454129617], [-76.5515418921284, 3.3813829682906187], [-76.55233801915512, 3.3831038506595195], [-76.55423798851012, 3.38333303510537]]]}}, {"type": "Feature", "properties": {"h3_index": "8966f11b017ffff", "lat": 3.365898591249742, "lng": -76.5174704695541, "nivel_admin_1": "Comuna 17", "nivel_admin_2": "Lili", "estrato_promedio_200m": 3.0, "dist_sitp": 500, "dist_tm": 1500, "dist_ciclo": 800}, "geometry": {"type": "Polygon", "coordinates": [[[-76.51826669469071, 3.367619561565876], [-76.51937026567289, 3.3661277842291644], [-76.51857403876389, 3.3644067919413305], [-76.51667423876249, 3.364177601981827], [-76.5155706871037, 3.3656693961194137], [-76.51636691612184, 3.3673903634156446], [-76.51826669469071, 3.367619561565876]]]}}, {"type": "Feature", "properties": {"h3_index": "8966f1c526bffff", "lat": 3.4504331135783666, "lng": -76.5583784511209, "nivel_admin_1": "Comuna 01", "nivel_admin_2": "Terrón Colorado", "estrato_promedio_200m": 2.0, "dist_sitp": 500, "dist_tm": 1500, "dist_ciclo": 800}, "geometry": {"type": "Polygon", "coordinates": [[[-76.55917439494154, 3.4521531535335797], [-76.56027806967742, 3.450662449675698], [-76.55948212410897, 3.4489423876674583], [-76.55758250163242, 3.4487130544838633], [-76.55647884613924, 3.4502037752255994], [-76.55727479387879, 3.4519238122670917], [-76.55917439494154, 3.4521531535335797]]]}}, {"type": "Feature", "properties": {"h3_index": "8966f1c716fffff", "lat": 3.4974290649227897, "lng": -76.4904804302391, "nivel_admin_1": "Comuna 06", "nivel_admin_2": "Ciudadela Floralia", "estrato_promedio_200m": 2.0, "dist_sitp": 500, "dist_tm": 1500, "dist_ciclo": 800}, "geometry": {"type": "Polygon", "coordinates": [[[-76.49127637614951, 3.4991483072268057], [-76.49237923450966, 3.49765861418149], [-76.4915832868127, 3.495939349768667], [-76.48968447868874, 3.495709803457254], [-76.48858163968266, 3.4971995133779887], [-76.4893775894454, 3.4989187527347263], [-76.49127637614951, 3.4991483072268057]]]}}, {"type": "Feature", "properties": {"h3_index": "8966f1c5467ffff", "lat": 3.481043716417805, "lng": -76.52950728530769, "nivel_admin_1": "Comuna 02", "nivel_admin_2": "La Campiña", "estrato_promedio_200m": 4.0, "dist_sitp": 500, "dist_tm": 1500, "dist_ciclo": 800}, "geometry": {"type": "Polygon", "coordinates": [[[-76.53030320396265, 3.4827632841320977], [-76.53140649538776, 3.4812731681824043], [-76.5306105749686, 3.479553578380553], [-76.52871136099714, 3.479324129535871], [-76.52760808886084, 3.48081426237314], [-76.52840401140614, 3.482533827167507], [-76.53030320396265, 3.4827632841320977]]]}}, {"type": "Feature", "properties": {"h3_index": "8966f1c435bffff", "lat": 3.45111817965741, "lng": -76.4833833360614, "nivel_admin_1": "Comuna 07", "nivel_admin_2": "Siete de Agosto", "estrato_promedio_200m": 3.0, "dist_sitp": 500, "dist_tm": 1500, "dist_ciclo": 800}, "geometry": {"type": "Polygon", "coordinates": [[[-76.48417940907473, 3.4528379810350063], [-76.48528235792988, 3.4513476277445876], [-76.4844862831254, 3.4496278043043587], [-76.48258725740924, 3.4493983592069974], [-76.48148432792594, 3.450888729336715], [-76.48228040478585, 3.452608527724513], [-76.48417940907473, 3.4528379810350063]]]}}, {"type": "Feature", "properties": {"h3_index": "8966f11b3cfffff", "lat": 3.346044826043267, "lng": -76.52801809234222, "nivel_admin_1": "Comuna 22", "nivel_admin_2": "Parcelaciones Pance", "estrato_promedio_200m": 3.0, "dist_sitp": 500, "dist_tm": 1500, "dist_ciclo": 800}, "geometry": {"type": "Polygon", "coordinates": [[[-76.52881434826116, 3.3477660758200547], [-76.52991808922602, 3.346273956186644], [-76.52912183154056, 3.344552684459733], [-76.52722183076352, 3.3443235573406], [-76.52611810910628, 3.3458156937674737], [-76.52691436891737, 3.347536940520015], [-76.52881434826116, 3.3477660758200547]]]}}, {"type": "Feature", "properties": {"h3_index": "8966f11b623ffff", "lat": 3.3711740446163647, "lng": -76.53426160325803, "nivel_admin_1": "Comuna 17", "nivel_admin_2": "Sector Ciudad Universitaria", "estrato_promedio_200m": 3.0, "dist_sitp": 500, "dist_tm": 1500, "dist_ciclo": 800}, "geometry": {"type": "Polygon", "coordinates": [[[-76.5350577859545, 3.372895001066568], [-76.5361615007824, 3.371403226358506], [-76.5353653163233, 3.369682247933222], [-76.53346541490025, 3.3694530691897926], [-76.53236171936618, 3.3709448607125077], [-76.53315790596022, 3.3726658141639962], [-76.5350577859545, 3.372895001066568]]]}}, {"type": "Feature", "properties": {"h3_index": "8966f11b457ffff", "lat": 3.387811255116962, "lng": -76.52402150493144, "nivel_admin_1": "Comuna 16", "nivel_admin_2": "Ciudad 2000", "estrato_promedio_200m": 3.0, "dist_sitp": 500, "dist_tm": 1500, "dist_ciclo": 800}, "geometry": {"type": "Polygon", "coordinates": [[[-76.52481766431079, 3.389531972728469], [-76.52592122321695, 3.3880404915178923], [-76.52512506206924, 3.3863197519130823], [-76.52322533989533, 3.3860905185086696], [-76.52212180029865, 3.3875820165392474], [-76.52291796356529, 3.389302731154245], [-76.52481766431079, 3.389531972728469]]]}}, {"type": "Feature", "properties": {"h3_index": "8966f1c5017ffff", "lat": 3.4694650662301454, "lng": -76.52773418463192, "nivel_admin_1": "Comuna 02", "nivel_admin_2": "San Vicente", "estrato_promedio_200m": 4.0, "dist_sitp": 500, "dist_tm": 1500, "dist_ciclo": 800}, "geometry": {"type": "Polygon", "coordinates": [[[-76.52853013509483, 3.471184773901882], [-76.52963344921662, 3.4696944929776996], [-76.52883749698839, 3.46797476322994], [-76.52693822851371, 3.4677453394129367], [-76.52583493368518, 3.4692356372156667], [-76.52663088803696, 3.470955341956871], [-76.52853013509483, 3.471184773901882]]]}}, {"type": "Feature", "properties": {"h3_index": "8966f1ce8cbffff", "lat": 3.420270684360321, "lng": -76.5641518116026, "nivel_admin_1": "Comuna 20", "nivel_admin_2": "Sector La Sultana", "estrato_promedio_200m": 3.0, "dist_sitp": 500, "dist_tm": 1500, "dist_ciclo": 800}, "geometry": {"type": "Polygon", "coordinates": [[[-76.5649478199927, 3.421991119670896], [-76.56605165395437, 3.4204999403119185], [-76.56525564381946, 3.4187794829797213], [-76.56335579754136, 3.4185502299588952], [-76.56225198281604, 3.420041426184423], [-76.56304799513134, 3.4217618585642304], [-76.5649478199927, 3.421991119670896]]]}}, {"type": "Feature", "properties": {"h3_index": "8966f1c5eb3ffff", "lat": 3.4358694820568507, "lng": -76.50501283489467, "nivel_admin_1": "Comuna 12", "nivel_admin_2": "El Rodeo", "estrato_promedio_200m": 2.0, "dist_sitp": 500, "dist_tm": 1500, "dist_ciclo": 800}, "geometry": {"type": "Polygon", "coordinates": [[[-76.50580890825562, 3.4375895409505484], [-76.50691211855045, 3.4360988616630164], [-76.50611604341069, 3.434378780724766], [-76.504216755886, 3.4341494040979397], [-76.50311356492762, 3.4356401002272374], [-76.50390964215639, 3.437360156141601], [-76.50580890825562, 3.4375895409505484]]]}}, {"type": "Feature", "properties": {"h3_index": "8966f1c5c73ffff", "lat": 3.4364425946667176, "lng": -76.49631271470905, "nivel_admin_1": "Comuna 12", "nivel_admin_2": "Nueva Floresta", "estrato_promedio_200m": 3.0, "dist_sitp": 500, "dist_tm": 1500, "dist_ciclo": 800}, "geometry": {"type": "Polygon", "coordinates": [[[-76.4971088017464, 3.4381626195842245], [-76.49821192602037, 3.4366719883696546], [-76.49741583719918, 3.4349519414059864], [-76.49551662202735, 3.4347225506908354], [-76.49441351710475, 3.4362131987423425], [-76.4952096080015, 3.4379332206720643], [-76.4971088017464, 3.4381626195842245]]]}}, {"type": "Feature", "properties": {"h3_index": "8966f1c5417ffff", "lat": 3.4919328925561883, "lng": -76.52558288739961, "nivel_admin_1": "Comuna 02", "nivel_admin_2": "Menga", "estrato_promedio_200m": 6.0, "dist_sitp": 500, "dist_tm": 1500, "dist_ciclo": 800}, "geometry": {"type": "Polygon", "coordinates": [[[-76.52637878591734, 3.493652311444876], [-76.52748200207694, 3.492162376166947], [-76.52668610179289, 3.490442935179176], [-76.52478698322821, 3.4902134544840555], [-76.52368378636288, 3.491703406654681], [-76.52447968876687, 3.493422822627737], [-76.52637878591734, 3.493652311444876]]]}}, {"type": "Feature", "properties": {"h3_index": "8966f1cedd7ffff", "lat": 3.4316264514226913, "lng": -76.53712147799129, "nivel_admin_1": "Comuna 19", "nivel_admin_2": "El Cedro", "estrato_promedio_200m": 4.0, "dist_sitp": 500, "dist_tm": 1500, "dist_ciclo": 800}, "geometry": {"type": "Polygon", "coordinates": [[[-76.53791750582215, 3.433346662011781], [-76.53902104047863, 3.4318557739099145], [-76.53822501088743, 3.430135541284402], [-76.53632544450012, 3.429906221746934], [-76.53522192912527, 3.431397126706928], [-76.536017960855, 3.4331173343462735], [-76.53791750582215, 3.433346662011781]]]}}, {"type": "Feature", "properties": {"h3_index": "8966f1c583bffff", "lat": 3.413277639976167, "lng": -76.49276404716856, "nivel_admin_1": "Comuna 15", "nivel_admin_2": "Los Comuneros I", "estrato_promedio_200m": 2.0, "dist_sitp": 500, "dist_tm": 1500, "dist_ciclo": 800}, "geometry": {"type": "Polygon", "coordinates": [[[-76.49356019778878, 3.414997943415689], [-76.49466336735088, 3.4135069828811675], [-76.49386721494452, 3.411786657418662], [-76.49196789090456, 3.4115573175227274], [-76.49086474070273, 3.4130482948760394], [-76.49166089517949, 3.4147685953065023], [-76.49356019778878, 3.414997943415689]]]}}, {"type": "Feature", "properties": {"h3_index": "8966f1cebafffff", "lat": 3.3892995879014083, "lng": -76.54982269105975, "nivel_admin_1": "Comuna 18", "nivel_admin_2": "Francisco Eladio Ramírez", "estrato_promedio_200m": 3.0, "dist_sitp": 500, "dist_tm": 1500, "dist_ciclo": 800}, "geometry": {"type": "Polygon", "coordinates": [[[-76.55061880149209, 3.391020366268341], [-76.55172260397407, 3.3895287907741016], [-76.5509264917883, 3.3878079904154204], [-76.54902657496072, 3.3875787905117383], [-76.54792279174353, 3.3890703828425264], [-76.54871890608803, 3.390791158240469], [-76.55061880149209, 3.391020366268341]]]}}, {"type": "Feature", "properties": {"h3_index": "8966f1c5c03ffff", "lat": 3.4409143909048843, "lng": -76.49300344193614, "nivel_admin_1": "Comuna 12", "nivel_admin_2": "Nueva Floresta", "estrato_promedio_200m": 3.0, "dist_sitp": 500, "dist_tm": 1500, "dist_ciclo": 800}, "geometry": {"type": "Polygon", "coordinates": [[[-76.49379952361829, 3.442634349674018], [-76.49490260054489, 3.441143800239337], [-76.49410651707704, 3.439423819419096], [-76.49220735461111, 3.4391944130724124], [-76.49110429704105, 3.4406849793451215], [-76.4919003825793, 3.442404935126501], [-76.49379952361829, 3.442634349674018]]]}}, {"type": "Feature", "properties": {"h3_index": "8966f1c5097ffff", "lat": 3.477145624818108, "lng": -76.52411703622153, "nivel_admin_1": "Comuna 02", "nivel_admin_2": "La Flora", "estrato_promedio_200m": 5.0, "dist_sitp": 500, "dist_tm": 1500, "dist_ciclo": 800}, "geometry": {"type": "Polygon", "coordinates": [[[-76.52491297396332, 3.478865225013476], [-76.52601622680594, 3.4773750752916013], [-76.5252202872968, 3.475655453011982], [-76.52332109282607, 3.475426005466891], [-76.52221785928202, 3.4769161720704256], [-76.52301380090906, 3.478635769337405], [-76.52491297396332, 3.478865225013476]]]}}, {"type": "Feature", "properties": {"h3_index": "8966f1c5c6fffff", "lat": 3.4300210657150347, "lng": -76.49692677732708, "nivel_admin_1": "Comuna 13", "nivel_admin_2": "El Pondaje", "estrato_promedio_200m": 3.0, "dist_sitp": 500, "dist_tm": 1500, "dist_ciclo": 800}, "geometry": {"type": "Polygon", "coordinates": [[[-76.49772287922178, 3.4317411728295513], [-76.49882603149264, 3.4302504430256233], [-76.49802992781439, 3.4285303138715473], [-76.49613066978758, 3.4283009395530164], [-76.4950275368678, 3.4297916861898137], [-76.49582364262265, 3.4315117903122814], [-76.49772287922178, 3.4317411728295513]]]}}, {"type": "Feature", "properties": {"h3_index": "8966f1c5e03ffff", "lat": 3.432085381684964, "lng": -76.51402055776065, "nivel_admin_1": "Comuna 11", "nivel_admin_2": "Prados de Oriente", "estrato_promedio_200m": 3.0, "dist_sitp": 500, "dist_tm": 1500, "dist_ciclo": 800}, "geometry": {"type": "Polygon", "coordinates": [[[-76.51481662483192, 3.4338055156327467], [-76.51591993510166, 3.4323147390268463], [-76.51512386625677, 3.430594583039426], [-76.51322448503805, 3.4303652286705666], [-76.51212119408966, 3.431856022121034], [-76.51291726503752, 3.433576153095805], [-76.51481662483192, 3.4338055156327467]]]}}, {"type": "Feature", "properties": {"h3_index": "8966f11b6b7ffff", "lat": 3.3801242547663426, "lng": -76.52763965600005, "nivel_admin_1": "Comuna 17", "nivel_admin_2": "El Ingenio", "estrato_promedio_200m": 3.0, "dist_sitp": 500, "dist_tm": 1500, "dist_ciclo": 800}, "geometry": {"type": "Polygon", "coordinates": [[[-76.52843582810776, 3.381845079331261], [-76.52953944832736, 3.380353467490399], [-76.52874327445329, 3.378632620940463], [-76.52684347823393, 3.3784034112150776], [-76.52573987731846, 3.379895039872801], [-76.52653605331714, 3.3816158614390472], [-76.52843582810776, 3.381845079331261]]]}}, {"type": "Feature", "properties": {"h3_index": "8966f1c5a27ffff", "lat": 3.4005456989541623, "lng": -76.50839160136734, "nivel_admin_1": "Comuna 15", "nivel_admin_2": "Ciudad Córdoba", "estrato_promedio_200m": 3.0, "dist_sitp": 500, "dist_tm": 1500, "dist_ciclo": 800}, "geometry": {"type": "Polygon", "coordinates": [[[-76.5091877564302, 3.4022662095558793], [-76.5102911207234, 3.4007749885238843], [-76.50949496388327, 3.399054455914009], [-76.5075954406542, 3.3988251693470826], [-76.50649209569589, 3.400316407198477], [-76.50728825463065, 3.4020369147974066], [-76.5091877564302, 3.4022662095558793]]]}}, {"type": "Feature", "properties": {"h3_index": "8966f1ced53ffff", "lat": 3.425891949397751, "lng": -76.54343533668772, "nivel_admin_1": "Comuna 19", "nivel_admin_2": "San Fernando Nuevo", "estrato_promedio_200m": 4.0, "dist_sitp": 500, "dist_tm": 1500, "dist_ciclo": 800}, "geometry": {"type": "Polygon", "coordinates": [[[-76.54423136765098, 3.427612251070277], [-76.54533498285338, 3.4261212489605577], [-76.54453895013337, 3.424400925258207], [-76.54263930006152, 3.4241716286430677], [-76.54153570413055, 3.425662647610764], [-76.54233173899893, 3.4273829463356282], [-76.54423136765098, 3.427612251070277]]]}}, {"type": "Feature", "properties": {"h3_index": "8966f11b093ffff", "lat": 3.3755364825960092, "lng": -76.51654849907739, "nivel_admin_1": "Comuna 17", "nivel_admin_2": "Lili", "estrato_promedio_200m": 3.0, "dist_sitp": 500, "dist_tm": 1500, "dist_ciclo": 800}, "geometry": {"type": "Polygon", "coordinates": [[[-76.51734470193098, 3.377257330094056], [-76.51844823090087, 3.375765700138633], [-76.51765202627446, 3.3740448306589323], [-76.51575229056948, 3.3738156161298156], [-76.51464878092342, 3.3753072628922425], [-76.51544498765742, 3.3770281073767876], [-76.51734470193098, 3.377257330094056]]]}}, {"type": "Feature", "properties": {"h3_index": "8966f11b40fffff", "lat": 3.3839112955790345, "lng": -76.51862975805277, "nivel_admin_1": "Comuna 17", "nivel_admin_2": "Caney", "estrato_promedio_200m": 3.0, "dist_sitp": 500, "dist_tm": 1500, "dist_ciclo": 800}, "geometry": {"type": "Polygon", "coordinates": [[[-76.51942593651519, 3.385632045176675], [-76.52052945679755, 3.384140530329071], [-76.51973327656358, 3.382419758741472], [-76.5178335739355, 3.3821905269964283], [-76.5167300729724, 3.3836820586580845], [-76.51752625531702, 3.38540280525073], [-76.51942593651519, 3.385632045176675]]]}}, {"type": "Feature", "properties": {"h3_index": "8966f1c5e63ffff", "lat": 3.4244017825676627, "lng": -76.51763780656286, "nivel_admin_1": "Comuna 11", "nivel_admin_2": "El Jardín", "estrato_promedio_200m": 3.0, "dist_sitp": 500, "dist_tm": 1500, "dist_ciclo": 800}, "geometry": {"type": "Polygon", "coordinates": [[[-76.51843388637822, 3.426122023724046], [-76.51953725796149, 3.424631116169106], [-76.51874117637446, 3.4229108529813406], [-76.51684172109448, 3.4226815223550697], [-76.5157383688273, 3.424172446751449], [-76.51653445252292, 3.425892684932674], [-76.51843388637822, 3.426122023724046]]]}}, {"type": "Feature", "properties": {"h3_index": "8966f1c4223ffff", "lat": 3.456277526556701, "lng": -76.48577153818398, "nivel_admin_1": "Comuna 07", "nivel_admin_2": "Los Pinos", "estrato_promedio_200m": 2.0, "dist_sitp": 500, "dist_tm": 1500, "dist_ciclo": 800}, "geometry": {"type": "Polygon", "coordinates": [[[-76.4865675942794, 3.4579972706932307], [-76.4876705485051, 3.456506983600592], [-76.48687449061995, 3.45478721739648], [-76.48497547644901, 3.4545577633360365], [-76.48387254159046, 3.4560480672729454], [-76.48466860153462, 3.457767808426045], [-76.4865675942794, 3.4579972706932307]]]}}, {"type": "Feature", "properties": {"h3_index": "8966f1c5823ffff", "lat": 3.411327975433791, "lng": -76.49006858058296, "nivel_admin_1": "Comuna 15", "nivel_admin_2": "Los Comuneros I", "estrato_promedio_200m": 2.0, "dist_sitp": 500, "dist_tm": 1500, "dist_ciclo": 800}, "geometry": {"type": "Polygon", "coordinates": [[[-76.49086474070273, 3.4130482948760394], [-76.49196789090456, 3.4115573175227274], [-76.49117172899706, 3.409836976059157], [-76.48927241482035, 3.409607636983521], [-76.48816928398368, 3.4110986311526657], [-76.48896544795744, 3.4128189475816217], [-76.49086474070273, 3.4130482948760394]]]}}, {"type": "Feature", "properties": {"h3_index": "8966f1ce8dbffff", "lat": 3.423482271851541, "lng": -76.56384400177605, "nivel_admin_1": "Comuna 20", "nivel_admin_2": "Sector La Sultana", "estrato_promedio_200m": 3.0, "dist_sitp": 500, "dist_tm": 1500, "dist_ciclo": 800}, "geometry": {"type": "Polygon", "coordinates": [[[-76.56464000274985, 3.425202666042564], [-76.56574382271145, 3.4237115358868553], [-76.5649478199927, 3.421991119670896], [-76.56304799513134, 3.4217618585642304], [-76.56194419440624, 3.4232530055885237], [-76.56274019930488, 3.4249733968509113], [-76.56464000274985, 3.425202666042564]]]}}, {"type": "Feature", "properties": {"h3_index": "8966f1c429bffff", "lat": 3.4730151282073836, "lng": -76.48993394288436, "nivel_admin_1": "Comuna 05", "nivel_admin_2": "Los Guayacanes", "estrato_promedio_200m": 3.0, "dist_sitp": 500, "dist_tm": 1500, "dist_ciclo": 800}, "geometry": {"type": "Polygon", "coordinates": [[[-76.49072995028088, 3.4747346753683206], [-76.49183288724433, 3.4732446194901607], [-76.49103687806071, 3.471525050245122], [-76.48913792984727, 3.471295561928795], [-76.48803501224178, 3.472785634665253], [-76.48883102349066, 3.474505178859751], [-76.49072995028088, 3.4747346753683206]]]}}, {"type": "Feature", "properties": {"h3_index": "8966f1c5163ffff", "lat": 3.4468777349098674, "lng": -76.51548701263476, "nivel_admin_1": "Comuna 08", "nivel_admin_2": "Benjamín Herrera", "estrato_promedio_200m": 3.0, "dist_sitp": 500, "dist_tm": 1500, "dist_ciclo": 800}, "geometry": {"type": "Polygon", "coordinates": [[[-76.51628304047685, 3.448597688220051], [-76.5173863140711, 3.44710712563416], [-76.51659028445637, 3.445387150269461], [-76.5146909791413, 3.44515776250543], [-76.51358772486415, 3.4466483419469665], [-76.51438375658387, 3.4483682922969017], [-76.51628304047685, 3.448597688220051]]]}}, {"type": "Feature", "properties": {"h3_index": "8966f1c53cfffff", "lat": 3.4496302756177672, "lng": -76.53827953065544, "nivel_admin_1": "Comuna 03", "nivel_admin_2": "El Peñón", "estrato_promedio_200m": 5.0, "dist_sitp": 500, "dist_tm": 1500, "dist_ciclo": 800}, "geometry": {"type": "Polygon", "coordinates": [[[-76.53907551182353, 3.45135026428597], [-76.54017899576608, 3.4498596394145182], [-76.53938301283857, 3.448139628691705], [-76.53748354382728, 3.4479102678298292], [-76.53638007916217, 3.4494009095725153], [-76.53717606422978, 3.4511208953058543], [-76.53907551182353, 3.45135026428597]]]}}, {"type": "Feature", "properties": {"h3_index": "8966f11b30bffff", "lat": 3.340880963172799, "lng": -76.5256292906278, "nivel_admin_1": "Comuna 22", "nivel_admin_2": "Parcelaciones Pance", "estrato_promedio_200m": 3.0, "dist_sitp": 500, "dist_tm": 1500, "dist_ciclo": 800}, "geometry": {"type": "Polygon", "coordinates": [[[-76.5264255635253, 3.3426022697158464], [-76.5275292991892, 3.341110084237042], [-76.52673302452375, 3.3393887557488617], [-76.52483301207128, 3.339159637715241], [-76.52372929571973, 3.340651839982484], [-76.52452557250722, 3.3423731434949127], [-76.5264255635253, 3.3426022697158464]]]}}, {"type": "Feature", "properties": {"h3_index": "8966f1ce113ffff", "lat": 3.453758479141214, "lng": -76.5724719822003, "nivel_admin_1": "Comuna 01", "nivel_admin_2": "Vista Hermosa", "estrato_promedio_200m": 1.0, "dist_sitp": 500, "dist_tm": 1500, "dist_ciclo": 800}, "geometry": {"type": "Polygon", "coordinates": [[[-76.57326789286434, 3.4554785202752956], [-76.57437169173453, 3.453987802324161], [-76.57357577933087, 3.4522677391353565], [-76.57167606586312, 3.4520384188492046], [-76.57057228621088, 3.4535291536949377], [-76.57136820080733, 3.4552491919322303], [-76.57326789286434, 3.4554785202752956]]]}}, {"type": "Feature", "properties": {"h3_index": "8966f1c5dcbffff", "lat": 3.433116753589929, "lng": -76.48222249989817, "nivel_admin_1": "Comuna 14", "nivel_admin_2": "Los Naranjos I", "estrato_promedio_200m": 3.0, "dist_sitp": 500, "dist_tm": 1500, "dist_ciclo": 800}, "geometry": {"type": "Polygon", "coordinates": [[[-76.4830186195522, 3.4348367765920362], [-76.48412161902341, 3.4333461598230337], [-76.4833254975774, 3.431626114776481], [-76.48142637460515, 3.431396711548099], [-76.48032339450995, 3.4328873451432727], [-76.48111951800986, 3.434607365140663], [-76.4830186195522, 3.4348367765920362]]]}}, {"type": "Feature", "properties": {"h3_index": "8966f1c5c57ffff", "lat": 3.441602612229022, "lng": -76.49870095888716, "nivel_admin_1": "Comuna 12", "nivel_admin_2": "Nueva Floresta", "estrato_promedio_200m": 3.0, "dist_sitp": 500, "dist_tm": 1500, "dist_ciclo": 800}, "geometry": {"type": "Polygon", "coordinates": [[[-76.49949702899006, 3.4433225799487364], [-76.50060015861266, 3.4418320148825976], [-76.49980408672737, 3.440112025111735], [-76.4979048831392, 3.439882625439584], [-76.49680177286322, 3.441373207347657], [-76.4975978468277, 3.4430931720859634], [-76.49949702899006, 3.4433225799487364]]]}}, {"type": "Feature", "properties": {"h3_index": "8966f1ccdbbffff", "lat": 3.37197391640845, "lng": -76.55436507955537, "nivel_admin_1": "Comuna 18", "nivel_admin_2": "Altos del Madrigal", "estrato_promedio_200m": 3.0, "dist_sitp": 500, "dist_tm": 1500, "dist_ciclo": 800}, "geometry": {"type": "Polygon", "coordinates": [[[-76.5551612249272, 3.3736949247044747], [-76.55626513069001, 3.3722030713419904], [-76.55546898356718, 3.3704820410724583], [-76.55356892851447, 3.3702528891164727], [-76.55246504201068, 3.371744759306261], [-76.55326119129948, 3.3734657646247443], [-76.5551612249272, 3.3736949247044747]]]}}, {"type": "Feature", "properties": {"h3_index": "8966f1c4297ffff", "lat": 3.472326640806267, "lng": -76.4842371921248, "nivel_admin_1": "Comuna 06", "nivel_admin_2": "Jorge Eliécer Gaitán", "estrato_promedio_200m": 2.0, "dist_sitp": 500, "dist_tm": 1500, "dist_ciclo": 800}, "geometry": {"type": "Polygon", "coordinates": [[[-76.48503321107292, 3.474046179061547], [-76.48613609532057, 3.4725561388646042], [-76.48534007458201, 3.4708365785252533], [-76.48344116753825, 3.4706070834396963], [-76.48233830265842, 3.472097140491046], [-76.48313432545346, 3.473816675773554], [-76.48503321107292, 3.474046179061547]]]}}, {"type": "Feature", "properties": {"h3_index": "8966f1c5233ffff", "lat": 3.455478295246229, "lng": -76.54636585821109, "nivel_admin_1": "Comuna 02", "nivel_admin_2": "Normandía", "estrato_promedio_200m": 6.0, "dist_sitp": 500, "dist_tm": 1500, "dist_ciclo": 800}, "geometry": {"type": "Polygon", "coordinates": [[[-76.54716181068133, 3.4571982353054094], [-76.54826535242695, 3.4557076610654027], [-76.54746939820201, 3.453987698946641], [-76.54556990007785, 3.453758336049622], [-76.54446637759503, 3.4552489271697326], [-76.54526233397247, 3.456968864306757], [-76.54716181068133, 3.4571982353054094]]]}}, {"type": "Feature", "properties": {"h3_index": "8966f1ceb03ffff", "lat": 3.3919371764886077, "lng": -76.55821851903089, "nivel_admin_1": "Comuna 18", "nivel_admin_2": "Sector Alto de los Chorros", "estrato_promedio_200m": 3.0, "dist_sitp": 500, "dist_tm": 1500, "dist_ciclo": 800}, "geometry": {"type": "Polygon", "coordinates": [[[-76.55901460812657, 3.3936579476753344], [-76.56011848237605, 3.392166373566742], [-76.55932239153184, 3.3904455803865763], [-76.5574224242654, 3.390216386266847], [-76.55631856926588, 3.391707977218868], [-76.55711466228173, 3.393428745447203], [-76.55901460812657, 3.3936579476753344]]]}}, {"type": "Feature", "properties": {"h3_index": "8966f1c4363ffff", "lat": 3.442060013851227, "lng": -76.47560484544888, "nivel_admin_1": "Comuna 21", "nivel_admin_2": "Sector Planta de Tratamiento", "estrato_promedio_200m": 3.0, "dist_sitp": 500, "dist_tm": 1500, "dist_ciclo": 800}, "geometry": {"type": "Polygon", "coordinates": [[[-76.47640095433783, 3.443779904552082], [-76.47750385906009, 3.4422894514131364], [-76.4767077483754, 3.4405695386579604], [-76.47480873092378, 3.4403401041007062], [-76.47370584558787, 3.4418305740680113], [-76.47450195831614, 3.443550461764214], [-76.47640095433783, 3.443779904552082]]]}}, {"type": "Feature", "properties": {"h3_index": "8966f11b223ffff", "lat": 3.3486825956666326, "lng": -76.53641440205605, "nivel_admin_1": "Comuna 22", "nivel_admin_2": "Parcelaciones Pance", "estrato_promedio_200m": 3.0, "dist_sitp": 500, "dist_tm": 1500, "dist_ciclo": 800}, "geometry": {"type": "Polygon", "coordinates": [[[-76.53721063672516, 3.350403838581022], [-76.53831444958955, 3.3489117202857765], [-76.5375182131588, 3.3471904554195553], [-76.53561816172403, 3.3469613338140607], [-76.53451436815244, 3.3484534689096597], [-76.53531060672175, 3.350174708810411], [-76.53721063672516, 3.350403838581022]]]}}, {"type": "Feature", "properties": {"h3_index": "8966f1c4043ffff", "lat": 3.471638133093299, "lng": -76.47854056493011, "nivel_admin_1": "Comuna 06", "nivel_admin_2": "Jorge Eliécer Gaitán", "estrato_promedio_200m": 2.0, "dist_sitp": 500, "dist_tm": 1500, "dist_ciclo": 800}, "geometry": {"type": "Polygon", "coordinates": [[[-76.47933659541344, 3.4733576624239064], [-76.48043942692553, 3.4718676379197793], [-76.47964339464848, 3.4701480865051333], [-76.47774452881055, 3.4699185846577807], [-76.4766417166762, 3.471408626012419], [-76.47743775100095, 3.4731281523639086], [-76.47933659541344, 3.4733576624239064]]]}}, {"type": "Feature", "properties": {"h3_index": "8966f1c5a77ffff", "lat": 3.403183366700802, "lng": -76.516785900416, "nivel_admin_1": "Comuna 16", "nivel_admin_2": "Mariano Ramos", "estrato_promedio_200m": 2.0, "dist_sitp": 500, "dist_tm": 1500, "dist_ciclo": 800}, "geometry": {"type": "Polygon", "coordinates": [[[-76.51758203431955, 3.4049038702748877], [-76.5186854705892, 3.4034126505106674], [-76.51788933491328, 3.4016921249267353], [-76.51598976085901, 3.4014628441090755], [-76.51488634390944, 3.4029540806995624], [-76.51568248169293, 3.4046745812814487], [-76.51758203431955, 3.4049038702748877]]]}}, {"type": "Feature", "properties": {"h3_index": "8966f1c5ea3ffff", "lat": 3.4326586807229695, "lng": -76.50531996262274, "nivel_admin_1": "Comuna 12", "nivel_admin_2": "El Paraíso", "estrato_promedio_200m": 3.0, "dist_sitp": 500, "dist_tm": 1500, "dist_ciclo": 800}, "geometry": {"type": "Polygon", "coordinates": [[[-76.50611604341069, 3.434378780724766], [-76.50721926770395, 3.432888052148296], [-76.50642318513734, 3.4311679301052544], [-76.50452387618685, 3.4309385616614], [-76.50342067122989, 3.432429307077609], [-76.504216755886, 3.4341494040979397], [-76.50611604341069, 3.434378780724766]]]}}, {"type": "Feature", "properties": {"h3_index": "8966f1c552bffff", "lat": 3.4686608978911897, "lng": -76.50763916833067, "nivel_admin_1": "Comuna 04", "nivel_admin_2": "Salomia", "estrato_promedio_200m": 3.0, "dist_sitp": 500, "dist_tm": 1500, "dist_ciclo": 800}, "geometry": {"type": "Polygon", "coordinates": [[[-76.50843515582345, 3.470380554084782], [-76.5095382788059, 3.468890352481203], [-76.5087422895362, 3.4671706742100206], [-76.50684317519031, 3.4669412225716933], [-76.50574007153583, 3.4684314410412114], [-76.50653606289815, 3.4701510942831275], [-76.50843515582345, 3.470380554084782]]]}}, {"type": "Feature", "properties": {"h3_index": "8966f1c5d27ffff", "lat": 3.418208940848317, "lng": -76.46635779663416, "nivel_admin_1": "Comuna 21", "nivel_admin_2": "El Remanso", "estrato_promedio_200m": 1.0, "dist_sitp": 500, "dist_tm": 1500, "dist_ciclo": 800}, "geometry": {"type": "Polygon", "coordinates": [[[-76.46715398057529, 3.4199291009326473], [-76.46825687771651, 3.418438333959121], [-76.46746069197401, 3.4167181518436522], [-76.46556160705963, 3.4164887617651343], [-76.46445872932355, 3.4179795455449815], [-76.46525491709563, 3.4196997025970424], [-76.46715398057529, 3.4199291009326473]]]}}, {"type": "Feature", "properties": {"h3_index": "8966f1c500bffff", "lat": 3.4669432634069732, "lng": -76.53373943800555, "nivel_admin_1": "Comuna 02", "nivel_admin_2": "Santa Mónica", "estrato_promedio_200m": 5.0, "dist_sitp": 500, "dist_tm": 1500, "dist_ciclo": 800}, "geometry": {"type": "Polygon", "coordinates": [[[-76.5345353842108, 3.4686630210838714], [-76.53563876489562, 3.467172675232293], [-76.53484281692849, 3.4654528954826502], [-76.5329434861426, 3.4652234865836573], [-76.53184012474098, 3.466713849315658], [-76.53263607484097, 3.468433604066234], [-76.5345353842108, 3.4686630210838714]]]}}, {"type": "Feature", "properties": {"h3_index": "8966f1c514bffff", "lat": 3.452725729581395, "lng": -76.52357298955786, "nivel_admin_1": "Comuna 03", "nivel_admin_2": "San Nicolás", "estrato_promedio_200m": 2.0, "dist_sitp": 500, "dist_tm": 1500, "dist_ciclo": 800}, "geometry": {"type": "Polygon", "coordinates": [[[-76.52436898879397, 3.4544456344351073], [-76.52547232031014, 3.452955122433927], [-76.52467631930612, 3.4512351955207192], [-76.52277698466744, 3.4510058056157233], [-76.5216736724537, 3.4524963344814403], [-76.5224696755751, 3.4542162363876154], [-76.52436898879397, 3.4544456344351073]]]}}, {"type": "Feature", "properties": {"h3_index": "8966f1c515bffff", "lat": 3.455936119180192, "lng": -76.52326567304269, "nivel_admin_1": "Comuna 03", "nivel_admin_2": "San Nicolás", "estrato_promedio_200m": 2.0, "dist_sitp": 500, "dist_tm": 1500, "dist_ciclo": 800}, "geometry": {"type": "Polygon", "coordinates": [[[-76.52406166485622, 3.457655982855374], [-76.52516498237554, 3.4561655201730956], [-76.52436898879397, 3.4544456344351073], [-76.5224696755751, 3.4542162363876154], [-76.52136637735836, 3.4557067159364565], [-76.52216237305682, 3.457426576666237], [-76.52406166485622, 3.457655982855374]]]}}, {"type": "Feature", "properties": {"h3_index": "8966f1c5e93ffff", "lat": 3.442978994704919, "lng": -76.51009636262268, "nivel_admin_1": "Comuna 08", "nivel_admin_2": "La Floresta", "estrato_promedio_200m": 3.0, "dist_sitp": 500, "dist_tm": 1500, "dist_ciclo": 800}, "geometry": {"type": "Polygon", "coordinates": [[[-76.51089240951781, 3.4446989802687136], [-76.511995644473, 3.4432083839744902], [-76.5111995958021, 3.441488376359509], [-76.50930031007813, 3.441258990058664], [-76.50819709444976, 3.4427496032026013], [-76.5089931452174, 3.4444695857976795], [-76.51089240951781, 3.4446989802687136]]]}}, {"type": "Feature", "properties": {"h3_index": "8966f1c5ddbffff", "lat": 3.4363273660966867, "lng": -76.48191563587126, "nivel_admin_1": "Comuna 14", "nivel_admin_2": "Alirio Mora Beltrán", "estrato_promedio_200m": 2.0, "dist_sitp": 500, "dist_tm": 1500, "dist_ciclo": 800}, "geometry": {"type": "Polygon", "coordinates": [[[-76.48271174809389, 3.438047348007543], [-76.48381473356697, 3.436556780550637], [-76.4830186195522, 3.4348367765920362], [-76.48111951800986, 3.434607365140663], [-76.48001655191295, 3.4360979494257675], [-76.4808126679811, 3.437817928334048], [-76.48271174809389, 3.438047348007543]]]}}, {"type": "Feature", "properties": {"h3_index": "8966f1c5eafffff", "lat": 3.429447789004093, "lng": -76.5056270969223, "nivel_admin_1": "Comuna 12", "nivel_admin_2": "Eduardo Santos", "estrato_promedio_200m": 2.0, "dist_sitp": 500, "dist_tm": 1500, "dist_ciclo": 800}, "geometry": {"type": "Polygon", "coordinates": [[[-76.50642318513734, 3.4311679301052544], [-76.50752642342933, 3.4296771522477196], [-76.50673033343575, 3.4279569891086212], [-76.5048310030591, 3.4277276288486065], [-76.50372778410328, 3.429218423543845], [-76.50452387618685, 3.4309385616614], [-76.50642318513734, 3.4311679301052544]]]}}, {"type": "Feature", "properties": {"h3_index": "8966f1c5da7ffff", "lat": 3.425891896221666, "lng": -76.46274255002277, "nivel_admin_1": "Comuna 21", "nivel_admin_2": "Desepaz Invicali", "estrato_promedio_200m": 1.0, "dist_sitp": 500, "dist_tm": 1500, "dist_ciclo": 800}, "geometry": {"type": "Polygon", "coordinates": [[[-76.46353872112067, 3.4276119491557164], [-76.46464155685933, 3.4261213132694683], [-76.4638453839581, 3.424401238296031], [-76.46194637329316, 3.424171824278346], [-76.46084355696492, 3.425662476974067], [-76.4616397318901, 3.427382526878005], [-76.46353872112067, 3.4276119491557164]]]}}, {"type": "Feature", "properties": {"h3_index": "8966f1c5bdbffff", "lat": 3.4050192648814486, "lng": -76.50508160849708, "nivel_admin_1": "Comuna 15", "nivel_admin_2": "Ciudad Córdoba", "estrato_promedio_200m": 3.0, "dist_sitp": 500, "dist_tm": 1500, "dist_ciclo": 800}, "geometry": {"type": "Polygon", "coordinates": [[[-76.50587775822446, 3.406739709448799], [-76.50698107518025, 3.4052485700212753], [-76.50618492367376, 3.4035281034408245], [-76.50428545312086, 3.403298801303771], [-76.50318215550513, 3.404789957551785], [-76.50397830910111, 3.4065103991163723], [-76.50587775822446, 3.406739709448799]]]}}, {"type": "Feature", "properties": {"h3_index": "8966f1ceb8fffff", "lat": 3.3964118019223566, "lng": -76.55490699604074, "nivel_admin_1": "Comuna 19", "nivel_admin_2": "El Refugio", "estrato_promedio_200m": 4.0, "dist_sitp": 500, "dist_tm": 1500, "dist_ciclo": 800}, "geometry": {"type": "Polygon", "coordinates": [[[-76.55570307988708, 3.3981325071188793], [-76.5568069068816, 3.3966410144543415], [-76.55601082128486, 3.3949202872594286], [-76.55411090652603, 3.3946910776858226], [-76.55300709878667, 3.3961825871948763], [-76.55380318654987, 3.3979032894330192], [-76.55570307988708, 3.3981325071188793]]]}}, {"type": "Feature", "properties": {"h3_index": "8966f11b6abffff", "lat": 3.3775993625798177, "lng": -76.53364657710856, "nivel_admin_1": "Comuna 17", "nivel_admin_2": "Sector Ciudad Universitaria", "estrato_promedio_200m": 3.0, "dist_sitp": 500, "dist_tm": 1500, "dist_ciclo": 800}, "geometry": {"type": "Polygon", "coordinates": [[[-76.53444274495652, 3.3793202371041375], [-76.53554643177652, 3.3778285606351504], [-76.53475026216566, 3.376107664129106], [-76.53285040359975, 3.375878469068233], [-76.53174673607384, 3.37737016235594], [-76.53254290781864, 3.379091033885805], [-76.53444274495652, 3.3793202371041375]]]}}, {"type": "Feature", "properties": {"h3_index": "8966f1c4e4bffff", "lat": 3.43426253634677, "lng": -76.46482437527605, "nivel_admin_1": "Comuna 21", "nivel_admin_2": "Ciudad Talanga", "estrato_promedio_200m": 1.0, "dist_sitp": 500, "dist_tm": 1500, "dist_ciclo": 800}, "geometry": {"type": "Polygon", "coordinates": [[[-76.4656205220426, 3.4359824911582986], [-76.46672334919023, 3.434491970723696], [-76.46592720062165, 3.4327719938645043], [-76.46402822287727, 3.4325425625091848], [-76.46292541513546, 3.4340330997602937], [-76.46372156573109, 3.4357530515502224], [-76.4656205220426, 3.4359824911582986]]]}}, {"type": "Feature", "properties": {"h3_index": "8966f1c500fffff", "lat": 3.464994075420793, "lng": -76.531044168984, "nivel_admin_1": "Comuna 02", "nivel_admin_2": "Santa Mónica", "estrato_promedio_200m": 5.0, "dist_sitp": 500, "dist_tm": 1500, "dist_ciclo": 800}, "geometry": {"type": "Polygon", "coordinates": [[[-76.53184012474098, 3.466713849315658], [-76.5329434861426, 3.4652234865836573], [-76.53214752862216, 3.4635036906177237], [-76.53024820757028, 3.4632742823854263], [-76.52914486545674, 3.464764661994884], [-76.52994082510591, 3.466484432959185], [-76.53184012474098, 3.466713849315658]]]}}, {"type": "Feature", "properties": {"h3_index": "8966f1c521bffff", "lat": 3.46132617492092, "lng": -76.55445218685854, "nivel_admin_1": "Comuna 01", "nivel_admin_2": "Aguacatal", "estrato_promedio_200m": 3.0, "dist_sitp": 500, "dist_tm": 1500, "dist_ciclo": 800}, "geometry": {"type": "Polygon", "coordinates": [[[-76.55524811059924, 3.463046066279836], [-76.55635171010397, 3.461555542697933], [-76.55555578461333, 3.4598356292744294], [-76.55365625745195, 3.4596062644068697], [-76.55255267719535, 3.4610968048777724], [-76.5533486048509, 3.462816693327255], [-76.55524811059924, 3.463046066279836]]]}}, {"type": "Feature", "properties": {"h3_index": "8966f1c424fffff", "lat": 3.4596034437421563, "lng": -76.49986092758846, "nivel_admin_1": "Comuna 07", "nivel_admin_2": "Sector Base Aérea", "estrato_promedio_200m": 3.0, "dist_sitp": 500, "dist_tm": 1500, "dist_ciclo": 800}, "geometry": {"type": "Polygon", "coordinates": [[[-76.5006569510466, 3.461323189600794], [-76.50176003002653, 3.4598328880504847], [-76.50096400478687, 3.458113120122548], [-76.49906489848543, 3.4578836787807457], [-76.49796183884794, 3.459373997186089], [-76.49875786616835, 3.461093740078212], [-76.5006569510466, 3.461323189600794]]]}}, {"type": "Feature", "properties": {"h3_index": "8966f1c581bffff", "lat": 3.420388094532925, "lng": -76.49784792052893, "nivel_admin_1": "Comuna 13", "nivel_admin_2": "El Poblado I", "estrato_promedio_200m": 2.0, "dist_sitp": 500, "dist_tm": 1500, "dist_ciclo": 800}, "geometry": {"type": "Polygon", "coordinates": [[[-76.49864404471033, 3.4221083248773754], [-76.49974723897863, 3.420617447248561], [-76.49895111301409, 3.418897194874462], [-76.49705179070202, 3.418667845157295], [-76.49594861578437, 3.4201587396128854], [-76.49674474382707, 3.421878966958887], [-76.49864404471033, 3.4221083248773754]]]}}, {"type": "Feature", "properties": {"h3_index": "8966f1c5c7bffff", "lat": 3.435181329900981, "lng": -76.49931506607587, "nivel_admin_1": "Comuna 12", "nivel_admin_2": "Nueva Floresta", "estrato_promedio_200m": 3.0, "dist_sitp": 500, "dist_tm": 1500, "dist_ciclo": 800}, "geometry": {"type": "Polygon", "coordinates": [[[-76.50011115103474, 3.436901379850329], [-76.50121430865335, 3.4354107161750034], [-76.50041822191237, 3.433690644181127], [-76.49851897547147, 3.4334612608927917], [-76.49741583719918, 3.4349519414059864], [-76.49821192602037, 3.4366719883696546], [-76.50011115103474, 3.436901379850329]]]}}, {"type": "Feature", "properties": {"h3_index": "8966f1c466fffff", "lat": 3.474964169615425, "lng": -76.49262889078666, "nivel_admin_1": "Comuna 05", "nivel_admin_2": "Chiminangos Segunda Etapa", "estrato_promedio_200m": 3.0, "dist_sitp": 500, "dist_tm": 1500, "dist_ciclo": 800}, "geometry": {"type": "Polygon", "coordinates": [[[-76.49342488868744, 3.4766837006171385], [-76.49452784500394, 3.475193661600245], [-76.49373184531763, 3.4734741085127667], [-76.49183288724433, 3.4732446194901607], [-76.49072995028088, 3.4747346753683206], [-76.4915259520366, 3.47645420340783], [-76.49342488868744, 3.4766837006171385]]]}}, {"type": "Feature", "properties": {"h3_index": "8966f1c5c4bffff", "lat": 3.4390801929891044, "lng": -76.5047057137379, "nivel_admin_1": "Comuna 12", "nivel_admin_2": "Asturias", "estrato_promedio_200m": 2.0, "dist_sitp": 500, "dist_tm": 1500, "dist_ciclo": 800}, "geometry": {"type": "Polygon", "coordinates": [[[-76.50550177967195, 3.4408002107659605], [-76.50660497596861, 3.439309580775259], [-76.50580890825562, 3.4375895409505484], [-76.50390964215639, 3.437360156141601], [-76.5028064651963, 3.4388508029760954], [-76.50360253499777, 3.440570817775752], [-76.50550177967195, 3.4408002107659605]]]}}, {"type": "Feature", "properties": {"h3_index": "8966f1c5263ffff", "lat": 3.451694468743874, "lng": -76.55537520639312, "nivel_admin_1": "Comuna 01", "nivel_admin_2": "Terrón Colorado", "estrato_promedio_200m": 2.0, "dist_sitp": 500, "dist_tm": 1500, "dist_ciclo": 800}, "geometry": {"type": "Polygon", "coordinates": [[[-76.55617115238314, 3.4534144837306973], [-76.55727479387879, 3.4519238122670917], [-76.55647884613924, 3.4502037752255994], [-76.5545792547365, 3.449974434618214], [-76.55347563248856, 3.451465122964736], [-76.55427158239455, 3.4531851350357394], [-76.55617115238314, 3.4534144837306973]]]}}, {"type": "Feature", "properties": {"h3_index": "8966f1c5c83ffff", "lat": 3.4485962747252707, "lng": -76.48938737375094, "nivel_admin_1": "Comuna 08", "nivel_admin_2": "Urbanización La Nueva Base", "estrato_promedio_200m": 3.0, "dist_sitp": 500, "dist_tm": 1500, "dist_ciclo": 800}, "geometry": {"type": "Polygon", "coordinates": [[[-76.4901834426429, 3.4503161261997795], [-76.49128645822063, 3.4488257079052933], [-76.49049038754097, 3.447105834371437], [-76.48859129921779, 3.4468764041770195], [-76.48748830300188, 3.448366839312659], [-76.48828437574626, 3.450086687801571], [-76.4901834426429, 3.4503161261997795]]]}}, {"type": "Feature", "properties": {"h3_index": "8966f11b29bffff", "lat": 3.365435856213399, "lng": -76.54057651775275, "nivel_admin_1": "Comuna 22", "nivel_admin_2": "Urbanización Ciudad Jardín", "estrato_promedio_200m": 6.0, "dist_sitp": 500, "dist_tm": 1500, "dist_ciclo": 800}, "geometry": {"type": "Polygon", "coordinates": [[[-76.54137270359217, 3.367156903550626], [-76.54247649900607, 3.3656650151693284], [-76.54168031140762, 3.363943945863636], [-76.53978032624937, 3.363714789904334], [-76.53867655011908, 3.3652066951001], [-76.53947273986229, 3.3669277394407104], [-76.54137270359217, 3.367156903550626]]]}}, {"type": "Feature", "properties": {"h3_index": "8966f11b227ffff", "lat": 3.3467322100728603, "lng": -76.53371812392095, "nivel_admin_1": "Comuna 22", "nivel_admin_2": "Parcelaciones Pance", "estrato_promedio_200m": 3.0, "dist_sitp": 500, "dist_tm": 1500, "dist_ciclo": 800}, "geometry": {"type": "Polygon", "coordinates": [[[-76.53451436815244, 3.3484534689096597], [-76.53561816172403, 3.3469613338140607], [-76.53482191572932, 3.3452400530271102], [-76.53292187402751, 3.3450109323037998], [-76.5318180997536, 3.3465030841967787], [-76.53261434788274, 3.3482243400156944], [-76.53451436815244, 3.3484534689096597]]]}}, {"type": "Feature", "properties": {"h3_index": "8966f1c5c77ffff", "lat": 3.4344931577563726, "lng": -76.4936174205644, "nivel_admin_1": "Comuna 13", "nivel_admin_2": "Ricardo Balcázar", "estrato_promedio_200m": 2.0, "dist_sitp": 500, "dist_tm": 1500, "dist_ciclo": 800}, "geometry": {"type": "Polygon", "coordinates": [[[-76.49441351710475, 3.4362131987423425], [-76.49551662202735, 3.4347225506908354], [-76.4947205237016, 3.433002487660372], [-76.49282131838069, 3.432773097717932], [-76.49171823281432, 3.4342637626034054], [-76.49251433321152, 3.435983800597345], [-76.49441351710475, 3.4362131987423425]]]}}, {"type": "Feature", "properties": {"h3_index": "8966f1ce91bffff", "lat": 3.4027227433106817, "lng": -76.53988919361807, "nivel_admin_1": "Comuna 17", "nivel_admin_2": "Santa Anita - La Selva", "estrato_promedio_200m": 3.0, "dist_sitp": 500, "dist_tm": 1500, "dist_ciclo": 800}, "geometry": {"type": "Polygon", "coordinates": [[[-76.54068528824162, 3.4044433236775196], [-76.54178894890035, 3.4029519926263707], [-76.54099285251777, 3.401231390252915], [-76.53909309333216, 3.401002143906174], [-76.53798945195372, 3.402493491797165], [-76.53878555047952, 3.404214069195066], [-76.54068528824162, 3.4044433236775196]]]}}, {"type": "Feature", "properties": {"h3_index": "8966f1ce9abffff", "lat": 3.400085136570259, "lng": -76.53149419282776, "nivel_admin_1": "Comuna 17", "nivel_admin_2": "El Limonar", "estrato_promedio_200m": 3.0, "dist_sitp": 500, "dist_tm": 1500, "dist_ciclo": 800}, "geometry": {"type": "Polygon", "coordinates": [[[-76.53229030870872, 3.4018057240778323], [-76.53339389751007, 3.4003143916949305], [-76.53259777986518, 3.398593782182413], [-76.53069807128755, 3.39836453003728], [-76.52959450178132, 3.399855879253164], [-76.5303906215565, 3.4015764637812147], [-76.53229030870872, 3.4018057240778323]]]}}, {"type": "Feature", "properties": {"h3_index": "8966f1c5d3bffff", "lat": 3.422108038154812, "lng": -76.47174831947908, "nivel_admin_1": "Comuna 14", "nivel_admin_2": "Manuela Beltrán", "estrato_promedio_200m": 1.0, "dist_sitp": 500, "dist_tm": 1500, "dist_ciclo": 800}, "geometry": {"type": "Polygon", "coordinates": [[[-76.47254448448244, 3.423828166279814], [-76.47364742041931, 3.4223374329278493], [-76.47285125361776, 3.420617282768373], [-76.47095214884038, 3.420387891019131], [-76.4698492322989, 3.421878641183363], [-76.47064540113831, 3.423598766284575], [-76.47254448448244, 3.423828166279814]]]}}, {"type": "Feature", "properties": {"h3_index": "8966f1c4053ffff", "lat": 3.4748476596088405, "lng": -76.47823377968997, "nivel_admin_1": "Comuna 06", "nivel_admin_2": "Petecuy Primera Etapa", "estrato_promedio_200m": 2.0, "dist_sitp": 500, "dist_tm": 1500, "dist_ciclo": 800}, "geometry": {"type": "Polygon", "coordinates": [[[-76.479029802743, 3.476567147743423], [-76.48013262026032, 3.4750771726458294], [-76.47933659541344, 3.4733576624239064], [-76.47743775100095, 3.4731281523639086], [-76.47633495286148, 3.4746181443140443], [-76.47713097975556, 3.476337629471636], [-76.479029802743, 3.476567147743423]]]}}, {"type": "Feature", "properties": {"h3_index": "8966f1ccd93ffff", "lat": 3.380349595884685, "lng": -76.55644573176667, "nivel_admin_1": "Comuna 18", "nivel_admin_2": "Sector Cuarteles de Nápoles", "estrato_promedio_200m": 1.0, "dist_sitp": 500, "dist_tm": 1500, "dist_ciclo": 800}, "geometry": {"type": "Polygon", "coordinates": [[[-76.55724185271023, 3.3820705061772376], [-76.55834574971935, 3.380578767853347], [-76.5575496270261, 3.37885783557899], [-76.55564960515358, 3.3786286665793797], [-76.55454572739887, 3.3801204217376255], [-76.5553418522612, 3.3818413290611287], [-76.55724185271023, 3.3820705061772376]]]}}, {"type": "Feature", "properties": {"h3_index": "8966f1ced03ffff", "lat": 3.423254419970217, "lng": -76.5350408359177, "nivel_admin_1": "Comuna 19", "nivel_admin_2": "Sector Unidad Deportiva Jaime Aparicio", "estrato_promedio_200m": 3.0, "dist_sitp": 500, "dist_tm": 1500, "dist_ciclo": 800}, "geometry": {"type": "Polygon", "coordinates": [[[-76.53583688815038, 3.4249747289130217], [-76.53694043152406, 3.423483725468632], [-76.53614437752977, 3.421763394497689], [-76.53424477802525, 3.4215340919575423], [-76.53314125393777, 3.423025112253039], [-76.53393731006753, 3.4247454182375776], [-76.53583688815038, 3.4249747289130217]]]}}, {"type": "Feature", "properties": {"h3_index": "8966f1cec2bffff", "lat": 3.4285294477377835, "lng": -76.55183001828568, "nivel_admin_1": "Comuna 20", "nivel_admin_2": "Belén", "estrato_promedio_200m": 1.0, "dist_sitp": 500, "dist_tm": 1500, "dist_ciclo": 800}, "geometry": {"type": "Polygon", "coordinates": [[[-76.55262602794426, 3.43024974208542], [-76.55372971493081, 3.4287587413327674], [-76.5529337035204, 3.4270384249536225], [-76.55103400296103, 3.4268091342957305], [-76.5499303352311, 3.4283001519132204], [-76.55072634880281, 3.4300204433237753], [-76.55262602794426, 3.43024974208542]]]}}, {"type": "Feature", "properties": {"h3_index": "8966f11b4bbffff", "lat": 3.3896479136037825, "lng": -76.51231622688677, "nivel_admin_1": "Comuna 16", "nivel_admin_2": "Sector Vendimia", "estrato_promedio_200m": 3.0, "dist_sitp": 500, "dist_tm": 1500, "dist_ciclo": 800}, "geometry": {"type": "Polygon", "coordinates": [[[-76.51311240213472, 3.391368572220072], [-76.51421584176525, 3.3898771712412326], [-76.51341966474219, 3.3881564906283765], [-76.51152004598666, 3.387927235998009], [-76.51041662568555, 3.3894186537910738], [-76.51121280480946, 3.3911393094002857], [-76.51311240213472, 3.391368572220072]]]}}, {"type": "Feature", "properties": {"h3_index": "8966f1c51cfffff", "lat": 3.4584581773576026, "lng": -76.51726058126984, "nivel_admin_1": "Comuna 04", "nivel_admin_2": "Jorge Isaacs", "estrato_promedio_200m": 2.0, "dist_sitp": 500, "dist_tm": 1500, "dist_ciclo": 800}, "geometry": {"type": "Polygon", "coordinates": [[[-76.51805657730903, 3.4601779910093544], [-76.51915982822484, 3.458687593250246], [-76.51836383041416, 3.456967757532422], [-76.51646457957901, 3.4567383445893975], [-76.51536134797581, 3.4582287592131875], [-76.51615734789407, 3.4599485699153294], [-76.51805657730903, 3.4601779910093544]]]}}, {"type": "Feature", "properties": {"h3_index": "8966f1ceb37ffff", "lat": 3.386087171035671, "lng": -76.55013037393539, "nivel_admin_1": "Comuna 18", "nivel_admin_2": "Nápoles", "estrato_promedio_200m": 3.0, "dist_sitp": 500, "dist_tm": 1500, "dist_ciclo": 800}, "geometry": {"type": "Polygon", "coordinates": [[[-76.5509264917883, 3.3878079904154204], [-76.5520303082732, 3.386316365785457], [-76.551234188667, 3.384595524417284], [-76.54933425041557, 3.3843663326386286], [-76.54823045319529, 3.385857974103113], [-76.54902657496072, 3.3875787905117383], [-76.5509264917883, 3.3878079904154204]]]}}, {"type": "Feature", "properties": {"h3_index": "8966f1c5cc7ffff", "lat": 3.446074210007164, "lng": -76.49539167005294, "nivel_admin_1": "Comuna 08", "nivel_admin_2": "La Base", "estrato_promedio_200m": 3.0, "dist_sitp": 500, "dist_tm": 1500, "dist_ciclo": 800}, "geometry": {"type": "Polygon", "coordinates": [[[-76.49618773480493, 3.4477941115636073], [-76.49729081708573, 3.446303628292173], [-76.49649475054947, 3.444583704679657], [-76.4945955996573, 3.444354289376038], [-76.49349253672831, 3.4458447894904953], [-76.49428860533858, 3.447564688065558], [-76.49618773480493, 3.4477941115636073]]]}}, {"type": "Feature", "properties": {"h3_index": "8966f1c5c8fffff", "lat": 3.44538594176549, "lng": -76.48969431121962, "nivel_admin_1": "Comuna 07", "nivel_admin_2": "Siete de Agosto", "estrato_promedio_200m": 3.0, "dist_sitp": 500, "dist_tm": 1500, "dist_ciclo": 800}, "geometry": {"type": "Polygon", "coordinates": [[[-76.49049038754097, 3.447105834371437], [-76.49159341711587, 3.445615366742993], [-76.49079733900696, 3.4438954520810157], [-76.48889822925683, 3.4436660300912516], [-76.48779521904363, 3.4451565145588123], [-76.48859129921779, 3.4468764041770195], [-76.49049038754097, 3.447105834371437]]]}}, {"type": "Feature", "properties": {"h3_index": "8966f1c5583ffff", "lat": 3.484709144388187, "lng": -76.50610363544517, "nivel_admin_1": "Comuna 02", "nivel_admin_2": "Ciudad Los Álamos", "estrato_promedio_200m": 3.0, "dist_sitp": 500, "dist_tm": 1500, "dist_ciclo": 800}, "geometry": {"type": "Polygon", "coordinates": [[[-76.5068995858144, 3.486428594441795], [-76.50800263882309, 3.4849386397755837], [-76.50720668667623, 3.483219167627912], [-76.50530767942954, 3.4829896751815466], [-76.50420464574952, 3.4844796467238055], [-76.50500059998643, 3.486199093836397], [-76.5068995858144, 3.486428594441795]]]}}, {"type": "Feature", "properties": {"h3_index": "8966f1c5a13ffff", "lat": 3.4128181843716434, "lng": -76.51586406036277, "nivel_admin_1": "Comuna 11", "nivel_admin_2": "Villa del Sur", "estrato_promedio_200m": 3.0, "dist_sitp": 500, "dist_tm": 1500, "dist_ciclo": 800}, "geometry": {"type": "Polygon", "coordinates": [[[-76.5166601719881, 3.41453856481571], [-76.51776356625525, 3.413047492699883], [-76.51696745285713, 3.4113270902360266], [-76.51506794308474, 3.4110977848935984], [-76.51396456813812, 3.412588873841802], [-76.51476068364224, 3.414309251300075], [-76.5166601719881, 3.41453856481571]]]}}, {"type": "Feature", "properties": {"h3_index": "8966f1c4653ffff", "lat": 3.4884903639674754, "lng": -76.49709780636277, "nivel_admin_1": "Comuna 06", "nivel_admin_2": "Puente del Comercio", "estrato_promedio_200m": 3.0, "dist_sitp": 500, "dist_tm": 1500, "dist_ciclo": 800}, "geometry": {"type": "Polygon", "coordinates": [[[-76.49789376298301, 3.490209738899714], [-76.49899671600886, 3.4887198818527647], [-76.49820075760583, 3.4870004848215586], [-76.49630184409973, 3.4867709698836182], [-76.49519891041761, 3.488260843803811], [-76.49599487089675, 3.4899802157887296], [-76.49789376298301, 3.490209738899714]]]}}, {"type": "Feature", "properties": {"h3_index": "8966f1ceb77ffff", "lat": 3.385512269708902, "lng": -76.55883407758773, "nivel_admin_1": "Comuna 18", "nivel_admin_2": "Sector Alto Nápoles", "estrato_promedio_200m": 3.0, "dist_sitp": 500, "dist_tm": 1500, "dist_ciclo": 800}, "geometry": {"type": "Polygon", "coordinates": [[[-76.55963018152119, 3.3872331229404415], [-76.5607340837765, 3.3857414505719428], [-76.5599379780948, 3.384020575353606], [-76.558037967984, 3.3837913974532325], [-76.55693408497838, 3.3852830866610852], [-76.55773019283275, 3.387003936929963], [-76.55963018152119, 3.3872331229404415]]]}}, {"type": "Feature", "properties": {"h3_index": "8966f1c5313ffff", "lat": 3.448942170739836, "lng": -76.53258121704387, "nivel_admin_1": "Comuna 03", "nivel_admin_2": "San Pedro", "estrato_promedio_200m": 3.0, "dist_sitp": 500, "dist_tm": 1500, "dist_ciclo": 800}, "geometry": {"type": "Polygon", "coordinates": [[[-76.53337720990508, 3.4506621505970854], [-76.53448064129029, 3.4491715412795982], [-76.53368464666633, 3.447451539367763], [-76.53178521852472, 3.447222171769221], [-76.53068180642686, 3.4487127979540486], [-76.53147780318217, 3.4504327748700905], [-76.53337720990508, 3.4506621505970854]]]}}, {"type": "Feature", "properties": {"h3_index": "8966f1194d3ffff", "lat": 3.34363027538883, "lng": -76.5484302933299, "nivel_admin_1": "Comuna 22", "nivel_admin_2": "Parcelaciones Pance", "estrato_promedio_200m": 3.0, "dist_sitp": 500, "dist_tm": 1500, "dist_ciclo": 800}, "geometry": {"type": "Polygon", "coordinates": [[[-76.54922651940507, 3.345351618134068], [-76.55033046541651, 3.343859370876262], [-76.5495342375866, 3.342138006185814], [-76.54763406158696, 3.3419089137035773], [-76.5465301348482, 3.3434011777654713], [-76.54732636483529, 3.3451225175055086], [-76.54922651940507, 3.345351618134068]]]}}, {"type": "Feature", "properties": {"h3_index": "8966f1c59d3ffff", "lat": 3.415112723884379, "lng": -76.48106153969601, "nivel_admin_1": "Comuna 14", "nivel_admin_2": "Alfonso Bonilla Aragón", "estrato_promedio_200m": 1.0, "dist_sitp": 500, "dist_tm": 1500, "dist_ciclo": 800}, "geometry": {"type": "Polygon", "coordinates": [[[-76.4818577059955, 3.4168329682066063], [-76.48296075608643, 3.4153420881793193], [-76.48216458799406, 3.4136218218308496], [-76.48026536775737, 3.413392460555541], [-76.47916233704665, 3.4148833573958575], [-76.47995850719131, 3.4166035986984706], [-76.4818577059955, 3.4168329682066063]]]}}, {"type": "Feature", "properties": {"h3_index": "8966f1ce8bbffff", "lat": 3.416945396638324, "lng": -76.550057253698, "nivel_admin_1": "Comuna 19", "nivel_admin_2": "El Lido", "estrato_promedio_200m": 5.0, "dist_sitp": 500, "dist_tm": 1500, "dist_ciclo": 800}, "geometry": {"type": "Polygon", "coordinates": [[[-76.55085329519225, 3.418665830465024], [-76.55195700492204, 3.417174665197086], [-76.55116096167482, 3.415454209350473], [-76.54926120653796, 3.4152249437394273], [-76.54815751606924, 3.4167161258631396], [-76.54895356147517, 3.41843655674213], [-76.55085329519225, 3.418665830465024]]]}}, {"type": "Feature", "properties": {"h3_index": "8966f11b48fffff", "lat": 3.3915978328624874, "lng": -76.51501201313542, "nivel_admin_1": "Comuna 16", "nivel_admin_2": "Sector Vendimia", "estrato_promedio_200m": 3.0, "dist_sitp": 500, "dist_tm": 1500, "dist_ciclo": 800}, "geometry": {"type": "Polygon", "coordinates": [[[-76.51580817885247, 3.3933184754883543], [-76.51691163780752, 3.391827091326703], [-76.51611547031696, 3.3901064267025975], [-76.51421584176525, 3.3898771712412326], [-76.51311240213472, 3.391368572220072], [-76.51390857173027, 3.393089211843096], [-76.51580817885247, 3.3933184754883543]]]}}, {"type": "Feature", "properties": {"h3_index": "8966f11b20fffff", "lat": 3.3525833216907084, "lng": -76.54180695881072, "nivel_admin_1": "Comuna 22", "nivel_admin_2": "Parcelaciones Pance", "estrato_promedio_200m": 3.0, "dist_sitp": 500, "dist_tm": 1500, "dist_ciclo": 800}, "geometry": {"type": "Polygon", "coordinates": [[[-76.54260317434446, 3.354304532729803], [-76.54370702577978, 3.3528124480441917], [-76.54291080848758, 3.3510912150499284], [-76.54101073761211, 3.350862091701602], [-76.53990690545982, 3.352354193193514], [-76.54070312489888, 3.3540754012274516], [-76.54260317434446, 3.354304532729803]]]}}, {"type": "Feature", "properties": {"h3_index": "8966f1ceb1bffff", "lat": 3.393887147709768, "lng": -76.56091456754974, "nivel_admin_1": "Comuna 18", "nivel_admin_2": "Sector Alto de los Chorros", "estrato_promedio_200m": 3.0, "dist_sitp": 500, "dist_tm": 1500, "dist_ciclo": 800}, "geometry": {"type": "Polygon", "coordinates": [[[-76.56171064705264, 3.395607902811864], [-76.5628145405472, 3.3941163455496626], [-76.56201845929735, 3.3923955684524705], [-76.56011848237605, 3.392166373566742], [-76.55901460812657, 3.3936579476753344], [-76.55981069155219, 3.3953786998232722], [-76.56171064705264, 3.395607902811864]]]}}, {"type": "Feature", "properties": {"h3_index": "8966f1c58dbffff", "lat": 3.427498266374081, "lng": -76.50293168637225, "nivel_admin_1": "Comuna 12", "nivel_admin_2": "Doce de Octubre", "estrato_promedio_200m": 3.0, "dist_sitp": 500, "dist_tm": 1500, "dist_ciclo": 800}, "geometry": {"type": "Polygon", "coordinates": [[[-76.50372778410328, 3.429218423543845], [-76.5048310030591, 3.4277276288486065], [-76.50403490354796, 3.4260074496425674], [-76.50213558299401, 3.4257780901558874], [-76.50103238337924, 3.4272689016858577], [-76.50182848497626, 3.428989055867787], [-76.50372778410328, 3.429218423543845]]]}}, {"type": "Feature", "properties": {"h3_index": "8966f1cedcfffff", "lat": 3.427153639375509, "lng": -76.54043212395756, "nivel_admin_1": "Comuna 19", "nivel_admin_2": "San Fernando Nuevo", "estrato_promedio_200m": 4.0, "dist_sitp": 500, "dist_tm": 1500, "dist_ciclo": 800}, "geometry": {"type": "Polygon", "coordinates": [[[-76.5412281570675, 3.428873916068903], [-76.54233173899893, 3.4273829463356282], [-76.54153570413055, 3.425662647610764], [-76.53963608518593, 3.425433343600431], [-76.53853252253094, 3.426924330190744], [-76.53932855954302, 3.428644603934362], [-76.5412281570675, 3.428873916068903]]]}}, {"type": "Feature", "properties": {"h3_index": "8966f11b60bffff", "lat": 3.377024422691896, "lng": -76.54234983269954, "nivel_admin_1": "Comuna 17", "nivel_admin_2": "Mayapan - Las Vegas", "estrato_promedio_200m": 3.0, "dist_sitp": 500, "dist_tm": 1500, "dist_ciclo": 800}, "geometry": {"type": "Polygon", "coordinates": [[[-76.54314598670044, 3.378745331154596], [-76.54424975938042, 3.3772536069083037], [-76.54345360362164, 3.3755326764655105], [-76.54155367303441, 3.3753034952351], [-76.54044991963359, 3.3767952363049476], [-76.54124607753972, 3.3785161417816605], [-76.54314598670044, 3.378745331154596]]]}}, {"type": "Feature", "properties": {"h3_index": "8966f1ce9b3ffff", "lat": 3.4045590366607055, "lng": -76.52818352631455, "nivel_admin_1": "Comuna 17", "nivel_admin_2": "El Limonar", "estrato_promedio_200m": 3.0, "dist_sitp": 500, "dist_tm": 1500, "dist_ciclo": 800}, "geometry": {"type": "Polygon", "coordinates": [[[-76.5289796369001, 3.4062795581435563], [-76.53008317840327, 3.404788307305082], [-76.52928706605195, 3.4030677638123423], [-76.52738741007124, 3.4028384961474667], [-76.52628388786835, 3.404329763820011], [-76.5270800023448, 3.406050282323364], [-76.5289796369001, 3.4062795581435563]]]}}, {"type": "Feature", "properties": {"h3_index": "8966f1cedc7ffff", "lat": 3.4284152895738944, "lng": -76.5374289756355, "nivel_admin_1": "Comuna 19", "nivel_admin_2": "El Cedro", "estrato_promedio_200m": 4.0, "dist_sitp": 500, "dist_tm": 1500, "dist_ciclo": 800}, "geometry": {"type": "Polygon", "coordinates": [[[-76.53822501088743, 3.430135541284402], [-76.53932855954302, 3.428644603934362], [-76.53853252253094, 3.426924330190744], [-76.53663293472307, 3.4266950187821728], [-76.53552940534895, 3.428185972988312], [-76.53632544450012, 3.429906221746934], [-76.53822501088743, 3.430135541284402]]]}}, {"type": "Feature", "properties": {"h3_index": "8966f1c5137ffff", "lat": 3.448711783209911, "lng": -76.50378438969344, "nivel_admin_1": "Comuna 08", "nivel_admin_2": "El Troncal", "estrato_promedio_200m": 3.0, "dist_sitp": 500, "dist_tm": 1500, "dist_ciclo": 800}, "geometry": {"type": "Polygon", "coordinates": [[[-76.5045804333473, 3.4504316775838224], [-76.5056835876512, 3.448941195530889], [-76.50488754221797, 3.447221279099215], [-76.50298834039279, 3.4469918697490556], [-76.50188520542589, 3.448482368651874], [-76.50268125294608, 3.4502022600549758], [-76.5045804333473, 3.4504316775838224]]]}}, {"type": "Feature", "properties": {"h3_index": "8966f11b627ffff", "lat": 3.369223888286773, "lng": -76.53156552711157, "nivel_admin_1": "Comuna 17", "nivel_admin_2": "Sector Ciudad Universitaria", "estrato_promedio_200m": 3.0, "dist_sitp": 500, "dist_tm": 1500, "dist_ciclo": 800}, "geometry": {"type": "Polygon", "coordinates": [[[-76.53236171936618, 3.3709448607125077], [-76.53346541490025, 3.3694530691897926], [-76.53266922088142, 3.3677320747906565], [-76.5307693291966, 3.3675028968906022], [-76.52966565296121, 3.368994705224977], [-76.53046184911086, 3.3707156746477485], [-76.53236171936618, 3.3709448607125077]]]}}, {"type": "Feature", "properties": {"h3_index": "8966f1c5067ffff", "lat": 3.4585735850742716, "lng": -76.53165896848057, "nivel_admin_1": "Comuna 02", "nivel_admin_2": "Granada", "estrato_promedio_200m": 4.0, "dist_sitp": 500, "dist_tm": 1500, "dist_ciclo": 800}, "geometry": {"type": "Polygon", "coordinates": [[[-76.53245493907897, 3.4602934413802835], [-76.53355832847318, 3.4588029799904607], [-76.53276235611159, 3.457083101619967], [-76.53086299222494, 3.4568537096386067], [-76.52975962211853, 3.4583441879018464], [-76.53055559660989, 3.4600640412730357], [-76.53245493907897, 3.4602934413802835]]]}}, {"type": "Feature", "properties": {"h3_index": "8966f11b66bffff", "lat": 3.3693362596354657, "lng": -76.54596884426208, "nivel_admin_1": "Comuna 22", "nivel_admin_2": "Club Campestre", "estrato_promedio_200m": 3.0, "dist_sitp": 500, "dist_tm": 1500, "dist_ciclo": 800}, "geometry": {"type": "Polygon", "coordinates": [[[-76.54676501095689, 3.371057274996059], [-76.54786884492334, 3.369565420252625], [-76.54707267647265, 3.367844382920222], [-76.54517267190138, 3.3676152252912015], [-76.54406885720874, 3.3691070968550565], [-76.54486502781249, 3.3708281092275114], [-76.54676501095689, 3.371057274996059]]]}}, {"type": "Feature", "properties": {"h3_index": "8966f1ced93ffff", "lat": 3.434149517669617, "lng": -76.53111544546873, "nivel_admin_1": "Comuna 09", "nivel_admin_2": "Bretaña", "estrato_promedio_200m": 3.0, "dist_sitp": 500, "dist_tm": 1500, "dist_ciclo": 800}, "geometry": {"type": "Polygon", "coordinates": [[[-76.53191147756866, 3.435869678279335], [-76.53301494565905, 3.4343788549760617], [-76.53221891179538, 3.4326586723266477], [-76.53031940771096, 3.4324293379741806], [-76.52921595891223, 3.4339201781337065], [-76.53001199490517, 3.435640335789453], [-76.53191147756866, 3.435869678279335]]]}}, {"type": "Feature", "properties": {"h3_index": "8966f11b003ffff", "lat": 3.3646359797512186, "lng": -76.5204738524315, "nivel_admin_1": "Comuna 17", "nivel_admin_2": "Lili", "estrato_promedio_200m": 3.0, "dist_sitp": 500, "dist_tm": 1500, "dist_ciclo": 800}, "geometry": {"type": "Polygon", "coordinates": [[[-76.52127007545607, 3.3663569750568474], [-76.52237367976127, 3.3648651654106865], [-76.52157745496605, 3.3631441481350093], [-76.51967762375072, 3.3629149654933523], [-76.51857403876389, 3.3644067919413305], [-76.51937026567289, 3.3661277842291644], [-76.52127007545607, 3.3663569750568474]]]}}, {"type": "Feature", "properties": {"h3_index": "8966f11b27bffff", "lat": 3.3500573112854295, "lng": -76.54781489156396, "nivel_admin_1": "Comuna 22", "nivel_admin_2": "Parcelaciones Pance", "estrato_promedio_200m": 3.0, "dist_sitp": 500, "dist_tm": 1500, "dist_ciclo": 800}, "geometry": {"type": "Polygon", "coordinates": [[[-76.5486111027935, 3.3517785722371927], [-76.54971502079201, 3.3502864230604015], [-76.54891880780744, 3.3485651401567673], [-76.54701867466711, 3.348336031382743], [-76.5459147759416, 3.3498281973677155], [-76.5467109910823, 3.3515494553185436], [-76.5486111027935, 3.3517785722371927]]]}}, {"type": "Feature", "properties": {"h3_index": "8966f1c5577ffff", "lat": 3.4706100116243577, "lng": -76.51033426242732, "nivel_admin_1": "Comuna 04", "nivel_admin_2": "Guillermo Valencia", "estrato_promedio_200m": 2.0, "dist_sitp": 500, "dist_tm": 1500, "dist_ciclo": 800}, "geometry": {"type": "Polygon", "coordinates": [[[-76.51113024040018, 3.4723296516357203], [-76.51223338270573, 3.4708394669010296], [-76.51143740295753, 3.469119804810421], [-76.5095382788059, 3.468890352481203], [-76.50843515582345, 3.470380554084782], [-76.5092311376684, 3.4721001911487073], [-76.51113024040018, 3.4723296516357203]]]}}, {"type": "Feature", "properties": {"h3_index": "8966f1c514fffff", "lat": 3.4507764134654293, "lng": -76.52087766367875, "nivel_admin_1": "Comuna 09", "nivel_admin_2": "Barrio Obrero", "estrato_promedio_200m": 2.0, "dist_sitp": 500, "dist_tm": 1500, "dist_ciclo": 800}, "geometry": {"type": "Polygon", "coordinates": [[[-76.5216736724537, 3.4524963344814403], [-76.52277698466744, 3.4510058056157233], [-76.521980974123, 3.449285862541879], [-76.52008164925046, 3.4490564733433633], [-76.51897835634402, 3.450547019070644], [-76.51977436900171, 3.452266937134885], [-76.5216736724537, 3.4524963344814403]]]}}, {"type": "Feature", "properties": {"h3_index": "8966f1c51bbffff", "lat": 3.4570816347436013, "lng": -76.50586538656123, "nivel_admin_1": "Comuna 07", "nivel_admin_2": "Sector Base Aérea", "estrato_promedio_200m": 3.0, "dist_sitp": 500, "dist_tm": 1500, "dist_ciclo": 800}, "geometry": {"type": "Polygon", "coordinates": [[[-76.50666140584741, 3.4588014306659196], [-76.50776455148997, 3.4573110641344407], [-76.50696853042572, 3.4555912461460907], [-76.50506936162775, 3.455361819717562], [-76.50396623531759, 3.4568522031059414], [-76.50476225847189, 3.458571996065954], [-76.50666140584741, 3.4588014306659196]]]}}, {"type": "Feature", "properties": {"h3_index": "8966f1c468bffff", "lat": 3.492271223056744, "lng": -76.48809255866925, "nivel_admin_1": "Comuna 06", "nivel_admin_2": "Paso del Comercio", "estrato_promedio_200m": 2.0, "dist_sitp": 500, "dist_tm": 1500, "dist_ciclo": 800}, "geometry": {"type": "Polygon", "coordinates": [[[-76.48888852149871, 3.4939905228339856], [-76.48999137449785, 3.4925007634671967], [-76.48919540988042, 3.4907814415860967], [-76.4872965902006, 3.490551904129299], [-76.48619375656024, 3.4920416803665257], [-76.48698972323983, 3.4937609771901297], [-76.48888852149871, 3.4939905228339856]]]}}, {"type": "Feature", "properties": {"h3_index": "8966f1c5273ffff", "lat": 3.4549051279662586, "lng": -76.55506752663442, "nivel_admin_1": "Comuna 01", "nivel_admin_2": "Terrón Colorado", "estrato_promedio_200m": 2.0, "dist_sitp": 500, "dist_tm": 1500, "dist_ciclo": 800}, "geometry": {"type": "Polygon", "coordinates": [[[-76.5558634652079, 3.456625101752513], [-76.5569670927063, 3.4551344795749297], [-76.55617115238314, 3.4534144837306973], [-76.55427158239455, 3.4531851350357394], [-76.55316797414402, 3.4546757740982725], [-76.55396391663311, 3.456395744970829], [-76.5558634652079, 3.456625101752513]]]}}, {"type": "Feature", "properties": {"h3_index": "8966f1cec8fffff", "lat": 3.4413739770397216, "lng": -76.55059941146284, "nivel_admin_1": "Comuna 19", "nivel_admin_2": "El Mortiñal", "estrato_promedio_200m": 2.0, "dist_sitp": 500, "dist_tm": 1500, "dist_ciclo": 800}, "geometry": {"type": "Polygon", "coordinates": [[[-76.5513953914488, 3.443094106802853], [-76.55249902244009, 3.4416033030360875], [-76.5517030407017, 3.439883151228225], [-76.54980342581172, 3.439653828160425], [-76.54869981407764, 3.4411446488001327], [-76.54949579797524, 3.4428647756346966], [-76.5513953914488, 3.443094106802853]]]}}, {"type": "Feature", "properties": {"h3_index": "8966f1c5877ffff", "lat": 3.4120159951207785, "lng": -76.49576655269878, "nivel_admin_1": "Comuna 15", "nivel_admin_2": "Laureano Gómez", "estrato_promedio_200m": 1.0, "dist_sitp": 500, "dist_tm": 1500, "dist_ciclo": 800}, "geometry": {"type": "Polygon", "coordinates": [[[-76.4965627012457, 3.413736323590232], [-76.49766590416331, 3.4122453306282203], [-76.49686975383199, 3.4105249801374087], [-76.49497039850691, 3.41029564763692], [-76.49386721494452, 3.411786657418662], [-76.49466336735088, 3.4135069828811675], [-76.4965627012457, 3.413736323590232]]]}}, {"type": "Feature", "properties": {"h3_index": "8966f1ce88bffff", "lat": 3.4208447918899374, "lng": -76.55544883140061, "nivel_admin_1": "Comuna 20", "nivel_admin_2": "Siloé", "estrato_promedio_200m": 1.0, "dist_sitp": 500, "dist_tm": 1500, "dist_ciclo": 800}, "geometry": {"type": "Polygon", "coordinates": [[[-76.55624485373076, 3.422565193441486], [-76.55734860196803, 3.421074061894008], [-76.55655257788804, 3.419353638319222], [-76.55465280340272, 3.4191243712543855], [-76.55354907441675, 3.420615519663574], [-76.55434510066371, 3.4223359182758846], [-76.55624485373076, 3.422565193441486]]]}}, {"type": "Feature", "properties": {"h3_index": "8966f1ce9d7ffff", "lat": 3.409146421555559, "lng": -76.53927409964827, "nivel_admin_1": "Comuna 19", "nivel_admin_2": "Camino Real - Los Fundadores", "estrato_promedio_200m": 5.0, "dist_sitp": 500, "dist_tm": 1500, "dist_ciclo": 800}, "geometry": {"type": "Polygon", "coordinates": [[[-76.54007017942838, 3.4108669198108243], [-76.54117381208464, 3.409375687137557], [-76.54037773054522, 3.407655166869041], [-76.53847801420626, 3.407425904251727], [-76.53737440083061, 3.4089171537689076], [-76.53817048451221, 3.410637649059502], [-76.54007017942838, 3.4108669198108243]]]}}, {"type": "Feature", "properties": {"h3_index": "8966f11b45bffff", "lat": 3.388498957786117, "lng": -76.52972070073001, "nivel_admin_1": "Comuna 17", "nivel_admin_2": "Prados del Limonar", "estrato_promedio_200m": 3.0, "dist_sitp": 500, "dist_tm": 1500, "dist_ciclo": 800}, "geometry": {"type": "Polygon", "coordinates": [[[-76.53051684843652, 3.390219684374465], [-76.53162045994948, 3.388728187651763], [-76.53082431047791, 3.3870074390700875], [-76.52892454736455, 3.3867782121946077], [-76.52782095515114, 3.3882697257412224], [-76.52861710675042, 3.3899904493394093], [-76.53051684843652, 3.390219684374465]]]}}, {"type": "Feature", "properties": {"h3_index": "8966f11b697ffff", "lat": 3.387236663767604, "lng": -76.53272408722971, "nivel_admin_1": "Comuna 17", "nivel_admin_2": "Ciudadela Pasoancho", "estrato_promedio_200m": 3.0, "dist_sitp": 500, "dist_tm": 1500, "dist_ciclo": 800}, "geometry": {"type": "Polygon", "coordinates": [[[-76.53352023280556, 3.388957415337329], [-76.53462387761587, 3.3874658862863307], [-76.53382773027667, 3.3857451127249267], [-76.53192793599369, 3.3855158931942575], [-76.53082431047791, 3.3870074390700875], [-76.53162045994948, 3.388728187651763], [-76.53352023280556, 3.388957415337329]]]}}, {"type": "Feature", "properties": {"h3_index": "8966f11b08bffff", "lat": 3.371061445327637, "lng": -76.519859127998, "nivel_admin_1": "Comuna 17", "nivel_admin_2": "Lili", "estrato_promedio_200m": 3.0, "dist_sitp": 500, "dist_tm": 1500, "dist_ciclo": 800}, "geometry": {"type": "Polygon", "coordinates": [[[-76.52065533616818, 3.3727823587656767], [-76.52175891246465, 3.3712906473540354], [-76.5209627025235, 3.369569711939303], [-76.5190629141721, 3.369340512926432], [-76.5179593571943, 3.3708322411439724], [-76.51875556924816, 3.372553151568489], [-76.52065533616818, 3.3727823587656767]]]}}, {"type": "Feature", "properties": {"h3_index": "8966f1c465bffff", "lat": 3.4872299974824292, "lng": -76.50009968481066, "nivel_admin_1": "Comuna 04", "nivel_admin_2": "Calima", "estrato_promedio_200m": 3.0, "dist_sitp": 500, "dist_tm": 1500, "dist_ciclo": 800}, "geometry": {"type": "Polygon", "coordinates": [[[-76.50089563935188, 3.4889493974588675], [-76.50199862571023, 3.4874595078653883], [-76.50120266938792, 3.485740085791619], [-76.49930372462545, 3.4855105783539013], [-76.49820075760583, 3.4870004848215586], [-76.49899671600886, 3.4887198818527647], [-76.50089563935188, 3.4889493974588675]]]}}, {"type": "Feature", "properties": {"h3_index": "8966f1c589bffff", "lat": 3.4280715630219833, "lng": -76.49423142546888, "nivel_admin_1": "Comuna 13", "nivel_admin_2": "Los Comuneros II Etapa", "estrato_promedio_200m": 2.0, "dist_sitp": 500, "dist_tm": 1500, "dist_ciclo": 800}, "geometry": {"type": "Polygon", "coordinates": [[[-76.4950275368678, 3.4297916861898137], [-76.49613066978758, 3.4283009395530164], [-76.49533455660352, 3.4265807943472932], [-76.49343530842616, 3.42635142081255], [-76.49233219486233, 3.4278421842792453], [-76.49312831011885, 3.4295623044507937], [-76.4950275368678, 3.4297916861898137]]]}}, {"type": "Feature", "properties": {"h3_index": "8966f1c5a0fffff", "lat": 3.4063950628440303, "lng": -76.51647861382351, "nivel_admin_1": "Comuna 16", "nivel_admin_2": "Mariano Ramos", "estrato_promedio_200m": 2.0, "dist_sitp": 500, "dist_tm": 1500, "dist_ciclo": 800}, "geometry": {"type": "Polygon", "coordinates": [[[-76.51727474030089, 3.408115525383535], [-76.51837816256943, 3.4066243548275437], [-76.51758203431955, 3.4049038702748877], [-76.51568248169293, 3.4046745812814487], [-76.51457907874462, 3.406165768665739], [-76.51537520910158, 3.4078862282151707], [-76.51727474030089, 3.408115525383535]]]}}, {"type": "Feature", "properties": {"h3_index": "8966f1c5b4fffff", "lat": 3.392172135475399, "lng": -76.50631028001793, "nivel_admin_1": "Comuna 15", "nivel_admin_2": "El Morichal", "estrato_promedio_200m": 3.0, "dist_sitp": 500, "dist_tm": 1500, "dist_ciclo": 800}, "geometry": {"type": "Polygon", "coordinates": [[[-76.50710645945951, 3.3938927440773474], [-76.50820983242149, 3.3924014078336837], [-76.50741365120138, 3.390680777231877], [-76.50551409492661, 3.3904515078848974], [-76.5044107413041, 3.3919428609409152], [-76.50520692461578, 3.3936634665315637], [-76.50710645945951, 3.3938927440773474]]]}}, {"type": "Feature", "properties": {"h3_index": "8966f1cebb3ffff", "lat": 3.395724151156804, "lng": -76.54920734505495, "nivel_admin_1": "Comuna 19", "nivel_admin_2": "El Refugio", "estrato_promedio_200m": 4.0, "dist_sitp": 500, "dist_tm": 1500, "dist_ciclo": 800}, "geometry": {"type": "Polygon", "coordinates": [[[-76.5500034406464, 3.397444847471821], [-76.55110721512338, 3.395953370272757], [-76.5503111177782, 3.3942326519593666], [-76.54841124379726, 3.3940034358081506], [-76.54730748858536, 3.395494929847839], [-76.54810358808822, 3.3972156231981194], [-76.5500034406464, 3.397444847471821]]]}}, {"type": "Feature", "properties": {"h3_index": "8966f11b053ffff", "lat": 3.367273716833884, "lng": -76.52886945115199, "nivel_admin_1": "Comuna 17", "nivel_admin_2": "Urbanización San Joaquín", "estrato_promedio_200m": 3.0, "dist_sitp": 500, "dist_tm": 1500, "dist_ciclo": 800}, "geometry": {"type": "Polygon", "coordinates": [[[-76.52966565296121, 3.368994705224977], [-76.5307693291966, 3.3675028968906022], [-76.5299731256216, 3.365781886527758], [-76.5280732436834, 3.3655527094782536], [-76.52696958675158, 3.3670445346213307], [-76.52776579245328, 3.3687655200052258], [-76.52966565296121, 3.368994705224977]]]}}, {"type": "Feature", "properties": {"h3_index": "8966f11b2d7ffff", "lat": 3.3641730996668744, "lng": -76.54358031018332, "nivel_admin_1": "Comuna 22", "nivel_admin_2": "Club Campestre", "estrato_promedio_200m": 3.0, "dist_sitp": 500, "dist_tm": 1500, "dist_ciclo": 800}, "geometry": {"type": "Polygon", "coordinates": [[[-76.54437649387503, 3.365894171967081], [-76.54548032257244, 3.364402251313219], [-76.54468413712341, 3.362681157046194], [-76.54278412082647, 3.3624520083943654], [-76.54168031140762, 3.363943945863636], [-76.54247649900607, 3.3656650151693284], [-76.54437649387503, 3.365894171967081]]]}}, {"type": "Feature", "properties": {"h3_index": "8966f11b4c7ffff", "lat": 3.3922856017172536, "lng": -76.52071092814988, "nivel_admin_1": "Comuna 16", "nivel_admin_2": "Ciudad 2000", "estrato_promedio_200m": 3.0, "dist_sitp": 500, "dist_tm": 1500, "dist_ciclo": 800}, "geometry": {"type": "Polygon", "coordinates": [[[-76.52150708222042, 3.394006253338932], [-76.52261059381205, 3.3925148536419316], [-76.52181443797127, 3.390794180021986], [-76.51991476842402, 3.390564931093799], [-76.51881127614702, 3.392056347611898], [-76.51960743410156, 3.393776996237088], [-76.52150708222042, 3.394006253338932]]]}}, {"type": "Feature", "properties": {"h3_index": "8966f11948bffff", "lat": 3.339729347738063, "lng": -76.54303750518248, "nivel_admin_1": "Comuna 22", "nivel_admin_2": "Parcelaciones Pance", "estrato_promedio_200m": 3.0, "dist_sitp": 500, "dist_tm": 1500, "dist_ciclo": 800}, "geometry": {"type": "Polygon", "coordinates": [[[-76.54383375041199, 3.3414507223385197], [-76.5449376578732, 3.3399584414755124], [-76.54414141088581, 3.338237044933185], [-76.54224125428718, 3.338007954209429], [-76.5411373661084, 3.3395002518705748], [-76.5419336152447, 3.3412216234573457], [-76.54383375041199, 3.3414507223385197]]]}}, {"type": "Feature", "properties": {"h3_index": "8966f1c5dabffff", "lat": 3.426580140762392, "lng": -76.46843961185256, "nivel_admin_1": "Comuna 14", "nivel_admin_2": "Promociones Populares B", "estrato_promedio_200m": 3.0, "dist_sitp": 500, "dist_tm": 1500, "dist_ciclo": 800}, "geometry": {"type": "Polygon", "coordinates": [[[-76.46923577145768, 3.4283002027741105], [-76.47033866000115, 3.426809551205883], [-76.46954249859598, 3.425089467154752], [-76.46764344661354, 3.4248600597350554], [-76.4665405774706, 3.426350728116655], [-76.46733674090848, 3.4280707871046032], [-76.46923577145768, 3.4283002027741105]]]}}, {"type": "Feature", "properties": {"h3_index": "8966f1c502fffff", "lat": 3.4578853867915744, "lng": -76.52596097030234, "nivel_admin_1": "Comuna 03", "nivel_admin_2": "El Manantial", "estrato_promedio_200m": 3.0, "dist_sitp": 500, "dist_tm": 1500, "dist_ciclo": 800}, "geometry": {"type": "Polygon", "coordinates": [[[-76.5267569525741, 3.459605234286779], [-76.52786028939111, 3.458114788474005], [-76.52706430535288, 3.4563949189143552], [-76.52516498237554, 3.4561655201730956], [-76.52406166485622, 3.457655982855374], [-76.52485765101545, 3.459375827409404], [-76.5267569525741, 3.459605234286779]]]}}, {"type": "Feature", "properties": {"h3_index": "8966f1ce8b3ffff", "lat": 3.4182072808015374, "lng": -76.54705384135559, "nivel_admin_1": "Comuna 19", "nivel_admin_2": "Unidad Residencial Santiago de Cali", "estrato_promedio_200m": 3.0, "dist_sitp": 500, "dist_tm": 1500, "dist_ciclo": 800}, "geometry": {"type": "Polygon", "coordinates": [[[-76.54784988500683, 3.4199276896589543], [-76.54895356147517, 3.41843655674213], [-76.54815751606924, 3.4167161258631396], [-76.54625779203975, 3.4164868528723797], [-76.5451541348375, 3.4179780026440545], [-76.5459501823975, 3.4196984085516564], [-76.54784988500683, 3.4199276896589543]]]}}, {"type": "Feature", "properties": {"h3_index": "8966f11b35bffff", "lat": 3.343518753309562, "lng": -76.53402566407222, "nivel_admin_1": "Comuna 22", "nivel_admin_2": "Parcelaciones Pance", "estrato_promedio_200m": 3.0, "dist_sitp": 500, "dist_tm": 1500, "dist_ciclo": 800}, "geometry": {"type": "Polygon", "coordinates": [[[-76.53482191572932, 3.3452400530271102], [-76.53592572330741, 3.343747868881382], [-76.53512946988722, 3.342026547217006], [-76.5332294067529, 3.34179743466522], [-76.53212561847238, 3.343289635606273], [-76.53292187402751, 3.3450109323037998], [-76.53482191572932, 3.3452400530271102]]]}}, {"type": "Feature", "properties": {"h3_index": "8966f11b277ffff", "lat": 3.3493699631073213, "lng": -76.54211458553003, "nivel_admin_1": "Comuna 22", "nivel_admin_2": "Parcelaciones Pance", "estrato_promedio_200m": 3.0, "dist_sitp": 500, "dist_tm": 1500, "dist_ciclo": 800}, "geometry": {"type": "Polygon", "coordinates": [[[-76.54291080848758, 3.3510912150499284], [-76.54401467392893, 3.349599081308067], [-76.54321844921306, 3.347877807413612], [-76.54131835690735, 3.3476486922201545], [-76.54021451074888, 3.349140842766277], [-76.54101073761211, 3.350862091701602], [-76.54291080848758, 3.3510912150499284]]]}}, {"type": "Feature", "properties": {"h3_index": "8966f1c4647ffff", "lat": 3.4833321242761435, "lng": -76.49470990264626, "nivel_admin_1": "Comuna 05", "nivel_admin_2": "Metropolitano del Norte", "estrato_promedio_200m": 3.0, "dist_sitp": 500, "dist_tm": 1500, "dist_ciclo": 800}, "geometry": {"type": "Polygon", "coordinates": [[[-76.49550587619414, 3.4850515566519116], [-76.49660882387018, 3.4835616333130313], [-76.49581284853804, 3.4818421788432503], [-76.49391392345629, 3.481612672760069], [-76.49281099512875, 3.4831026129672193], [-76.49360697253336, 3.484822042389293], [-76.49550587619414, 3.4850515566519116]]]}}, {"type": "Feature", "properties": {"h3_index": "8966f1c5e07ffff", "lat": 3.430135872081776, "lng": -76.51132511749123, "nivel_admin_1": "Comuna 11", "nivel_admin_2": "Prados de Oriente", "estrato_promedio_200m": 3.0, "dist_sitp": 500, "dist_tm": 1500, "dist_ciclo": 800}, "geometry": {"type": "Polygon", "coordinates": [[[-76.51212119408966, 3.431856022121034], [-76.51322448503805, 3.4303652286705666], [-76.51242840666438, 3.428645056593341], [-76.51052903524243, 3.4284157029818063], [-76.50942576362029, 3.429906513273891], [-76.51022184409277, 3.431626660335885], [-76.51212119408966, 3.431856022121034]]]}}, {"type": "Feature", "properties": {"h3_index": "8966f11b463ffff", "lat": 3.3794366035805377, "lng": -76.52194036090862, "nivel_admin_1": "Comuna 17", "nivel_admin_2": "Caney", "estrato_promedio_200m": 3.0, "dist_sitp": 500, "dist_tm": 1500, "dist_ciclo": 800}, "geometry": {"type": "Polygon", "coordinates": [[[-76.52273654468374, 3.3811574191430913], [-76.52384011228663, 3.3796658228105865], [-76.52304392674185, 3.3779449852630306], [-76.52114417147725, 3.3777157690380006], [-76.5200406231884, 3.3792073821834543], [-76.52083681084903, 3.380928194740989], [-76.52273654468374, 3.3811574191430913]]]}}, {"type": "Feature", "properties": {"h3_index": "8966f1c582bffff", "lat": 3.410066312943892, "lng": -76.49307105689392, "nivel_admin_1": "Comuna 15", "nivel_admin_2": "Los Comuneros I", "estrato_promedio_200m": 2.0, "dist_sitp": 500, "dist_tm": 1500, "dist_ciclo": 800}, "geometry": {"type": "Polygon", "coordinates": [[[-76.49386721494452, 3.411786657418662], [-76.49497039850691, 3.41029564763692], [-76.4941742386703, 3.408575281142469], [-76.49227489319932, 3.408345949460642], [-76.49117172899706, 3.409836976059157], [-76.49196789090456, 3.4115573175227274], [-76.49386721494452, 3.411786657418662]]]}}, {"type": "Feature", "properties": {"h3_index": "8966f1c5d6bffff", "lat": 3.4183238209927977, "lng": -76.4807546716973, "nivel_admin_1": "Comuna 14", "nivel_admin_2": "Alfonso Bonilla Aragón", "estrato_promedio_200m": 1.0, "dist_sitp": 500, "dist_tm": 1500, "dist_ciclo": 800}, "geometry": {"type": "Polygon", "coordinates": [[[-76.48155083056433, 3.42004402427507], [-76.48265386665555, 3.4185531935184272], [-76.4818577059955, 3.4168329682066063], [-76.47995850719131, 3.4166035986984706], [-76.47885549048044, 3.4180944462701723], [-76.4796516531923, 3.4198146465349564], [-76.48155083056433, 3.42004402427507]]]}}, {"type": "Feature", "properties": {"h3_index": "8966f1c598bffff", "lat": 3.4112134551495124, "lng": -76.47567078325329, "nivel_admin_1": "Comuna 21", "nivel_admin_2": "Sector Villamercedes I - Villa Luz - Las Garzas", "estrato_promedio_200m": 3.0, "dist_sitp": 500, "dist_tm": 1500, "dist_ciclo": 800}, "geometry": {"type": "Polygon", "coordinates": [[[-76.47646696851655, 3.412933731431332], [-76.47756997984219, 3.4114428177809484], [-76.47677379278291, 3.4097225194762184], [-76.47487459235282, 3.4094931598728797], [-76.47377160041712, 3.4109840903303437], [-76.47456778952046, 3.4127043635840715], [-76.47646696851655, 3.412933731431332]]]}}, {"type": "Feature", "properties": {"h3_index": "8966f1ce9c7ffff", "lat": 3.4059346275536204, "lng": -76.53958164334344, "nivel_admin_1": "Comuna 17", "nivel_admin_2": "Santa Anita - La Selva", "estrato_promedio_200m": 3.0, "dist_sitp": 500, "dist_tm": 1500, "dist_ciclo": 800}, "geometry": {"type": "Polygon", "coordinates": [[[-76.54037773054522, 3.407655166869041], [-76.54148137720256, 3.406163885002888], [-76.54068528824162, 3.4044433236775196], [-76.53878555047952, 3.404214069195066], [-76.53768192310261, 3.4057053679031015], [-76.53847801420626, 3.407425904251727], [-76.54037773054522, 3.407655166869041]]]}}, {"type": "Feature", "properties": {"h3_index": "8966f1c7337ffff", "lat": 3.493648431294276, "lng": -76.49948565929411, "nivel_admin_1": "Comuna 06", "nivel_admin_2": "Los Guaduales", "estrato_promedio_200m": 3.0, "dist_sitp": 500, "dist_tm": 1500, "dist_ciclo": 800}, "geometry": {"type": "Polygon", "coordinates": [[[-76.50028159898447, 3.4953677487490418], [-76.50138455735585, 3.4938779580088726], [-76.50058861588413, 3.49215861845019], [-76.4986897139602, 3.4919290946765784], [-76.49758677492783, 3.493418902294972], [-76.49838271847928, 3.4951382168087664], [-76.50028159898447, 3.4953677487490418]]]}}, {"type": "Feature", "properties": {"h3_index": "8966f1ce8a7ffff", "lat": 3.41304593981399, "lng": -76.54466567641539, "nivel_admin_1": "Comuna 19", "nivel_admin_2": "Nueva Tequendama", "estrato_promedio_200m": 3.0, "dist_sitp": 500, "dist_tm": 1500, "dist_ciclo": 800}, "geometry": {"type": "Polygon", "coordinates": [[[-76.54546173705963, 3.4147664058752656], [-76.54656540826242, 3.4132752068987307], [-76.54576934586206, 3.4115547188208715], [-76.54386961010734, 3.411325454692329], [-76.54276595817537, 3.412816670518713], [-76.54356202272618, 3.414537133623798], [-76.54546173705963, 3.4147664058752656]]]}}, {"type": "Feature", "properties": {"h3_index": "8966f11b617ffff", "lat": 3.37954943815181, "lng": -76.53634259572584, "nivel_admin_1": "Comuna 17", "nivel_admin_2": "Sector Ciudad Universitaria", "estrato_promedio_200m": 3.0, "dist_sitp": 500, "dist_tm": 1500, "dist_ciclo": 800}, "geometry": {"type": "Polygon", "coordinates": [[[-76.53713875401336, 3.3812702966752752], [-76.53824246012258, 3.3797786370279854], [-76.53744630007373, 3.37805775652112], [-76.53554643177652, 3.3778285606351504], [-76.53444274495652, 3.3793202371041375], [-76.53523890714341, 3.3810410926373984], [-76.53713875401336, 3.3812702966752752]]]}}, {"type": "Feature", "properties": {"h3_index": "8966f1c5d2fffff", "lat": 3.416947539730941, "lng": -76.46935979065799, "nivel_admin_1": "Comuna 21", "nivel_admin_2": "Calimio Desepaz", "estrato_promedio_200m": 1.0, "dist_sitp": 500, "dist_tm": 1500, "dist_ciclo": 800}, "geometry": {"type": "Polygon", "coordinates": [[[-76.47015597256659, 3.418667724876587], [-76.4712589031075, 3.4171769254261837], [-76.47046271939926, 3.415456718251048], [-76.4685636031148, 3.4152273355859863], [-76.46746069197401, 3.4167181518436522], [-76.46825687771651, 3.418438333959121], [-76.47015597256659, 3.418667724876587]]]}}, {"type": "Feature", "properties": {"h3_index": "8966f1c5acfffff", "lat": 3.4135061027482876, "lng": -76.5215626190275, "nivel_admin_1": "Comuna 11", "nivel_admin_2": "Villa del Sur", "estrato_promedio_200m": 3.0, "dist_sitp": 500, "dist_tm": 1500, "dist_ciclo": 800}, "geometry": {"type": "Polygon", "coordinates": [[[-76.52235871900541, 3.4152264921370823], [-76.52346216589923, 3.4137354044668107], [-76.52266606415184, 3.4120149930582078], [-76.5207665133947, 3.411785694319158], [-76.5196630858115, 3.4132767988257027], [-76.5204591896737, 3.4149971852350403], [-76.52235871900541, 3.4152264921370823]]]}}, {"type": "Feature", "properties": {"h3_index": "8966f11b677ffff", "lat": 3.3718615833543453, "lng": -76.53996133671255, "nivel_admin_1": "Comuna 22", "nivel_admin_2": "Ciudad Campestre", "estrato_promedio_200m": 3.0, "dist_sitp": 500, "dist_tm": 1500, "dist_ciclo": 800}, "geometry": {"type": "Polygon", "coordinates": [[[-76.54075750770534, 3.3735825487879767], [-76.54186127511026, 3.372090758606382], [-76.54106510235813, 3.3703697711976446], [-76.53916516005627, 3.3701405989379594], [-76.53806141193525, 3.3716324059381058], [-76.5388575868311, 3.3733533683793833], [-76.54075750770534, 3.3735825487879767]]]}}, {"type": "Feature", "properties": {"h3_index": "8966f1c5087ffff", "lat": 3.4739358115781704, "lng": -76.52442434213357, "nivel_admin_1": "Comuna 02", "nivel_admin_2": "La Flora", "estrato_promedio_200m": 5.0, "dist_sitp": 500, "dist_tm": 1500, "dist_ciclo": 800}, "geometry": {"type": "Polygon", "coordinates": [[[-76.5252202872968, 3.475655453011982], [-76.52632355413444, 3.47416525392195], [-76.52552760720403, 3.4724455904071885], [-76.52362839131645, 3.472216150993923], [-76.52252514377723, 3.4737063669635924], [-76.52332109282607, 3.475426005466891], [-76.5252202872968, 3.475655453011982]]]}}, {"type": "Feature", "properties": {"h3_index": "8966f1c5413ffff", "lat": 3.4938817979691605, "lng": -76.52827789670654, "nivel_admin_1": "Comuna 02", "nivel_admin_2": "Menga", "estrato_promedio_200m": 6.0, "dist_sitp": 500, "dist_tm": 1500, "dist_ciclo": 800}, "geometry": {"type": "Polygon", "coordinates": [[[-76.52907378568152, 3.49560120058203], [-76.53017702113048, 3.494111282199752], [-76.52938113039079, 3.4923918574861386], [-76.52748200207694, 3.492162376166947], [-76.52637878591734, 3.493652311444876], [-76.52717467878114, 3.495371711146352], [-76.52907378568152, 3.49560120058203]]]}}, {"type": "Feature", "properties": {"h3_index": "8966f1ced87ffff", "lat": 3.428988921341277, "lng": -76.52872731522284, "nivel_admin_1": "Comuna 10", "nivel_admin_2": "Colseguros Andes", "estrato_promedio_200m": 4.0, "dist_sitp": 500, "dist_tm": 1500, "dist_ciclo": 800}, "geometry": {"type": "Polygon", "coordinates": [[[-76.52952336429557, 3.4307091391967997], [-76.5306268270933, 3.429218249779409], [-76.52983077625538, 3.427498009889152], [-76.52793126049298, 3.427268684411359], [-76.52682781699166, 3.4287595906800292], [-76.52762386995522, 3.4304798055752177], [-76.52952336429557, 3.4307091391967997]]]}}, {"type": "Feature", "properties": {"h3_index": "8966f1ceb83ffff", "lat": 3.399623972629497, "lng": -76.55459926864518, "nivel_admin_1": "Comuna 19", "nivel_admin_2": "La Cascada", "estrato_promedio_200m": 5.0, "dist_sitp": 500, "dist_tm": 1500, "dist_ciclo": 800}, "geometry": {"type": "Polygon", "coordinates": [[[-76.55539534507233, 3.4013446367805322], [-76.55649915806477, 3.399853193271617], [-76.55570307988708, 3.3981325071188793], [-76.55380318654987, 3.3979032894330192], [-76.55269939281271, 3.3993947497884975], [-76.55349547315636, 3.4011154109832753], [-76.55539534507233, 3.4013446367805322]]]}}, {"type": "Feature", "properties": {"h3_index": "8966f1c5a6fffff", "lat": 3.398709559810111, "lng": -76.52009625122872, "nivel_admin_1": "Comuna 16", "nivel_admin_2": "Ciudad 2000", "estrato_promedio_200m": 3.0, "dist_sitp": 500, "dist_tm": 1500, "dist_ciclo": 800}, "geometry": {"type": "Polygon", "coordinates": [[[-76.52089239044753, 3.400430129408779], [-76.5219958740352, 3.398938828076984], [-76.5211997330459, 3.3972182364734214], [-76.51930010635508, 3.396988971198781], [-76.51819664208232, 3.3984802893557466], [-76.51899278518435, 3.4002008559621917], [-76.52089239044753, 3.400430129408779]]]}}, {"type": "Feature", "properties": {"h3_index": "8966f1cec77ffff", "lat": 3.430479038615369, "lng": -76.55452572067445, "nivel_admin_1": "Comuna 19", "nivel_admin_2": "Altos de Santa Isabel", "estrato_promedio_200m": 5.0, "dist_sitp": 500, "dist_tm": 1500, "dist_ciclo": 800}, "geometry": {"type": "Polygon", "coordinates": [[[-76.55532172075104, 3.4321993167976528], [-76.55642542698932, 3.4307083329127925], [-76.55562942516245, 3.4289880326973408], [-76.55372971493081, 3.4287587413327674], [-76.55262602794426, 3.43024974208542], [-76.55342203193653, 3.431970017334855], [-76.55532172075104, 3.4321993167976528]]]}}, {"type": "Feature", "properties": {"h3_index": "8966f1c5477ffff", "lat": 3.48425337279259, "lng": -76.52919992829634, "nivel_admin_1": "Comuna 02", "nivel_admin_2": "El Bosque", "estrato_promedio_200m": 5.0, "dist_sitp": 500, "dist_tm": 1500, "dist_ciclo": 800}, "geometry": {"type": "Polygon", "coordinates": [[[-76.52999583953115, 3.4859728992445906], [-76.53109911696178, 3.484482832674966], [-76.53030320396265, 3.4827632841320977], [-76.52840401140614, 3.482533827167507], [-76.52730075326446, 3.4840239106267274], [-76.52809666838922, 3.485743434160953], [-76.52999583953115, 3.4859728992445906]]]}}, {"type": "Feature", "properties": {"h3_index": "8966f11b473ffff", "lat": 3.3826489883169057, "lng": -76.52163299285388, "nivel_admin_1": "Comuna 17", "nivel_admin_2": "Ciudadela Comfandi", "estrato_promedio_200m": 3.0, "dist_sitp": 500, "dist_tm": 1500, "dist_ciclo": 800}, "geometry": {"type": "Polygon", "coordinates": [[[-76.52242916920274, 3.384369762907388], [-76.5235327228024, 3.382878215721898], [-76.52273654468374, 3.3811574191430913], [-76.52083681084903, 3.380928194740989], [-76.51973327656358, 3.382419758741472], [-76.52052945679755, 3.384140530329071], [-76.52242916920274, 3.384369762907388]]]}}, {"type": "Feature", "properties": {"h3_index": "8966f1c736fffff", "lat": 3.488607025582764, "lng": -76.51149353548797, "nivel_admin_1": "Comuna 02", "nivel_admin_2": "Urbanización La Flora", "estrato_promedio_200m": 3.0, "dist_sitp": 500, "dist_tm": 1500, "dist_ciclo": 800}, "geometry": {"type": "Polygon", "coordinates": [[[-76.5122894668199, 3.490326443186212], [-76.51339255847134, 3.488836522280968], [-76.5125966253649, 3.487117082580137], [-76.51069759850766, 3.486887588814494], [-76.50959452617518, 3.488377526601695], [-76.51039046137988, 3.490096941272599], [-76.5122894668199, 3.490326443186212]]]}}, {"type": "Feature", "properties": {"h3_index": "8966f1ced8bffff", "lat": 3.429676899983068, "lng": -76.53442589173598, "nivel_admin_1": "Comuna 19", "nivel_admin_2": "Champagnat", "estrato_promedio_200m": 4.0, "dist_sitp": 500, "dist_tm": 1500, "dist_ciclo": 800}, "geometry": {"type": "Polygon", "coordinates": [[[-76.53522192912527, 3.431397126706928], [-76.53632544450012, 3.429906221746934], [-76.53552940534895, 3.428185972988312], [-76.53362984868738, 3.427956654178443], [-76.53252635259902, 3.4294475759936076], [-76.53332239388463, 3.4311677997634824], [-76.53522192912527, 3.431397126706928]]]}}, {"type": "Feature", "properties": {"h3_index": "8966f1c420bffff", "lat": 3.462125092901381, "lng": -76.49385672700238, "nivel_admin_1": "Comuna 07", "nivel_admin_2": "Sector Base Aérea", "estrato_promedio_200m": 3.0, "dist_sitp": 500, "dist_tm": 1500, "dist_ciclo": 800}, "geometry": {"type": "Polygon", "coordinates": [[[-76.4946527546139, 3.46384478868137], [-76.4957557669117, 3.4623545521393213], [-76.4949597375152, 3.460634834286764], [-76.49306069374836, 3.460405378019547], [-76.49195770080307, 3.461895631414749], [-76.49275373227101, 3.4636153242240058], [-76.4946527546139, 3.46384478868137]]]}}, {"type": "Feature", "properties": {"h3_index": "8966f1c5023ffff", "lat": 3.4610956528384866, "lng": -76.52565363152013, "nivel_admin_1": "Comuna 02", "nivel_admin_2": "San Vicente", "estrato_promedio_200m": 4.0, "dist_sitp": 500, "dist_tm": 1500, "dist_ciclo": 800}, "geometry": {"type": "Polygon", "coordinates": [[[-76.52644960637001, 3.4628154591388656], [-76.52755292919058, 3.4613250626549035], [-76.5267569525741, 3.459605234286779], [-76.52485765101545, 3.459375827409404], [-76.52375434749271, 3.4608662407649065], [-76.5245503262297, 3.462586044126241], [-76.52644960637001, 3.4628154591388656]]]}}, {"type": "Feature", "properties": {"h3_index": "8966f11b09bffff", "lat": 3.37427404302819, "lng": -76.51955177564678, "nivel_admin_1": "Comuna 17", "nivel_admin_2": "Lili", "estrato_promedio_200m": 3.0, "dist_sitp": 500, "dist_tm": 1500, "dist_ciclo": 800}, "geometry": {"type": "Polygon", "coordinates": [[[-76.52034797638987, 3.3759949155192928], [-76.52145153868237, 3.37450325323679], [-76.52065533616818, 3.3727823587656767], [-76.51875556924816, 3.372553151568489], [-76.51765202627446, 3.3740448306589323], [-76.51844823090087, 3.375765700138633], [-76.52034797638987, 3.3759949155192928]]]}}, {"type": "Feature", "properties": {"h3_index": "8966f1ce8afffff", "lat": 3.41178398074018, "lng": -76.54766909522156, "nivel_admin_1": "Comuna 19", "nivel_admin_2": "Nueva Tequendama", "estrato_promedio_200m": 3.0, "dist_sitp": 500, "dist_tm": 1500, "dist_ciclo": 800}, "geometry": {"type": "Polygon", "coordinates": [[[-76.5484651537124, 3.413504471772117], [-76.54956885818181, 3.412013240449412], [-76.54877279793654, 3.4102927274025308], [-76.54687303106564, 3.410063470647388], [-76.54576934586206, 3.4115547188208715], [-76.54656540826242, 3.4132752068987307], [-76.5484651537124, 3.413504471772117]]]}}, {"type": "Feature", "properties": {"h3_index": "8966f11b4cbffff", "lat": 3.39297335094602, "lng": -76.52640996609827, "nivel_admin_1": "Comuna 17", "nivel_admin_2": "La Hacienda", "estrato_promedio_200m": 3.0, "dist_sitp": 500, "dist_tm": 1500, "dist_ciclo": 800}, "geometry": {"type": "Polygon", "coordinates": [[[-76.52720610850588, 3.3946940115444693], [-76.52830967271423, 3.3932025963237606], [-76.52751352853969, 3.391481913727021], [-76.52561381803314, 3.3912526713394207], [-76.52451027312952, 3.3927441033851373], [-76.5253064194266, 3.3944647609934493], [-76.52720610850588, 3.3946940115444693]]]}}, {"type": "Feature", "properties": {"h3_index": "8966f11b66fffff", "lat": 3.3673860655010714, "lng": -76.54327268093988, "nivel_admin_1": "Comuna 22", "nivel_admin_2": "Club Campestre", "estrato_promedio_200m": 3.0, "dist_sitp": 500, "dist_tm": 1500, "dist_ciclo": 800}, "geometry": {"type": "Polygon", "coordinates": [[[-76.54406885720874, 3.3691070968550565], [-76.54517267190138, 3.3676152252912015], [-76.54437649387503, 3.365894171967081], [-76.54247649900607, 3.3656650151693284], [-76.54137270359217, 3.367156903550626], [-76.5421688837674, 3.3688779319122344], [-76.54406885720874, 3.3691070968550565]]]}}, {"type": "Feature", "properties": {"h3_index": "8966f1c51d7ffff", "lat": 3.462929273216707, "lng": -76.51395092845009, "nivel_admin_1": "Comuna 04", "nivel_admin_2": "Santander", "estrato_promedio_200m": 2.0, "dist_sitp": 500, "dist_tm": 1500, "dist_ciclo": 800}, "geometry": {"type": "Polygon", "coordinates": [[[-76.51474691917109, 3.464649020660361], [-76.51585012278166, 3.463158704717344], [-76.51505413028731, 3.4614389352026746], [-76.51315493207886, 3.4612095066516413], [-76.51205174778607, 3.4626998394604414], [-76.51284774238285, 3.4644195839545064], [-76.51474691917109, 3.464649020660361]]]}}, {"type": "Feature", "properties": {"h3_index": "8966f1c42d3ffff", "lat": 3.473703595274381, "lng": -76.49563081710026, "nivel_admin_1": "Comuna 05", "nivel_admin_2": "Los Andes", "estrato_promedio_200m": 3.0, "dist_sitp": 500, "dist_tm": 1500, "dist_ciclo": 800}, "geometry": {"type": "Polygon", "coordinates": [[[-76.49642681292872, 3.475423151321951], [-76.49752980258818, 3.4739330797741697], [-76.49673380497589, 3.472213501642476], [-76.49483481562903, 3.471984020102792], [-76.49373184531763, 3.4734741085127667], [-76.49452784500394, 3.475193661600245], [-76.49642681292872, 3.475423151321951]]]}}, {"type": "Feature", "properties": {"h3_index": "8966f1ced43ffff", "lat": 3.422680582475363, "lng": -76.54374291175002, "nivel_admin_1": "Comuna 19", "nivel_admin_2": "Urbanización Tequendama", "estrato_promedio_200m": 5.0, "dist_sitp": 500, "dist_tm": 1500, "dist_ciclo": 800}, "geometry": {"type": "Polygon", "coordinates": [[[-76.54453895013337, 3.424400925258207], [-76.54564257933545, 3.422909873919935], [-76.54484653919549, 3.4211895091105817], [-76.54294686770348, 3.4209602206158234], [-76.54184325777268, 3.422451288810031], [-76.54263930006152, 3.4241716286430677], [-76.54453895013337, 3.424400925258207]]]}}, {"type": "Feature", "properties": {"h3_index": "8966f1ced67ffff", "lat": 3.4136200225079, "lng": -76.53596330152467, "nivel_admin_1": "Comuna 10", "nivel_admin_2": "Departamental", "estrato_promedio_200m": 4.0, "dist_sitp": 500, "dist_tm": 1500, "dist_ciclo": 800}, "geometry": {"type": "Polygon", "coordinates": [[[-76.53675937602314, 3.4153404547134967], [-76.53786296139714, 3.413849303601736], [-76.53706688513752, 3.4121288493779245], [-76.53516722136575, 3.4118995712487523], [-76.5340636552775, 3.4133907392055263], [-76.53485973367415, 3.4151111684464737], [-76.53675937602314, 3.4153404547134967]]]}}, {"type": "Feature", "properties": {"h3_index": "8966f1c5cd3ffff", "lat": 3.451233857437373, "lng": -76.49777984737705, "nivel_admin_1": "Comuna 08", "nivel_admin_2": "Villa Colombia", "estrato_promedio_200m": 3.0, "dist_sitp": 500, "dist_tm": 1500, "dist_ciclo": 800}, "geometry": {"type": "Polygon", "coordinates": [[[-76.49857589519668, 3.4529537017471243], [-76.49967898282736, 3.4514632846538325], [-76.49888293322492, 3.4497434182830435], [-76.49698379391306, 3.449513994041603], [-76.49588072562943, 3.4510044279829057], [-76.49667677730952, 3.4527242693176374], [-76.49857589519668, 3.4529537017471243]]]}}, {"type": "Feature", "properties": {"h3_index": "8966f1c5ebbffff", "lat": 3.434608155129453, "lng": -76.50801534462191, "nivel_admin_1": "Comuna 12", "nivel_admin_2": "Alfonso Barberena A.", "estrato_promedio_200m": 2.0, "dist_sitp": 500, "dist_tm": 1500, "dist_ciclo": 800}, "geometry": {"type": "Polygon", "coordinates": [[[-76.50881141589093, 3.436328239044922], [-76.50991465951563, 3.434837527311145], [-76.5091185864695, 3.433117421352758], [-76.50721926770395, 3.432888052148296], [-76.50611604341069, 3.434378780724766], [-76.50691211855045, 3.4360988616630164], [-76.50881141589093, 3.436328239044922]]]}}, {"type": "Feature", "properties": {"h3_index": "8966f11b3dbffff", "lat": 3.351208518580811, "lng": -76.53040684311877, "nivel_admin_1": "Comuna 22", "nivel_admin_2": "Parcelaciones Pance", "estrato_promedio_200m": 3.0, "dist_sitp": 500, "dist_tm": 1500, "dist_ciclo": 800}, "geometry": {"type": "Polygon", "coordinates": [[[-76.53120308205692, 3.3529297115572025], [-76.53230682831841, 3.351437657784176], [-76.53151058761517, 3.3497164428526602], [-76.5296105985201, 3.3494873066671658], [-76.52850687156145, 3.350979377238677], [-76.52930311439395, 3.3527005671972026], [-76.53120308205692, 3.3529297115572025]]]}}, {"type": "Feature", "properties": {"h3_index": "8966f1c4263ffff", "lat": 3.455705011244318, "lng": -76.49447068451731, "nivel_admin_1": "Comuna 07", "nivel_admin_2": "Sector Base Aérea", "estrato_promedio_200m": 3.0, "dist_sitp": 500, "dist_tm": 1500, "dist_ciclo": 800}, "geometry": {"type": "Polygon", "coordinates": [[[-76.49526672698477, 3.4574247893610828], [-76.4963697672749, 3.4559344541036703], [-76.49557372302277, 3.4542146539209315], [-76.49367463640694, 3.4539852140365785], [-76.492571615469, 3.455475566143098], [-76.4933676617936, 3.4571953412848693], [-76.49526672698477, 3.4574247893610828]]]}}, {"type": "Feature", "properties": {"h3_index": "8966f1c5393ffff", "lat": 3.456624315403136, "lng": -76.52896364197069, "nivel_admin_1": "Comuna 03", "nivel_admin_2": "El Manantial", "estrato_promedio_200m": 3.0, "dist_sitp": 500, "dist_tm": 1500, "dist_ciclo": 800}, "geometry": {"type": "Polygon", "coordinates": [[[-76.52975962211853, 3.4583441879018464], [-76.53086299222494, 3.4568537096386067], [-76.53006701031237, 3.455133815077075], [-76.52816765616663, 3.454904423780666], [-76.52706430535288, 3.4563949189143552], [-76.52786028939111, 3.458114788474005], [-76.52975962211853, 3.4583441879018464]]]}}, {"type": "Feature", "properties": {"h3_index": "8966f1c5883ffff", "lat": 3.42612204506823, "lng": -76.49153607396275, "nivel_admin_1": "Comuna 13", "nivel_admin_2": "Los Comuneros II Etapa", "estrato_promedio_200m": 2.0, "dist_sitp": 500, "dist_tm": 1500, "dist_ciclo": 800}, "geometry": {"type": "Polygon", "coordinates": [[[-76.49233219486233, 3.4278421842792453], [-76.49343530842616, 3.42635142081255], [-76.49263918573986, 3.4246312595653046], [-76.49073994742031, 3.424401886821528], [-76.48963685321733, 3.4258926671151584], [-76.49043297797196, 3.4276128033256463], [-76.49233219486233, 3.4278421842792453]]]}}, {"type": "Feature", "properties": {"h3_index": "8966f1c51c3ffff", "lat": 3.46166836149936, "lng": -76.51695334216114, "nivel_admin_1": "Comuna 04", "nivel_admin_2": "Santander", "estrato_promedio_200m": 2.0, "dist_sitp": 500, "dist_tm": 1500, "dist_ciclo": 800}, "geometry": {"type": "Polygon", "coordinates": [[[-76.51774933077681, 3.4633881339615193], [-76.51885256769631, 3.46189778554089], [-76.51805657730903, 3.4601779910093544], [-76.51615734789407, 3.4599485699153294], [-76.51505413028731, 3.4614389352026746], [-76.51585012278166, 3.463158704717344], [-76.51774933077681, 3.4633881339615193]]]}}, {"type": "Feature", "properties": {"h3_index": "8966f1ce833ffff", "lat": 3.4105219819489094, "lng": -76.55067257840598, "nivel_admin_1": "Comuna 19", "nivel_admin_2": "Sector Unidad Deportiva Alberto Galindo Plaza de Toros", "estrato_promedio_200m": 3.0, "dist_sitp": 500, "dist_tm": 1500, "dist_ciclo": 800}, "geometry": {"type": "Polygon", "coordinates": [[[-76.5514686347388, 3.4122424979477604], [-76.55257237246991, 3.410751234285698], [-76.55177631438438, 3.409030696273555], [-76.54987651640688, 3.4088014468887433], [-76.54877279793654, 3.4102927274025308], [-76.54956885818181, 3.412013240449412], [-76.5514686347388, 3.4122424979477604]]]}}, {"type": "Feature", "properties": {"h3_index": "8966f1c524bffff", "lat": 3.4575425062566962, "lng": -76.56346179526336, "nivel_admin_1": "CALI", "nivel_admin_2": "Aguacatal", "estrato_promedio_200m": 3.0, "dist_sitp": 500, "dist_tm": 1500, "dist_ciclo": 800}, "geometry": {"type": "Polygon", "coordinates": [[[-76.56425771248664, 3.459262472520072], [-76.56536141169613, 3.457771851722974], [-76.56456549272806, 3.4560518633999475], [-76.56266587237056, 3.4558225208367896], [-76.5615621923941, 3.4573131585256838], [-76.56235811354102, 3.459033121885949], [-76.56425771248664, 3.459262472520072]]]}}, {"type": "Feature", "properties": {"h3_index": "8966f1ce997ffff", "lat": 3.409720544002979, "lng": -76.53057184109693, "nivel_admin_1": "Comuna 10", "nivel_admin_2": "La Selva", "estrato_promedio_200m": 3.0, "dist_sitp": 500, "dist_tm": 1500, "dist_ciclo": 800}, "geometry": {"type": "Polygon", "coordinates": [[[-76.53136793470769, 3.4114410083719693], [-76.53247148150528, 3.409949823573143], [-76.53167538613017, 3.4082293371892782], [-76.52977574182765, 3.408000060592236], [-76.5286722143256, 3.4094912622301483], [-76.52946831182943, 3.4112117236260127], [-76.53136793470769, 3.4114410083719693]]]}}, {"type": "Feature", "properties": {"h3_index": "8966f1c5a67ffff", "lat": 3.399971580326828, "lng": -76.51709319358348, "nivel_admin_1": "Comuna 16", "nivel_admin_2": "Mariano Ramos", "estrato_promedio_200m": 2.0, "dist_sitp": 500, "dist_tm": 1500, "dist_ciclo": 800}, "geometry": {"type": "Polygon", "coordinates": [[[-76.51788933491328, 3.4016921249267353], [-76.51899278518435, 3.4002008559621917], [-76.51819664208232, 3.3984802893557466], [-76.51629704660002, 3.3982510167147235], [-76.51519361564888, 3.399742302503496], [-76.51598976085901, 3.4014628441090755], [-76.51788933491328, 3.4016921249267353]]]}}, {"type": "Feature", "properties": {"h3_index": "8966f11948fffff", "lat": 3.337778861357754, "lng": -76.54034111130701, "nivel_admin_1": "Comuna 22", "nivel_admin_2": "Parcelaciones Pance", "estrato_promedio_200m": 3.0, "dist_sitp": 500, "dist_tm": 1500, "dist_ciclo": 800}, "geometry": {"type": "Polygon", "coordinates": [[[-76.5411373661084, 3.3395002518705748], [-76.54224125428718, 3.338007954209429], [-76.54144499772633, 3.3362865417564125], [-76.53954485084081, 3.3360574519226796], [-76.53844098194935, 3.337549766378976], [-76.53923724065497, 3.3392711538738684], [-76.5411373661084, 3.3395002518705748]]]}}, {"type": "Feature", "properties": {"h3_index": "8966f11b057ffff", "lat": 3.3653235302750257, "lng": -76.52617337539127, "nivel_admin_1": "Comuna 22", "nivel_admin_2": "Urbanización Río Lili", "estrato_promedio_200m": 3.0, "dist_sitp": 500, "dist_tm": 1500, "dist_ciclo": 800}, "geometry": {"type": "Polygon", "coordinates": [[[-76.52696958675158, 3.3670445346213307], [-76.5280732436834, 3.3655527094782536], [-76.52727703055572, 3.3638316831618735], [-76.52537715837256, 3.3636025069700985], [-76.52427352074922, 3.3650943489188947], [-76.52506973599944, 3.3668153502537552], [-76.52696958675158, 3.3670445346213307]]]}}, {"type": "Feature", "properties": {"h3_index": "8966f11b47bffff", "lat": 3.3813866413760523, "lng": -76.52463629217446, "nivel_admin_1": "Comuna 17", "nivel_admin_2": "Caney", "estrato_promedio_200m": 3.0, "dist_sitp": 500, "dist_tm": 1500, "dist_ciclo": 800}, "geometry": {"type": "Polygon", "coordinates": [[[-76.52543246640506, 3.383107440955628], [-76.52653605331714, 3.3816158614390472], [-76.52573987731846, 3.379895039872801], [-76.52384011228663, 3.3796658228105865], [-76.52273654468374, 3.3811574191430913], [-76.5235327228024, 3.382878215721898], [-76.52543246640506, 3.383107440955628]]]}}, {"type": "Feature", "properties": {"h3_index": "8966f11b48bffff", "lat": 3.3935477369532956, "lng": -76.51770779964423, "nivel_admin_1": "Comuna 16", "nivel_admin_2": "Ciudad 2000", "estrato_promedio_200m": 3.0, "dist_sitp": 500, "dist_tm": 1500, "dist_ciclo": 800}, "geometry": {"type": "Polygon", "coordinates": [[[-76.51850395582683, 3.395268363578577], [-76.51960743410156, 3.393776996237088], [-76.51881127614702, 3.392056347611898], [-76.51691163780752, 3.391827091326703], [-76.51580817885247, 3.3933184754883543], [-76.51660433891612, 3.395039099115035], [-76.51850395582683, 3.395268363578577]]]}}, {"type": "Feature", "properties": {"h3_index": "8966f1ceb67ffff", "lat": 3.3822996811128148, "lng": -76.55914186674234, "nivel_admin_1": "Comuna 18", "nivel_admin_2": "Sector Alto Nápoles", "estrato_promedio_200m": 3.0, "dist_sitp": 500, "dist_tm": 1500, "dist_ciclo": 800}, "geometry": {"type": "Polygon", "coordinates": [[[-76.5599379780948, 3.384020575353606], [-76.56104189435344, 3.3825288538670346], [-76.56024578125287, 3.380807937642763], [-76.55834574971935, 3.380578767853347], [-76.55724185271023, 3.3820705061772376], [-76.558037967984, 3.3837913974532325], [-76.5599379780948, 3.384020575353606]]]}}, {"type": "Feature", "properties": {"h3_index": "8966f1c5507ffff", "lat": 3.4750804683169436, "lng": -76.50702493546638, "nivel_admin_1": "Comuna 04", "nivel_admin_2": "Evaristo García", "estrato_promedio_200m": 2.0, "dist_sitp": 500, "dist_tm": 1500, "dist_ciclo": 800}, "geometry": {"type": "Polygon", "coordinates": [[[-76.50782090810947, 3.4768000420807046], [-76.50892400310155, 3.475309939228477], [-76.50812802868127, 3.473590343380537], [-76.50622895717618, 3.4733608754164202], [-76.50512588151233, 3.4748509951386226], [-76.50592185802421, 3.4765705659549755], [-76.50782090810947, 3.4768000420807046]]]}}, {"type": "Feature", "properties": {"h3_index": "8966f11b3c3ffff", "lat": 3.349258168345014, "lng": -76.52771062306917, "nivel_admin_1": "Comuna 22", "nivel_admin_2": "Parcelaciones Pance", "estrato_promedio_200m": 3.0, "dist_sitp": 500, "dist_tm": 1500, "dist_ciclo": 800}, "geometry": {"type": "Polygon", "coordinates": [[[-76.52850687156145, 3.350979377238677], [-76.5296105985201, 3.3494873066671658], [-76.52881434826116, 3.3477660758200547], [-76.52691436891737, 3.347536940520015], [-76.52581066126648, 3.3490290278870343], [-76.52660691365054, 3.350750233758588], [-76.52850687156145, 3.350979377238677]]]}}, {"type": "Feature", "properties": {"h3_index": "8966f1c46c7ffff", "lat": 3.49101097676443, "lng": -76.49109424327767, "nivel_admin_1": "Comuna 06", "nivel_admin_2": "San Luis II", "estrato_promedio_200m": 3.0, "dist_sitp": 500, "dist_tm": 1500, "dist_ciclo": 800}, "geometry": {"type": "Polygon", "coordinates": [[[-76.49189020404202, 3.492730301597071], [-76.49299309038828, 3.491240509663469], [-76.49219712783768, 3.4895211627285936], [-76.49029827687292, 3.4892916327811045], [-76.48919540988042, 3.4907814415860967], [-76.48999137449785, 3.4925007634671967], [-76.49189020404202, 3.492730301597071]]]}}, {"type": "Feature", "properties": {"h3_index": "8966f1c5cd7ffff", "lat": 3.4492845675642814, "lng": -76.49508466830572, "nivel_admin_1": "Comuna 08", "nivel_admin_2": "La Base", "estrato_promedio_200m": 3.0, "dist_sitp": 500, "dist_tm": 1500, "dist_ciclo": 800}, "geometry": {"type": "Polygon", "coordinates": [[[-76.49588072562943, 3.4510044279829057], [-76.49698379391306, 3.449513994041603], [-76.49618773480493, 3.4477941115636073], [-76.49428860533858, 3.447564688065558], [-76.4931855564069, 3.449055138851904], [-76.49398161758852, 3.450774996291268], [-76.49588072562943, 3.4510044279829057]]]}}, {"type": "Feature", "properties": {"h3_index": "8966f1c42a3ffff", "lat": 3.4639581461092854, "lng": -76.4821559352416, "nivel_admin_1": "Comuna 07", "nivel_admin_2": "Alfonso Lopez Pumarejo 1a Etapa", "estrato_promedio_200m": 2.0, "dist_sitp": 500, "dist_tm": 1500, "dist_ciclo": 800}, "geometry": {"type": "Polygon", "coordinates": [[[-76.48295197853413, 3.4656777828645007], [-76.48405487140461, 3.464187627035332], [-76.48325882632035, 3.4624679682042943], [-76.48135988631114, 3.462238490259535], [-76.48025701281311, 3.4637286629361044], [-76.48105305995074, 3.4654482967100497], [-76.48295197853413, 3.4656777828645007]]]}}, {"type": "Feature", "properties": {"h3_index": "8966f1c426bffff", "lat": 3.454444091564714, "lng": -76.49747282334572, "nivel_admin_1": "Comuna 07", "nivel_admin_2": "Sector Base Aérea", "estrato_promedio_200m": 3.0, "dist_sitp": 500, "dist_tm": 1500, "dist_ciclo": 800}, "geometry": {"type": "Polygon", "coordinates": [[[-76.49826886373776, 3.4561638947203375], [-76.49937193737169, 3.4546735269670843], [-76.49857589519668, 3.4529537017471243], [-76.49667677730952, 3.4527242693176374], [-76.49557372302277, 3.4542146539209315], [-76.4963697672749, 3.4559344541036703], [-76.49826886373776, 3.4561638947203375]]]}}, {"type": "Feature", "properties": {"h3_index": "8966f1c53b7ffff", "lat": 3.447565900363641, "lng": -76.52118495792477, "nivel_admin_1": "Comuna 09", "nivel_admin_2": "Barrio Obrero", "estrato_promedio_200m": 2.0, "dist_sitp": 500, "dist_tm": 1500, "dist_ciclo": 800}, "geometry": {"type": "Polygon", "coordinates": [[[-76.521980974123, 3.449285862541879], [-76.52308430033405, 3.4477952843671695], [-76.52228828236647, 3.4460753001343973], [-76.52038893607299, 3.4458459190847717], [-76.51928562916912, 3.447336514119016], [-76.52008164925046, 3.4490564733433633], [-76.521980974123, 3.449285862541879]]]}}, {"type": "Feature", "properties": {"h3_index": "8966f11b3c7ffff", "lat": 3.347307803086274, "lng": -76.5250144032236, "nivel_admin_1": "Comuna 22", "nivel_admin_2": "Parcelaciones Pance", "estrato_promedio_200m": 3.0, "dist_sitp": 500, "dist_tm": 1500, "dist_ciclo": 800}, "geometry": {"type": "Polygon", "coordinates": [[[-76.52581066126648, 3.3490290278870343], [-76.52691436891737, 3.347536940520015], [-76.52611810910628, 3.3458156937674737], [-76.52421813952218, 3.345586559360086], [-76.5231144511839, 3.347078663519638], [-76.52391071311601, 3.3487998852940466], [-76.52581066126648, 3.3490290278870343]]]}}, {"type": "Feature", "properties": {"h3_index": "8966f1c5d4bffff", "lat": 3.4254339045860873, "lng": -76.48583845289659, "nivel_admin_1": "Comuna 13", "nivel_admin_2": "Omar Torrijos", "estrato_promedio_200m": 2.0, "dist_sitp": 500, "dist_tm": 1500, "dist_ciclo": 800}, "geometry": {"type": "Polygon", "coordinates": [[[-76.4866345853558, 3.427154034789159], [-76.48773764619393, 3.4256632869541686], [-76.4869415119447, 3.4239431347148894], [-76.4850423147967, 3.4237137553536794], [-76.4839392733293, 3.425204520011711], [-76.48473540963809, 3.4269246472079233], [-76.4866345853558, 3.427154034789159]]]}}, {"type": "Feature", "properties": {"h3_index": "8966f1cec23ffff", "lat": 3.429791142331255, "lng": -76.5488266832541, "nivel_admin_1": "Comuna 19", "nivel_admin_2": "Santa Isabel", "estrato_promedio_200m": 4.0, "dist_sitp": 500, "dist_tm": 1500, "dist_ciclo": 800}, "geometry": {"type": "Polygon", "coordinates": [[[-76.54962269507226, 3.431511411708657], [-76.55072634880281, 3.4300204433237753], [-76.5499303352311, 3.4283001519132204], [-76.54803066577111, 3.4280708538599005], [-76.5469270313022, 3.4295618391086844], [-76.54772304703054, 3.4312821055468947], [-76.54962269507226, 3.431511411708657]]]}}, {"type": "Feature", "properties": {"h3_index": "8966f1c553bffff", "lat": 3.471870728397501, "lng": -76.50733204861339, "nivel_admin_1": "Comuna 04", "nivel_admin_2": "La Alianza", "estrato_promedio_200m": 3.0, "dist_sitp": 500, "dist_tm": 1500, "dist_ciclo": 800}, "geometry": {"type": "Polygon", "coordinates": [[[-76.50812802868127, 3.473590343380537], [-76.5092311376684, 3.4721001911487073], [-76.50843515582345, 3.470380554084782], [-76.50653606289815, 3.4701510942831275], [-76.50543297323912, 3.471641263382926], [-76.50622895717618, 3.4733608754164202], [-76.50812802868127, 3.473590343380537]]]}}, {"type": "Feature", "properties": {"h3_index": "8966f1c588fffff", "lat": 3.422911079284044, "lng": -76.49184305741025, "nivel_admin_1": "Comuna 13", "nivel_admin_2": "Los Comuneros II Etapa", "estrato_promedio_200m": 2.0, "dist_sitp": 500, "dist_tm": 1500, "dist_ciclo": 800}, "geometry": {"type": "Polygon", "coordinates": [[[-76.49263918573986, 3.4246312595653046], [-76.49374231330282, 3.423140446819827], [-76.49294618318663, 3.4214202445056476], [-76.49104692343755, 3.421190879972539], [-76.48994381523528, 3.422681709542926], [-76.49073994742031, 3.424401886821528], [-76.49263918573986, 3.4246312595653046]]]}}, {"type": "Feature", "properties": {"h3_index": "8966f1ce90bffff", "lat": 3.3995107688434314, "lng": -76.54019675047238, "nivel_admin_1": "Comuna 17", "nivel_admin_2": "El Gran Limonar - Cataya", "estrato_promedio_200m": 3.0, "dist_sitp": 500, "dist_tm": 1500, "dist_ciclo": 800}, "geometry": {"type": "Polygon", "coordinates": [[[-76.54099285251777, 3.401231390252915], [-76.54209652717817, 3.399740010024689], [-76.54130042337388, 3.3980193666118974], [-76.53940064276436, 3.397790128401711], [-76.53829698738413, 3.3992815254677518], [-76.53909309333216, 3.401002143906174], [-76.54099285251777, 3.401231390252915]]]}}, {"type": "Feature", "properties": {"h3_index": "8966f1c5dc7ffff", "lat": 3.4324285216125916, "lng": -76.47652522496072, "nivel_admin_1": "Comuna 14", "nivel_admin_2": "Los Naranjos II", "estrato_promedio_200m": 3.0, "dist_sitp": 500, "dist_tm": 1500, "dist_ciclo": 800}, "geometry": {"type": "Polygon", "coordinates": [[[-76.47732135614693, 3.4341485355942254], [-76.4784243028628, 3.432657934483885], [-76.47762816988129, 3.430937898457843], [-76.47572908813771, 3.430708488597611], [-76.47462616080776, 3.4321991065302093], [-76.47542229583439, 3.433919117500784], [-76.47732135614693, 3.4341485355942254]]]}}, {"type": "Feature", "properties": {"h3_index": "8966f1c5813ffff", "lat": 3.4216496068347118, "lng": -76.49484545665115, "nivel_admin_1": "Comuna 13", "nivel_admin_2": "Los Robles", "estrato_promedio_200m": 2.0, "dist_sitp": 500, "dist_tm": 1500, "dist_ciclo": 800}, "geometry": {"type": "Polygon", "coordinates": [[[-76.49564158290899, 3.423369812149438], [-76.49674474382707, 3.421878966958887], [-76.49594861578437, 3.4201587396128854], [-76.49404932474903, 3.4199293824892663], [-76.49294618318663, 3.4214202445056476], [-76.49374231330282, 3.423140446819827], [-76.49564158290899, 3.423369812149438]]]}}, {"type": "Feature", "properties": {"h3_index": "8966f1c46dbffff", "lat": 3.4949086825825004, "lng": -76.49648385167174, "nivel_admin_1": "Comuna 06", "nivel_admin_2": "Ciudadela Floralia", "estrato_promedio_200m": 2.0, "dist_sitp": 500, "dist_tm": 1500, "dist_ciclo": 800}, "geometry": {"type": "Polygon", "coordinates": [[[-76.4972797934401, 3.496627974990748], [-76.49838271847928, 3.4951382168087664], [-76.49758677492783, 3.493418902294972], [-76.49568790426105, 3.493189371011786], [-76.49458499856588, 3.494679146071066], [-76.49538094419242, 3.4963984355362414], [-76.4972797934401, 3.496627974990748]]]}}, {"type": "Feature", "properties": {"h3_index": "8966f1c519bffff", "lat": 3.464190144991721, "lng": -76.51094857926438, "nivel_admin_1": "Comuna 04", "nivel_admin_2": "Manzanares", "estrato_promedio_200m": 3.0, "dist_sitp": 500, "dist_tm": 1500, "dist_ciclo": 800}, "geometry": {"type": "Polygon", "coordinates": [[[-76.51174457208609, 3.46590986741313], [-76.51284774238285, 3.4644195839545064], [-76.51205174778607, 3.4626998394604414], [-76.51015258079367, 3.4624704034493683], [-76.50904942981973, 3.4639607037728513], [-76.50984542651426, 3.465680423242558], [-76.51174457208609, 3.46590986741313]]]}}, {"type": "Feature", "properties": {"h3_index": "8966f1ce897ffff", "lat": 3.4233684501434962, "lng": -76.54944195531458, "nivel_admin_1": "Comuna 19", "nivel_admin_2": "Urbanización Nueva Granada", "estrato_promedio_200m": 4.0, "dist_sitp": 500, "dist_tm": 1500, "dist_ciclo": 800}, "geometry": {"type": "Polygon", "coordinates": [[[-76.5502379819706, 3.4250888017630428], [-76.5513416637002, 3.4235977349208397], [-76.5505456352909, 3.42187736127476], [-76.54864592299323, 3.421648079440876], [-76.54754226052496, 3.423139163142921], [-76.54833829109194, 3.4248595118190153], [-76.5502379819706, 3.4250888017630428]]]}}, {"type": "Feature", "properties": {"h3_index": "8966f1c506fffff", "lat": 3.457312491346374, "lng": -76.53466173362666, "nivel_admin_1": "Comuna 02", "nivel_admin_2": "Granada", "estrato_promedio_200m": 4.0, "dist_sitp": 500, "dist_tm": 1500, "dist_ciclo": 800}, "geometry": {"type": "Polygon", "coordinates": [[[-76.53545770209236, 3.4590323726495784], [-76.53656112476605, 3.4575418788170023], [-76.5357651545389, 3.4558219754509487], [-76.53386575950253, 3.45559259091304], [-76.53276235611159, 3.457083101619967], [-76.53355832847318, 3.4588029799904607], [-76.53545770209236, 3.4590323726495784]]]}}, {"type": "Feature", "properties": {"h3_index": "8966f1ce8abffff", "lat": 3.413733734433321, "lng": -76.55036491276132, "nivel_admin_1": "Comuna 19", "nivel_admin_2": "Sector Unidad Deportiva Alberto Galindo Plaza de Toros", "estrato_promedio_200m": 3.0, "dist_sitp": 500, "dist_tm": 1500, "dist_ciclo": 800}, "geometry": {"type": "Polygon", "coordinates": [[[-76.55116096167482, 3.415454209350473], [-76.55226468540513, 3.4139629948815244], [-76.5514686347388, 3.4122424979477604], [-76.54956885818181, 3.412013240449412], [-76.5484651537124, 3.413504471772117], [-76.54926120653796, 3.4152249437394273], [-76.55116096167482, 3.415454209350473]]]}}, {"type": "Feature", "properties": {"h3_index": "8966f11b68bffff", "lat": 3.38471195672754, "lng": -76.53873105360199, "nivel_admin_1": "Comuna 17", "nivel_admin_2": "Mayapan - Las Vegas", "estrato_promedio_200m": 3.0, "dist_sitp": 500, "dist_tm": 1500, "dist_ciclo": 800}, "geometry": {"type": "Polygon", "coordinates": [[[-76.53952719490262, 3.386432758248744], [-76.54063090629293, 3.3849411645616136], [-76.53983476323242, 3.3832203410520174], [-76.53793490663882, 3.382991136201783], [-76.53683121453298, 3.3844827467156215], [-76.53762735973517, 3.386203545252997], [-76.53952719490262, 3.386432758248744]]]}}, {"type": "Feature", "properties": {"h3_index": "8966f1ce18fffff", "lat": 3.4550198613245566, "lng": -76.56946852229737, "nivel_admin_1": "Comuna 01", "nivel_admin_2": "Aguacatal", "estrato_promedio_200m": 3.0, "dist_sitp": 500, "dist_tm": 1500, "dist_ciclo": 800}, "geometry": {"type": "Polygon", "coordinates": [[[-76.57026443515247, 3.456739877505486], [-76.57136820080733, 3.4552491919322303], [-76.57057228621088, 3.4535291536949377], [-76.56867260377032, 3.453299825986162], [-76.56756885733847, 3.4547905284530778], [-76.56836477412305, 3.456510541735121], [-76.57026443515247, 3.456739877505486]]]}}, {"type": "Feature", "properties": {"h3_index": "8966f1ce81bffff", "lat": 3.41637124963523, "lng": -76.5587601181126, "nivel_admin_1": "Comuna 20", "nivel_admin_2": "El Cortijo", "estrato_promedio_200m": 2.0, "dist_sitp": 500, "dist_tm": 1500, "dist_ciclo": 800}, "geometry": {"type": "Polygon", "coordinates": [[[-76.55955614569037, 3.418091717251543], [-76.56065994117448, 3.4166005041624383], [-76.55986391184874, 3.414880014527828], [-76.55796408486565, 3.4146507629398704], [-76.55686030862765, 3.416141992889593], [-76.55765634012553, 3.417862457566674], [-76.55955614569037, 3.418091717251543]]]}}, {"type": "Feature", "properties": {"h3_index": "8966f1ced57ffff", "lat": 3.423942329805888, "lng": -76.54073966360002, "nivel_admin_1": "Comuna 19", "nivel_admin_2": "Eucarístico", "estrato_promedio_200m": 4.0, "dist_sitp": 500, "dist_tm": 1500, "dist_ciclo": 800}, "geometry": {"type": "Polygon", "coordinates": [[[-76.54153570413055, 3.425662647610764], [-76.54263930006152, 3.4241716286430677], [-76.54184325777268, 3.422451288810031], [-76.53994361740752, 3.422221992924762], [-76.53884004075283, 3.4237130287474606], [-76.53963608518593, 3.425433343600431], [-76.54153570413055, 3.425662647610764]]]}}, {"type": "Feature", "properties": {"h3_index": "8966f1c5d67ffff", "lat": 3.417635690237227, "lng": -76.47505716928704, "nivel_admin_1": "Comuna 14", "nivel_admin_2": "Manuela Beltrán", "estrato_promedio_200m": 1.0, "dist_sitp": 500, "dist_tm": 1500, "dist_ciclo": 800}, "geometry": {"type": "Polygon", "coordinates": [[[-76.47585333968307, 3.4193558844607], [-76.47695632300902, 3.4178650693513672], [-76.47616015081665, 3.4161448530983693], [-76.47426099325423, 3.415915477008065], [-76.47315802931851, 3.4174063089285522], [-76.47395420355392, 3.419126500128198], [-76.47585333968307, 3.4193558844607]]]}}, {"type": "Feature", "properties": {"h3_index": "8966f11b6a3ffff", "lat": 3.378861828497638, "lng": -76.53064308431622, "nivel_admin_1": "Comuna 17", "nivel_admin_2": "Sector Ciudad Universitaria", "estrato_promedio_200m": 3.0, "dist_sitp": 500, "dist_tm": 1500, "dist_ciclo": 800}, "geometry": {"type": "Polygon", "coordinates": [[[-76.53143925429639, 3.380582678044137], [-76.53254290781864, 3.379091033885805], [-76.53174673607384, 3.37737016235594], [-76.52984690867643, 3.3771409599643367], [-76.52874327445329, 3.378632620940463], [-76.52953944832736, 3.380353467490399], [-76.53143925429639, 3.380582678044137]]]}}, {"type": "Feature", "properties": {"h3_index": "8966f1ce8d7ffff", "lat": 3.422794466382668, "lng": -76.55814462037957, "nivel_admin_1": "Comuna 20", "nivel_admin_2": "Siloé", "estrato_promedio_200m": 1.0, "dist_sitp": 500, "dist_tm": 1500, "dist_ciclo": 800}, "geometry": {"type": "Polygon", "coordinates": [[[-76.5589406331224, 3.4245148517814243], [-76.56004440060607, 3.423023737098621], [-76.55924838611499, 3.421303329674967], [-76.55734860196803, 3.421074061894008], [-76.55624485373076, 3.422565193441486], [-76.55704087039295, 3.4242855759052344], [-76.5589406331224, 3.4245148517814243]]]}}, {"type": "Feature", "properties": {"h3_index": "8966f1c599bffff", "lat": 3.4144246178413415, "lng": -76.47536397298705, "nivel_admin_1": "Comuna 14", "nivel_admin_2": "Las Orquídeas", "estrato_promedio_200m": 1.0, "dist_sitp": 500, "dist_tm": 1500, "dist_ciclo": 800}, "geometry": {"type": "Polygon", "coordinates": [[[-76.47616015081665, 3.4161448530983693], [-76.47726314814231, 3.414653988714574], [-76.47646696851655, 3.412933731431332], [-76.47456778952046, 3.4127043635840715], [-76.4734648115849, 3.414195244776997], [-76.47426099325423, 3.415915477008065], [-76.47616015081665, 3.4161448530983693]]]}}, {"type": "Feature", "properties": {"h3_index": "8966f1c5e87ffff", "lat": 3.43781892353394, "lng": -76.50770818804178, "nivel_admin_1": "Comuna 12", "nivel_admin_2": "El Rodeo", "estrato_promedio_200m": 2.0, "dist_sitp": 500, "dist_tm": 1500, "dist_ciclo": 800}, "geometry": {"type": "Polygon", "coordinates": [[[-76.50850425188442, 3.4395389663337426], [-76.50960748151081, 3.4380483038909415], [-76.50881141589093, 3.436328239044922], [-76.50691211855045, 3.4360988616630164], [-76.50580890825562, 3.4375895409505484], [-76.50660497596861, 3.439309580775259], [-76.50850425188442, 3.4395389663337426]]]}}, {"type": "Feature", "properties": {"h3_index": "8966f1c5d97ffff", "lat": 3.436211928554732, "lng": -76.46751949212589, "nivel_admin_1": "Comuna 21", "nivel_admin_2": "Valle Grande", "estrato_promedio_200m": 3.0, "dist_sitp": 500, "dist_tm": 1500, "dist_ciclo": 800}, "geometry": {"type": "Polygon", "coordinates": [[[-76.46831562942832, 3.4379318673538033], [-76.46941847597694, 3.4364413637386644], [-76.46862233687403, 3.434721402890254], [-76.46672334919023, 3.434491970723696], [-76.4656205220426, 3.4359824911582986], [-76.46641666317667, 3.437702426940016], [-76.46831562942832, 3.4379318673538033]]]}}, {"type": "Feature", "properties": {"h3_index": "8966f1ce97bffff", "lat": 3.395036480654174, "lng": -76.54350781645894, "nivel_admin_1": "Comuna 17", "nivel_admin_2": "Los Portales - Nuevo Rey", "estrato_promedio_200m": 3.0, "dist_sitp": 500, "dist_tm": 1500, "dist_ciclo": 800}, "geometry": {"type": "Polygon", "coordinates": [[[-76.54430392377911, 3.3967571680686395], [-76.54540764571868, 3.3952657063466862], [-76.5446115366415, 3.3935449969338825], [-76.54271170347474, 3.3933157742124602], [-76.54160800081014, 3.394807252771129], [-76.54240411203624, 3.396527937214497], [-76.54430392377911, 3.3967571680686395]]]}}, {"type": "Feature", "properties": {"h3_index": "8966f1ce887ffff", "lat": 3.420156968547269, "lng": -76.54974960121584, "nivel_admin_1": "Comuna 19", "nivel_admin_2": "El Lido", "estrato_promedio_200m": 5.0, "dist_sitp": 500, "dist_tm": 1500, "dist_ciclo": 800}, "geometry": {"type": "Polygon", "coordinates": [[[-76.5505456352909, 3.42187736127476], [-76.55164933102047, 3.4203862452157447], [-76.55085329519225, 3.418665830465024], [-76.54895356147517, 3.41843655674213], [-76.54784988500683, 3.4199276896589543], [-76.54864592299323, 3.421648079440876], [-76.5505456352909, 3.42187736127476]]]}}, {"type": "Feature", "properties": {"h3_index": "8966f1c5c0fffff", "lat": 3.4377038195371776, "lng": -76.49331042796584, "nivel_admin_1": "Comuna 13", "nivel_admin_2": "Lleras Restrepo", "estrato_promedio_200m": 2.0, "dist_sitp": 500, "dist_tm": 1500, "dist_ciclo": 800}, "geometry": {"type": "Polygon", "coordinates": [[[-76.49410651707704, 3.439423819419096], [-76.4952096080015, 3.4379332206720643], [-76.49441351710475, 3.4362131987423425], [-76.49251433321152, 3.435983800597345], [-76.49141126164344, 3.4374744161803847], [-76.49220735461111, 3.4391944130724124], [-76.49410651707704, 3.439423819419096]]]}}, {"type": "Feature", "properties": {"h3_index": "8966f1c5347ffff", "lat": 3.443208831633632, "lng": -76.53889452442317, "nivel_admin_1": "Comuna 03", "nivel_admin_2": "San Cayetano", "estrato_promedio_200m": 3.0, "dist_sitp": 500, "dist_tm": 1500, "dist_ciclo": 800}, "geometry": {"type": "Polygon", "coordinates": [[[-76.53969052043132, 3.4449289026384418], [-76.54079403236929, 3.4434381791955984], [-76.53999803460198, 3.4417180861427963], [-76.53809852275447, 3.441488741519951], [-76.53699503009365, 3.4429794818299664], [-76.5377910300021, 3.4446995498956547], [-76.53969052043132, 3.4449289026384418]]]}}, {"type": "Feature", "properties": {"h3_index": "8966f1ce993ffff", "lat": 3.411670290913154, "lng": -76.53326757122113, "nivel_admin_1": "Comuna 10", "nivel_admin_2": "Santo Domingo", "estrato_promedio_200m": 3.0, "dist_sitp": 500, "dist_tm": 1500, "dist_ciclo": 800}, "geometry": {"type": "Polygon", "coordinates": [[[-76.5340636552775, 3.4133907392055263], [-76.53516722136575, 3.4118995712487523], [-76.53437113554664, 3.4101791009398332], [-76.53247148150528, 3.409949823573143], [-76.53136793470769, 3.4114410083719693], [-76.5321640226597, 3.4131614536954498], [-76.5340636552775, 3.4133907392055263]]]}}, {"type": "Feature", "properties": {"h3_index": "8966f1cedd3ffff", "lat": 3.4335759874466603, "lng": -76.53981706440882, "nivel_admin_1": "Comuna 19", "nivel_admin_2": "3 de Julio", "estrato_promedio_200m": 4.0, "dist_sitp": 500, "dist_tm": 1500, "dist_ciclo": 800}, "geometry": {"type": "Polygon", "coordinates": [[[-76.54061308267777, 3.4352961818908483], [-76.54171663661097, 3.433805310650074], [-76.54092061658329, 3.4320850941678134], [-76.53902104047863, 3.4318557739099145], [-76.53791750582215, 3.433346662011781], [-76.53871352799253, 3.43506685351045], [-76.54061308267777, 3.4352961818908483]]]}}, {"type": "Feature", "properties": {"h3_index": "8966f1ce933ffff", "lat": 3.3968731536461574, "lng": -76.53180165656063, "nivel_admin_1": "Comuna 17", "nivel_admin_2": "La Hacienda", "estrato_promedio_200m": 3.0, "dist_sitp": 500, "dist_tm": 1500, "dist_ciclo": 800}, "geometry": {"type": "Polygon", "coordinates": [[[-76.53259777986518, 3.398593782182413], [-76.53370138266835, 3.3971024006206205], [-76.5329052576, 3.3953817500827435], [-76.53100552759659, 3.395152506089945], [-76.52990194408841, 3.3966439044826777], [-76.53069807128755, 3.39836453003728], [-76.53259777986518, 3.398593782182413]]]}}, {"type": "Feature", "properties": {"h3_index": "8966f1c510bffff", "lat": 3.4532986217187522, "lng": -76.5148725592434, "nivel_admin_1": "Comuna 08", "nivel_admin_2": "Industrial", "estrato_promedio_200m": 2.0, "dist_sitp": 500, "dist_tm": 1500, "dist_ciclo": 800}, "geometry": {"type": "Polygon", "coordinates": [[[-76.51566857223676, 3.4550184927085303], [-76.5167718178367, 3.4535280287561556], [-76.51597580307039, 3.4518081357052712], [-76.51407654059909, 3.451578731623867], [-76.51297331431653, 3.453069212435942], [-76.5137693311868, 3.4547890804697166], [-76.51566857223676, 3.4550184927085303]]]}}, {"type": "Feature", "properties": {"h3_index": "8966f1c534fffff", "lat": 3.441947428525252, "lng": -76.54189756006392, "nivel_admin_1": "Comuna 03", "nivel_admin_2": "Los Libertadores", "estrato_promedio_200m": 3.0, "dist_sitp": 500, "dist_tm": 1500, "dist_ciclo": 800}, "geometry": {"type": "Polygon", "coordinates": [[[-76.542693553928, 3.4436675245150776], [-76.54379709913624, 3.4421767686664864], [-76.54300110351473, 3.4404566506303036], [-76.54110156053807, 3.440227313426096], [-76.53999803460198, 3.4417180861427963], [-76.54079403236929, 3.4434381791955984], [-76.542693553928, 3.4436675245150776]]]}}, {"type": "Feature", "properties": {"h3_index": "8966f1cecb3ffff", "lat": 3.4406859855945995, "lng": -76.54490066009954, "nivel_admin_1": "Comuna 19", "nivel_admin_2": "San Fernando Viejo", "estrato_promedio_200m": 4.0, "dist_sitp": 500, "dist_tm": 1500, "dist_ciclo": 800}, "geometry": {"type": "Polygon", "coordinates": [[[-76.54569665181492, 3.4424061065656977], [-76.54680023028853, 3.4409153183181527], [-76.54600423681744, 3.4391951753023364], [-76.54410466272121, 3.4389658455137107], [-76.54300110351473, 3.4404566506303036], [-76.54379709913624, 3.4421767686664864], [-76.54569665181492, 3.4424061065656977]]]}}, {"type": "Feature", "properties": {"h3_index": "8966f1ce80fffff", "lat": 3.411209732327199, "lng": -76.55637200136526, "nivel_admin_1": "Comuna 19", "nivel_admin_2": "Cañaveralejo Guadalupe", "estrato_promedio_200m": 3.0, "dist_sitp": 500, "dist_tm": 1500, "dist_ciclo": 800}, "geometry": {"type": "Polygon", "coordinates": [[[-76.55716804594978, 3.4129302571692675], [-76.55827183618858, 3.411438978030269], [-76.55747578985465, 3.4097184311748845], [-76.5555759511123, 3.409489188417447], [-76.55447218012436, 3.410980484412063], [-76.5552682286268, 3.4127010063085184], [-76.55716804594978, 3.4129302571692675]]]}}, {"type": "Feature", "properties": {"h3_index": "8966f1c5e2bffff", "lat": 3.423713768478058, "lng": -76.51193953436155, "nivel_admin_1": "Comuna 11", "nivel_admin_2": "San Carlos", "estrato_promedio_200m": 3.0, "dist_sitp": 500, "dist_tm": 1500, "dist_ciclo": 800}, "geometry": {"type": "Polygon", "coordinates": [[[-76.51273562581217, 3.4254340007025914], [-76.51383894475886, 3.423943108721308], [-76.51304285153327, 3.4222228544654216], [-76.51114343726007, 3.421993517203693], [-76.51004013763938, 3.423484426022518], [-76.5108362329648, 3.425204655265534], [-76.51273562581217, 3.4254340007025914]]]}}, {"type": "Feature", "properties": {"h3_index": "8966f1c466bffff", "lat": 3.4769131955620467, "lng": -76.49532383904798, "nivel_admin_1": "Comuna 05", "nivel_admin_2": "Los Parques - Barranquilla", "estrato_promedio_200m": 3.0, "dist_sitp": 500, "dist_tm": 1500, "dist_ciclo": 800}, "geometry": {"type": "Polygon", "coordinates": [[[-76.4961198274495, 3.4786327103944017], [-76.49722280311418, 3.477142688241732], [-76.49642681292872, 3.475423151321951], [-76.49452784500394, 3.475193661600245], [-76.49342488868744, 3.4766837006171385], [-76.49422088094643, 3.478403212491532], [-76.4961198274495, 3.4786327103944017]]]}}, {"type": "Feature", "properties": {"h3_index": "8966f1c5873ffff", "lat": 3.413965662102522, "lng": -76.49846204884894, "nivel_admin_1": "Comuna 13", "nivel_admin_2": "El Vergel", "estrato_promedio_200m": 1.0, "dist_sitp": 500, "dist_tm": 1500, "dist_ciclo": 800}, "geometry": {"type": "Polygon", "coordinates": [[[-76.49925818788861, 3.4156859745565304], [-76.50036141015661, 3.4141949984172237], [-76.4995652693341, 3.412474663940199], [-76.49766590416331, 3.4122453306282203], [-76.4965627012457, 3.413736323590232], [-76.49735884414737, 3.415456633041526], [-76.49925818788861, 3.4156859745565304]]]}}, {"type": "Feature", "properties": {"h3_index": "8966f1c5103ffff", "lat": 3.454559665984211, "lng": -76.51187010380546, "nivel_admin_1": "Comuna 08", "nivel_admin_2": "Industrial", "estrato_promedio_200m": 2.0, "dist_sitp": 500, "dist_tm": 1500, "dist_ciclo": 800}, "geometry": {"type": "Polygon", "coordinates": [[[-76.5126661189011, 3.45627951195524], [-76.5137693311868, 3.4547890804697166], [-76.51297331431653, 3.453069212435942], [-76.51107408306014, 3.4528398009085284], [-76.50997089009684, 3.4543302492528194], [-76.51076690906642, 3.4560500922657584], [-76.5126661189011, 3.45627951195524]]]}}, {"type": "Feature", "properties": {"h3_index": "8966f1c53c7ffff", "lat": 3.450891524075952, "lng": -76.53527663025564, "nivel_admin_1": "Comuna 03", "nivel_admin_2": "La Merced", "estrato_promedio_200m": 3.0, "dist_sitp": 500, "dist_tm": 1500, "dist_ciclo": 800}, "geometry": {"type": "Polygon", "coordinates": [[[-76.5360726135621, 3.4526114877530487], [-76.53717606422978, 3.4511208953058543], [-76.53638007916217, 3.4494009095725153], [-76.53448064129029, 3.4491715412795982], [-76.53337720990508, 3.4506621505970854], [-76.53417319710817, 3.452382111337217], [-76.5360726135621, 3.4526114877530487]]]}}, {"type": "Feature", "properties": {"h3_index": "8966f1ce893ffff", "lat": 3.425318089481726, "lng": -76.55213768644344, "nivel_admin_1": "Comuna 19", "nivel_admin_2": "Urbanización Nueva Granada", "estrato_promedio_200m": 4.0, "dist_sitp": 500, "dist_tm": 1500, "dist_ciclo": 800}, "geometry": {"type": "Polygon", "coordinates": [[[-76.5529337035204, 3.4270384249536225], [-76.55403740450647, 3.4255473749742276], [-76.55324138567782, 3.4238270174741277], [-76.5513416637002, 3.4235977349208397], [-76.5502379819706, 3.4250888017630428], [-76.55103400296103, 3.4268091342957305], [-76.5529337035204, 3.4270384249536225]]]}}, {"type": "Feature", "properties": {"h3_index": "8966f11b22fffff", "lat": 3.3454691716168297, "lng": -76.5367219710647, "nivel_admin_1": "Comuna 22", "nivel_admin_2": "Parcelaciones Pance", "estrato_promedio_200m": 3.0, "dist_sitp": 500, "dist_tm": 1500, "dist_ciclo": 800}, "geometry": {"type": "Polygon", "coordinates": [[[-76.5375182131588, 3.3471904554195553], [-76.53862204002954, 3.34569828807214], [-76.53782579617393, 3.3439769823209122], [-76.53592572330741, 3.343747868881382], [-76.53482191572932, 3.3452400530271102], [-76.53561816172403, 3.3469613338140607], [-76.5375182131588, 3.3471904554195553]]]}}, {"type": "Feature", "properties": {"h3_index": "8966f1c4acbffff", "lat": 3.419470302067627, "lng": -76.46335586738996, "nivel_admin_1": "Comuna 21", "nivel_admin_2": "El Remanso", "estrato_promedio_200m": 1.0, "dist_sitp": 500, "dist_tm": 1500, "dist_ciclo": 800}, "geometry": {"type": "Polygon", "coordinates": [[[-76.46415205335899, 3.4211904370869073], [-76.46525491709563, 3.4196997025970424], [-76.46445872932355, 3.4179795455449815], [-76.46255967578874, 3.417750148049961], [-76.46145683146224, 3.419240899345218], [-76.4622530212593, 3.4209610313301235], [-76.46415205335899, 3.4211904370869073]]]}}, {"type": "Feature", "properties": {"h3_index": "8966f1ced37ffff", "lat": 3.4174054756147805, "lng": -76.52695390517373, "nivel_admin_1": "Comuna 10", "nivel_admin_2": "El Guabal", "estrato_promedio_200m": 3.0, "dist_sitp": 500, "dist_tm": 1500, "dist_ciclo": 800}, "geometry": {"type": "Polygon", "coordinates": [[[-76.52774998606411, 3.4191258328556144], [-76.52885347156453, 3.417634778866804], [-76.5280573889078, 3.415914399602829], [-76.52615781862649, 3.4156850993217946], [-76.52505435242693, 3.417176170152825], [-76.52585043720671, 3.41889652442268], [-76.52774998606411, 3.4191258328556144]]]}}, {"type": "Feature", "properties": {"h3_index": "8966f1c4253ffff", "lat": 3.4660233934481317, "lng": -76.49924685466935, "nivel_admin_1": "Comuna 05", "nivel_admin_2": "El Sena", "estrato_promedio_200m": 3.0, "dist_sitp": 500, "dist_tm": 1500, "dist_ciclo": 800}, "geometry": {"type": "Polygon", "coordinates": [[[-76.50004286327399, 3.4677430569397445], [-76.50114591426215, 3.4662528541129056], [-76.50034990387572, 3.4645331685453975], [-76.49845084042028, 3.4643037108428807], [-76.49734780877486, 3.4657939305287973], [-76.49814382124102, 3.467513591058157], [-76.50004286327399, 3.4677430569397445]]]}}, {"type": "Feature", "properties": {"h3_index": "8966f1ce1c7ffff", "lat": 3.45570784635291, "lng": -76.57516759846433, "nivel_admin_1": "Comuna 01", "nivel_admin_2": "Vista Hermosa", "estrato_promedio_200m": 1.0, "dist_sitp": 500, "dist_tm": 1500, "dist_ciclo": 800}, "geometry": {"type": "Polygon", "coordinates": [[[-76.57596349952, 3.4574278712178343], [-76.57706731760328, 3.4559371701642565], [-76.57627141480955, 3.4542171232429513], [-76.57437169173453, 3.453987802324161], [-76.57326789286434, 3.4554785202752956], [-76.57406379785498, 3.457198542247673], [-76.57596349952, 3.4574278712178343]]]}}, {"type": "Feature", "properties": {"h3_index": "8966f1ced77ffff", "lat": 3.416831578632221, "lng": -76.53565580641084, "nivel_admin_1": "Comuna 10", "nivel_admin_2": "Departamental", "estrato_promedio_200m": 4.0, "dist_sitp": 500, "dist_tm": 1500, "dist_ciclo": 800}, "geometry": {"type": "Polygon", "coordinates": [[[-76.5364518734873, 3.4185519697589695], [-76.5375554448609, 3.4170608678617644], [-76.53675937602314, 3.4153404547134967], [-76.53485973367415, 3.4151111684464737], [-76.53375618158645, 3.416602287190734], [-76.53455225256072, 3.418322675354956], [-76.5364518734873, 3.4185519697589695]]]}}, {"type": "Feature", "properties": {"h3_index": "8966f11b41bffff", "lat": 3.38907348740194, "lng": -76.52101827647472, "nivel_admin_1": "Comuna 17", "nivel_admin_2": "Caney", "estrato_promedio_200m": 3.0, "dist_sitp": 500, "dist_tm": 1500, "dist_ciclo": 800}, "geometry": {"type": "Polygon", "coordinates": [[[-76.52181443797127, 3.390794180021986], [-76.52291796356529, 3.389302731154245], [-76.52212180029865, 3.3875820165392474], [-76.5202221093226, 3.387352775785569], [-76.51911860304307, 3.3888442414723765], [-76.51991476842402, 3.390564931093799], [-76.52181443797127, 3.390794180021986]]]}}, {"type": "Feature", "properties": {"h3_index": "8966f1c586bffff", "lat": 3.4094925859573224, "lng": -76.50177175765329, "nivel_admin_1": "Comuna 15", "nivel_admin_2": "El Vallado", "estrato_promedio_200m": 2.0, "dist_sitp": 500, "dist_tm": 1500, "dist_ciclo": 800}, "geometry": {"type": "Polygon", "coordinates": [[[-76.50256790203962, 3.411212964475427], [-76.50367117165366, 3.4097219066788034], [-76.50287502548638, 3.4080015061426314], [-76.5009756076196, 3.4077721884239005], [-76.49987235735074, 3.4092632630421233], [-76.50066850560238, 3.410983638557487], [-76.50256790203962, 3.411212964475427]]]}}, {"type": "Feature", "properties": {"h3_index": "8966f1ccd97ffff", "lat": 3.3783994954034706, "lng": -76.55374959686776, "nivel_admin_1": "Comuna 18", "nivel_admin_2": "Sector Alto Jordán", "estrato_promedio_200m": 3.0, "dist_sitp": 500, "dist_tm": 1500, "dist_ciclo": 800}, "geometry": {"type": "Polygon", "coordinates": [[[-76.55454572739887, 3.3801204217376255], [-76.55564960515358, 3.3786286665793797], [-76.55485347287119, 3.376907718265096], [-76.55295346066806, 3.376678550062475], [-76.55184960217268, 3.3781703220520916], [-76.55264573662, 3.3798912454129617], [-76.55454572739887, 3.3801204217376255]]]}}, {"type": "Feature", "properties": {"h3_index": "8966f11b063ffff", "lat": 3.3569473883647154, "lng": -76.52409212145893, "nivel_admin_1": "Comuna 22", "nivel_admin_2": "Parcelaciones Pance", "estrato_promedio_200m": 3.0, "dist_sitp": 500, "dist_tm": 1500, "dist_ciclo": 800}, "geometry": {"type": "Polygon", "coordinates": [[[-76.52488835722053, 3.358668490486175], [-76.52599202285407, 3.3571765503463085], [-76.5251957853238, 3.355455426263095], [-76.52329588003947, 3.3552262673014606], [-76.52219223371901, 3.35671822423999], [-76.52298847336871, 3.358439323341497], [-76.52488835722053, 3.358668490486175]]]}}, {"type": "Feature", "properties": {"h3_index": "8966f1c51abffff", "lat": 3.4538714090556963, "lng": -76.5061725037137, "nivel_admin_1": "Comuna 07", "nivel_admin_2": "Sector Parque de la Caña", "estrato_promedio_200m": 3.0, "dist_sitp": 500, "dist_tm": 1500, "dist_ciclo": 800}, "geometry": {"type": "Polygon", "coordinates": [[[-76.50696853042572, 3.4555912461460907], [-76.5080716900649, 3.4541008302763676], [-76.50727566157491, 3.452380971123244], [-76.50537647135413, 3.452151552867008], [-76.50427333104724, 3.4536419855915983], [-76.50506936162775, 3.455361819717562], [-76.50696853042572, 3.4555912461460907]]]}}, {"type": "Feature", "properties": {"h3_index": "8966f1ceb3bffff", "lat": 3.3867747487334285, "lng": -76.55583021772593, "nivel_admin_1": "Comuna 18", "nivel_admin_2": "Prados del Sur", "estrato_promedio_200m": 2.0, "dist_sitp": 500, "dist_tm": 1500, "dist_ciclo": 800}, "geometry": {"type": "Polygon", "coordinates": [[[-76.55662632383032, 3.3884955770138583], [-76.55773019283275, 3.387003936929963], [-76.55693408497838, 3.3852830866610852], [-76.55503410595243, 3.3850539014293335], [-76.55393025620472, 3.3865455583516457], [-76.55472636622713, 3.388266383667301], [-76.55662632383032, 3.3884955770138583]]]}}, {"type": "Feature", "properties": {"h3_index": "8966f1c46bbffff", "lat": 3.4883734902276258, "lng": -76.48270301020612, "nivel_admin_1": "Comuna 06", "nivel_admin_2": "Urbanización Calimio", "estrato_promedio_200m": 3.0, "dist_sitp": 500, "dist_tm": 1500, "dist_ciclo": 800}, "geometry": {"type": "Polygon", "coordinates": [[[-76.48349899200923, 3.4900928223836023], [-76.48460180628592, 3.488603029278875], [-76.4838058226917, 3.4868836750223644], [-76.48190702276577, 3.4866541389332446], [-76.48080422785762, 3.488143948902494], [-76.48160021350576, 3.4898632780963497], [-76.48349899200923, 3.4900928223836023]]]}}, {"type": "Feature", "properties": {"h3_index": "8966f1ce88fffff", "lat": 3.418895101969384, "lng": -76.55275304250277, "nivel_admin_1": "Comuna 19", "nivel_admin_2": "El Lido", "estrato_promedio_200m": 5.0, "dist_sitp": 500, "dist_tm": 1500, "dist_ciclo": 800}, "geometry": {"type": "Polygon", "coordinates": [[[-76.55354907441675, 3.420615519663574], [-76.55465280340272, 3.4191243712543855], [-76.55385676973734, 3.4174039315386175], [-76.55195700492204, 3.417174665197086], [-76.55085329519225, 3.418665830465024], [-76.55164933102047, 3.4203862452157447], [-76.55354907441675, 3.420615519663574]]]}}, {"type": "Feature", "properties": {"h3_index": "8966f11b4d3ffff", "lat": 3.3974474995618738, "lng": -76.5230993733946, "nivel_admin_1": "Comuna 16", "nivel_admin_2": "Ciudad 2000", "estrato_promedio_200m": 3.0, "dist_sitp": 500, "dist_tm": 1500, "dist_ciclo": 800}, "geometry": {"type": "Polygon", "coordinates": [[[-76.52389551049774, 3.3991680941555504], [-76.52499902739714, 3.3976767604633], [-76.52420288852522, 3.395956143866376], [-76.52230323063542, 3.3957268859550696], [-76.5211997330459, 3.3972182364734214], [-76.5219958740352, 3.398938828076984], [-76.52389551049774, 3.3991680941555504]]]}}, {"type": "Feature", "properties": {"h3_index": "8966f1c51b7ffff", "lat": 3.4563933330934917, "lng": -76.50016797390185, "nivel_admin_1": "Comuna 07", "nivel_admin_2": "Sector Base Aérea", "estrato_promedio_200m": 3.0, "dist_sitp": 500, "dist_tm": 1500, "dist_ciclo": 800}, "geometry": {"type": "Polygon", "coordinates": [[[-76.50096400478687, 3.458113120122548], [-76.50206709776313, 3.4566227692222897], [-76.50127106509672, 3.454902960127235], [-76.49937193737169, 3.4546735269670843], [-76.49826886373776, 3.4561638947203375], [-76.49906489848543, 3.4578836787807457], [-76.50096400478687, 3.458113120122548]]]}}, {"type": "Feature", "properties": {"h3_index": "8966f1c4357ffff", "lat": 3.4504298219980845, "lng": -76.47768635287031, "nivel_admin_1": "Comuna 07", "nivel_admin_2": "Alfonso Lopez Pumarejo 3a Etapa", "estrato_promedio_200m": 3.0, "dist_sitp": 500, "dist_tm": 1500, "dist_ciclo": 800}, "geometry": {"type": "Polygon", "coordinates": [[[-76.4784824374179, 3.452149614399915], [-76.47958533352758, 3.4506592767833295], [-76.47878924718557, 3.448939462318901], [-76.47689026268608, 3.448710010529814], [-76.47578738595816, 3.450200364981786], [-76.47658347434684, 3.451920154387466], [-76.4784824374179, 3.452149614399915]]]}}, {"type": "Feature", "properties": {"h3_index": "8966f1c5e9bffff", "lat": 3.4417177604289204, "lng": -76.51309889520127, "nivel_admin_1": "Comuna 08", "nivel_admin_2": "Saavedra Galindo", "estrato_promedio_200m": 2.0, "dist_sitp": 500, "dist_tm": 1500, "dist_ciclo": 800}, "geometry": {"type": "Polygon", "coordinates": [[[-76.51389493999673, 3.4434377710105233], [-76.51499820827162, 3.4419471422660695], [-76.5142021617021, 3.4402271096349213], [-76.51230284475518, 3.4399977307644014], [-76.5111995958021, 3.441488376359509], [-76.511995644473, 3.4432083839744902], [-76.51389493999673, 3.4434377710105233]]]}}, {"type": "Feature", "properties": {"h3_index": "8966f1c5ad7ffff", "lat": 3.417979268586817, "lng": -76.51825237827961, "nivel_admin_1": "Comuna 11", "nivel_admin_2": "La Independencia", "estrato_promedio_200m": 3.0, "dist_sitp": 500, "dist_tm": 1500, "dist_ciclo": 800}, "geometry": {"type": "Polygon", "coordinates": [[[-76.51904847294529, 3.4196995919062947], [-76.52015187252796, 3.4182085858597535], [-76.5193557760909, 3.4164882405155312], [-76.51745627796046, 3.4162589262220373], [-76.51635289769357, 3.417749949105944], [-76.51714899624027, 3.4194702694459767], [-76.51904847294529, 3.4196995919062947]]]}}, {"type": "Feature", "properties": {"h3_index": "8966f1ced07ffff", "lat": 3.4213047872007523, "lng": -76.532345192149, "nivel_admin_1": "Comuna 10", "nivel_admin_2": "Olímpico", "estrato_promedio_200m": 4.0, "dist_sitp": 500, "dist_tm": 1500, "dist_ciclo": 800}, "geometry": {"type": "Polygon", "coordinates": [[[-76.53314125393777, 3.423025112253039], [-76.53424477802525, 3.4215340919575423], [-76.53344871447328, 3.4198137448787786], [-76.53154912470143, 3.4195844430844926], [-76.53044561990505, 3.421075480228132], [-76.53124168558834, 3.4227958023179244], [-76.53314125393777, 3.423025112253039]]]}}, {"type": "Feature", "properties": {"h3_index": "8966f11b0dbffff", "lat": 3.37369916595247, "lng": -76.52825454041897, "nivel_admin_1": "Comuna 17", "nivel_admin_2": "Urbanización San Joaquín", "estrato_promedio_200m": 3.0, "dist_sitp": 500, "dist_tm": 1500, "dist_ciclo": 800}, "geometry": {"type": "Polygon", "coordinates": [[[-76.52905072737727, 3.3754200724480135], [-76.5301543756042, 3.3739283623445573], [-76.52935818687983, 3.3722074338706327], [-76.5274583478018, 3.3719782404814787], [-76.52635471887872, 3.37346996739771], [-76.52715090972873, 3.375190870890324], [-76.52905072737727, 3.3754200724480135]]]}}, {"type": "Feature", "properties": {"h3_index": "8966f1c5d93ffff", "lat": 3.4381613055529985, "lng": -76.47021460944592, "nivel_admin_1": "Comuna 21", "nivel_admin_2": "Valle Grande", "estrato_promedio_200m": 3.0, "dist_sitp": 500, "dist_tm": 1500, "dist_ciclo": 800}, "geometry": {"type": "Polygon", "coordinates": [[[-76.47101073728072, 3.4398812283294773], [-76.47211360322542, 3.4383907415367725], [-76.47131747359174, 3.4366707967092975], [-76.46941847597694, 3.4364413637386644], [-76.46831562942832, 3.4379318673538033], [-76.46911176109732, 3.439651787117148], [-76.47101073728072, 3.4398812283294773]]]}}, {"type": "Feature", "properties": {"h3_index": "8966f11b46bffff", "lat": 3.378174199322333, "lng": -76.52494369566209, "nivel_admin_1": "Comuna 17", "nivel_admin_2": "Urbanización San Joaquín", "estrato_promedio_200m": 3.0, "dist_sitp": 500, "dist_tm": 1500, "dist_ciclo": 800}, "geometry": {"type": "Polygon", "coordinates": [[[-76.52573987731846, 3.379895039872801], [-76.52684347823393, 3.3784034112150776], [-76.52604729480962, 3.3766825486812593], [-76.52414750834826, 3.376453339791433], [-76.52304392674185, 3.3779449852630306], [-76.52384011228663, 3.3796658228105865], [-76.52573987731846, 3.379895039872801]]]}}, {"type": "Feature", "properties": {"h3_index": "8966f1c4667ffff", "lat": 3.476224703934951, "lng": -76.48962702909945, "nivel_admin_1": "Comuna 05", "nivel_admin_2": "Chiminangos Primera Etapa", "estrato_promedio_200m": 3.0, "dist_sitp": 500, "dist_tm": 1500, "dist_ciclo": 800}, "geometry": {"type": "Polygon", "coordinates": [[[-76.49042302906791, 3.4779442098870774], [-76.4915259520366, 3.47645420340783], [-76.49072995028088, 3.4747346753683206], [-76.48883102349066, 3.474505178859751], [-76.48772811988006, 3.4759952021993232], [-76.4885241237005, 3.477714705187138], [-76.49042302906791, 3.4779442098870774]]]}}, {"type": "Feature", "properties": {"h3_index": "8966f1ce8b7ffff", "lat": 3.416257577666843, "lng": -76.54435808161367, "nivel_admin_1": "Comuna 19", "nivel_admin_2": "Unidad Residencial Santiago de Cali", "estrato_promedio_200m": 3.0, "dist_sitp": 500, "dist_tm": 1500, "dist_ciclo": 800}, "geometry": {"type": "Polygon", "coordinates": [[[-76.5451541348375, 3.4179780026440545], [-76.54625779203975, 3.4164868528723797], [-76.54546173705963, 3.4147664058752656], [-76.54356202272618, 3.414537133623798], [-76.54245838479488, 3.4160283002473593], [-76.54325444192497, 3.4177487222705127], [-76.5451541348375, 3.4179780026440545]]]}}, {"type": "Feature", "properties": {"h3_index": "8966f1c5da3ffff", "lat": 3.4278413692315275, "lng": -76.46543772412814, "nivel_admin_1": "Comuna 21", "nivel_admin_2": "Ciudadela del Rio", "estrato_promedio_200m": 3.0, "dist_sitp": 500, "dist_tm": 1500, "dist_ciclo": 800}, "geometry": {"type": "Polygon", "coordinates": [[[-76.46623388576425, 3.4295614061784083], [-76.46733674090848, 3.4280707871046032], [-76.4665405774706, 3.426350728116655], [-76.46464155685933, 3.4261213132694683], [-76.46353872112067, 3.4276119491557164], [-76.46433488658661, 3.429331983076729], [-76.46623388576425, 3.4295614061784083]]]}}, {"type": "Feature", "properties": {"h3_index": "8966f1c5e2fffff", "lat": 3.421764177731798, "lng": -76.50924403666389, "nivel_admin_1": "Comuna 11", "nivel_admin_2": "Primavera", "estrato_promedio_200m": 2.0, "dist_sitp": 500, "dist_tm": 1500, "dist_ciclo": 800}, "geometry": {"type": "Polygon", "coordinates": [[[-76.51004013763938, 3.423484426022518], [-76.51114343726007, 3.421993517203693], [-76.51034733450805, 3.4202732468832933], [-76.50844793003853, 3.420043910397154], [-76.50734464974869, 3.421534836050543], [-76.50814075459641, 3.4232550813555127], [-76.51004013763938, 3.423484426022518]]]}}, {"type": "Feature", "properties": {"h3_index": "8966f1c46d7ffff", "lat": 3.4942200661959832, "lng": -76.49078733347535, "nivel_admin_1": "Comuna 06", "nivel_admin_2": "Ciudadela Floralia", "estrato_promedio_200m": 2.0, "dist_sitp": 500, "dist_tm": 1500, "dist_ciclo": 800}, "geometry": {"type": "Polygon", "coordinates": [[[-76.4915832868127, 3.495939349768667], [-76.49268615916576, 3.4944496072752758], [-76.49189020404202, 3.492730301597071], [-76.48999137449785, 3.4925007634671967], [-76.48888852149871, 3.4939905228339856], [-76.48968447868874, 3.495709803457254], [-76.4915832868127, 3.495939349768667]]]}}, {"type": "Feature", "properties": {"h3_index": "8966f1c54afffff", "lat": 3.4880350348188207, "lng": -76.52019286943738, "nivel_admin_1": "Comuna 02", "nivel_admin_2": "Senderos de La Flora", "estrato_promedio_200m": 3.0, "dist_sitp": 500, "dist_tm": 1500, "dist_ciclo": 800}, "geometry": {"type": "Polygon", "coordinates": [[[-76.52098878703005, 3.4897544862287484], [-76.52209196459624, 3.4882645171683873], [-76.5212960452341, 3.486545043662684], [-76.51939694619296, 3.486315564237235], [-76.51829378793079, 3.4878055501843854], [-76.51908970940464, 3.4895249986702095], [-76.52098878703005, 3.4897544862287484]]]}}, {"type": "Feature", "properties": {"h3_index": "8966f1c520bffff", "lat": 3.458115696697477, "lng": -76.55475985345629, "nivel_admin_1": "Comuna 01", "nivel_admin_2": "Aguacatal", "estrato_promedio_200m": 3.0, "dist_sitp": 500, "dist_tm": 1500, "dist_ciclo": 800}, "geometry": {"type": "Polygon", "coordinates": [[[-76.55555578461333, 3.4598356292744294], [-76.55665939811476, 3.458345056390744], [-76.5558634652079, 3.456625101752513], [-76.55396391663311, 3.456395744970829], [-76.55286032237969, 3.4578863347414837], [-76.55365625745195, 3.4596062644068697], [-76.55555578461333, 3.4598356292744294]]]}}, {"type": "Feature", "properties": {"h3_index": "8966f1c5533ffff", "lat": 3.4731314051876496, "lng": -76.50432989935406, "nivel_admin_1": "Comuna 04", "nivel_admin_2": "La Alianza", "estrato_promedio_200m": 3.0, "dist_sitp": 500, "dist_tm": 1500, "dist_ciclo": 800}, "geometry": {"type": "Polygon", "coordinates": [[[-76.50512588151233, 3.4748509951386226], [-76.50622895717618, 3.4733608754164202], [-76.50543297323912, 3.471641263382926], [-76.50353391154967, 3.471411796105814], [-76.50243085521896, 3.472901932695039], [-76.50322684124346, 3.474621519694363], [-76.50512588151233, 3.4748509951386226]]]}}, {"type": "Feature", "properties": {"h3_index": "8966f1c5897ffff", "lat": 3.427383420162012, "lng": -76.48853377480177, "nivel_admin_1": "Comuna 13", "nivel_admin_2": "Rodrigo Lara Bonilla", "estrato_promedio_200m": 2.0, "dist_sitp": 500, "dist_tm": 1500, "dist_ciclo": 800}, "geometry": {"type": "Polygon", "coordinates": [[[-76.48932989776797, 3.4291035343346383], [-76.49043297797196, 3.4276128033256463], [-76.48963685321733, 3.4258926671151584], [-76.48773764619393, 3.4256632869541686], [-76.4866345853558, 3.427154034789159], [-76.48743071217412, 3.4288741459591616], [-76.48932989776797, 3.4291035343346383]]]}}, {"type": "Feature", "properties": {"h3_index": "8966f1c73afffff", "lat": 3.4968575121579857, "lng": -76.49917865638767, "nivel_admin_1": "Comuna 02", "nivel_admin_2": "Brisas de los Álamos", "estrato_promedio_200m": 3.0, "dist_sitp": 500, "dist_tm": 1500, "dist_ciclo": 800}, "geometry": {"type": "Polygon", "coordinates": [[[-76.49997458865273, 3.498576788338846], [-76.50107753303105, 3.4970870470371], [-76.50028159898447, 3.4953677487490418], [-76.49838271847928, 3.4951382168087664], [-76.4972797934401, 3.496627974990748], [-76.49807572956588, 3.498347248232771], [-76.49997458865273, 3.498576788338846]]]}}, {"type": "Feature", "properties": {"h3_index": "8966f11b49bffff", "lat": 3.396759703738769, "lng": -76.51740049332615, "nivel_admin_1": "Comuna 16", "nivel_admin_2": "Ciudad 2000", "estrato_promedio_200m": 3.0, "dist_sitp": 500, "dist_tm": 1500, "dist_ciclo": 800}, "geometry": {"type": "Polygon", "coordinates": [[[-76.51819664208232, 3.3984802893557466], [-76.51930010635508, 3.396988971198781], [-76.51850395582683, 3.395268363578577], [-76.51660433891612, 3.395039099115035], [-76.51550089396316, 3.396530434094206], [-76.51629704660002, 3.3982510167147235], [-76.51819664208232, 3.3984802893557466]]]}}, {"type": "Feature", "properties": {"h3_index": "8966f1c404fffff", "lat": 3.46842851598722, "lng": -76.47884735673476, "nivel_admin_1": "Comuna 06", "nivel_admin_2": "Jorge Eliécer Gaitán", "estrato_promedio_200m": 2.0, "dist_sitp": 500, "dist_tm": 1500, "dist_ciclo": 800}, "geometry": {"type": "Polygon", "coordinates": [[[-76.47964339464848, 3.4701480865051333], [-76.48074624015561, 3.4686580126023294], [-76.47995020044831, 3.466938420003673], [-76.47805131318457, 3.4667089263698223], [-76.47694848705503, 3.4681990171211146], [-76.47774452881055, 3.4699185846577807], [-76.47964339464848, 3.4701480865051333]]]}}, {"type": "Feature", "properties": {"h3_index": "8966f1c50bbffff", "lat": 3.4707259077436454, "lng": -76.52473165461926, "nivel_admin_1": "Comuna 02", "nivel_admin_2": "San Vicente", "estrato_promedio_200m": 4.0, "dist_sitp": 500, "dist_tm": 1500, "dist_ciclo": 800}, "geometry": {"type": "Polygon", "coordinates": [[[-76.52552760720403, 3.4724455904071885], [-76.52663088803696, 3.470955341956871], [-76.52583493368518, 3.4692356372156667], [-76.52393569638039, 3.4690062059350977], [-76.52283243484571, 3.470496471263028], [-76.52362839131645, 3.472216150993923], [-76.52552760720403, 3.4724455904071885]]]}}, {"type": "Feature", "properties": {"h3_index": "8966f1c5457ffff", "lat": 3.491360835056842, "lng": -76.53428271239508, "nivel_admin_1": "Comuna 02", "nivel_admin_2": "Sector Altos de Menga", "estrato_promedio_200m": 3.0, "dist_sitp": 500, "dist_tm": 1500, "dist_ciclo": 800}, "geometry": {"type": "Polygon", "coordinates": [[[-76.53507859711137, 3.4930802876860385], [-76.53618189911137, 3.491590304296421], [-76.5353860126338, 3.4898708295697496], [-76.53348682202174, 3.489641363237359], [-76.53238353930108, 3.4911313635244925], [-76.53317942791203, 3.4928508132465064], [-76.53507859711137, 3.4930802876860385]]]}}, {"type": "Feature", "properties": {"h3_index": "8966f1ce903ffff", "lat": 3.4007728953637093, "lng": -76.5371933477663, "nivel_admin_1": "Comuna 17", "nivel_admin_2": "El Gran Limonar - Cataya", "estrato_promedio_200m": 3.0, "dist_sitp": 500, "dist_tm": 1500, "dist_ciclo": 800}, "geometry": {"type": "Polygon", "coordinates": [[[-76.53798945195372, 3.402493491797165], [-76.53909309333216, 3.401002143906174], [-76.53829698738413, 3.3992815254677518], [-76.5363972379175, 3.39905227989847], [-76.53529361582426, 3.400543644626357], [-76.53608972391137, 3.4022642380866377], [-76.53798945195372, 3.402493491797165]]]}}, {"type": "Feature", "properties": {"h3_index": "8966f11b62bffff", "lat": 3.3699114245162103, "lng": -76.53726523137665, "nivel_admin_1": "Comuna 22", "nivel_admin_2": "Ciudad Campestre", "estrato_promedio_200m": 3.0, "dist_sitp": 500, "dist_tm": 1500, "dist_ciclo": 800}, "geometry": {"type": "Polygon", "coordinates": [[[-76.53806141193525, 3.3716324059381058], [-76.53916516005627, 3.3701405989379594], [-76.53836897773678, 3.3684195955426253], [-76.53646904515554, 3.3681904241174956], [-76.5353653163233, 3.369682247933222], [-76.5361615007824, 3.371403226358506], [-76.53806141193525, 3.3716324059381058]]]}}, {"type": "Feature", "properties": {"h3_index": "8966f1c5c33ffff", "lat": 3.437015602804372, "lng": -76.48761297015453, "nivel_admin_1": "Comuna 13", "nivel_admin_2": "Sector Laguna del Pondaje", "estrato_promedio_200m": 3.0, "dist_sitp": 500, "dist_tm": 1500, "dist_ciclo": 800}, "geometry": {"type": "Polygon", "coordinates": [[[-76.48840907082966, 3.4387355937102773], [-76.48951210903833, 3.437245010602508], [-76.48871600657435, 3.435524997648824], [-76.48681686383846, 3.435295592846943], [-76.48571384499607, 3.43678619278681], [-76.4865099495222, 3.4385061806964803], [-76.48840907082966, 3.4387355937102773]]]}}, {"type": "Feature", "properties": {"h3_index": "8966f11b3cbffff", "lat": 3.347995208985559, "lng": -76.53071434125097, "nivel_admin_1": "Comuna 22", "nivel_admin_2": "Parcelaciones Pance", "estrato_promedio_200m": 3.0, "dist_sitp": 500, "dist_tm": 1500, "dist_ciclo": 800}, "geometry": {"type": "Polygon", "coordinates": [[[-76.53151058761517, 3.3497164428526602], [-76.53261434788274, 3.3482243400156944], [-76.5318180997536, 3.3465030841967787], [-76.52991808922602, 3.346273956186644], [-76.52881434826116, 3.3477660758200547], [-76.5296105985201, 3.3494873066671658], [-76.53151058761517, 3.3497164428526602]]]}}, {"type": "Feature", "properties": {"h3_index": "8966f1c5193ffff", "lat": 3.465450976814605, "lng": -76.50794629461845, "nivel_admin_1": "Comuna 04", "nivel_admin_2": "Manzanares", "estrato_promedio_200m": 3.0, "dist_sitp": 500, "dist_tm": 1500, "dist_ciclo": 800}, "geometry": {"type": "Polygon", "coordinates": [[[-76.5087422895362, 3.4671706742100206], [-76.50984542651426, 3.465680423242558], [-76.50904942981973, 3.4639607037728513], [-76.50715029405288, 3.463731260298704], [-76.50604717640265, 3.4652215281300767], [-76.50684317519031, 3.4669412225716933], [-76.5087422895362, 3.4671706742100206]]]}}, {"type": "Feature", "properties": {"h3_index": "8966f1ced13ffff", "lat": 3.4264657051506027, "lng": -76.53473336053801, "nivel_admin_1": "Comuna 19", "nivel_admin_2": "Sector Unidad Deportiva Jaime Aparicio", "estrato_promedio_200m": 3.0, "dist_sitp": 500, "dist_tm": 1500, "dist_ciclo": 800}, "geometry": {"type": "Polygon", "coordinates": [[[-76.53552940534895, 3.428185972988312], [-76.53663293472307, 3.4266950187821728], [-76.53583688815038, 3.4249747289130217], [-76.53393731006753, 3.4247454182375776], [-76.53283379997976, 3.426236389296863], [-76.53362984868738, 3.427956654178443], [-76.53552940534895, 3.428185972988312]]]}}, {"type": "Feature", "properties": {"h3_index": "8966f11b2b7ffff", "lat": 3.357634867876815, "lng": -76.52979186659378, "nivel_admin_1": "Comuna 22", "nivel_admin_2": "Parcelaciones Pance", "estrato_promedio_200m": 3.0, "dist_sitp": 500, "dist_tm": 1500, "dist_ciclo": 800}, "geometry": {"type": "Polygon", "coordinates": [[[-76.5305880906801, 3.3593559790454126], [-76.5316918089303, 3.3578640234240753], [-76.53089558307862, 3.356142890293687], [-76.52899563684741, 3.355913737760036], [-76.52789193790035, 3.3574057101839494], [-76.52868816588027, 3.3591268183389564], [-76.5305880906801, 3.3593559790454126]]]}}, {"type": "Feature", "properties": {"h3_index": "8966f1c5893ffff", "lat": 3.4293329204987963, "lng": -76.49122909708423, "nivel_admin_1": "Comuna 13", "nivel_admin_2": "Sector Laguna del Pondaje", "estrato_promedio_200m": 3.0, "dist_sitp": 500, "dist_tm": 1500, "dist_ciclo": 800}, "geometry": {"type": "Polygon", "coordinates": [[[-76.49202521055389, 3.431053018630813], [-76.49312831011885, 3.4295623044507937], [-76.49233219486233, 3.4278421842792453], [-76.49043297797196, 3.4276128033256463], [-76.48932989776797, 3.4291035343346383], [-76.4901260150923, 3.430823629468268], [-76.49202521055389, 3.431053018630813]]]}}, {"type": "Feature", "properties": {"h3_index": "8966f1c5857ffff", "lat": 3.419126542388526, "lng": -76.50085044902913, "nivel_admin_1": "Comuna 13", "nivel_admin_2": "El Vergel", "estrato_promedio_200m": 1.0, "dist_sitp": 500, "dist_tm": 1500, "dist_ciclo": 800}, "geometry": {"type": "Polygon", "coordinates": [[[-76.50164657112948, 3.4208467977589607], [-76.50274979874314, 3.4193558876986563], [-76.50195367486138, 3.4176356103002288], [-76.5000543212821, 3.4174062679864563], [-76.49895111301409, 3.418897194874462], [-76.49974723897863, 3.420617447248561], [-76.50164657112948, 3.4208467977589607]]]}}, {"type": "Feature", "properties": {"h3_index": "8966f1c5d9bffff", "lat": 3.4369002274658076, "lng": -76.47321648496626, "nivel_admin_1": "Comuna 21", "nivel_admin_2": "Valle Grande", "estrato_promedio_200m": 3.0, "dist_sitp": 500, "dist_tm": 1500, "dist_ciclo": 800}, "geometry": {"type": "Polygon", "coordinates": [[[-76.47401261076283, 3.4386201753043055], [-76.47511551009647, 3.4371296560073583], [-76.47431938250274, 3.435409686119494], [-76.47242035353429, 3.435180260588986], [-76.47131747359174, 3.4366707967092975], [-76.47211360322542, 3.4383907415367725], [-76.47401261076283, 3.4386201753043055]]]}}, {"type": "Feature", "properties": {"h3_index": "8966f1c5dcfffff", "lat": 3.431167306108276, "lng": -76.47952726537179, "nivel_admin_1": "Comuna 14", "nivel_admin_2": "José Manuel Marroquín Segunda Etapa", "estrato_promedio_200m": 2.0, "dist_sitp": 500, "dist_tm": 1500, "dist_ciclo": 800}, "geometry": {"type": "Polygon", "coordinates": [[[-76.48032339450995, 3.4328873451432727], [-76.48142637460515, 3.431396711548099], [-76.4806302436734, 3.4296766504703315], [-76.47873113059558, 3.42944724803947], [-76.47762816988129, 3.430937898457843], [-76.4784243028628, 3.432657934483885], [-76.48032339450995, 3.4328873451432727]]]}}, {"type": "Feature", "properties": {"h3_index": "8966f1c58cfffff", "lat": 3.4223376805893393, "lng": -76.50054335929697, "nivel_admin_1": "Comuna 13", "nivel_admin_2": "El Diamante", "estrato_promedio_200m": 2.0, "dist_sitp": 500, "dist_tm": 1500, "dist_ciclo": 800}, "geometry": {"type": "Polygon", "coordinates": [[[-76.50133947396884, 3.42405789489305], [-76.50244268758291, 3.4225670340939627], [-76.50164657112948, 3.4208467977589607], [-76.49974723897863, 3.420617447248561], [-76.49864404471033, 3.4221083248773754], [-76.49944016324602, 3.4238285361868703], [-76.50133947396884, 3.42405789489305]]]}}, {"type": "Feature", "properties": {"h3_index": "8966f1c58abffff", "lat": 3.417750424273923, "lng": -76.48945463856396, "nivel_admin_1": "Comuna 15", "nivel_admin_2": "Mojica", "estrato_promedio_200m": 3.0, "dist_sitp": 500, "dist_tm": 1500, "dist_ciclo": 800}, "geometry": {"type": "Polygon", "coordinates": [[[-76.49025078382203, 3.419470661634575], [-76.49135390602387, 3.4179797827953182], [-76.4905577589778, 3.416259523406731], [-76.48865848766353, 3.416030167894372], [-76.48755538482713, 3.417521063553525], [-76.48835153393844, 3.4192412979051503], [-76.49025078382203, 3.419470661634575]]]}}, {"type": "Feature", "properties": {"h3_index": "8966f11b62fffff", "lat": 3.3679612505332326, "lng": -76.53456912620243, "nivel_admin_1": "Comuna 22", "nivel_admin_2": "Urbanización Ciudad Jardín", "estrato_promedio_200m": 6.0, "dist_sitp": 500, "dist_tm": 1500, "dist_ciclo": 800}, "geometry": {"type": "Polygon", "coordinates": [[[-76.5353653163233, 3.369682247933222], [-76.53646904515554, 3.3681904241174956], [-76.53567285327219, 3.366469404745738], [-76.53377293042001, 3.3662402341623268], [-76.53266922088142, 3.3677320747906565], [-76.53346541490025, 3.3694530691897926], [-76.5353653163233, 3.369682247933222]]]}}, {"type": "Feature", "properties": {"h3_index": "8966f1cec3bffff", "lat": 3.4317407156382584, "lng": -76.55152235670894, "nivel_admin_1": "Comuna 19", "nivel_admin_2": "Altos de Santa Isabel", "estrato_promedio_200m": 5.0, "dist_sitp": 500, "dist_tm": 1500, "dist_ciclo": 800}, "geometry": {"type": "Polygon", "coordinates": [[[-76.55231835894924, 3.4334609688528737], [-76.55342203193653, 3.431970017334855], [-76.55262602794426, 3.43024974208542], [-76.55072634880281, 3.4300204433237753], [-76.54962269507226, 3.431511411708657], [-76.55041870122531, 3.433231661988327], [-76.55231835894924, 3.4334609688528737]]]}}, {"type": "Feature", "properties": {"h3_index": "8966f1ceca3ffff", "lat": 3.437475013178401, "lng": -76.54520823768293, "nivel_admin_1": "Comuna 19", "nivel_admin_2": "San Fernando Viejo", "estrato_promedio_200m": 4.0, "dist_sitp": 500, "dist_tm": 1500, "dist_ciclo": 800}, "geometry": {"type": "Polygon", "coordinates": [[[-76.54600423681744, 3.4391951753023364], [-76.54710782928944, 3.43770433779265], [-76.54631182839937, 3.435984153627305], [-76.54441223288522, 3.435754831950097], [-76.54330865968018, 3.4372456863268117], [-76.54410466272121, 3.4389658455137107], [-76.54600423681744, 3.4391951753023364]]]}}, {"type": "Feature", "properties": {"h3_index": "8966f1c5d57ffff", "lat": 3.4279565703603994, "lng": -76.47983410710314, "nivel_admin_1": "Comuna 14", "nivel_admin_2": "José Manuel Marroquín Segunda Etapa", "estrato_promedio_200m": 2.0, "dist_sitp": 500, "dist_tm": 1500, "dist_ciclo": 800}, "geometry": {"type": "Polygon", "coordinates": [[[-76.4806302436734, 3.4296766504703315], [-76.48173323776717, 3.428185967572973], [-76.48093709940346, 3.426465865423561], [-76.47903796489463, 3.426236471222085], [-76.47793499018162, 3.427727170940621], [-76.47873113059558, 3.42944724803947], [-76.4806302436734, 3.4296766504703315]]]}}, {"type": "Feature", "properties": {"h3_index": "8966f1c5853ffff", "lat": 3.4210761460633003, "lng": -76.50354591697747, "nivel_admin_1": "Comuna 13", "nivel_admin_2": "El Diamante", "estrato_promedio_200m": 2.0, "dist_sitp": 500, "dist_tm": 1500, "dist_ciclo": 800}, "geometry": {"type": "Polygon", "coordinates": [[[-76.50434202956416, 3.422796385390412], [-76.50544527651854, 3.4213054921607817], [-76.50464916215205, 3.4195852308040124], [-76.50274979874314, 3.4193558876986563], [-76.50164657112948, 3.4208467977589607], [-76.50244268758291, 3.4225670340939627], [-76.50434202956416, 3.422796385390412]]]}}, {"type": "Feature", "properties": {"h3_index": "8966f1c5597ffff", "lat": 3.4859695909527346, "lng": -76.50310162784294, "nivel_admin_1": "Comuna 04", "nivel_admin_2": "Calima", "estrato_promedio_200m": 3.0, "dist_sitp": 500, "dist_tm": 1500, "dist_ciclo": 800}, "geometry": {"type": "Polygon", "coordinates": [[[-76.50389758030049, 3.4876890159696172], [-76.50500059998643, 3.486199093836397], [-76.50420464574952, 3.4844796467238055], [-76.50230566974018, 3.4842501467832774], [-76.50120266938792, 3.485740085791619], [-76.50199862571023, 3.4874595078653883], [-76.50389758030049, 3.4876890159696172]]]}}, {"type": "Feature", "properties": {"h3_index": "8966f1c580fffff", "lat": 3.4152272893276425, "lng": -76.49545951411275, "nivel_admin_1": "Comuna 15", "nivel_admin_2": "Laureano Gómez", "estrato_promedio_200m": 1.0, "dist_sitp": 500, "dist_tm": 1500, "dist_ciclo": 800}, "geometry": {"type": "Polygon", "coordinates": [[[-76.49625565522987, 3.416947576754272], [-76.49735884414737, 3.415456633041526], [-76.4965627012457, 3.413736323590232], [-76.49466336735088, 3.4135069828811675], [-76.49356019778878, 3.414997943415689], [-76.49435634276499, 3.4167182278375052], [-76.49625565522987, 3.416947576754272]]]}}, {"type": "Feature", "properties": {"h3_index": "8966f1194dbffff", "lat": 3.3423670965334185, "lng": -76.55143442718895, "nivel_admin_1": "Comuna 22", "nivel_admin_2": "Parcelaciones Pance", "estrato_promedio_200m": 3.0, "dist_sitp": 500, "dist_tm": 1500, "dist_ciclo": 800}, "geometry": {"type": "Polygon", "coordinates": [[[-76.55223065110401, 3.3440884642269584], [-76.55333463038997, 3.342596184745599], [-76.55253840472191, 3.340874795108487], [-76.55063819760494, 3.3406457098994116], [-76.5495342375866, 3.342138006185814], [-76.55033046541651, 3.343859370876262], [-76.55223065110401, 3.3440884642269584]]]}}, {"type": "Feature", "properties": {"h3_index": "8966f1c5bc3ffff", "lat": 3.4030694969789996, "lng": -76.50238599626105, "nivel_admin_1": "Comuna 15", "nivel_admin_2": "El Morichal", "estrato_promedio_200m": 3.0, "dist_sitp": 500, "dist_tm": 1500, "dist_ciclo": 800}, "geometry": {"type": "Polygon", "coordinates": [[[-76.50318215550513, 3.404789957551785], [-76.50428545312086, 3.403298801303771], [-76.50348929209609, 3.4015783187195296], [-76.5015898313691, 3.4013490174017837], [-76.50048655309828, 3.4028401904673244], [-76.50128271620842, 3.4045606480331188], [-76.50318215550513, 3.404789957551785]]]}}, {"type": "Feature", "properties": {"h3_index": "8966f1ce83bffff", "lat": 3.4092599434500634, "lng": -76.5536761259542, "nivel_admin_1": "Comuna 19", "nivel_admin_2": "Cuarto de Legua - Guadalupe", "estrato_promedio_200m": 5.0, "dist_sitp": 500, "dist_tm": 1500, "dist_ciclo": 800}, "geometry": {"type": "Polygon", "coordinates": [[[-76.55447218012436, 3.410980484412063], [-76.5555759511123, 3.409489188417447], [-76.55477989519116, 3.4077686254437927], [-76.55288006611659, 3.4075393834262733], [-76.55177631438438, 3.409030696273555], [-76.55257237246991, 3.410751234285698], [-76.55447218012436, 3.410980484412063]]]}}, {"type": "Feature", "properties": {"h3_index": "8966f1c598fffff", "lat": 3.4092637980839413, "lng": -76.47297540567729, "nivel_admin_1": "Comuna 21", "nivel_admin_2": "Nuevo Amanecer", "estrato_promedio_200m": 3.0, "dist_sitp": 500, "dist_tm": 1500, "dist_ciclo": 800}, "geometry": {"type": "Polygon", "coordinates": [[[-76.47377160041712, 3.4109840903303437], [-76.47487459235282, 3.4094931598728797], [-76.47407839581537, 3.407772845605233], [-76.4721792053012, 3.407543486848644], [-76.47107623276032, 3.409034434110232], [-76.47187243133772, 3.4107547233242985], [-76.47377160041712, 3.4109840903303437]]]}}, {"type": "Feature", "properties": {"h3_index": "8966f1c7323ffff", "lat": 3.492388139940397, "lng": -76.50248753150132, "nivel_admin_1": "Comuna 02", "nivel_admin_2": "Brisas de los Álamos", "estrato_promedio_200m": 3.0, "dist_sitp": 500, "dist_tm": 1500, "dist_ciclo": 800}, "geometry": {"type": "Polygon", "coordinates": [[[-76.50328346910904, 3.4941074824379386], [-76.50438646080775, 3.4926176591463487], [-76.50359052142038, 3.4908982945465223], [-76.50169158824885, 3.4906687782794434], [-76.50058861588413, 3.49215861845019], [-76.50138455735585, 3.4938779580088726], [-76.50328346910904, 3.4941074824379386]]]}}, {"type": "Feature", "properties": {"h3_index": "8966f1c513bffff", "lat": 3.44940001345834, "lng": -76.50948202462136, "nivel_admin_1": "Comuna 08", "nivel_admin_2": "El Troncal", "estrato_promedio_200m": 3.0, "dist_sitp": 500, "dist_tm": 1500, "dist_ciclo": 800}, "geometry": {"type": "Polygon", "coordinates": [[[-76.51027805666536, 3.451119916731981], [-76.51138126362568, 3.449629419063177], [-76.51058522980561, 3.4479094937317463], [-76.5086859869284, 3.447680091091387], [-76.5075827992952, 3.4491706056139715], [-76.50837883521098, 3.450890505923145], [-76.51027805666536, 3.451119916731981]]]}}, {"type": "Feature", "properties": {"h3_index": "8966f1c462fffff", "lat": 3.47553619194312, "lng": -76.48393034261058, "nivel_admin_1": "Comuna 06", "nivel_admin_2": "Jorge Eliécer Gaitán", "estrato_promedio_200m": 2.0, "dist_sitp": 500, "dist_tm": 1500, "dist_ciclo": 800}, "geometry": {"type": "Polygon", "coordinates": [[[-76.48472635412953, 3.477255688995991], [-76.48582922438243, 3.475765698201776], [-76.48503321107292, 3.474046179061547], [-76.48313432545346, 3.473816675773554], [-76.48203147456854, 3.4753066834242006], [-76.48282748993401, 3.477026177506417], [-76.48472635412953, 3.477255688995991]]]}}, {"type": "Feature", "properties": {"h3_index": "8966f1c5b43ffff", "lat": 3.3953840531320054, "lng": -76.50600310227819, "nivel_admin_1": "Comuna 15", "nivel_admin_2": "El Morichal", "estrato_promedio_200m": 3.0, "dist_sitp": 500, "dist_tm": 1500, "dist_ciclo": 800}, "geometry": {"type": "Polygon", "coordinates": [[[-76.50679927429107, 3.3971046207384363], [-76.50790263325108, 3.3956133336869554], [-76.50710645945951, 3.3938927440773474], [-76.50520692461578, 3.3936634665315637], [-76.50410358499538, 3.3951547703974385], [-76.50489976087799, 3.3968753349947045], [-76.50679927429107, 3.3971046207384363]]]}}, {"type": "Feature", "properties": {"h3_index": "8966f11b603ffff", "lat": 3.3782869502368964, "lng": -76.53934618199614, "nivel_admin_1": "Comuna 17", "nivel_admin_2": "Unicentro Cali", "estrato_promedio_200m": 3.0, "dist_sitp": 500, "dist_tm": 1500, "dist_ciclo": 800}, "geometry": {"type": "Polygon", "coordinates": [[[-76.54014233814267, 3.38000783373186], [-76.54124607753972, 3.3785161417816605], [-76.54044991963359, 3.3767952363049476], [-76.5385500201866, 3.376566047748291], [-76.53744630007373, 3.37805775652112], [-76.53824246012258, 3.3797786370279854], [-76.54014233814267, 3.38000783373186]]]}}, {"type": "Feature", "properties": {"h3_index": "8966f11b61bffff", "lat": 3.380237028262607, "lng": -76.54204222978211, "nivel_admin_1": "Comuna 17", "nivel_admin_2": "Mayapan - Las Vegas", "estrato_promedio_200m": 3.0, "dist_sitp": 500, "dist_tm": 1500, "dist_ciclo": 800}, "geometry": {"type": "Polygon", "coordinates": [[[-76.54283837636054, 3.3819578957439944], [-76.54394213503687, 3.380466220619402], [-76.54314598670044, 3.378745331154596], [-76.54124607753972, 3.3785161417816605], [-76.54014233814267, 3.38000783373186], [-76.54093848862595, 3.381728698229396], [-76.54283837636054, 3.3819578957439944]]]}}, {"type": "Feature", "properties": {"h3_index": "8966f11b347ffff", "lat": 3.3396178716577327, "lng": -76.52863305062733, "nivel_admin_1": "Comuna 22", "nivel_admin_2": "Parcelaciones Pance", "estrato_promedio_200m": 3.0, "dist_sitp": 500, "dist_tm": 1500, "dist_ciclo": 800}, "geometry": {"type": "Polygon", "coordinates": [[[-76.52942932139985, 3.3413392031744156], [-76.53053309037797, 3.339846985441], [-76.52973681783922, 3.338125631980842], [-76.52783677419457, 3.3378965212260763], [-76.52673302452375, 3.3393887557488617], [-76.5275292991892, 3.341110084237042], [-76.52942932139985, 3.3413392031744156]]]}}, {"type": "Feature", "properties": {"h3_index": "8966f1c5d77ffff", "lat": 3.420846672320505, "lng": -76.47475037215303, "nivel_admin_1": "Comuna 14", "nivel_admin_2": "Manuela Beltrán", "estrato_promedio_200m": 1.0, "dist_sitp": 500, "dist_tm": 1500, "dist_ciclo": 800}, "geometry": {"type": "Polygon", "coordinates": [[[-76.47554653511557, 3.4225668255016792], [-76.4766495044421, 3.421076059674704], [-76.47585333968307, 3.4193558844607], [-76.47395420355392, 3.419126500128198], [-76.47285125361776, 3.420617282768373], [-76.47364742041931, 3.4223374329278493], [-76.47554653511557, 3.4225668255016792]]]}}, {"type": "Feature", "properties": {"h3_index": "8966f11b453ffff", "lat": 3.389761212123809, "lng": -76.52671737870719, "nivel_admin_1": "Comuna 17", "nivel_admin_2": "Prados del Limonar", "estrato_promedio_200m": 3.0, "dist_sitp": 500, "dist_tm": 1500, "dist_ciclo": 800}, "geometry": {"type": "Polygon", "coordinates": [[[-76.52751352853969, 3.391481913727021], [-76.52861710675042, 3.3899904493394093], [-76.52782095515114, 3.3882697257412224], [-76.52592122321695, 3.3880404915178923], [-76.52481766431079, 3.389531972728469], [-76.52561381803314, 3.3912526713394207], [-76.52751352853969, 3.391481913727021]]]}}, {"type": "Feature", "properties": {"h3_index": "8966f1c467bffff", "lat": 3.480122705234826, "lng": -76.49501686756338, "nivel_admin_1": "Comuna 05", "nivel_admin_2": "Villa del Sol", "estrato_promedio_200m": 3.0, "dist_sitp": 500, "dist_tm": 1500, "dist_ciclo": 800}, "geometry": {"type": "Polygon", "coordinates": [[[-76.49581284853804, 3.4818421788432503], [-76.49691581020825, 3.4803522060935417], [-76.4961198274495, 3.4786327103944017], [-76.49422088094643, 3.478403212491532], [-76.49311793862455, 3.479893202107482], [-76.49391392345629, 3.481612672760069], [-76.49581284853804, 3.4818421788432503]]]}}, {"type": "Feature", "properties": {"h3_index": "8966f1c422fffff", "lat": 3.453067432109887, "lng": -76.48607842709482, "nivel_admin_1": "Comuna 07", "nivel_admin_2": "Las Ceibas", "estrato_promedio_200m": 3.0, "dist_sitp": 500, "dist_tm": 1500, "dist_ciclo": 800}, "geometry": {"type": "Polygon", "coordinates": [[[-76.48687449061995, 3.45478721739648], [-76.4879774588421, 3.453296880948296], [-76.48718139352738, 3.4515770735974196], [-76.48528235792988, 3.4513476277445876], [-76.48417940907473, 3.4528379810350063], [-76.48497547644901, 3.4545577633360365], [-76.48687449061995, 3.45478721739648]]]}}, {"type": "Feature", "properties": {"h3_index": "8966f1c5807ffff", "lat": 3.4164888767213797, "lng": -76.49245704401295, "nivel_admin_1": "Comuna 15", "nivel_admin_2": "Mojica", "estrato_promedio_200m": 3.0, "dist_sitp": 500, "dist_tm": 1500, "dist_ciclo": 800}, "geometry": {"type": "Polygon", "coordinates": [[[-76.49325318720288, 3.418209139116899], [-76.49435634276499, 3.4167182278375052], [-76.49356019778878, 3.414997943415689], [-76.49166089517949, 3.4147685953065023], [-76.4905577589778, 3.416259523406731], [-76.49135390602387, 3.4179797827953182], [-76.49325318720288, 3.418209139116899]]]}}, {"type": "Feature", "properties": {"h3_index": "8966f11b647ffff", "lat": 3.3757618555266786, "lng": -76.5453535478216, "nivel_admin_1": "Comuna 18", "nivel_admin_2": "Meléndez", "estrato_promedio_200m": 3.0, "dist_sitp": 500, "dist_tm": 1500, "dist_ciclo": 800}, "geometry": {"type": "Polygon", "coordinates": [[[-76.54614969967221, 3.377482788953351], [-76.54725350563025, 3.3759910324177755], [-76.54645735202347, 3.3742700770126626], [-76.54455739030556, 3.374040903105445], [-76.54345360362164, 3.3755326764655105], [-76.54424975938042, 3.3772536069083037], [-76.54614969967221, 3.377482788953351]]]}}, {"type": "Feature", "properties": {"h3_index": "8966f1c4347ffff", "lat": 3.447219628789708, "lng": -76.47799315520645, "nivel_admin_1": "Comuna 21", "nivel_admin_2": "Sector Planta de Tratamiento", "estrato_promedio_200m": 3.0, "dist_sitp": 500, "dist_tm": 1500, "dist_ciclo": 800}, "geometry": {"type": "Polygon", "coordinates": [[[-76.47878924718557, 3.448939462318901], [-76.47989215729213, 3.447449075352868], [-76.47909606351871, 3.4457292197643734], [-76.47719705759044, 3.445499776199506], [-76.4760941668655, 3.446990179998896], [-76.47689026268608, 3.448710010529814], [-76.47878924718557, 3.448939462318901]]]}}, {"type": "Feature", "properties": {"h3_index": "8966f1c554bffff", "lat": 3.4751965556497155, "lng": -76.5214219120021, "nivel_admin_1": "Comuna 02", "nivel_admin_2": "Prados del Norte", "estrato_promedio_200m": 5.0, "dist_sitp": 500, "dist_tm": 1500, "dist_ciclo": 800}, "geometry": {"type": "Polygon", "coordinates": [[[-76.52221785928202, 3.4769161720704256], [-76.52332109282607, 3.475426005466891], [-76.52252514377723, 3.4737063669635924], [-76.52062595906948, 3.473476920079049], [-76.51952274482886, 3.474967103561281], [-76.52031869599149, 3.476686717049368], [-76.52221785928202, 3.4769161720704256]]]}}, {"type": "Feature", "properties": {"h3_index": "8966f1c406bffff", "lat": 3.463269689851665, "lng": -76.47645920917586, "nivel_admin_1": "Comuna 07", "nivel_admin_2": "Alfonso Lopez Pumarejo 1a Etapa", "estrato_promedio_200m": 2.0, "dist_sitp": 500, "dist_tm": 1500, "dist_ciclo": 800}, "geometry": {"type": "Polygon", "coordinates": [[[-76.47725526399819, 3.464989317656708], [-76.47835810412319, 3.4634991775166246], [-76.47756204750586, 3.461779527635794], [-76.47566314871781, 3.4615500429584563], [-76.47456032797513, 3.463040199942049], [-76.47535638663706, 3.4647598247594797], [-76.47725526399819, 3.464989317656708]]]}}, {"type": "Feature", "properties": {"h3_index": "8966f1cedc3ffff", "lat": 3.4303648585946456, "lng": -76.5401245908939, "nivel_admin_1": "Comuna 19", "nivel_admin_2": "3 de Julio", "estrato_promedio_200m": 4.0, "dist_sitp": 500, "dist_tm": 1500, "dist_ciclo": 800}, "geometry": {"type": "Polygon", "coordinates": [[[-76.54092061658329, 3.4320850941678134], [-76.54202418451547, 3.4305941736768446], [-76.5412281570675, 3.428873916068903], [-76.53932855954302, 3.428644603934362], [-76.53822501088743, 3.430135541284402], [-76.53902104047863, 3.4318557739099145], [-76.54092061658329, 3.4320850941678134]]]}}, {"type": "Feature", "properties": {"h3_index": "8966f1c5437ffff", "lat": 3.4848255509869794, "lng": -76.52050012021974, "nivel_admin_1": "Comuna 02", "nivel_admin_2": "La Flora", "estrato_promedio_200m": 5.0, "dist_sitp": 500, "dist_tm": 1500, "dist_ciclo": 800}, "geometry": {"type": "Polygon", "coordinates": [[[-76.5212960452341, 3.486545043662684], [-76.52239923679434, 3.4850550252047263], [-76.52160331001065, 3.4833355104365555], [-76.51970418955342, 3.48310603914504], [-76.51860101729706, 3.4845960744877638], [-76.51939694619296, 3.486315564237235], [-76.5212960452341, 3.486545043662684]]]}}, {"type": "Feature", "properties": {"h3_index": "8966f1ccdabffff", "lat": 3.3687609918086583, "lng": -76.55467283077482, "nivel_admin_1": "Comuna 18", "nivel_admin_2": "Altos del Madrigal", "estrato_promedio_200m": 3.0, "dist_sitp": 500, "dist_tm": 1500, "dist_ciclo": 800}, "geometry": {"type": "Polygon", "coordinates": [[[-76.55546898356718, 3.3704820410724583], [-76.55657290333446, 3.3689901386197345], [-76.55577674879125, 3.367269067385754], [-76.55387667231318, 3.3670399235543473], [-76.55277277180478, 3.3685318428323368], [-76.55356892851447, 3.3702528891164727], [-76.55546898356718, 3.3704820410724583]]]}}, {"type": "Feature", "properties": {"h3_index": "8966f1c5537ffff", "lat": 3.471182326566975, "lng": -76.50163486354906, "nivel_admin_1": "Comuna 05", "nivel_admin_2": "Los Andes", "estrato_promedio_200m": 3.0, "dist_sitp": 500, "dist_tm": 1500, "dist_ciclo": 800}, "geometry": {"type": "Polygon", "coordinates": [[[-76.50243085521896, 3.472901932695039], [-76.50353391154967, 3.471411796105814], [-76.5027379180994, 3.4696921678968917], [-76.50083886623398, 3.469462701313948], [-76.49973582924129, 3.4709528547672415], [-76.50053182477488, 3.4726724579394244], [-76.50243085521896, 3.472901932695039]]]}}, {"type": "Feature", "properties": {"h3_index": "8966f1ce96bffff", "lat": 3.3918242684954776, "lng": -76.54381542189981, "nivel_admin_1": "Comuna 17", "nivel_admin_2": "Ciudad Capri", "estrato_promedio_200m": 3.0, "dist_sitp": 500, "dist_tm": 1500, "dist_ciclo": 800}, "geometry": {"type": "Polygon", "coordinates": [[[-76.5446115366415, 3.3935449969338825], [-76.54571527258344, 3.3920534860565406], [-76.54491915608487, 3.3903327356230983], [-76.54301930149386, 3.3901035210352553], [-76.54191558482675, 3.3915950487472712], [-76.54271170347474, 3.3933157742124602], [-76.5446115366415, 3.3935449969338825]]]}}, {"type": "Feature", "properties": {"h3_index": "8966f11b343ffff", "lat": 3.341568319984084, "lng": -76.53132935725577, "nivel_admin_1": "Comuna 22", "nivel_admin_2": "Parcelaciones Pance", "estrato_promedio_200m": 3.0, "dist_sitp": 500, "dist_tm": 1500, "dist_ciclo": 800}, "geometry": {"type": "Polygon", "coordinates": [[[-76.53212561847238, 3.343289635606273], [-76.5332294067529, 3.34179743466522], [-76.53243314377168, 3.340076097097864], [-76.53053309037797, 3.339846985441], [-76.52942932139985, 3.3413392031744156], [-76.53022558651192, 3.343060515772345], [-76.53212561847238, 3.343289635606273]]]}}, {"type": "Feature", "properties": {"h3_index": "8966f1c4293ffff", "lat": 3.474275680090558, "lng": -76.48693211042, "nivel_admin_1": "Comuna 06", "nivel_admin_2": "La Rivera Primera Etapa", "estrato_promedio_200m": 2.0, "dist_sitp": 500, "dist_tm": 1500, "dist_ciclo": 800}, "geometry": {"type": "Polygon", "coordinates": [[[-76.48772811988006, 3.4759952021993232], [-76.48883102349066, 3.474505178859751], [-76.48803501224178, 3.472785634665253], [-76.48613609532057, 3.4725561388646042], [-76.48503321107292, 3.474046179061547], [-76.48582922438243, 3.475765698201776], [-76.48772811988006, 3.4759952021993232]]]}}, {"type": "Feature", "properties": {"h3_index": "8966f1c5083ffff", "lat": 3.47588489828418, "lng": -76.52711949541028, "nivel_admin_1": "Comuna 02", "nivel_admin_2": "Chipichape", "estrato_promedio_200m": 5.0, "dist_sitp": 500, "dist_tm": 1500, "dist_ciclo": 800}, "geometry": {"type": "Polygon", "coordinates": [[[-76.52791543103125, 3.4776045234900725], [-76.52901871716242, 3.476114341282639], [-76.52822277977585, 3.4743946939941295], [-76.52632355413444, 3.47416525392195], [-76.5252202872968, 3.475655453011982], [-76.52601622680594, 3.4773750752916013], [-76.52791543103125, 3.4776045234900725]]]}}, {"type": "Feature", "properties": {"h3_index": "8966f11b0cbffff", "lat": 3.3704864864229256, "lng": -76.52856199249612, "nivel_admin_1": "Comuna 17", "nivel_admin_2": "Urbanización San Joaquín", "estrato_promedio_200m": 3.0, "dist_sitp": 500, "dist_tm": 1500, "dist_ciclo": 800}, "geometry": {"type": "Polygon", "coordinates": [[[-76.52935818687983, 3.3722074338706327], [-76.53046184911086, 3.3707156746477485], [-76.52966565296121, 3.368994705224977], [-76.52776579245328, 3.3687655200052258], [-76.52666214952599, 3.3702572960388357], [-76.5274583478018, 3.3719782404814787], [-76.52935818687983, 3.3722074338706327]]]}}, {"type": "Feature", "properties": {"h3_index": "8966f11b683ffff", "lat": 3.3859743300781213, "lng": -76.53572753819184, "nivel_admin_1": "Comuna 17", "nivel_admin_2": "Ciudadela Pasoancho", "estrato_promedio_200m": 3.0, "dist_sitp": 500, "dist_tm": 1500, "dist_ciclo": 800}, "geometry": {"type": "Polygon", "coordinates": [[[-76.5365236816324, 3.387695106625467], [-76.53762735973517, 3.386203545252997], [-76.53683121453298, 3.3844827467156215], [-76.53493138908993, 3.384253534526693], [-76.53382773027667, 3.3857451127249267], [-76.53462387761587, 3.3874658862863307], [-76.5365236816324, 3.387695106625467]]]}}, {"type": "Feature", "properties": {"h3_index": "8966f1c5e67ffff", "lat": 3.4224521895161577, "lng": -76.51494227947941, "nivel_admin_1": "Comuna 11", "nivel_admin_2": "San Carlos", "estrato_promedio_200m": 3.0, "dist_sitp": 500, "dist_tm": 1500, "dist_ciclo": 800}, "geometry": {"type": "Polygon", "coordinates": [[[-76.5157383688273, 3.424172446751449], [-76.51684172109448, 3.4226815223550697], [-76.51604562997338, 3.420961243090067], [-76.51414618447949, 3.4207319132305734], [-76.51304285153327, 3.4222228544654216], [-76.51383894475886, 3.423943108721308], [-76.5157383688273, 3.424172446751449]]]}}, {"type": "Feature", "properties": {"h3_index": "8966f11b4d7ffff", "lat": 3.395497625858865, "lng": -76.52040358640127, "nivel_admin_1": "Comuna 16", "nivel_admin_2": "Ciudad 2000", "estrato_promedio_200m": 3.0, "dist_sitp": 500, "dist_tm": 1500, "dist_ciclo": 800}, "geometry": {"type": "Polygon", "coordinates": [[[-76.5211997330459, 3.3972182364734214], [-76.52230323063542, 3.3957268859550696], [-76.52150708222042, 3.394006253338932], [-76.51960743410156, 3.393776996237088], [-76.51850395582683, 3.395268363578577], [-76.51930010635508, 3.396988971198781], [-76.5211997330459, 3.3972182364734214]]]}}, {"type": "Feature", "properties": {"h3_index": "8966f1ceb17ffff", "lat": 3.3931995410261786, "lng": -76.55521473001927, "nivel_admin_1": "Comuna 18", "nivel_admin_2": "Los Chorros", "estrato_promedio_200m": 3.0, "dist_sitp": 500, "dist_tm": 1500, "dist_ciclo": 800}, "geometry": {"type": "Polygon", "coordinates": [[[-76.55601082128486, 3.3949202872594286], [-76.55711466228173, 3.393428745447203], [-76.55631856926588, 3.391707977218868], [-76.55441863308505, 3.39147877575836], [-76.55331481134318, 3.3929703344130844], [-76.55411090652603, 3.3946910776858226], [-76.55601082128486, 3.3949202872594286]]]}}, {"type": "Feature", "properties": {"h3_index": "8966f1194c3ffff", "lat": 3.340416622557009, "lng": -76.54873800408848, "nivel_admin_1": "Comuna 22", "nivel_admin_2": "Parcelaciones Pance", "estrato_promedio_200m": 3.0, "dist_sitp": 500, "dist_tm": 1500, "dist_ciclo": 800}, "geometry": {"type": "Polygon", "coordinates": [[[-76.5495342375866, 3.342138006185814], [-76.55063819760494, 3.3406457098994116], [-76.54984196235223, 3.3389243043287213], [-76.54794176492238, 3.3386952199936517], [-76.54683782417656, 3.3401875330821005], [-76.54763406158696, 3.3419089137035773], [-76.5495342375866, 3.342138006185814]]]}}, {"type": "Feature", "properties": {"h3_index": "8966f1cedb3ffff", "lat": 3.427039356712589, "lng": -76.52603175837169, "nivel_admin_1": "Comuna 10", "nivel_admin_2": "Santa Elena", "estrato_promedio_200m": 3.0, "dist_sitp": 500, "dist_tm": 1500, "dist_ciclo": 800}, "geometry": {"type": "Polygon", "coordinates": [[[-76.52682781699166, 3.4287595906800292], [-76.52793126049298, 3.427268684411359], [-76.52713520010623, 3.425548428410863], [-76.52523569409557, 3.4253191036766757], [-76.52413226989553, 3.4268100267936465], [-76.52492833240379, 3.4285302577965036], [-76.52682781699166, 3.4287595906800292]]]}}, {"type": "Feature", "properties": {"h3_index": "8966f1c434fffff", "lat": 3.4459586611029036, "lng": -76.48099508318953, "nivel_admin_1": "Comuna 07", "nivel_admin_2": "Urbanización El Ángel del Hogar", "estrato_promedio_200m": 2.0, "dist_sitp": 500, "dist_tm": 1500, "dist_ciclo": 800}, "geometry": {"type": "Polygon", "coordinates": [[[-76.48179117311852, 3.4476785196875777], [-76.48289411659884, 3.446188100214251], [-76.48209802487726, 3.4444682195719243], [-76.48019898762244, 3.4442387834567585], [-76.47909606351871, 3.4457292197643734], [-76.47989215729213, 3.447449075352868], [-76.48179117311852, 3.4476785196875777]]]}}, {"type": "Feature", "properties": {"h3_index": "8966f1c5837ffff", "lat": 3.4125895980937235, "lng": -76.4870661689367, "nivel_admin_1": "Comuna 15", "nivel_admin_2": "Mojica", "estrato_promedio_200m": 3.0, "dist_sitp": 500, "dist_tm": 1500, "dist_ciclo": 800}, "geometry": {"type": "Polygon", "coordinates": [[[-76.48786233112104, 3.414309892499714], [-76.48896544795744, 3.4128189475816217], [-76.48816928398368, 3.4110986311526657], [-76.48627000111078, 3.4108692846801834], [-76.48516690364455, 3.4123602464131775], [-76.48596306967993, 3.4140805378037653], [-76.48786233112104, 3.414309892499714]]]}}, {"type": "Feature", "properties": {"h3_index": "8966f1c5bd7ffff", "lat": 3.4043313363262504, "lng": -76.49938329061101, "nivel_admin_1": "Comuna 15", "nivel_admin_2": "El Vallado", "estrato_promedio_200m": 2.0, "dist_sitp": 500, "dist_tm": 1500, "dist_ciclo": 800}, "geometry": {"type": "Polygon", "coordinates": [[[-76.50017945193873, 3.406051771878944], [-76.50128271620842, 3.4045606480331188], [-76.50048655309828, 3.4028401904673244], [-76.49858712363663, 3.4026108817695797], [-76.49748387871689, 3.4041020224320166], [-76.49828004390776, 3.4058224549756044], [-76.50017945193873, 3.406051771878944]]]}}, {"type": "Feature", "properties": {"h3_index": "8966f1c5c2fffff", "lat": 3.430594238092283, "lng": -76.4882268333513, "nivel_admin_1": "Comuna 13", "nivel_admin_2": "Los Lagos", "estrato_promedio_200m": 3.0, "dist_sitp": 500, "dist_tm": 1500, "dist_ciclo": 800}, "geometry": {"type": "Polygon", "coordinates": [[[-76.48902294888705, 3.4323143111847365], [-76.4901260150923, 3.430823629468268], [-76.48932989776797, 3.4291035343346383], [-76.48743071217412, 3.4288741459591616], [-76.48632766533487, 3.430364844503665], [-76.48712378472237, 3.4320849145956216], [-76.48902294888705, 3.4323143111847365]]]}}, {"type": "Feature", "properties": {"h3_index": "8966f1c5d03ffff", "lat": 3.427268365482724, "lng": -76.4741367975822, "nivel_admin_1": "Comuna 14", "nivel_admin_2": "Promociones Populares B", "estrato_promedio_200m": 3.0, "dist_sitp": 500, "dist_tm": 1500, "dist_ciclo": 800}, "geometry": {"type": "Polygon", "coordinates": [[[-76.47493294567812, 3.4289884365530634], [-76.47603588700663, 3.4274977693144515], [-76.47523973711398, 3.4257776762046723], [-76.47334064385024, 3.4255482753903856], [-76.47223772191236, 3.427038959446259], [-76.4730338738465, 3.42875902749917], [-76.47493294567812, 3.4289884365530634]]]}}, {"type": "Feature", "properties": {"h3_index": "8966f1c584bffff", "lat": 3.4166033186112466, "lng": -76.50685569983932, "nivel_admin_1": "Comuna 16", "nivel_admin_2": "Antonio Nariño", "estrato_promedio_200m": 2.0, "dist_sitp": 500, "dist_tm": 1500, "dist_ciclo": 800}, "geometry": {"type": "Polygon", "coordinates": [[[-76.5076518177636, 3.418323624022376], [-76.50875511205328, 3.4168326491194745], [-76.50795899235105, 3.415112321683635], [-76.50605957626593, 3.4148829941675403], [-76.50495630131184, 3.4163739859000084], [-76.50575242310616, 3.4180942883190135], [-76.5076518177636, 3.418323624022376]]]}}, {"type": "Feature", "properties": {"h3_index": "8966f1ceb93ffff", "lat": 3.4028360531309505, "lng": -76.55429154783235, "nivel_admin_1": "Comuna 19", "nivel_admin_2": "Pampa Linda", "estrato_promedio_200m": 3.0, "dist_sitp": 500, "dist_tm": 1500, "dist_ciclo": 800}, "geometry": {"type": "Polygon", "coordinates": [[[-76.55508761684041, 3.4045566762277266], [-76.55619141583108, 3.403065281882333], [-76.55539534507233, 3.4013446367805322], [-76.55349547315636, 3.4011154109832753], [-76.55239169342114, 3.402606822177257], [-76.55318776634533, 3.404327442319917], [-76.55508761684041, 3.4045566762277266]]]}}, {"type": "Feature", "properties": {"h3_index": "8966f1c538bffff", "lat": 3.452152732671123, "lng": -76.53227379428004, "nivel_admin_1": "Comuna 03", "nivel_admin_2": "San Pedro", "estrato_promedio_200m": 3.0, "dist_sitp": 500, "dist_tm": 1500, "dist_ciclo": 800}, "geometry": {"type": "Polygon", "coordinates": [[[-76.53306977972024, 3.4538726713533645], [-76.53417319710817, 3.452382111337217], [-76.53337720990508, 3.4506621505970854], [-76.53147780318217, 3.4504327748700905], [-76.53037440508174, 3.4519233517556005], [-76.53117039441564, 3.453643287498757], [-76.53306977972024, 3.4538726713533645]]]}}, {"type": "Feature", "properties": {"h3_index": "8966f1c5c67ffff", "lat": 3.4312824055790974, "lng": -76.49392441973201, "nivel_admin_1": "Comuna 13", "nivel_admin_2": "Villablanca", "estrato_promedio_200m": 2.0, "dist_sitp": 500, "dist_tm": 1500, "dist_ciclo": 800}, "geometry": {"type": "Polygon", "coordinates": [[[-76.4947205237016, 3.433002487660372], [-76.49582364262265, 3.4315117903122814], [-76.4950275368678, 3.4297916861898137], [-76.49312831011885, 3.4295623044507937], [-76.49202521055389, 3.431053018630813], [-76.49282131838069, 3.432773097717932], [-76.4947205237016, 3.433002487660372]]]}}, {"type": "Feature", "properties": {"h3_index": "8966f1c46cbffff", "lat": 3.491699568620362, "lng": -76.49679082573357, "nivel_admin_1": "Comuna 06", "nivel_admin_2": "Los Guaduales", "estrato_promedio_200m": 3.0, "dist_sitp": 500, "dist_tm": 1500, "dist_ciclo": 800}, "geometry": {"type": "Polygon", "coordinates": [[[-76.49758677492783, 3.493418902294972], [-76.4986897139602, 3.4919290946765784], [-76.49789376298301, 3.490209738899714], [-76.49599487089675, 3.4899802157887296], [-76.49489195120826, 3.4914700402823926], [-76.49568790426105, 3.493189371011786], [-76.49758677492783, 3.493418902294972]]]}}, {"type": "Feature", "properties": {"h3_index": "8966f1c5323ffff", "lat": 3.438621890348017, "lng": -76.52780514106915, "nivel_admin_1": "Comuna 09", "nivel_admin_2": "Guayaquil", "estrato_promedio_200m": 3.0, "dist_sitp": 500, "dist_tm": 1500, "dist_ciclo": 800}, "geometry": {"type": "Polygon", "coordinates": [[[-76.52860116787407, 3.440341984828749], [-76.52970458867568, 3.4388512432086116], [-76.52890856010514, 3.4371311266832367], [-76.52700910860777, 3.436901776776599], [-76.525905707103, 3.438392535254096], [-76.52670173779765, 3.440112626780876], [-76.52860116787407, 3.440341984828749]]]}}, {"type": "Feature", "properties": {"h3_index": "8966f1c5c37ffff", "lat": 3.4350661858277363, "lng": -76.48491773482974, "nivel_admin_1": "Comuna 13", "nivel_admin_2": "Sector Laguna del Pondaje", "estrato_promedio_200m": 3.0, "dist_sitp": 500, "dist_tm": 1500, "dist_ciclo": 800}, "geometry": {"type": "Polygon", "coordinates": [[[-76.48571384499607, 3.43678619278681], [-76.48681686383846, 3.435295592846943], [-76.4860207518817, 3.433575563841749], [-76.48412161902341, 3.4333461598230337], [-76.4830186195522, 3.4348367765920362], [-76.48381473356697, 3.436556780550637], [-76.48571384499607, 3.43678619278681]]]}}, {"type": "Feature", "properties": {"h3_index": "8966f1c464bffff", "lat": 3.484020644567424, "lng": -76.50040670742116, "nivel_admin_1": "Comuna 04", "nivel_admin_2": "Calima", "estrato_promedio_200m": 3.0, "dist_sitp": 500, "dist_tm": 1500, "dist_ciclo": 800}, "geometry": {"type": "Polygon", "coordinates": [[[-76.50120266938792, 3.485740085791619], [-76.50230566974018, 3.4842501467832774], [-76.50150970599248, 3.4825306834650385], [-76.49961073981015, 3.482301184196558], [-76.49850775879648, 3.4837911400770643], [-76.49930372462545, 3.4855105783539013], [-76.50120266938792, 3.485740085791619]]]}}, {"type": "Feature", "properties": {"h3_index": "8966f1c5bc7ffff", "lat": 3.4011197138992446, "lng": -76.49969038434102, "nivel_admin_1": "Comuna 15", "nivel_admin_2": "El Morichal", "estrato_promedio_200m": 3.0, "dist_sitp": 500, "dist_tm": 1500, "dist_ciclo": 800}, "geometry": {"type": "Polygon", "coordinates": [[[-76.50048655309828, 3.4028401904673244], [-76.5015898313691, 3.4013490174017837], [-76.50079366082956, 3.399628518823915], [-76.49889420993688, 3.3993992183326363], [-76.49779095101587, 3.400890408212739], [-76.49858712363663, 3.4026108817695797], [-76.50048655309828, 3.4028401904673244]]]}}, {"type": "Feature", "properties": {"h3_index": "8966f1194b7ffff", "lat": 3.335141071346139, "lng": -76.53194439958241, "nivel_admin_1": "Comuna 22", "nivel_admin_2": "Parcelaciones Pance", "estrato_promedio_200m": 3.0, "dist_sitp": 500, "dist_tm": 1500, "dist_ciclo": 800}, "geometry": {"type": "Polygon", "coordinates": [[[-76.53274067565172, 3.3368624686882744], [-76.53384449194638, 3.3353701696748645], [-76.53304821411271, 3.33364875039423], [-76.5311481178514, 3.333419655094041], [-76.53004432085888, 3.334911970895713], [-76.5308406008244, 3.3366333652093214], [-76.53274067565172, 3.3368624686882744]]]}}, {"type": "Feature", "properties": {"h3_index": "8966f1c5123ffff", "lat": 3.447450686213599, "lng": -76.50678675773119, "nivel_admin_1": "Comuna 08", "nivel_admin_2": "Las Américas", "estrato_promedio_200m": 3.0, "dist_sitp": 500, "dist_tm": 1500, "dist_ciclo": 800}, "geometry": {"type": "Polygon", "coordinates": [[[-76.5075827992952, 3.4491706056139715], [-76.5086859869284, 3.447680091091387], [-76.50788994358675, 3.4459601496348853], [-76.5059907105192, 3.445730747725814], [-76.50488754221797, 3.447221279099215], [-76.5056835876512, 3.448941195530889], [-76.5075827992952, 3.4491706056139715]]]}}, {"type": "Feature", "properties": {"h3_index": "8966f1c5d43ffff", "lat": 3.426695257419115, "lng": -76.48283624765264, "nivel_admin_1": "Comuna 14", "nivel_admin_2": "José Manuel Marroquín Primera Etapa", "estrato_promedio_200m": 2.0, "dist_sitp": 500, "dist_tm": 1500, "dist_ciclo": 800}, "geometry": {"type": "Polygon", "coordinates": [[[-76.4836323821697, 3.428415362577494], [-76.48473540963809, 3.4269246472079233], [-76.4839392733293, 3.425204520011711], [-76.48204010749612, 3.424975133231892], [-76.48093709940346, 3.426465865423561], [-76.48173323776717, 3.428185967572973], [-76.4836323821697, 3.428415362577494]]]}}, {"type": "Feature", "properties": {"h3_index": "8966f1c5e7bffff", "lat": 3.426351360298552, "lng": -76.52033333389478, "nivel_admin_1": "Comuna 11", "nivel_admin_2": "El Jardín", "estrato_promedio_200m": 3.0, "dist_sitp": 500, "dist_tm": 1500, "dist_ciclo": 800}, "geometry": {"type": "Polygon", "coordinates": [[[-76.52112940417412, 3.4280715853658905], [-76.52223279506856, 3.4265806946553607], [-76.52143672301916, 3.424860447554979], [-76.51953725796149, 3.424631116169106], [-76.51843388637822, 3.426122023724046], [-76.51922996054037, 3.4278422458204587], [-76.52112940417412, 3.4280715853658905]]]}}, {"type": "Feature", "properties": {"h3_index": "8966f1ceb97ffff", "lat": 3.400886182985832, "lng": -76.55159561482976, "nivel_admin_1": "Comuna 19", "nivel_admin_2": "La Cascada", "estrato_promedio_200m": 5.0, "dist_sitp": 500, "dist_tm": 1500, "dist_ciclo": 800}, "geometry": {"type": "Polygon", "coordinates": [[[-76.55239169342114, 3.402606822177257], [-76.55349547315636, 3.4011154109832753], [-76.55269939281271, 3.3993947497884975], [-76.55079953057142, 3.399165524749425], [-76.54969577009655, 3.4006569527890336], [-76.5504918526015, 3.402377589022089], [-76.55239169342114, 3.402606822177257]]]}}, {"type": "Feature", "properties": {"h3_index": "8966f11b0bbffff", "lat": 3.3671611631132086, "lng": -76.51446715122356, "nivel_admin_1": "Comuna 17", "nivel_admin_2": "Lili", "estrato_promedio_200m": 3.0, "dist_sitp": 500, "dist_tm": 1500, "dist_ciclo": 800}, "geometry": {"type": "Polygon", "coordinates": [[[-76.51526337846757, 3.3688821084361007], [-76.51636691612184, 3.3673903634156446], [-76.5155706871037, 3.3656693961194137], [-76.51367091832576, 3.3654401988390026], [-76.51256739999992, 3.3669319606594024], [-76.51336363112252, 3.3686529029602736], [-76.51526337846757, 3.3688821084361007]]]}}, {"type": "Feature", "properties": {"h3_index": "8966f11b04bffff", "lat": 3.3627981445229547, "lng": -76.53218052187162, "nivel_admin_1": "Comuna 22", "nivel_admin_2": "Urbanización Ciudad Jardín", "estrato_promedio_200m": 6.0, "dist_sitp": 500, "dist_tm": 1500, "dist_ciclo": 800}, "geometry": {"type": "Polygon", "coordinates": [[[-76.53297672897634, 3.364519198824307], [-76.53408045251972, 3.363027309098282], [-76.5332842436511, 3.3613062328301613], [-76.53138430910614, 3.361077071262064], [-76.53028060486115, 3.362568977795676], [-76.53107681586162, 3.364290029089805], [-76.53297672897634, 3.364519198824307]]]}}, {"type": "Feature", "properties": {"h3_index": "8966f1c51d3ffff", "lat": 3.464878455108478, "lng": -76.51664610962509, "nivel_admin_1": "Comuna 04", "nivel_admin_2": "Sultana - Berlín - San Francisco", "estrato_promedio_200m": 2.0, "dist_sitp": 500, "dist_tm": 1500, "dist_ciclo": 800}, "geometry": {"type": "Polygon", "coordinates": [[[-76.51744209081731, 3.4665981863723077], [-76.51854531374082, 3.465107887298025], [-76.51774933077681, 3.4633881339615193], [-76.51585012278166, 3.463158704717344], [-76.51474691917109, 3.464649020660361], [-76.51554290424164, 3.4663687489788346], [-76.51744209081731, 3.4665981863723077]]]}}, {"type": "Feature", "properties": {"h3_index": "8966f1ced4bffff", "lat": 3.4214187953858763, "lng": -76.54674622429341, "nivel_admin_1": "Comuna 19", "nivel_admin_2": "Urbanización Tequendama", "estrato_promedio_200m": 5.0, "dist_sitp": 500, "dist_tm": 1500, "dist_ciclo": 800}, "geometry": {"type": "Polygon", "coordinates": [[[-76.54754226052496, 3.423139163142921], [-76.54864592299323, 3.421648079440876], [-76.54784988500683, 3.4199276896589543], [-76.5459501823975, 3.4196984085516564], [-76.54484653919549, 3.4211895091105817], [-76.54564257933545, 3.422909873919935], [-76.54754226052496, 3.423139163142921]]]}}, {"type": "Feature", "properties": {"h3_index": "8966f1ced3bffff", "lat": 3.4180933787377126, "lng": -76.53265264526206, "nivel_admin_1": "Comuna 10", "nivel_admin_2": "Pasoancho", "estrato_promedio_200m": 4.0, "dist_sitp": 500, "dist_tm": 1500, "dist_ciclo": 800}, "geometry": {"type": "Polygon", "coordinates": [[[-76.53344871447328, 3.4198137448787786], [-76.53455225256072, 3.418322675354956], [-76.53375618158645, 3.416602287190734], [-76.53185657039181, 3.416372993538115], [-76.53075305159531, 3.4178640799080515], [-76.53154912470143, 3.4195844430844926], [-76.53344871447328, 3.4198137448787786]]]}}, {"type": "Feature", "properties": {"h3_index": "8966f1c5133ffff", "lat": 3.4506610928734927, "lng": -76.50647962743695, "nivel_admin_1": "Comuna 08", "nivel_admin_2": "El Troncal", "estrato_promedio_200m": 3.0, "dist_sitp": 500, "dist_tm": 1500, "dist_ciclo": 800}, "geometry": {"type": "Polygon", "coordinates": [[[-76.50727566157491, 3.452380971123244], [-76.50837883521098, 3.450890505923145], [-76.5075827992952, 3.4491706056139715], [-76.5056835876512, 3.448941195530889], [-76.5045804333473, 3.4504316775838224], [-76.50537647135413, 3.452151552867008], [-76.50727566157491, 3.452380971123244]]]}}, {"type": "Feature", "properties": {"h3_index": "8966f1ce877ffff", "lat": 3.407997865253484, "lng": -76.55667973785182, "nivel_admin_1": "Comuna 19", "nivel_admin_2": "Cañaveralejo Guadalupe", "estrato_promedio_200m": 3.0, "dist_sitp": 500, "dist_tm": 1500, "dist_ciclo": 800}, "geometry": {"type": "Polygon", "coordinates": [[[-76.55747578985465, 3.4097184311748845], [-76.55857959409451, 3.408227102854512], [-76.55778354034241, 3.4065065149231115], [-76.55588368018032, 3.4062772802698293], [-76.55477989519116, 3.4077686254437927], [-76.5555759511123, 3.409489188417447], [-76.55747578985465, 3.4097184311748845]]]}}, {"type": "Feature", "properties": {"h3_index": "8966f1ce9bbffff", "lat": 3.4032970292822027, "lng": -76.53118673567297, "nivel_admin_1": "Comuna 17", "nivel_admin_2": "El Limonar", "estrato_promedio_200m": 3.0, "dist_sitp": 500, "dist_tm": 1500, "dist_ciclo": 800}, "geometry": {"type": "Polygon", "coordinates": [[[-76.53198284413045, 3.405017575752343], [-76.53308641893027, 3.403526292556222], [-76.53229030870872, 3.4018057240778323], [-76.5303906215565, 3.4015764637812147], [-76.52928706605195, 3.4030677638123423], [-76.53008317840327, 3.404788307305082], [-76.53198284413045, 3.405017575752343]]]}}, {"type": "Feature", "properties": {"h3_index": "8966f11b6b3ffff", "lat": 3.382074295051869, "lng": -76.53033561654229, "nivel_admin_1": "Comuna 17", "nivel_admin_2": "El Ingenio", "estrato_promedio_200m": 3.0, "dist_sitp": 500, "dist_tm": 1500, "dist_ciclo": 800}, "geometry": {"type": "Polygon", "coordinates": [[[-76.5311317790978, 3.3837951036210816], [-76.53223541861668, 3.3823035086000472], [-76.53143925429639, 3.380582678044137], [-76.52953944832736, 3.380353467490399], [-76.52843582810776, 3.381845079331261], [-76.5292319945568, 3.3835658849060444], [-76.5311317790978, 3.3837951036210816]]]}}, {"type": "Feature", "properties": {"h3_index": "8966f1c5ca7ffff", "lat": 3.4395378881955097, "lng": -76.48160877841099, "nivel_admin_1": "Comuna 14", "nivel_admin_2": "Alirio Mora Beltrán", "estrato_promedio_200m": 2.0, "dist_sitp": 500, "dist_tm": 1500, "dist_ciclo": 800}, "geometry": {"type": "Polygon", "coordinates": [[[-76.48240488320232, 3.441257829006377], [-76.48350785467753, 3.439767310869459], [-76.48271174809389, 3.438047348007543], [-76.4808126679811, 3.437817928334048], [-76.47970971588221, 3.4393084633011957], [-76.48050582451869, 3.4410284011116197], [-76.48240488320232, 3.441257829006377]]]}}, {"type": "Feature", "properties": {"h3_index": "8966f11b413ffff", "lat": 3.390335679987065, "lng": -76.5180151125379, "nivel_admin_1": "Comuna 16", "nivel_admin_2": "Ciudad 2000", "estrato_promedio_200m": 3.0, "dist_sitp": 500, "dist_tm": 1500, "dist_ciclo": 800}, "geometry": {"type": "Polygon", "coordinates": [[[-76.51881127614702, 3.392056347611898], [-76.51991476842402, 3.390564931093799], [-76.51911860304307, 3.3888442414723765], [-76.51721894327443, 3.3886149933663776], [-76.51611547031696, 3.3901064267025975], [-76.51691163780752, 3.391827091326703], [-76.51881127614702, 3.392056347611898]]]}}, {"type": "Feature", "properties": {"h3_index": "8966f11b69bffff", "lat": 3.38792432478418, "lng": -76.53842349927528, "nivel_admin_1": "Comuna 17", "nivel_admin_2": "Las Quintas de Don Simón", "estrato_promedio_200m": 3.0, "dist_sitp": 500, "dist_tm": 1500, "dist_ciclo": 800}, "geometry": {"type": "Polygon", "coordinates": [[[-76.53921963315308, 3.3896450853053555], [-76.54032333054045, 3.3881535407616354], [-76.53952719490262, 3.386432758248744], [-76.53762735973517, 3.386203545252997], [-76.5365236816324, 3.387695106625467], [-76.53731981941138, 3.3894158641649517], [-76.53921963315308, 3.3896450853053555]]]}}, {"type": "Feature", "properties": {"h3_index": "8966f11b64fffff", "lat": 3.374499248751117, "lng": -76.54835732734789, "nivel_admin_1": "Comuna 18", "nivel_admin_2": "Horizontes", "estrato_promedio_200m": 3.0, "dist_sitp": 500, "dist_tm": 1500, "dist_ciclo": 800}, "geometry": {"type": "Polygon", "coordinates": [[[-76.54915347704356, 3.3762202071379934], [-76.55025731627475, 3.3747284183199686], [-76.54946116482463, 3.373007437956293], [-76.54756117198558, 3.3727782713692003], [-76.54645735202347, 3.3742700770126626], [-76.54725350563025, 3.3759910324177755], [-76.54915347704356, 3.3762202071379934]]]}}, {"type": "Feature", "properties": {"h3_index": "8966f1ce967ffff", "lat": 3.39113660269279, "lng": -76.53811595152855, "nivel_admin_1": "Comuna 17", "nivel_admin_2": "Las Quintas de Don Simón", "estrato_promedio_200m": 3.0, "dist_sitp": 500, "dist_tm": 1500, "dist_ciclo": 800}, "geometry": {"type": "Polygon", "coordinates": [[[-76.53891207798362, 3.3928573222051837], [-76.54001576136832, 3.39136582681277], [-76.53921963315308, 3.3896450853053555], [-76.53731981941138, 3.3894158641649517], [-76.53621615531145, 3.390907376388139], [-76.53701228566732, 3.392628092920961], [-76.53891207798362, 3.3928573222051837]]]}}, {"type": "Feature", "properties": {"h3_index": "8966f1c7327ffff", "lat": 3.490439259730237, "lng": -76.49979266876838, "nivel_admin_1": "Comuna 06", "nivel_admin_2": "Los Guaduales", "estrato_promedio_200m": 3.0, "dist_sitp": 500, "dist_tm": 1500, "dist_ciclo": 800}, "geometry": {"type": "Polygon", "coordinates": [[[-76.50058861588413, 3.49215861845019], [-76.50169158824885, 3.4906687782794434], [-76.50089563935188, 3.4889493974588675], [-76.49899671600886, 3.4887198818527647], [-76.49789376298301, 3.490209738899714], [-76.4986897139602, 3.4919290946765784], [-76.50058861588413, 3.49215861845019]]]}}, {"type": "Feature", "properties": {"h3_index": "8966f1ceda3ffff", "lat": 3.423828153343541, "lng": -76.52633913406288, "nivel_admin_1": "Comuna 10", "nivel_admin_2": "Cristóbal Colón", "estrato_promedio_200m": 3.0, "dist_sitp": 500, "dist_tm": 1500, "dist_ciclo": 800}, "geometry": {"type": "Polygon", "coordinates": [[[-76.52713520010623, 3.425548428410863], [-76.52823865760698, 3.424057472894248], [-76.52744258979699, 3.4223371757971752], [-76.52554306236316, 3.4221078592131913], [-76.52443962416356, 3.423598831576074], [-76.52523569409557, 3.4253191036766757], [-76.52713520010623, 3.425548428410863]]]}}, {"type": "Feature", "properties": {"h3_index": "8966f1c539bffff", "lat": 3.4553632041214724, "lng": -76.53196637809233, "nivel_admin_1": "Comuna 03", "nivel_admin_2": "San Pedro", "estrato_promedio_200m": 3.0, "dist_sitp": 500, "dist_tm": 1500, "dist_ciclo": 800}, "geometry": {"type": "Polygon", "coordinates": [[[-76.53276235611159, 3.457083101619967], [-76.53386575950253, 3.45559259091304], [-76.53306977972024, 3.4538726713533645], [-76.53117039441564, 3.453643287498757], [-76.53006701031237, 3.455133815077075], [-76.53086299222494, 3.4568537096386067], [-76.53276235611159, 3.457083101619967]]]}}, {"type": "Feature", "properties": {"h3_index": "8966f1c42dbffff", "lat": 3.4724429809216355, "lng": -76.49863280802586, "nivel_admin_1": "Comuna 05", "nivel_admin_2": "Los Andes", "estrato_promedio_200m": 3.0, "dist_sitp": 500, "dist_tm": 1500, "dist_ciclo": 800}, "geometry": {"type": "Polygon", "coordinates": [[[-76.49942880177736, 3.474162562011316], [-76.50053182477488, 3.4726724579394244], [-76.49973582924129, 3.4709528547672415], [-76.49783680863038, 3.4707233807074473], [-76.49673380497589, 3.472213501642476], [-76.49752980258818, 3.4739330797741697], [-76.49942880177736, 3.474162562011316]]]}}, {"type": "Feature", "properties": {"h3_index": "8966f1c420fffff", "lat": 3.4601759195057777, "lng": -76.49116166369338, "nivel_admin_1": "Comuna 07", "nivel_admin_2": "Sector Base Aérea", "estrato_promedio_200m": 3.0, "dist_sitp": 500, "dist_tm": 1500, "dist_ciclo": 800}, "geometry": {"type": "Polygon", "coordinates": [[[-76.49195770080307, 3.461895631414749], [-76.49306069374836, 3.460405378019547], [-76.49226465485214, 3.458685644039664], [-76.49036562094217, 3.4584561885008673], [-76.48926264735425, 3.4599464587462663], [-76.4900586883178, 3.461666167680277], [-76.49195770080307, 3.461895631414749]]]}}, {"type": "Feature", "properties": {"h3_index": "8966f1c5243ffff", "lat": 3.4588037689857973, "lng": -76.56045852816115, "nivel_admin_1": "Comuna 01", "nivel_admin_2": "Aguacatal", "estrato_promedio_200m": 3.0, "dist_sitp": 500, "dist_tm": 1500, "dist_ciclo": 800}, "geometry": {"type": "Polygon", "coordinates": [[[-76.56125444756155, 3.460523710284783], [-76.56235811354102, 3.459033121885949], [-76.5615621923941, 3.4573131585256838], [-76.55966260309243, 3.457083808530769], [-76.55855895635105, 3.458574413820462], [-76.55935487967216, 3.4602943522142167], [-76.56125444756155, 3.460523710284783]]]}}, {"type": "Feature", "properties": {"h3_index": "8966f1c5e5bffff", "lat": 3.43346149237683, "lng": -76.52541702671677, "nivel_admin_1": "Comuna 09", "nivel_admin_2": "Junín", "estrato_promedio_200m": 3.0, "dist_sitp": 500, "dist_tm": 1500, "dist_ciclo": 800}, "geometry": {"type": "Polygon", "coordinates": [[[-76.52621307049024, 3.435181644118282], [-76.52731648599357, 3.4336908363691734], [-76.52652044045306, 3.4319706625880455], [-76.52462097728761, 3.431741321556037], [-76.52351758108585, 3.4332321461575037], [-76.52431362874685, 3.434952294938636], [-76.52621307049024, 3.435181644118282]]]}}, {"type": "Feature", "properties": {"h3_index": "8966f11b60fffff", "lat": 3.3750743118362663, "lng": -76.53965375606397, "nivel_admin_1": "Comuna 17", "nivel_admin_2": "Unicentro Cali", "estrato_promedio_200m": 3.0, "dist_sitp": 500, "dist_tm": 1500, "dist_ciclo": 800}, "geometry": {"type": "Polygon", "coordinates": [[[-76.54044991963359, 3.3767952363049476], [-76.54155367303441, 3.3753034952351], [-76.54075750770534, 3.3735825487879767], [-76.5388575868311, 3.3733533683793833], [-76.5377538527143, 3.374845126269827], [-76.5385500201866, 3.376566047748291], [-76.54044991963359, 3.3767952363049476]]]}}, {"type": "Feature", "properties": {"h3_index": "8966f119417ffff", "lat": 3.334565110382818, "lng": -76.54064873550018, "nivel_admin_1": "Comuna 22", "nivel_admin_2": "Parcelaciones Pance", "estrato_promedio_200m": 3.0, "dist_sitp": 500, "dist_tm": 1500, "dist_ciclo": 800}, "geometry": {"type": "Polygon", "coordinates": [[[-76.54144499772633, 3.3362865417564125], [-76.54254889991245, 3.3347941950728033], [-76.54175263592697, 3.333072741762341], [-76.53985246760898, 3.332843660092411], [-76.53874858471004, 3.3343360235691337], [-76.53954485084081, 3.3360574519226796], [-76.54144499772633, 3.3362865417564125]]]}}, {"type": "Feature", "properties": {"h3_index": "8966f1c5e8fffff", "lat": 3.436557614201735, "lng": -76.51071072691212, "nivel_admin_1": "Comuna 08", "nivel_admin_2": "Santa Mónica Popular", "estrato_promedio_200m": 3.0, "dist_sitp": 500, "dist_tm": 1500, "dist_ciclo": 800}, "geometry": {"type": "Polygon", "coordinates": [[[-76.5115067886587, 3.438277682020746], [-76.51261005160994, 3.4367869871326318], [-76.51181398808784, 3.4350668972690457], [-76.50991465951563, 3.434837527311145], [-76.50881141589093, 3.436328239044922], [-76.50960748151081, 3.4380483038909415], [-76.5115067886587, 3.438277682020746]]]}}, {"type": "Feature", "properties": {"h3_index": "8966f1c5513ffff", "lat": 3.4802391321828825, "lng": -76.50941283645332, "nivel_admin_1": "Comuna 04", "nivel_admin_2": "Olaya Herrera", "estrato_promedio_200m": 2.0, "dist_sitp": 500, "dist_tm": 1500, "dist_ciclo": 800}, "geometry": {"type": "Polygon", "coordinates": [[[-76.51020879215362, 3.481958648513742], [-76.51131189247448, 3.480468611923956], [-76.51051593499842, 3.4787490735039643], [-76.50861687510519, 3.4785195967039395], [-76.50751379410784, 3.4800096501686877], [-76.5083097536791, 3.4817291635585046], [-76.51020879215362, 3.481958648513742]]]}}, {"type": "Feature", "properties": {"h3_index": "8966f1c5093ffff", "lat": 3.47909467841324, "lng": -76.5268121606607, "nivel_admin_1": "Comuna 02", "nivel_admin_2": "Chipichape", "estrato_promedio_200m": 5.0, "dist_sitp": 500, "dist_tm": 1500, "dist_ciclo": 800}, "geometry": {"type": "Polygon", "coordinates": [[[-76.52760808886084, 3.48081426237314], [-76.52871136099714, 3.479324129535871], [-76.52791543103125, 3.4776045234900725], [-76.52601622680594, 3.4773750752916013], [-76.52491297396332, 3.478865225013476], [-76.52570890605125, 3.4805848060492233], [-76.52760808886084, 3.48081426237314]]]}}, {"type": "Feature", "properties": {"h3_index": "8966f1c5357ffff", "lat": 3.446419598850828, "lng": -76.53858702425049, "nivel_admin_1": "Comuna 03", "nivel_admin_2": "San Antonio", "estrato_promedio_200m": 3.0, "dist_sitp": 500, "dist_tm": 1500, "dist_ciclo": 800}, "geometry": {"type": "Polygon", "coordinates": [[[-76.53938301283857, 3.448139628691705], [-76.54048651077869, 3.4466489545306134], [-76.53969052043132, 3.4449289026384418], [-76.5377910300021, 3.4446995498956547], [-76.53668755133928, 3.4461902409259473], [-76.53748354382728, 3.4479102678298292], [-76.53938301283857, 3.448139628691705]]]}}, {"type": "Feature", "properties": {"h3_index": "8966f11b05bffff", "lat": 3.36601106142273, "lng": -76.53187302120182, "nivel_admin_1": "Comuna 22", "nivel_admin_2": "Urbanización Ciudad Jardín", "estrato_promedio_200m": 6.0, "dist_sitp": 500, "dist_tm": 1500, "dist_ciclo": 800}, "geometry": {"type": "Polygon", "coordinates": [[[-76.53266922088142, 3.3677320747906565], [-76.53377293042001, 3.3662402341623268], [-76.53297672897634, 3.364519198824307], [-76.53107681586162, 3.364290029089805], [-76.5299731256216, 3.365781886527758], [-76.5307693291966, 3.3675028968906022], [-76.53266922088142, 3.3677320747906565]]]}}, {"type": "Feature", "properties": {"h3_index": "8966f1c5d8bffff", "lat": 3.433689697194984, "lng": -76.47352324927314, "nivel_admin_1": "Comuna 14", "nivel_admin_2": "Puerta del Sol", "estrato_promedio_200m": 3.0, "dist_sitp": 500, "dist_tm": 1500, "dist_ciclo": 800}, "geometry": {"type": "Polygon", "coordinates": [[[-76.47431938250274, 3.435409686119494], [-76.47542229583439, 3.433919117500784], [-76.47462616080776, 3.4321991065302093], [-76.47272711040793, 3.431969689237576], [-76.47162421646722, 3.433460274677629], [-76.47242035353429, 3.435180260588986], [-76.47431938250274, 3.435409686119494]]]}}, {"type": "Feature", "properties": {"h3_index": "8966f1c5d4fffff", "lat": 3.423484373788307, "lng": -76.4831431313806, "nivel_admin_1": "Comuna 14", "nivel_admin_2": "Alfonso Bonilla Aragón", "estrato_promedio_200m": 1.0, "dist_sitp": 500, "dist_tm": 1500, "dist_ciclo": 800}, "geometry": {"type": "Polygon", "coordinates": [[[-76.4839392733293, 3.425204520011711], [-76.4850423147967, 3.4237137553536794], [-76.4842461710564, 3.421993587095751], [-76.48234698379218, 3.421764208541497], [-76.48124396170039, 3.4232549900195957], [-76.48204010749612, 3.424975133231892], [-76.4839392733293, 3.425204520011711]]]}}, {"type": "Feature", "properties": {"h3_index": "8966f1ceb33ffff", "lat": 3.3880371881342204, "lng": -76.55282642221177, "nivel_admin_1": "Comuna 18", "nivel_admin_2": "Sector Alto Nápoles", "estrato_promedio_200m": 3.0, "dist_sitp": 500, "dist_tm": 1500, "dist_ciclo": 800}, "geometry": {"type": "Polygon", "coordinates": [[[-76.55362253048247, 3.3897579914597857], [-76.55472636622713, 3.388266383667301], [-76.55393025620472, 3.3865455583516457], [-76.5520303082732, 3.386316365785457], [-76.5509264917883, 3.3878079904154204], [-76.55172260397407, 3.3895287907741016], [-76.55362253048247, 3.3897579914597857]]]}}, {"type": "Feature", "properties": {"h3_index": "8966f1c55a3ffff", "lat": 3.477601666802133, "lng": -76.50102077234754, "nivel_admin_1": "Comuna 05", "nivel_admin_2": "Torres de Comfandi", "estrato_promedio_200m": 3.0, "dist_sitp": 500, "dist_tm": 1500, "dist_ciclo": 800}, "geometry": {"type": "Polygon", "coordinates": [[[-76.50181674916568, 3.4793211904957], [-76.50291977750662, 3.477831152681184], [-76.50212379890779, 3.4761116069001696], [-76.50022478988468, 3.475882123972733], [-76.49912178088205, 3.477372178655363], [-76.49991776156315, 3.4790916993973102], [-76.50181674916568, 3.4793211904957]]]}}, {"type": "Feature", "properties": {"h3_index": "8966f1c42c7ffff", "lat": 3.4685448124026568, "lng": -76.49324279575933, "nivel_admin_1": "Comuna 05", "nivel_admin_2": "Los Andes B - La Riviera", "estrato_promedio_200m": 3.0, "dist_sitp": 500, "dist_tm": 1500, "dist_ciclo": 800}, "geometry": {"type": "Polygon", "coordinates": [[[-76.49403880851531, 3.4702644258109565], [-76.49514179282188, 3.468774288015762], [-76.49434577828066, 3.4670546525282897], [-76.49244677736135, 3.466825179881661], [-76.49134381240754, 3.468315334534073], [-76.49213982901918, 3.4700349449759087], [-76.49403880851531, 3.4702644258109565]]]}}, {"type": "Feature", "properties": {"h3_index": "8966f1c4217ffff", "lat": 3.4646465821427523, "lng": -76.48785278491816, "nivel_admin_1": "Comuna 05", "nivel_admin_2": "Villa del Prado - El Guabito", "estrato_promedio_200m": 3.0, "dist_sitp": 500, "dist_tm": 1500, "dist_ciclo": 800}, "geometry": {"type": "Polygon", "coordinates": [[[-76.48864881666451, 3.4663662278291216], [-76.48975176226065, 3.4648760563224643], [-76.48895572872591, 3.463156388560235], [-76.48705674753175, 3.4629269173554693], [-76.48595382129814, 3.464417105713428], [-76.48674985689503, 3.4661367484248733], [-76.48864881666451, 3.4663662278291216]]]}}, {"type": "Feature", "properties": {"h3_index": "8966f1c5257ffff", "lat": 3.4600649918771524, "lng": -76.55745532535475, "nivel_admin_1": "Comuna 01", "nivel_admin_2": "Aguacatal", "estrato_promedio_200m": 3.0, "dist_sitp": 500, "dist_tm": 1500, "dist_ciclo": 800}, "geometry": {"type": "Polygon", "coordinates": [[[-76.55825124692761, 3.461784908207982], [-76.55935487967216, 3.4602943522142167], [-76.55855895635105, 3.458574413820462], [-76.55665939811476, 3.458345056390744], [-76.55555578461333, 3.4598356292744294], [-76.55635171010397, 3.461555542697933], [-76.55825124692761, 3.461784908207982]]]}}, {"type": "Feature", "properties": {"h3_index": "8966f1ceb23ffff", "lat": 3.3848247140144596, "lng": -76.55313414051398, "nivel_admin_1": "Comuna 18", "nivel_admin_2": "Sector Alto Nápoles", "estrato_promedio_200m": 3.0, "dist_sitp": 500, "dist_tm": 1500, "dist_ciclo": 800}, "geometry": {"type": "Polygon", "coordinates": [[[-76.55393025620472, 3.3865455583516457], [-76.55503410595243, 3.3850539014293335], [-76.55423798851012, 3.38333303510537], [-76.55233801915512, 3.3831038506595195], [-76.551234188667, 3.384595524417284], [-76.5520303082732, 3.386316365785457], [-76.55393025620472, 3.3865455583516457]]]}}, {"type": "Feature", "properties": {"h3_index": "8966f11b34fffff", "lat": 3.338354740611308, "lng": -76.53163687512877, "nivel_admin_1": "Comuna 22", "nivel_admin_2": "Parcelaciones Pance", "estrato_promedio_200m": 3.0, "dist_sitp": 500, "dist_tm": 1500, "dist_ciclo": 800}, "geometry": {"type": "Polygon", "coordinates": [[[-76.53243314377168, 3.340076097097864], [-76.53353694605914, 3.338583847116663], [-76.53274067565172, 3.3368624686882744], [-76.5308406008244, 3.3366333652093214], [-76.52973681783922, 3.338125631980842], [-76.53053309037797, 3.339846985441], [-76.53243314377168, 3.340076097097864]]]}}, {"type": "Feature", "properties": {"h3_index": "8966f1cec6fffff", "lat": 3.426005939277434, "lng": -76.55783688138693, "nivel_admin_1": "Comuna 20", "nivel_admin_2": "Siloé", "estrato_promedio_200m": 1.0, "dist_sitp": 500, "dist_tm": 1500, "dist_ciclo": 800}, "geometry": {"type": "Polygon", "coordinates": [[[-76.55863288671242, 3.4277262835542706], [-76.55973664019629, 3.4262352180864792], [-76.5589406331224, 3.4245148517814243], [-76.55704087039295, 3.4242855759052344], [-76.55593713615563, 3.425776658239739], [-76.55673314540012, 3.427496999583711], [-76.55863288671242, 3.4277262835542706]]]}}, {"type": "Feature", "properties": {"h3_index": "8966f1c5e83ffff", "lat": 3.4397683496637406, "lng": -76.5104035414813, "nivel_admin_1": "Comuna 08", "nivel_admin_2": "Santa Mónica Popular", "estrato_promedio_200m": 3.0, "dist_sitp": 500, "dist_tm": 1500, "dist_ciclo": 800}, "geometry": {"type": "Polygon", "coordinates": [[[-76.5111995958021, 3.441488376359509], [-76.51230284475518, 3.4399977307644014], [-76.5115067886587, 3.438277682020746], [-76.50960748151081, 3.4380483038909415], [-76.50850425188442, 3.4395389663337426], [-76.50930031007813, 3.441258990058664], [-76.5111995958021, 3.441488376359509]]]}}, {"type": "Feature", "properties": {"h3_index": "8966f1c469bffff", "lat": 3.4954802548618726, "lng": -76.48778568428072, "nivel_admin_1": "Comuna 06", "nivel_admin_2": "Paso del Comercio", "estrato_promedio_200m": 2.0, "dist_sitp": 500, "dist_tm": 1500, "dist_ciclo": 800}, "geometry": {"type": "Polygon", "coordinates": [[[-76.48858163968266, 3.4971995133779887], [-76.48968447868874, 3.495709803457254], [-76.48888852149871, 3.4939905228339856], [-76.48698972323983, 3.4937609771901297], [-76.48588690359267, 3.4952507039833294], [-76.48668286284438, 3.496969959547933], [-76.48858163968266, 3.4971995133779887]]]}}, {"type": "Feature", "properties": {"h3_index": "8966f1ce917ffff", "lat": 3.402034982179917, "lng": -76.53419000949503, "nivel_admin_1": "Comuna 17", "nivel_admin_2": "Bosques del Limonar", "estrato_promedio_200m": 3.0, "dist_sitp": 500, "dist_tm": 1500, "dist_ciclo": 800}, "geometry": {"type": "Polygon", "coordinates": [[[-76.5349861158198, 3.403755553633594], [-76.53608972391137, 3.4022642380866377], [-76.53529361582426, 3.400543644626357], [-76.53339389751007, 3.4003143916949305], [-76.53229030870872, 3.4018057240778323], [-76.53308641893027, 3.403526292556222], [-76.5349861158198, 3.403755553633594]]]}}, {"type": "Feature", "properties": {"h3_index": "8966f1c5ccfffff", "lat": 3.444813117752907, "lng": -76.4983939151476, "nivel_admin_1": "Comuna 08", "nivel_admin_2": "Chapinero", "estrato_promedio_200m": 3.0, "dist_sitp": 500, "dist_tm": 1500, "dist_ciclo": 800}, "geometry": {"type": "Polygon", "coordinates": [[[-76.49918997782264, 3.446533044344716], [-76.50029309344765, 3.4450425285949753], [-76.49949702899006, 3.4433225799487364], [-76.4975978468277, 3.4430931720859634], [-76.49649475054947, 3.444583704679657], [-76.49729081708573, 3.446303628292173], [-76.49918997782264, 3.446533044344716]]]}}, {"type": "Feature", "properties": {"h3_index": "8966f1c5c2bffff", "lat": 3.4325437055591235, "lng": -76.4909221267745, "nivel_admin_1": "Comuna 13", "nivel_admin_2": "Sector Laguna del Pondaje", "estrato_promedio_200m": 3.0, "dist_sitp": 500, "dist_tm": 1500, "dist_ciclo": 800}, "geometry": {"type": "Polygon", "coordinates": [[[-76.49171823281432, 3.4342637626034054], [-76.49282131838069, 3.432773097717932], [-76.49202521055389, 3.431053018630813], [-76.4901260150923, 3.430823629468268], [-76.48902294888705, 3.4323143111847365], [-76.48981905878117, 3.4340343652327623], [-76.49171823281432, 3.4342637626034054]]]}}, {"type": "Feature", "properties": {"h3_index": "8966f1c5db3ffff", "lat": 3.4310519979809246, "lng": -76.46513104642037, "nivel_admin_1": "Comuna 21", "nivel_admin_2": "Compartir", "estrato_promedio_200m": 1.0, "dist_sitp": 500, "dist_tm": 1500, "dist_ciclo": 800}, "geometry": {"type": "Polygon", "coordinates": [[[-76.46592720062165, 3.4327719938645043], [-76.46703004176744, 3.4312814241063503], [-76.46623388576425, 3.4295614061784083], [-76.46433488658661, 3.429331983076729], [-76.46323206484654, 3.4308225696493446], [-76.46402822287727, 3.4325425625091848], [-76.46592720062165, 3.4327719938645043]]]}}, {"type": "Feature", "properties": {"h3_index": "8966f1c5d87ffff", "lat": 3.433001423011562, "lng": -76.46782619213745, "nivel_admin_1": "Comuna 21", "nivel_admin_2": "Ciudad Talanga", "estrato_promedio_200m": 1.0, "dist_sitp": 500, "dist_tm": 1500, "dist_ciclo": 800}, "geometry": {"type": "Polygon", "coordinates": [[[-76.46862233687403, 3.434721402890254], [-76.46972519742064, 3.4332308499495388], [-76.46892905088374, 3.4315108480248204], [-76.46703004176744, 3.4312814241063503], [-76.46592720062165, 3.4327719938645043], [-76.46672334919023, 3.434491970723696], [-76.46862233687403, 3.434721402890254]]]}}, {"type": "Feature", "properties": {"h3_index": "8966f1c5503ffff", "lat": 3.4770295159375455, "lng": -76.50971997187403, "nivel_admin_1": "Comuna 04", "nivel_admin_2": "Olaya Herrera", "estrato_promedio_200m": 2.0, "dist_sitp": 500, "dist_tm": 1500, "dist_ciclo": 800}, "geometry": {"type": "Polygon", "coordinates": [[[-76.51051593499842, 3.4787490735039643], [-76.51161904931391, 3.47725898752468], [-76.51082308441387, 3.4755394078724278], [-76.50892400310155, 3.475309939228477], [-76.50782090810947, 3.4768000420807046], [-76.50861687510519, 3.4785195967039395], [-76.51051593499842, 3.4787490735039643]]]}}, {"type": "Feature", "properties": {"h3_index": "8966f11b2a3ffff", "lat": 3.3563720406830426, "lng": -76.53279554295072, "nivel_admin_1": "Comuna 22", "nivel_admin_2": "Parcelaciones Pance", "estrato_promedio_200m": 3.0, "dist_sitp": 500, "dist_tm": 1500, "dist_ciclo": 800}, "geometry": {"type": "Polygon", "coordinates": [[[-76.53359176490589, 3.358093176824919], [-76.5346955164597, 3.3566011889272755], [-76.53389929274093, 3.3548800308252775], [-76.53199931533433, 3.354650885592539], [-76.53089558307862, 3.356142890293687], [-76.5316918089303, 3.3578640234240753], [-76.53359176490589, 3.358093176824919]]]}}, {"type": "Feature", "properties": {"h3_index": "8966f1c55b7ffff", "lat": 3.478862206029946, "lng": -76.49801878765643, "nivel_admin_1": "Comuna 05", "nivel_admin_2": "Los Parques - Barranquilla", "estrato_promedio_200m": 3.0, "dist_sitp": 500, "dist_tm": 1500, "dist_ciclo": 800}, "geometry": {"type": "Polygon", "coordinates": [[[-76.49881476655516, 3.480581704682804], [-76.49991776156315, 3.4790916993973102], [-76.49912178088205, 3.477372178655363], [-76.49722280311418, 3.477142688241732], [-76.4961198274495, 3.4786327103944017], [-76.49691581020825, 3.4803522060935417], [-76.49881476655516, 3.480581704682804]]]}}, {"type": "Feature", "properties": {"h3_index": "8966f11b273ffff", "lat": 3.3513203362558475, "lng": -76.54481089297897, "nivel_admin_1": "Comuna 22", "nivel_admin_2": "Parcelaciones Pance", "estrato_promedio_200m": 3.0, "dist_sitp": 500, "dist_tm": 1500, "dist_ciclo": 800}, "geometry": {"type": "Polygon", "coordinates": [[[-76.54560710636295, 3.353041572253161], [-76.5467109910823, 3.3515494553185436], [-76.5459147759416, 3.3498281973677155], [-76.54401467392893, 3.349599081308067], [-76.54291080848758, 3.3510912150499284], [-76.54370702577978, 3.3528124480441917], [-76.54560710636295, 3.353041572253161]]]}}, {"type": "Feature", "properties": {"h3_index": "8966f1c5317ffff", "lat": 3.446992801926771, "lng": -76.52988580401438, "nivel_admin_1": "Comuna 03", "nivel_admin_2": "Ciudad Paraíso", "estrato_promedio_200m": 3.0, "dist_sitp": 500, "dist_tm": 1500, "dist_ciclo": 800}, "geometry": {"type": "Polygon", "coordinates": [[[-76.53068180642686, 3.4487127979540486], [-76.53178521852472, 3.447222171769221], [-76.53098921434793, 3.445502153689023], [-76.52908979594498, 3.4452727867920347], [-76.52798640313938, 3.446763429841239], [-76.52878240944337, 3.4484834229230628], [-76.53068180642686, 3.4487127979540486]]]}}, {"type": "Feature", "properties": {"h3_index": "8966f1ced23ffff", "lat": 3.4161436976752144, "lng": -76.52995697283092, "nivel_admin_1": "Comuna 10", "nivel_admin_2": "El Guabal", "estrato_promedio_200m": 3.0, "dist_sitp": 500, "dist_tm": 1500, "dist_ciclo": 800}, "geometry": {"type": "Polygon", "coordinates": [[[-76.53075305159531, 3.4178640799080515], [-76.53185657039181, 3.416372993538115], [-76.5310604898628, 3.414652589283779], [-76.52916088840846, 3.4144232963897525], [-76.5280573889078, 3.415914399602829], [-76.52885347156453, 3.417634778866804], [-76.53075305159531, 3.4178640799080515]]]}}, {"type": "Feature", "properties": {"h3_index": "8966f1c5557ffff", "lat": 3.4777179238865235, "lng": -76.51541724520345, "nivel_admin_1": "Comuna 02", "nivel_admin_2": "Vipasa", "estrato_promedio_200m": 3.0, "dist_sitp": 500, "dist_tm": 1500, "dist_ciclo": 800}, "geometry": {"type": "Polygon", "coordinates": [[[-76.51621319670285, 3.479437490269792], [-76.51731636364508, 3.4779473886595778], [-76.51652041037333, 3.4762278001904505], [-76.51462128805379, 3.475998338354242], [-76.51351814042505, 3.477488456841281], [-76.51431409580128, 3.479208020287715], [-76.51621319670285, 3.479437490269792]]]}}, {"type": "Feature", "properties": {"h3_index": "8966f1c55c7ffff", "lat": 3.4821881311937557, "lng": -76.51210784430198, "nivel_admin_1": "Comuna 02", "nivel_admin_2": "Urbanización La Merced", "estrato_promedio_200m": 3.0, "dist_sitp": 500, "dist_tm": 1500, "dist_ciclo": 800}, "geometry": {"type": "Polygon", "coordinates": [[[-76.51290379048064, 3.4839076313095765], [-76.51400691012016, 3.482417611597714], [-76.51321096216729, 3.4806980893910984], [-76.51131189247448, 3.480468611923956], [-76.51020879215362, 3.481958648513742], [-76.5110047422058, 3.48367814569275], [-76.51290379048064, 3.4839076313095765]]]}}, {"type": "Feature", "properties": {"h3_index": "8966f1c5c9bffff", "lat": 3.4505455623632817, "lng": -76.49208252325835, "nivel_admin_1": "Comuna 08", "nivel_admin_2": "Urbanización La Nueva Base", "estrato_promedio_200m": 3.0, "dist_sitp": 500, "dist_tm": 1500, "dist_ciclo": 800}, "geometry": {"type": "Polygon", "coordinates": [[[-76.49287858265384, 3.452265397741645], [-76.49398161758852, 3.450774996291268], [-76.4931855564069, 3.449055138851904], [-76.49128645822063, 3.4488257079052933], [-76.4901834426429, 3.4503161261997795], [-76.4909795058934, 3.4520359585967695], [-76.49287858265384, 3.452265397741645]]]}}, {"type": "Feature", "properties": {"h3_index": "8966f1c542bffff", "lat": 3.482304367921559, "lng": -76.52650483248505, "nivel_admin_1": "Comuna 02", "nivel_admin_2": "La Paz", "estrato_promedio_200m": 3.0, "dist_sitp": 500, "dist_tm": 1500, "dist_ciclo": 800}, "geometry": {"type": "Polygon", "coordinates": [[[-76.52730075326446, 3.4840239106267274], [-76.52840401140614, 3.482533827167507], [-76.52760808886084, 3.48081426237314], [-76.52570890605125, 3.4805848060492233], [-76.52460566720339, 3.4820749063950767], [-76.52540159187019, 3.4837944461782233], [-76.52730075326446, 3.4840239106267274]]]}}, {"type": "Feature", "properties": {"h3_index": "8966f1c53d7ffff", "lat": 3.4541020529564315, "lng": -76.53496917865286, "nivel_admin_1": "Comuna 02", "nivel_admin_2": "Centenario", "estrato_promedio_200m": 5.0, "dist_sitp": 500, "dist_tm": 1500, "dist_ciclo": 800}, "geometry": {"type": "Polygon", "coordinates": [[[-76.5357651545389, 3.4558219754509487], [-76.53686859120944, 3.454331432307119], [-76.5360726135621, 3.4526114877530487], [-76.53417319710817, 3.452382111337217], [-76.53306977972024, 3.4538726713533645], [-76.53386575950253, 3.45559259091304], [-76.5357651545389, 3.4558219754509487]]]}}, {"type": "Feature", "properties": {"h3_index": "8966f1c43c3ffff", "lat": 3.4568499369540584, "lng": -76.47707276789346, "nivel_admin_1": "Comuna 07", "nivel_admin_2": "Alfonso Lopez Pumarejo 3a Etapa", "estrato_promedio_200m": 3.0, "dist_sitp": 500, "dist_tm": 1500, "dist_ciclo": 800}, "geometry": {"type": "Polygon", "coordinates": [[[-76.47786883757824, 3.458569647074958], [-76.47897170569502, 3.4570794081808875], [-76.47817563421553, 3.455359675990798], [-76.47627669257251, 3.4551302077558645], [-76.47517384383777, 3.4566204634893767], [-76.4759699173629, 3.45834017061839], [-76.47786883757824, 3.458569647074958]]]}}, {"type": "Feature", "properties": {"h3_index": "8966f1ce1cfffff", "lat": 3.4544464418967795, "lng": -76.57817115142134, "nivel_admin_1": "Comuna 01", "nivel_admin_2": "Vista Hermosa", "estrato_promedio_200m": 1.0, "dist_sitp": 500, "dist_tm": 1500, "dist_ciclo": 800}, "geometry": {"type": "Polygon", "coordinates": [[[-76.57896705027719, 3.4561664917085224], [-76.58007090156586, 3.4546757582847993], [-76.5792750009737, 3.4529556864183144], [-76.57737524689018, 3.4527263729207363], [-76.57627141480955, 3.4542171232429513], [-76.57706731760328, 3.4559371701642565], [-76.57896705027719, 3.4561664917085224]]]}}, {"type": "Feature", "properties": {"h3_index": "8966f1c53bbffff", "lat": 3.448254045647716, "lng": -76.52688302609738, "nivel_admin_1": "Comuna 09", "nivel_admin_2": "Sucre", "estrato_promedio_200m": 1.0, "dist_sitp": 500, "dist_tm": 1500, "dist_ciclo": 800}, "geometry": {"type": "Polygon", "coordinates": [[[-76.52767903063533, 3.4499740166749784], [-76.52878240944337, 3.4484834229230628], [-76.52798640313938, 3.446763429841239], [-76.5260870159037, 3.446534055513451], [-76.52498365639293, 3.448024666128802], [-76.52577966481947, 3.449744634208511], [-76.52767903063533, 3.4499740166749784]]]}}, {"type": "Feature", "properties": {"h3_index": "8966f1c5183ffff", "lat": 3.4622409651843182, "lng": -76.5082534274769, "nivel_admin_1": "Comuna 04", "nivel_admin_2": "Las Delicias", "estrato_promedio_200m": 3.0, "dist_sitp": 500, "dist_tm": 1500, "dist_ciclo": 800}, "geometry": {"type": "Polygon", "coordinates": [[[-76.50904942981973, 3.4639607037728513], [-76.51015258079367, 3.4624704034493683], [-76.50935657667421, 3.4607506427898573], [-76.50745741948604, 3.460521207480751], [-76.50635428783978, 3.46201152466611], [-76.50715029405288, 3.463731260298704], [-76.50904942981973, 3.4639607037728513]]]}}, {"type": "Feature", "properties": {"h3_index": "8966f1ce93bffff", "lat": 3.3956109918878314, "lng": -76.53480500123675, "nivel_admin_1": "Comuna 17", "nivel_admin_2": "La Hacienda", "estrato_promedio_200m": 3.0, "dist_sitp": 500, "dist_tm": 1500, "dist_ciclo": 800}, "geometry": {"type": "Polygon", "coordinates": [[[-76.53560112240756, 3.3973316454052562], [-76.53670475850275, 3.395840231504368], [-76.53590863556988, 3.39411955598696], [-76.53400887440526, 3.393890319349977], [-76.5329052576, 3.3953817500827435], [-76.53370138266835, 3.3971024006206205], [-76.53560112240756, 3.3973316454052562]]]}}, {"type": "Feature", "properties": {"h3_index": "8966f1c5dbbffff", "lat": 3.4297908270752453, "lng": -76.46813289871294, "nivel_admin_1": "Comuna 21", "nivel_admin_2": "Ciudadela del Rio", "estrato_promedio_200m": 3.0, "dist_sitp": 500, "dist_tm": 1500, "dist_ciclo": 800}, "geometry": {"type": "Polygon", "coordinates": [[[-76.46892905088374, 3.4315108480248204], [-76.47003192542866, 3.4300202457663986], [-76.46923577145768, 3.4283002027741105], [-76.46733674090848, 3.4280707871046032], [-76.46623388576425, 3.4295614061784083], [-76.46703004176744, 3.4312814241063503], [-76.46892905088374, 3.4315108480248204]]]}}, {"type": "Feature", "properties": {"h3_index": "8966f11b3d7ffff", "lat": 3.3505210881413747, "lng": -76.52470696939002, "nivel_admin_1": "Comuna 22", "nivel_admin_2": "Parcelaciones Pance", "estrato_promedio_200m": 3.0, "dist_sitp": 500, "dist_tm": 1500, "dist_ciclo": 800}, "geometry": {"type": "Polygon", "coordinates": [[[-76.52550322000572, 3.3522422720578113], [-76.52660691365054, 3.350750233758588], [-76.52581066126648, 3.3490290278870343], [-76.52391071311601, 3.3487998852940466], [-76.52280703878395, 3.350291940387849], [-76.5236032932885, 3.352013121280081], [-76.52550322000572, 3.3522422720578113]]]}}, {"type": "Feature", "properties": {"h3_index": "8966f1c46cfffff", "lat": 3.4897506903980755, "lng": -76.49409599251364, "nivel_admin_1": "Comuna 06", "nivel_admin_2": "Puente del Comercio", "estrato_promedio_200m": 3.0, "dist_sitp": 500, "dist_tm": 1500, "dist_ciclo": 800}, "geometry": {"type": "Polygon", "coordinates": [[[-76.49489195120826, 3.4914700402823926], [-76.49599487089675, 3.4899802157887296], [-76.49519891041761, 3.488260843803811], [-76.49330002817742, 3.4880313213626133], [-76.49219712783768, 3.4895211627285936], [-76.49299309038828, 3.491240509663469], [-76.49489195120826, 3.4914700402823926]]]}}, {"type": "Feature", "properties": {"h3_index": "8966f1c58afffff", "lat": 3.415800810185145, "lng": -76.48675923007421, "nivel_admin_1": "Comuna 15", "nivel_admin_2": "Mojica", "estrato_promedio_200m": 3.0, "dist_sitp": 500, "dist_tm": 1500, "dist_ciclo": 800}, "geometry": {"type": "Polygon", "coordinates": [[[-76.48755538482713, 3.417521063553525], [-76.48865848766353, 3.416030167894372], [-76.48786233112104, 3.414309892499714], [-76.48596306967993, 3.4140805378037653], [-76.48485998621382, 3.4155714502798467], [-76.48565614481743, 3.417291700634968], [-76.48755538482713, 3.417521063553525]]]}}, {"type": "Feature", "properties": {"h3_index": "8966f1c5e13ffff", "lat": 3.435296265002325, "lng": -76.51371333033453, "nivel_admin_1": "Comuna 11", "nivel_admin_2": "20 de Julio", "estrato_promedio_200m": 3.0, "dist_sitp": 500, "dist_tm": 1500, "dist_ciclo": 800}, "geometry": {"type": "Polygon", "coordinates": [[[-76.51450938998042, 3.4370163578367903], [-76.51561268625161, 3.435525630510151], [-76.51481662483192, 3.4338055156327467], [-76.51291726503752, 3.433576153095805], [-76.51181398808784, 3.4350668972690457], [-76.51261005160994, 3.4367869871326318], [-76.51450938998042, 3.4370163578367903]]]}}, {"type": "Feature", "properties": {"h3_index": "8966f1c5e23ffff", "lat": 3.4249753076149023, "lng": -76.50893685379478, "nivel_admin_1": "Comuna 11", "nivel_admin_2": "León XIII", "estrato_promedio_200m": 2.0, "dist_sitp": 500, "dist_tm": 1500, "dist_ciclo": 800}, "geometry": {"type": "Polygon", "coordinates": [[[-76.50973294734352, 3.426695514824919], [-76.5108362329648, 3.425204655265534], [-76.51004013763938, 3.423484426022518], [-76.50814075459641, 3.4232550813555127], [-76.50703748830614, 3.4247459577515094], [-76.50783358572674, 3.4264661619779124], [-76.50973294734352, 3.426695514824919]]]}}, {"type": "Feature", "properties": {"h3_index": "8966f1ced27ffff", "lat": 3.4141940012883603, "lng": -76.52726130059375, "nivel_admin_1": "Comuna 10", "nivel_admin_2": "El Guabal", "estrato_promedio_200m": 3.0, "dist_sitp": 500, "dist_tm": 1500, "dist_ciclo": 800}, "geometry": {"type": "Polygon", "coordinates": [[[-76.5280573889078, 3.415914399602829], [-76.52916088840846, 3.4144232963897525], [-76.52836479832823, 3.412702876055454], [-76.52646520662262, 3.412473583927184], [-76.52536172642266, 3.4139647039804393], [-76.52615781862649, 3.4156850993217946], [-76.5280573889078, 3.415914399602829]]]}}, {"type": "Feature", "properties": {"h3_index": "8966f1c5e97ffff", "lat": 3.441029601527208, "lng": -76.50740103803341, "nivel_admin_1": "Comuna 08", "nivel_admin_2": "Santa Fé", "estrato_promedio_200m": 3.0, "dist_sitp": 500, "dist_tm": 1500, "dist_ciclo": 800}, "geometry": {"type": "Polygon", "coordinates": [[[-76.50819709444976, 3.4427496032026013], [-76.50930031007813, 3.441258990058664], [-76.50850425188442, 3.4395389663337426], [-76.50660497596861, 3.439309580775259], [-76.50550177967195, 3.4408002107659605], [-76.50629783995826, 3.4425202094683955], [-76.50819709444976, 3.4427496032026013]]]}}, {"type": "Feature", "properties": {"h3_index": "8966f1c5d0bffff", "lat": 3.4260070748155202, "lng": -76.47713884413014, "nivel_admin_1": "Comuna 14", "nivel_admin_2": "Promociones Populares B", "estrato_promedio_200m": 3.0, "dist_sitp": 500, "dist_tm": 1500, "dist_ciclo": 800}, "geometry": {"type": "Polygon", "coordinates": [[[-76.47793499018162, 3.427727170940621], [-76.47903796489463, 3.426236471222085], [-76.47824181704813, 3.424516353059182], [-76.47634269244138, 3.4242869596679397], [-76.47523973711398, 3.4257776762046723], [-76.47603588700663, 3.4274977693144515], [-76.47793499018162, 3.427727170940621]]]}}, {"type": "Feature", "properties": {"h3_index": "8966f1c5447ffff", "lat": 3.488151335654447, "lng": -76.5345901204987, "nivel_admin_1": "Comuna 02", "nivel_admin_2": "Sector Altos de Menga", "estrato_promedio_200m": 3.0, "dist_sitp": 500, "dist_tm": 1500, "dist_ciclo": 800}, "geometry": {"type": "Polygon", "coordinates": [[[-76.5353860126338, 3.4898708295697496], [-76.5364893286277, 3.48838079678817], [-76.53569343473143, 3.4866612807786868], [-76.53379422270628, 3.48643182255429], [-76.53269092599159, 3.487921872231367], [-76.53348682202174, 3.489641363237359], [-76.5353860126338, 3.4898708295697496]]]}}, {"type": "Feature", "properties": {"h3_index": "8966f11b07bffff", "lat": 3.3588976554856016, "lng": -76.52678825472573, "nivel_admin_1": "Comuna 22", "nivel_admin_2": "Parcelaciones Pance", "estrato_promedio_200m": 3.0, "dist_sitp": 500, "dist_tm": 1500, "dist_ciclo": 800}, "geometry": {"type": "Polygon", "coordinates": [[[-76.52758448093859, 3.3606187416771753], [-76.52868816588027, 3.3591268183389564], [-76.52789193790035, 3.3574057101839494], [-76.52599202285407, 3.3571765503463085], [-76.52488835722053, 3.358668490486175], [-76.52568458732405, 3.3603895736620437], [-76.52758448093859, 3.3606187416771753]]]}}, {"type": "Feature", "properties": {"h3_index": "8966f1ce1bbffff", "lat": 3.4530704960157164, "lng": -76.56677293488266, "nivel_admin_1": "Comuna 01", "nivel_admin_2": "Terrón Colorado", "estrato_promedio_200m": 2.0, "dist_sitp": 500, "dist_tm": 1500, "dist_ciclo": 800}, "geometry": {"type": "Polygon", "coordinates": [[[-76.56756885733847, 3.4547905284530778], [-76.56867260377032, 3.453299825986162], [-76.56787667957161, 3.45157977149409], [-76.56597700675592, 3.451350444426773], [-76.56487327955193, 3.452841163784397], [-76.56566920593467, 3.4545611933186393], [-76.56756885733847, 3.4547905284530778]]]}}, {"type": "Feature", "properties": {"h3_index": "8966f1c46abffff", "lat": 3.4851643016291005, "lng": -76.48300983345977, "nivel_admin_1": "Comuna 06", "nivel_admin_2": "Urbanización Calimio", "estrato_promedio_200m": 3.0, "dist_sitp": 500, "dist_tm": 1500, "dist_ciclo": 800}, "geometry": {"type": "Polygon", "coordinates": [[[-76.4838058226917, 3.4868836750223644], [-76.48490865096203, 3.4853938324834832], [-76.48411265993911, 3.48367443699297], [-76.48221383859037, 3.48344490910284], [-76.48111102968844, 3.484934768504224], [-76.48190702276577, 3.4866541389332446], [-76.4838058226917, 3.4868836750223644]]]}}, {"type": "Feature", "properties": {"h3_index": "8966f1c53a3ffff", "lat": 3.4463046789442275, "lng": -76.52418764231139, "nivel_admin_1": "Comuna 09", "nivel_admin_2": "Sucre", "estrato_promedio_200m": 1.0, "dist_sitp": 500, "dist_tm": 1500, "dist_ciclo": 800}, "geometry": {"type": "Polygon", "coordinates": [[[-76.52498365639293, 3.448024666128802], [-76.5260870159037, 3.446534055513451], [-76.52529100005454, 3.44481404627598], [-76.5233916225751, 3.4445846726585607], [-76.52228828236647, 3.4460753001343973], [-76.52308430033405, 3.4477952843671695], [-76.52498365639293, 3.448024666128802]]]}}, {"type": "Feature", "properties": {"h3_index": "8966f1ced0bffff", "lat": 3.421992694820369, "lng": -76.53804399065855, "nivel_admin_1": "Comuna 19", "nivel_admin_2": "Sector Unidad Deportiva Jaime Aparicio", "estrato_promedio_200m": 3.0, "dist_sitp": 500, "dist_tm": 1500, "dist_ciclo": 800}, "geometry": {"type": "Polygon", "coordinates": [[[-76.53884004075283, 3.4237130287474606], [-76.53994361740752, 3.422221992924762], [-76.53914756555334, 3.4205016369711814], [-76.53724793490328, 3.4202723418229453], [-76.53614437752977, 3.421763394497689], [-76.53694043152406, 3.423483725468632], [-76.53884004075283, 3.4237130287474606]]]}}, {"type": "Feature", "properties": {"h3_index": "8966f1ce9a7ffff", "lat": 3.3993973580449874, "lng": -76.52579516061229, "nivel_admin_1": "Comuna 17", "nivel_admin_2": "Cañaverales - Los Samanes", "estrato_promedio_200m": 3.0, "dist_sitp": 500, "dist_tm": 1500, "dist_ciclo": 800}, "geometry": {"type": "Polygon", "coordinates": [[[-76.5265912881704, 3.4011179366076316], [-76.52769482437482, 3.3996266197444607], [-76.5268986950495, 3.3979060191769], [-76.52499902739714, 3.3976767604633], [-76.52389551049774, 3.3991680941555504], [-76.52469164194457, 3.4008886697323284], [-76.5265912881704, 3.4011179366076316]]]}}, {"type": "Feature", "properties": {"h3_index": "8966f1c5d37ffff", "lat": 3.421419840648593, "lng": -76.46605109923485, "nivel_admin_1": "Comuna 21", "nivel_admin_2": "Ciudadela del Rio", "estrato_promedio_200m": 3.0, "dist_sitp": 500, "dist_tm": 1500, "dist_ciclo": 800}, "geometry": {"type": "Polygon", "coordinates": [[[-76.46684727574089, 3.4231399596958587], [-76.46795015888281, 3.4216492420143547], [-76.46715398057529, 3.4199291009326473], [-76.46525491709563, 3.4196997025970424], [-76.46415205335899, 3.4211904370869073], [-76.46494823369562, 3.4229105531040287], [-76.46684727574089, 3.4231399596958587]]]}}, {"type": "Feature", "properties": {"h3_index": "8966f1ce8a3ffff", "lat": 3.4149956759140867, "lng": -76.54736146499823, "nivel_admin_1": "Comuna 19", "nivel_admin_2": "Unidad Residencial Santiago de Cali", "estrato_promedio_200m": 3.0, "dist_sitp": 500, "dist_tm": 1500, "dist_ciclo": 800}, "geometry": {"type": "Polygon", "coordinates": [[[-76.54815751606924, 3.4167161258631396], [-76.54926120653796, 3.4152249437394273], [-76.5484651537124, 3.413504471772117], [-76.54656540826242, 3.4132752068987307], [-76.54546173705963, 3.4147664058752656], [-76.54625779203975, 3.4164868528723797], [-76.54815751606924, 3.4167161258631396]]]}}, {"type": "Feature", "properties": {"h3_index": "8966f1c512fffff", "lat": 3.4442401890926364, "lng": -76.50709389459662, "nivel_admin_1": "Comuna 08", "nivel_admin_2": "Atanasio Girardot", "estrato_promedio_200m": 3.0, "dist_sitp": 500, "dist_tm": 1500, "dist_ciclo": 800}, "geometry": {"type": "Polygon", "coordinates": [[[-76.50788994358675, 3.4459601496348853], [-76.5089931452174, 3.4444695857976795], [-76.50819709444976, 3.4427496032026013], [-76.50629783995826, 3.4425202094683955], [-76.50519465765946, 3.444010790154388], [-76.5059907105192, 3.445730747725814], [-76.50788994358675, 3.4459601496348853]]]}}, {"type": "Feature", "properties": {"h3_index": "8966f1c5e4fffff", "lat": 3.4283009226915158, "lng": -76.52302886146327, "nivel_admin_1": "Comuna 10", "nivel_admin_2": "Santa Elena", "estrato_promedio_200m": 3.0, "dist_sitp": 500, "dist_tm": 1500, "dist_ciclo": 800}, "geometry": {"type": "Polygon", "coordinates": [[[-76.52382492220303, 3.4300211316596725], [-76.52492833240379, 3.4285302577965036], [-76.52413226989553, 3.4268100267936465], [-76.52223279506856, 3.4265806946553607], [-76.52112940417412, 3.4280715853658905], [-76.52192546879924, 3.4297917913673555], [-76.52382492220303, 3.4300211316596725]]]}}, {"type": "Feature", "properties": {"h3_index": "8966f1ce82fffff", "lat": 3.404098206208509, "lng": -76.55128792944, "nivel_admin_1": "Comuna 19", "nivel_admin_2": "Pampa Linda", "estrato_promedio_200m": 3.0, "dist_sitp": 500, "dist_tm": 1500, "dist_ciclo": 800}, "geometry": {"type": "Polygon", "coordinates": [[[-76.55208400061177, 3.405818804344494], [-76.55318776634533, 3.404327442319917], [-76.55239169342114, 3.402606822177257], [-76.5504918526015, 3.402377589022089], [-76.54938810612842, 3.403868967894326], [-76.55018418121337, 3.405589563074087], [-76.55208400061177, 3.405818804344494]]]}}, {"type": "Feature", "properties": {"h3_index": "8966f1c4623ffff", "lat": 3.478745652470271, "lng": -76.4836234996618, "nivel_admin_1": "Comuna 06", "nivel_admin_2": "San Luis", "estrato_promedio_200m": 2.0, "dist_sitp": 500, "dist_tm": 1500, "dist_ciclo": 800}, "geometry": {"type": "Polygon", "coordinates": [[[-76.48441950375167, 3.480465108311989], [-76.48552236001008, 3.4789751669283615], [-76.48472635412953, 3.477255688995991], [-76.48282748993401, 3.477026177506417], [-76.48172465304371, 3.4785161357485017], [-76.48252066097972, 3.480235588621702], [-76.48441950375167, 3.480465108311989]]]}}, {"type": "Feature", "properties": {"h3_index": "8966f1c5267ffff", "lat": 3.449745091757034, "lng": -76.55267967691668, "nivel_admin_1": "Comuna 02", "nivel_admin_2": "Santa Teresita", "estrato_promedio_200m": 6.0, "dist_sitp": 500, "dist_tm": 1500, "dist_ciclo": 800}, "geometry": {"type": "Polygon", "coordinates": [[[-76.55347563248856, 3.451465122964736], [-76.5545792547365, 3.449974434618214], [-76.5537832974135, 3.4482543813575077], [-76.55188371567915, 3.448025041416397], [-76.55078011268382, 3.4495157466428776], [-76.55157607216913, 3.451235774930514], [-76.55347563248856, 3.451465122964736]]]}}, {"type": "Feature", "properties": {"h3_index": "8966f1c4603ffff", "lat": 3.485852887377548, "lng": -76.48870632714323, "nivel_admin_1": "Comuna 06", "nivel_admin_2": "San Luis II", "estrato_promedio_200m": 3.0, "dist_sitp": 500, "dist_tm": 1500, "dist_ciclo": 800}, "geometry": {"type": "Polygon", "coordinates": [[[-76.48950230482801, 3.4875722696508937], [-76.49060518581412, 3.4860824114155538], [-76.48980920634166, 3.4843630070449376], [-76.4879103438188, 3.484133485964844], [-76.4868074821912, 3.485623361066578], [-76.48760346372684, 3.4873427403820174], [-76.48950230482801, 3.4875722696508937]]]}}, {"type": "Feature", "properties": {"h3_index": "8966f1c5ea7ffff", "lat": 3.4307091909996306, "lng": -76.50262458092656, "nivel_admin_1": "Comuna 12", "nivel_admin_2": "Sindical", "estrato_promedio_200m": 3.0, "dist_sitp": 500, "dist_tm": 1500, "dist_ciclo": 800}, "geometry": {"type": "Polygon", "coordinates": [[[-76.50342067122989, 3.432429307077609], [-76.50452387618685, 3.4309385616614], [-76.50372778410328, 3.429218423543845], [-76.50182848497626, 3.428989055867787], [-76.50072529936048, 3.4304798181207614], [-76.50152139352943, 3.432199931213044], [-76.50342067122989, 3.432429307077609]]]}}, {"type": "Feature", "properties": {"h3_index": "8966f1c5817ffff", "lat": 3.419700023162893, "lng": -76.4921500474269, "nivel_admin_1": "Comuna 13", "nivel_admin_2": "El Poblado II", "estrato_promedio_200m": 2.0, "dist_sitp": 500, "dist_tm": 1500, "dist_ciclo": 800}, "geometry": {"type": "Polygon", "coordinates": [[[-76.49294618318663, 3.4214202445056476], [-76.49404932474903, 3.4199293824892663], [-76.49325318720288, 3.418209139116899], [-76.49135390602387, 3.4179797827953182], [-76.49025078382203, 3.419470661634575], [-76.49104692343755, 3.421190879972539], [-76.49294618318663, 3.4214202445056476]]]}}, {"type": "Feature", "properties": {"h3_index": "8966f1ce8c3ffff", "lat": 3.421532595231976, "lng": -76.56114818383745, "nivel_admin_1": "Comuna 20", "nivel_admin_2": "Lleras Camargo", "estrato_promedio_200m": 1.0, "dist_sitp": 500, "dist_tm": 1500, "dist_ciclo": 800}, "geometry": {"type": "Polygon", "coordinates": [[[-76.56194419440624, 3.4232530055885237], [-76.56304799513134, 3.4217618585642304], [-76.56225198281604, 3.420041426184423], [-76.56035216759874, 3.4198121657850593], [-76.55924838611499, 3.421303329674967], [-76.56004440060607, 3.423023737098621], [-76.56194419440624, 3.4232530055885237]]]}}, {"type": "Feature", "properties": {"h3_index": "8966f1c73b7ffff", "lat": 3.501326638368225, "lng": -76.49586992324939, "nivel_admin_1": "Comuna 06", "nivel_admin_2": "Ciudadela Floralia", "estrato_promedio_200m": 2.0, "dist_sitp": 500, "dist_tm": 1500, "dist_ciclo": 800}, "geometry": {"type": "Polygon", "coordinates": [[[-76.49666585016621, 3.5030458482176345], [-76.49776874721984, 3.501556188932028], [-76.49697281851962, 3.4998369569704946], [-76.49507399069066, 3.4996074093455163], [-76.49397111298134, 3.501097085512449], [-76.4947670437556, 3.5028162924230477], [-76.49666585016621, 3.5030458482176345]]]}}, {"type": "Feature", "properties": {"h3_index": "8966f1c54abffff", "lat": 3.4899839715003043, "lng": -76.52288787830591, "nivel_admin_1": "Comuna 02", "nivel_admin_2": "Senderos de La Flora", "estrato_promedio_200m": 3.0, "dist_sitp": 500, "dist_tm": 1500, "dist_ciclo": 800}, "geometry": {"type": "Polygon", "coordinates": [[[-76.52368378636288, 3.491703406654681], [-76.52478698322821, 3.4902134544840555], [-76.52399107340337, 3.4884939972322537], [-76.52209196459624, 3.4882645171683873], [-76.52098878703005, 3.4897544862287484], [-76.52178469897073, 3.4914739184632553], [-76.52368378636288, 3.491703406654681]]]}}, {"type": "Feature", "properties": {"h3_index": "8966f1c5edbffff", "lat": 3.441144602799088, "lng": -76.52179956613925, "nivel_admin_1": "Comuna 09", "nivel_admin_2": "Belalcázar", "estrato_promedio_200m": 3.0, "dist_sitp": 500, "dist_tm": 1500, "dist_ciclo": 800}, "geometry": {"type": "Polygon", "coordinates": [[[-76.5225955971843, 3.4428646472755875], [-76.52369895139078, 3.4413739705065214], [-76.52290291857668, 3.439653903982087], [-76.52100352944018, 3.4394245392328306], [-76.51990019454058, 3.4409152328573804], [-76.5206962294695, 3.4426352743757174], [-76.5225955971843, 3.4428646472755875]]]}}, {"type": "Feature", "properties": {"h3_index": "8966f1c516bffff", "lat": 3.445616535796189, "lng": -76.51848960343494, "nivel_admin_1": "Comuna 09", "nivel_admin_2": "Barrio Obrero", "estrato_promedio_200m": 2.0, "dist_sitp": 500, "dist_tm": 1500, "dist_ciclo": 800}, "geometry": {"type": "Polygon", "coordinates": [[[-76.51928562916912, 3.447336514119016], [-76.52038893607299, 3.4458459190847717], [-76.5195929085679, 3.4441259187090627], [-76.5176935720482, 3.44389653837863], [-76.51659028445637, 3.445387150269461], [-76.5173863140711, 3.44710712563416], [-76.51928562916912, 3.447336514119016]]]}}, {"type": "Feature", "properties": {"h3_index": "8966f1c4267ffff", "lat": 3.453755771912477, "lng": -76.49177556350219, "nivel_admin_1": "Comuna 07", "nivel_admin_2": "Sector Base Aérea", "estrato_promedio_200m": 3.0, "dist_sitp": 500, "dist_tm": 1500, "dist_ciclo": 800}, "geometry": {"type": "Polygon", "coordinates": [[[-76.492571615469, 3.455475566143098], [-76.49367463640694, 3.4539852140365785], [-76.49287858265384, 3.452265397741645], [-76.4909795058934, 3.4520359585967695], [-76.48987650431256, 3.4535263275494343], [-76.49067256013399, 3.4552461188008308], [-76.492571615469, 3.455475566143098]]]}}, {"type": "Feature", "properties": {"h3_index": "8966f1c551bffff", "lat": 3.478978548032164, "lng": -76.51241500856513, "nivel_admin_1": "Comuna 02", "nivel_admin_2": "Urbanización La Merced", "estrato_promedio_200m": 3.0, "dist_sitp": 500, "dist_tm": 1500, "dist_ciclo": 800}, "geometry": {"type": "Polygon", "coordinates": [[[-76.51321096216729, 3.4806980893910984], [-76.51431409580128, 3.479208020287715], [-76.51351814042505, 3.477488456841281], [-76.51161904931391, 3.47725898752468], [-76.51051593499842, 3.4787490735039643], [-76.51131189247448, 3.480468611923956], [-76.51321096216729, 3.4806980893910984]]]}}, {"type": "Feature", "properties": {"h3_index": "8966f1c530bffff", "lat": 3.4444701949098997, "lng": -76.5358915531917, "nivel_admin_1": "Comuna 03", "nivel_admin_2": "San Juan Bosco", "estrato_promedio_200m": 3.0, "dist_sitp": 500, "dist_tm": 1500, "dist_ciclo": 800}, "geometry": {"type": "Polygon", "coordinates": [[[-76.53668755133928, 3.4461902409259473], [-76.5377910300021, 3.4446995498956547], [-76.53699503009365, 3.4429794818299664], [-76.53509554938478, 3.4427501297854577], [-76.53399209000416, 3.444240837681991], [-76.53478809204911, 3.4459608807568016], [-76.53668755133928, 3.4461902409259473]]]}}, {"type": "Feature", "properties": {"h3_index": "8966f1ceb0bffff", "lat": 3.3906747723160136, "lng": -76.56122237237625, "nivel_admin_1": "Comuna 18", "nivel_admin_2": "Sector Alto de los Chorros", "estrato_promedio_200m": 3.0, "dist_sitp": 500, "dist_tm": 1500, "dist_ciclo": 800}, "geometry": {"type": "Polygon", "coordinates": [[[-76.56201845929735, 3.3923955684524705], [-76.56312236679456, 3.3909039620543244], [-76.56232627812663, 3.389183143926086], [-76.5604262797841, 3.388953957144073], [-76.55932239153184, 3.3904455803865763], [-76.56011848237605, 3.392166373566742], [-76.56201845929735, 3.3923955684524705]]]}}, {"type": "Feature", "properties": {"h3_index": "8966f11b40bffff", "lat": 3.3858612829295947, "lng": -76.52132563137599, "nivel_admin_1": "Comuna 17", "nivel_admin_2": "Ciudadela Comfandi", "estrato_promedio_200m": 3.0, "dist_sitp": 500, "dist_tm": 1500, "dist_ciclo": 800}, "geometry": {"type": "Polygon", "coordinates": [[[-76.52212180029865, 3.3875820165392474], [-76.52322533989533, 3.3860905185086696], [-76.52242916920274, 3.384369762907388], [-76.52052945679755, 3.384140530329071], [-76.51942593651519, 3.385632045176675], [-76.5202221093226, 3.387352775785569], [-76.52212180029865, 3.3875820165392474]]]}}, {"type": "Feature", "properties": {"h3_index": "8966f1ccd9bffff", "lat": 3.3790870024014854, "lng": -76.55944966248131, "nivel_admin_1": "Comuna 18", "nivel_admin_2": "Sector Alto Jordán", "estrato_promedio_200m": 3.0, "dist_sitp": 500, "dist_tm": 1500, "dist_ciclo": 800}, "geometry": {"type": "Polygon", "coordinates": [[[-76.56024578125287, 3.380807937642763], [-76.56134971151515, 3.37931616704603], [-76.56055359099561, 3.377595209824594], [-76.55865353803898, 3.37736604814698], [-76.5575496270261, 3.37885783557899], [-76.55834574971935, 3.380578767853347], [-76.56024578125287, 3.380807937642763]]]}}, {"type": "Feature", "properties": {"h3_index": "8966f11b44bffff", "lat": 3.3852866714869188, "lng": -76.53002815534694, "nivel_admin_1": "Comuna 17", "nivel_admin_2": "El Ingenio", "estrato_promedio_200m": 3.0, "dist_sitp": 500, "dist_tm": 1500, "dist_ciclo": 800}, "geometry": {"type": "Polygon", "coordinates": [[[-76.53082431047791, 3.3870074390700875], [-76.53192793599369, 3.3855158931942575], [-76.5311317790978, 3.3837951036210816], [-76.5292319945568, 3.3835658849060444], [-76.52812838834043, 3.385057447603737], [-76.52892454736455, 3.3867782121946077], [-76.53082431047791, 3.3870074390700875]]]}}, {"type": "Feature", "properties": {"h3_index": "8966f1c5113ffff", "lat": 3.4577699161723907, "lng": -76.5115629223868, "nivel_admin_1": "Comuna 04", "nivel_admin_2": "Porvenir", "estrato_promedio_200m": 2.0, "dist_sitp": 500, "dist_tm": 1500, "dist_ciclo": 800}, "geometry": {"type": "Polygon", "coordinates": [[[-76.51235893005769, 3.4594897209689415], [-76.51346212834677, 3.457999338817844], [-76.5126661189011, 3.45627951195524], [-76.51076690906642, 3.4560500922657584], [-76.50966373009985, 3.4575404912776406], [-76.51045974164433, 3.459260293118234], [-76.51235893005769, 3.4594897209689415]]]}}, {"type": "Feature", "properties": {"h3_index": "8966f11b08fffff", "lat": 3.369111311758424, "lng": -76.51716313948545, "nivel_admin_1": "Comuna 17", "nivel_admin_2": "Lili", "estrato_promedio_200m": 3.0, "dist_sitp": 500, "dist_tm": 1500, "dist_ciclo": 800}, "geometry": {"type": "Polygon", "coordinates": [[[-76.5179593571943, 3.3708322411439724], [-76.5190629141721, 3.369340512926432], [-76.51826669469071, 3.367619561565876], [-76.51636691612184, 3.3673903634156446], [-76.51526337846757, 3.3688821084361007], [-76.51605960005756, 3.3706030348038754], [-76.5179593571943, 3.3708322411439724]]]}}, {"type": "Feature", "properties": {"h3_index": "8966f1ceb87ffff", "lat": 3.3976740695503977, "lng": -76.55190330680163, "nivel_admin_1": "Comuna 19", "nivel_admin_2": "El Refugio", "estrato_promedio_200m": 4.0, "dist_sitp": 500, "dist_tm": 1500, "dist_ciclo": 800}, "geometry": {"type": "Polygon", "coordinates": [[[-76.55269939281271, 3.3993947497884975], [-76.55380318654987, 3.3979032894330192], [-76.55300709878667, 3.3961825871948763], [-76.55110721512338, 3.395953370272757], [-76.5500034406464, 3.397444847471821], [-76.55079953057142, 3.399165524749425], [-76.55269939281271, 3.3993947497884975]]]}}, {"type": "Feature", "properties": {"h3_index": "8966f1c536bffff", "lat": 3.4367870259149194, "lng": -76.53950954450214, "nivel_admin_1": "Comuna 19", "nivel_admin_2": "Miraflores", "estrato_promedio_200m": 4.0, "dist_sitp": 500, "dist_tm": 1500, "dist_ciclo": 800}, "geometry": {"type": "Polygon", "coordinates": [[[-76.54030555535073, 3.438507179221387], [-76.54140909528525, 3.437016357238707], [-76.54061308267777, 3.4352961818908483], [-76.53871352799253, 3.43506685351045], [-76.53761000733489, 3.4365576923562577], [-76.53840602208453, 3.438277842719344], [-76.54030555535073, 3.438507179221387]]]}}, {"type": "Feature", "properties": {"h3_index": "8966f1cebb7ffff", "lat": 3.3937742174660546, "lng": -76.546511383417, "nivel_admin_1": "Comuna 18", "nivel_admin_2": "Buenos Aires", "estrato_promedio_200m": 3.0, "dist_sitp": 500, "dist_tm": 1500, "dist_ciclo": 800}, "geometry": {"type": "Polygon", "coordinates": [[[-76.54730748858536, 3.395494929847839], [-76.54841124379726, 3.3940034358081506], [-76.54761513687363, 3.3922827014296577], [-76.54571527258344, 3.3920534860565406], [-76.5446115366415, 3.3935449969338825], [-76.54540764571868, 3.3952657063466862], [-76.54730748858536, 3.395494929847839]]]}}, {"type": "Feature", "properties": {"h3_index": "8966f11b493ffff", "lat": 3.398021741887855, "lng": -76.51439746478584, "nivel_admin_1": "Comuna 15", "nivel_admin_2": "Ciudad Córdoba", "estrato_promedio_200m": 3.0, "dist_sitp": 500, "dist_tm": 1500, "dist_ciclo": 800}, "geometry": {"type": "Polygon", "coordinates": [[[-76.51519361564888, 3.399742302503496], [-76.51629704660002, 3.3982510167147235], [-76.51550089396316, 3.396530434094206], [-76.51360130827014, 3.396301162265921], [-76.51249789664384, 3.3977924648759643], [-76.51329405138465, 3.3995130224930388], [-76.51519361564888, 3.399742302503496]]]}}, {"type": "Feature", "properties": {"h3_index": "8966f1c5a4bffff", "lat": 3.4077707817946745, "lng": -76.52787611116398, "nivel_admin_1": "Comuna 10", "nivel_admin_2": "Las Granjas", "estrato_promedio_200m": 3.0, "dist_sitp": 500, "dist_tm": 1500, "dist_ciclo": 800}, "geometry": {"type": "Polygon", "coordinates": [[[-76.5286722143256, 3.4094912622301483], [-76.52977574182765, 3.408000060592236], [-76.5289796369001, 3.4062795581435563], [-76.5270800023448, 3.406050282323364], [-76.52597649414318, 3.4075415007973846], [-76.52677260119532, 3.409261978255485], [-76.5286722143256, 3.4094912622301483]]]}}, {"type": "Feature", "properties": {"h3_index": "8966f1ce963ffff", "lat": 3.3930865493026183, "lng": -76.54081188392077, "nivel_admin_1": "Comuna 17", "nivel_admin_2": "Los Portales - Nuevo Rey", "estrato_promedio_200m": 3.0, "dist_sitp": 500, "dist_tm": 1500, "dist_ciclo": 800}, "geometry": {"type": "Polygon", "coordinates": [[[-76.54160800081014, 3.394807252771129], [-76.54271170347474, 3.3933157742124602], [-76.54191558482675, 3.3915950487472712], [-76.54001576136832, 3.39136582681277], [-76.53891207798362, 3.3928573222051837], [-76.53970819877637, 3.3945780226983553], [-76.54160800081014, 3.394807252771129]]]}}, {"type": "Feature", "properties": {"h3_index": "8966f1c7333ffff", "lat": 3.4955972784024962, "lng": -76.50218049318332, "nivel_admin_1": "Comuna 02", "nivel_admin_2": "Brisas de los Álamos", "estrato_promedio_200m": 3.0, "dist_sitp": 500, "dist_tm": 1500, "dist_ciclo": 800}, "geometry": {"type": "Polygon", "coordinates": [[[-76.50297642336626, 3.497316579627299], [-76.50407940107178, 3.495826805768307], [-76.50328346910904, 3.4941074824379386], [-76.50138455735585, 3.4938779580088726], [-76.50028159898447, 3.4953677487490418], [-76.50107753303105, 3.4970870470371], [-76.50297642336626, 3.497316579627299]]]}}, {"type": "Feature", "properties": {"h3_index": "8966f11949bffff", "lat": 3.34294297611428, "lng": -76.5427298587157, "nivel_admin_1": "Comuna 22", "nivel_admin_2": "Parcelaciones Pance", "estrato_promedio_200m": 3.0, "dist_sitp": 500, "dist_tm": 1500, "dist_ciclo": 800}, "geometry": {"type": "Polygon", "coordinates": [[[-76.54352609652113, 3.344664309837571], [-76.54462998997545, 3.3431720780070098], [-76.54383375041199, 3.3414507223385197], [-76.5419336152447, 3.3412216234573457], [-76.54082974107297, 3.3427138720880825], [-76.54162598278484, 3.344435202799831], [-76.54352609652113, 3.344664309837571]]]}}, {"type": "Feature", "properties": {"h3_index": "8966f1c5dafffff", "lat": 3.4246306501152093, "lng": -76.46574440839957, "nivel_admin_1": "Comuna 21", "nivel_admin_2": "Ciudadela del Rio", "estrato_promedio_200m": 3.0, "dist_sitp": 500, "dist_tm": 1500, "dist_ciclo": 800}, "geometry": {"type": "Polygon", "coordinates": [[[-76.4665405774706, 3.426350728116655], [-76.46764344661354, 3.4248600597350554], [-76.46684727574089, 3.4231399596958587], [-76.46494823369562, 3.4229105531040287], [-76.4638453839581, 3.424401238296031], [-76.46464155685933, 3.4261213132694683], [-76.4665405774706, 3.426350728116655]]]}}, {"type": "Feature", "properties": {"h3_index": "8966f1c460fffff", "lat": 3.4826435835366123, "lng": -76.48901322122909, "nivel_admin_1": "Comuna 06", "nivel_admin_2": "San Luis", "estrato_promedio_200m": 2.0, "dist_sitp": 500, "dist_tm": 1500, "dist_ciclo": 800}, "geometry": {"type": "Polygon", "coordinates": [[[-76.48980920634166, 3.4843630070449376], [-76.49091210132168, 3.482873099387108], [-76.49011611442157, 3.481153653784803], [-76.48821723047662, 3.480924140894362], [-76.48711435485495, 3.4824140654165654], [-76.4879103438188, 3.484133485964844], [-76.48980920634166, 3.4843630070449376]]]}}, {"type": "Feature", "properties": {"h3_index": "8966f1ccd8fffff", "lat": 3.3739240826134456, "lng": -76.5570612721431, "nivel_admin_1": "Comuna 18", "nivel_admin_2": "Sector Alto Jordán", "estrato_promedio_200m": 3.0, "dist_sitp": 500, "dist_tm": 1500, "dist_ciclo": 800}, "geometry": {"type": "Polygon", "coordinates": [[[-76.55785740792616, 3.3756450748830265], [-76.5589613329431, 3.3741532383508166], [-76.55816519541062, 3.372432224106055], [-76.55626513069001, 3.3722030713419904], [-76.5551612249272, 3.3736949247044747], [-76.55595736462978, 3.3754159140007625], [-76.55785740792616, 3.3756450748830265]]]}}, {"type": "Feature", "properties": {"h3_index": "8966f1ce89bffff", "lat": 3.424056297802536, "lng": -76.55514112124342, "nivel_admin_1": "Comuna 20", "nivel_admin_2": "Siloé", "estrato_promedio_200m": 1.0, "dist_sitp": 500, "dist_tm": 1500, "dist_ciclo": 800}, "geometry": {"type": "Polygon", "coordinates": [[[-76.55593713615563, 3.425776658239739], [-76.55704087039295, 3.4242855759052344], [-76.55624485373076, 3.422565193441486], [-76.55434510066371, 3.4223359182758846], [-76.55324138567782, 3.4238270174741277], [-76.55403740450647, 3.4255473749742276], [-76.55593713615563, 3.425776658239739]]]}}, {"type": "Feature", "properties": {"h3_index": "8966f1ceda7ffff", "lat": 3.4218785404145584, "lng": -76.5236435485759, "nivel_admin_1": "Comuna 10", "nivel_admin_2": "Cristóbal Colón", "estrato_promedio_200m": 3.0, "dist_sitp": 500, "dist_tm": 1500, "dist_ciclo": 800}, "geometry": {"type": "Polygon", "coordinates": [[[-76.52443962416356, 3.423598831576074], [-76.52554306236316, 3.4221078592131913], [-76.52474698500728, 3.420387546023584], [-76.52284746733284, 3.420158230195914], [-76.52174404843927, 3.4216492194021098], [-76.52254012791303, 3.4233695075926662], [-76.52443962416356, 3.423598831576074]]]}}, {"type": "Feature", "properties": {"h3_index": "8966f1c5433ffff", "lat": 3.486774520804558, "lng": -76.52319515792531, "nivel_admin_1": "Comuna 02", "nivel_admin_2": "La Flora", "estrato_promedio_200m": 5.0, "dist_sitp": 500, "dist_tm": 1500, "dist_ciclo": 800}, "geometry": {"type": "Polygon", "coordinates": [[[-76.52399107340337, 3.4884939972322537], [-76.52509428426256, 3.4870039956620227], [-76.5242983670168, 3.4852844971401944], [-76.52239923679434, 3.4850550252047263], [-76.5212960452341, 3.486545043662684], [-76.52209196459624, 3.4882645171683873], [-76.52399107340337, 3.4884939972322537]]]}}, {"type": "Feature", "properties": {"h3_index": "8966f1ced4fffff", "lat": 3.4194691252261826, "lng": -76.54405049339192, "nivel_admin_1": "Comuna 19", "nivel_admin_2": "Urbanización Tequendama", "estrato_promedio_200m": 5.0, "dist_sitp": 500, "dist_tm": 1500, "dist_ciclo": 800}, "geometry": {"type": "Polygon", "coordinates": [[[-76.54484653919549, 3.4211895091105817], [-76.5459501823975, 3.4196984085516564], [-76.5451541348375, 3.4179780026440545], [-76.54325444192497, 3.4177487222705127], [-76.54215081799406, 3.4192398396833497], [-76.54294686770348, 3.4209602206158234], [-76.54484653919549, 3.4211895091105817]]]}}, {"type": "Feature", "properties": {"h3_index": "8966f1c55b3ffff", "lat": 3.480811201001798, "lng": -76.50071373660005, "nivel_admin_1": "Comuna 04", "nivel_admin_2": "Flora Industrial", "estrato_promedio_200m": 3.0, "dist_sitp": 500, "dist_tm": 1500, "dist_ciclo": 800}, "geometry": {"type": "Polygon", "coordinates": [[[-76.50150970599248, 3.4825306834650385], [-76.50261272033892, 3.481040695049689], [-76.50181674916568, 3.4793211904957], [-76.49991776156315, 3.4790916993973102], [-76.49881476655516, 3.480581704682804], [-76.49961073981015, 3.482301184196558], [-76.50150970599248, 3.4825306834650385]]]}}, {"type": "Feature", "properties": {"h3_index": "8966f11b20bffff", "lat": 3.3545336620863244, "lng": -76.5445032374064, "nivel_admin_1": "Comuna 22", "nivel_admin_2": "Parcelaciones Pance", "estrato_promedio_200m": 3.0, "dist_sitp": 500, "dist_tm": 1500, "dist_ciclo": 800}, "geometry": {"type": "Polygon", "coordinates": [[[-76.54529944336717, 3.3562548571725315], [-76.5464033140806, 3.3547627892962115], [-76.54560710636295, 3.353041572253161], [-76.54370702577978, 3.3528124480441917], [-76.54260317434446, 3.354304532729803], [-76.5433993842131, 3.3560257248150975], [-76.54529944336717, 3.3562548571725315]]]}}, {"type": "Feature", "properties": {"h3_index": "8966f1cec37ffff", "lat": 3.431052797153789, "lng": -76.54582341258782, "nivel_admin_1": "Comuna 19", "nivel_admin_2": "San Fernando Viejo", "estrato_promedio_200m": 4.0, "dist_sitp": 500, "dist_tm": 1500, "dist_ciclo": 800}, "geometry": {"type": "Polygon", "coordinates": [[[-76.5466194265609, 3.4327730415572093], [-76.54772304703054, 3.4312821055468947], [-76.5469270313022, 3.4295618391086844], [-76.54502739295111, 3.4293325336568854], [-76.54392379174813, 3.430823486530163], [-76.54471980962846, 3.4325437279922757], [-76.5466194265609, 3.4327730415572093]]]}}, {"type": "Feature", "properties": {"h3_index": "8966f1c5373ffff", "lat": 3.441259394657543, "lng": -76.53619902452537, "nivel_admin_1": "Comuna 03", "nivel_admin_2": "San Juan Bosco", "estrato_promedio_200m": 3.0, "dist_sitp": 500, "dist_tm": 1500, "dist_ciclo": 800}, "geometry": {"type": "Polygon", "coordinates": [[[-76.53699503009365, 3.4429794818299664], [-76.53809852275447, 3.441488741519951], [-76.53730251542545, 3.4397686323011945], [-76.53540301329753, 3.439539288382159], [-76.53429953991878, 3.441030045556395], [-76.53509554938478, 3.4427501297854577], [-76.53699503009365, 3.4429794818299664]]]}}, {"type": "Feature", "properties": {"h3_index": "8966f1cecb7ffff", "lat": 3.4387365134864507, "lng": -76.54220510223098, "nivel_admin_1": "Comuna 19", "nivel_admin_2": "Miraflores", "estrato_promedio_200m": 4.0, "dist_sitp": 500, "dist_tm": 1500, "dist_ciclo": 800}, "geometry": {"type": "Polygon", "coordinates": [[[-76.54300110351473, 3.4404566506303036], [-76.54410466272121, 3.4389658455137107], [-76.54330865968018, 3.4372456863268117], [-76.54140909528525, 3.437016357238707], [-76.54030555535073, 3.438507179221387], [-76.54110156053807, 3.440227313426096], [-76.54300110351473, 3.4404566506303036]]]}}, {"type": "Feature", "properties": {"h3_index": "8966f1c42c3ffff", "lat": 3.470493904388417, "lng": -76.49593780172039, "nivel_admin_1": "Comuna 05", "nivel_admin_2": "Los Andes", "estrato_promedio_200m": 3.0, "dist_sitp": 500, "dist_tm": 1500, "dist_ciclo": 800}, "geometry": {"type": "Polygon", "coordinates": [[[-76.49673380497589, 3.472213501642476], [-76.49783680863038, 3.4707233807074473], [-76.4970408035912, 3.4690037613725635], [-76.49514179282188, 3.468774288015762], [-76.49403880851531, 3.4702644258109565], [-76.49483481562903, 3.471984020102792], [-76.49673380497589, 3.472213501642476]]]}}, {"type": "Feature", "properties": {"h3_index": "8966f1c5a37ffff", "lat": 3.4037574033893283, "lng": -76.50808440791565, "nivel_admin_1": "Comuna 15", "nivel_admin_2": "Ciudad Córdoba", "estrato_promedio_200m": 3.0, "dist_sitp": 500, "dist_tm": 1500, "dist_ciclo": 800}, "geometry": {"type": "Polygon", "coordinates": [[[-76.50888055555062, 3.4054778729704442], [-76.50998390584255, 3.403986701148463], [-76.5091877564302, 3.4022662095558793], [-76.50728825463065, 3.4020369147974066], [-76.50618492367376, 3.4035281034408245], [-76.50698107518025, 3.4052485700212753], [-76.50888055555062, 3.4054778729704442]]]}}, {"type": "Feature", "properties": {"h3_index": "8966f1c5a5bffff", "lat": 3.4109824366761066, "lng": -76.52756870259043, "nivel_admin_1": "Comuna 10", "nivel_admin_2": "La Selva", "estrato_promedio_200m": 3.0, "dist_sitp": 500, "dist_tm": 1500, "dist_ciclo": 800}, "geometry": {"type": "Polygon", "coordinates": [[[-76.52836479832823, 3.412702876055454], [-76.52946831182943, 3.4112117236260127], [-76.5286722143256, 3.4094912622301483], [-76.52677260119532, 3.409261978255485], [-76.52566910699467, 3.410753147523075], [-76.52646520662262, 3.412473583927184], [-76.52836479832823, 3.412702876055454]]]}}, {"type": "Feature", "properties": {"h3_index": "8966f1ce947ffff", "lat": 3.39824860262895, "lng": -76.54320021759878, "nivel_admin_1": "Comuna 17", "nivel_admin_2": "El Gran Limonar", "estrato_promedio_200m": 3.0, "dist_sitp": 500, "dist_tm": 1500, "dist_ciclo": 800}, "geometry": {"type": "Polygon", "coordinates": [[[-76.54399631749753, 3.3999692490107027], [-76.54510002543502, 3.3984778364520496], [-76.54430392377911, 3.3967571680686395], [-76.54240411203624, 3.396527937214497], [-76.54130042337388, 3.3980193666118974], [-76.54209652717817, 3.399740010024689], [-76.54399631749753, 3.3999692490107027]]]}}, {"type": "Feature", "properties": {"h3_index": "8966f1c732fffff", "lat": 3.489178910784947, "lng": -76.5027945763878, "nivel_admin_1": "Comuna 02", "nivel_admin_2": "Brisas de los Álamos", "estrato_promedio_200m": 3.0, "dist_sitp": 500, "dist_tm": 1500, "dist_ciclo": 800}, "geometry": {"type": "Polygon", "coordinates": [[[-76.50359052142038, 3.4908982945465223], [-76.50469352711256, 3.4894084218301833], [-76.50389758030049, 3.4876890159696172], [-76.50199862571023, 3.4874595078653883], [-76.50089563935188, 3.4889493974588675], [-76.50169158824885, 3.4906687782794434], [-76.50359052142038, 3.4908982945465223]]]}}, {"type": "Feature", "properties": {"h3_index": "8966f1ce813ffff", "lat": 3.4176331956620825, "lng": -76.55575654813984, "nivel_admin_1": "Comuna 20", "nivel_admin_2": "Siloé", "estrato_promedio_200m": 1.0, "dist_sitp": 500, "dist_tm": 1500, "dist_ciclo": 800}, "geometry": {"type": "Polygon", "coordinates": [[[-76.55655257788804, 3.419353638319222], [-76.55765634012553, 3.417862457566674], [-76.55686030862765, 3.416141992889593], [-76.55496051272368, 3.41591273392638], [-76.55385676973734, 3.4174039315386175], [-76.55465280340272, 3.4191243712543855], [-76.55655257788804, 3.419353638319222]]]}}, {"type": "Feature", "properties": {"h3_index": "8966f1c4247ffff", "lat": 3.460864288306594, "lng": -76.49685879498988, "nivel_admin_1": "Comuna 07", "nivel_admin_2": "Sector Base Aérea", "estrato_promedio_200m": 3.0, "dist_sitp": 500, "dist_tm": 1500, "dist_ciclo": 800}, "geometry": {"type": "Polygon", "coordinates": [[[-76.49765482052705, 3.462584009127775], [-76.49875786616835, 3.461093740078212], [-76.49796183884794, 3.459373997186089], [-76.49606276380904, 3.4591445483830987], [-76.4949597375152, 3.460634834286764], [-76.4957557669117, 3.4623545521393213], [-76.49765482052705, 3.462584009127775]]]}}, {"type": "Feature", "properties": {"h3_index": "8966f1c5ca3ffff", "lat": 3.4414872546786586, "lng": -76.4843039556219, "nivel_admin_1": "Comuna 13", "nivel_admin_2": "Charco Azul", "estrato_promedio_200m": 1.0, "dist_sitp": 500, "dist_tm": 1500, "dist_ciclo": 800}, "geometry": {"type": "Polygon", "coordinates": [[[-76.48510005092676, 3.443207179431357], [-76.48620304177341, 3.4417166781276287], [-76.48540694467782, 3.439996731322213], [-76.48350785467753, 3.439767310869459], [-76.48240488320232, 3.441257829006377], [-76.48320098235487, 3.442977750762868], [-76.48510005092676, 3.443207179431357]]]}}, {"type": "Feature", "properties": {"h3_index": "8966f1ce82bffff", "lat": 3.4060480434100286, "lng": -76.55398383360209, "nivel_admin_1": "Comuna 19", "nivel_admin_2": "Pampa Linda", "estrato_promedio_200m": 3.0, "dist_sitp": 500, "dist_tm": 1500, "dist_ciclo": 800}, "geometry": {"type": "Polygon", "coordinates": [[[-76.55477989519116, 3.4077686254437927], [-76.55588368018032, 3.4062772802698293], [-76.55508761684041, 3.4045566762277266], [-76.55318776634533, 3.404327442319917], [-76.55208400061177, 3.405818804344494], [-76.55288006611659, 3.4075393834262733], [-76.55477989519116, 3.4077686254437927]]]}}, {"type": "Feature", "properties": {"h3_index": "8966f1c5c8bffff", "lat": 3.4473352623345535, "lng": -76.49238948958258, "nivel_admin_1": "Comuna 08", "nivel_admin_2": "Urbanización La Nueva Base", "estrato_promedio_200m": 3.0, "dist_sitp": 500, "dist_tm": 1500, "dist_ciclo": 800}, "geometry": {"type": "Polygon", "coordinates": [[[-76.4931855564069, 3.449055138851904], [-76.49428860533858, 3.447564688065558], [-76.49349253672831, 3.4458447894904953], [-76.49159341711587, 3.445615366742993], [-76.49049038754097, 3.447105834371437], [-76.49128645822063, 3.4488257079052933], [-76.4931855564069, 3.449055138851904]]]}}, {"type": "Feature", "properties": {"h3_index": "8966f1c5a33ffff", "lat": 3.4057071737281204, "lng": -76.51078004960416, "nivel_admin_1": "Comuna 16", "nivel_admin_2": "República de Israel", "estrato_promedio_200m": 2.0, "dist_sitp": 500, "dist_tm": 1500, "dist_ciclo": 800}, "geometry": {"type": "Polygon", "coordinates": [[[-76.51157618771475, 3.407427627291065], [-76.51267955733684, 3.4059364722934946], [-76.5118834174504, 3.404215996717414], [-76.50998390584255, 3.403986701148463], [-76.50888055555062, 3.4054778729704442], [-76.50967669753531, 3.407198323536974], [-76.51157618771475, 3.407427627291065]]]}}, {"type": "Feature", "properties": {"h3_index": "8966f11b06fffff", "lat": 3.3537342832397514, "lng": -76.5243995421352, "nivel_admin_1": "Comuna 22", "nivel_admin_2": "Parcelaciones Pance", "estrato_promedio_200m": 3.0, "dist_sitp": 500, "dist_tm": 1500, "dist_ciclo": 800}, "geometry": {"type": "Polygon", "coordinates": [[[-76.5251957853238, 3.355455426263095], [-76.52629946496283, 3.3539634370395865], [-76.52550322000572, 3.3522422720578113], [-76.5236032932885, 3.352013121280081], [-76.52249963296238, 3.3535051273002088], [-76.52329588003947, 3.3552262673014606], [-76.5251957853238, 3.355455426263095]]]}}, {"type": "Feature", "properties": {"h3_index": "8966f1c5c27ffff", "lat": 3.4318555157925994, "lng": -76.48522463428446, "nivel_admin_1": "Comuna 13", "nivel_admin_2": "Marroquín III", "estrato_promedio_200m": 3.0, "dist_sitp": 500, "dist_tm": 1500, "dist_ciclo": 800}, "geometry": {"type": "Polygon", "coordinates": [[[-76.4860207518817, 3.433575563841749], [-76.48712378472237, 3.4320849145956216], [-76.48632766533487, 3.430364844503665], [-76.48442851104707, 3.430135448703253], [-76.4833254975774, 3.431626114776481], [-76.48412161902341, 3.4333461598230337], [-76.4860207518817, 3.433575563841749]]]}}, {"type": "Feature", "properties": {"h3_index": "8966f1c5073ffff", "lat": 3.463733096588252, "lng": -76.53404686330319, "nivel_admin_1": "Comuna 02", "nivel_admin_2": "Santa Mónica", "estrato_promedio_200m": 5.0, "dist_sitp": 500, "dist_tm": 1500, "dist_ciclo": 800}, "geometry": {"type": "Polygon", "coordinates": [[[-76.53484281692849, 3.4654528954826502], [-76.53594621160933, 3.463962500296191], [-76.53515025622228, 3.46224267933235], [-76.53325090401994, 3.4620132785528672], [-76.53214752862216, 3.4635036906177237], [-76.5329434861426, 3.4652234865836573], [-76.53484281692849, 3.4654528954826502]]]}}, {"type": "Feature", "properties": {"h3_index": "8966f1c5c0bffff", "lat": 3.439653223541763, "lng": -76.49600569325442, "nivel_admin_1": "Comuna 12", "nivel_admin_2": "Nueva Floresta", "estrato_promedio_200m": 3.0, "dist_sitp": 500, "dist_tm": 1500, "dist_ciclo": 800}, "geometry": {"type": "Polygon", "coordinates": [[[-76.49680177286322, 3.441373207347657], [-76.4979048831392, 3.439882625439584], [-76.4971088017464, 3.4381626195842245], [-76.4952096080015, 3.4379332206720643], [-76.49410651707704, 3.439423819419096], [-76.49490260054489, 3.441143800239337], [-76.49680177286322, 3.441373207347657]]]}}, {"type": "Feature", "properties": {"h3_index": "8966f1ce883ffff", "lat": 3.4221066408867094, "lng": -76.55244536118241, "nivel_admin_1": "Comuna 19", "nivel_admin_2": "El Lido", "estrato_promedio_200m": 5.0, "dist_sitp": 500, "dist_tm": 1500, "dist_ciclo": 800}, "geometry": {"type": "Polygon", "coordinates": [[[-76.55324138567782, 3.4238270174741277], [-76.55434510066371, 3.4223359182758846], [-76.55354907441675, 3.420615519663574], [-76.55164933102047, 3.4203862452157447], [-76.5505456352909, 3.42187736127476], [-76.5513416637002, 3.4235977349208397], [-76.55324138567782, 3.4238270174741277]]]}}, {"type": "Feature", "properties": {"h3_index": "8966f1ce9b7ffff", "lat": 3.4026092262884076, "lng": -76.52548776773486, "nivel_admin_1": "Comuna 17", "nivel_admin_2": "Cañaverales - Los Samanes", "estrato_promedio_200m": 3.0, "dist_sitp": 500, "dist_tm": 1500, "dist_ciclo": 800}, "geometry": {"type": "Polygon", "coordinates": [[[-76.52628388786835, 3.404329763820011], [-76.52738741007124, 3.4028384961474667], [-76.5265912881704, 3.4011179366076316], [-76.52469164194457, 3.4008886697323284], [-76.52358813904684, 3.402379954235982], [-76.52438426306868, 3.4041004887838437], [-76.52628388786835, 3.404329763820011]]]}}, {"type": "Feature", "properties": {"h3_index": "8966f1c53cbffff", "lat": 3.4515796310154885, "lng": -76.5409749730328, "nivel_admin_1": "Comuna 02", "nivel_admin_2": "Alto Normandía", "estrato_promedio_200m": 3.0, "dist_sitp": 500, "dist_tm": 1500, "dist_ciclo": 800}, "geometry": {"type": "Polygon", "coordinates": [[[-76.54177094463846, 3.453299603490818], [-76.54287444785359, 3.4518089954935536], [-76.54207847449007, 3.4500890009619525], [-76.54017899576608, 3.4498596394145182], [-76.53907551182353, 3.45135026428597], [-76.53987148733128, 3.4530702338306787], [-76.54177094463846, 3.453299603490818]]]}}, {"type": "Feature", "properties": {"h3_index": "8966f1c43cbffff", "lat": 3.4555891419891744, "lng": -76.4800745896022, "nivel_admin_1": "Comuna 07", "nivel_admin_2": "Alfonso Lopez Pumarejo 3a Etapa", "estrato_promedio_200m": 3.0, "dist_sitp": 500, "dist_tm": 1500, "dist_ciclo": 800}, "geometry": {"type": "Polygon", "coordinates": [[[-76.48087065723841, 3.4573088771690483], [-76.48197355872851, 3.4558186057501676], [-76.4811774892993, 3.45409884850274], [-76.4792785163286, 3.4538693877315407], [-76.47817563421553, 3.455359675990798], [-76.47897170569502, 3.4570794081808875], [-76.48087065723841, 3.4573088771690483]]]}}, {"type": "Feature", "properties": {"h3_index": "8966f1cecafffff", "lat": 3.434263950359248, "lng": -76.54551582184563, "nivel_admin_1": "Comuna 19", "nivel_admin_2": "San Fernando Viejo", "estrato_promedio_200m": 4.0, "dist_sitp": 500, "dist_tm": 1500, "dist_ciclo": 800}, "geometry": {"type": "Polygon", "coordinates": [[[-76.54631182839937, 3.435984153627305], [-76.54741543487006, 3.4344932668633534], [-76.5466194265609, 3.4327730415572093], [-76.54471980962846, 3.4325437279922757], [-76.54361622242457, 3.434034631621216], [-76.54441223288522, 3.435754831950097], [-76.54631182839937, 3.435984153627305]]]}}, {"type": "Feature", "properties": {"h3_index": "8966f1c437bffff", "lat": 3.4440093451165406, "lng": -76.47829996410796, "nivel_admin_1": "Comuna 21", "nivel_admin_2": "Sector Planta de Tratamiento", "estrato_promedio_200m": 3.0, "dist_sitp": 500, "dist_tm": 1500, "dist_ciclo": 800}, "geometry": {"type": "Polygon", "coordinates": [[[-76.47909606351871, 3.4457292197643734], [-76.48019898762244, 3.4442387834567585], [-76.47940288641753, 3.4425188867529415], [-76.47750385906009, 3.4422894514131364], [-76.47640095433783, 3.443779904552082], [-76.47719705759044, 3.445499776199506], [-76.47909606351871, 3.4457292197643734]]]}}, {"type": "Feature", "properties": {"h3_index": "8966f1c46d3ffff", "lat": 3.4961688937952755, "lng": -76.49348210864862, "nivel_admin_1": "Comuna 06", "nivel_admin_2": "Ciudadela Floralia", "estrato_promedio_200m": 2.0, "dist_sitp": 500, "dist_tm": 1500, "dist_ciclo": 800}, "geometry": {"type": "Polygon", "coordinates": [[[-76.49427805249032, 3.4978881611532695], [-76.49538094419242, 3.4963984355362414], [-76.49458499856588, 3.494679146071066], [-76.49268615916576, 3.4944496072752758], [-76.4915832868127, 3.495939349768667], [-76.49237923450966, 3.49765861418149], [-76.49427805249032, 3.4978881611532695]]]}}, {"type": "Feature", "properties": {"h3_index": "8966f11b06bffff", "lat": 3.355684583082899, "lng": -76.52709570426113, "nivel_admin_1": "Comuna 22", "nivel_admin_2": "Parcelaciones Pance", "estrato_promedio_200m": 3.0, "dist_sitp": 500, "dist_tm": 1500, "dist_ciclo": 800}, "geometry": {"type": "Polygon", "coordinates": [[[-76.52789193790035, 3.3574057101839494], [-76.52899563684741, 3.355913737760036], [-76.52819940144126, 3.3541925886988744], [-76.52629946496283, 3.3539634370395865], [-76.5251957853238, 3.355455426263095], [-76.52599202285407, 3.3571765503463085], [-76.52789193790035, 3.3574057101839494]]]}}, {"type": "Feature", "properties": {"h3_index": "8966f1c50abffff", "lat": 3.467515913331124, "lng": -76.52503897367879, "nivel_admin_1": "Comuna 02", "nivel_admin_2": "San Vicente", "estrato_promedio_200m": 4.0, "dist_sitp": 500, "dist_tm": 1500, "dist_ciclo": 800}, "geometry": {"type": "Polygon", "coordinates": [[[-76.52583493368518, 3.4692356372156667], [-76.52693822851371, 3.4677453394129367], [-76.52614226674044, 3.4660255934540305], [-76.52424300801808, 3.4657961703069993], [-76.52313973248766, 3.4672864849853284], [-76.52393569638039, 3.4690062059350977], [-76.52583493368518, 3.4692356372156667]]]}}, {"type": "Feature", "properties": {"h3_index": "8966f1c5983ffff", "lat": 3.4124749935478182, "lng": -76.47266862427932, "nivel_admin_1": "Comuna 21", "nivel_admin_2": "Calimio Desepaz", "estrato_promedio_200m": 1.0, "dist_sitp": 500, "dist_tm": 1500, "dist_ciclo": 800}, "geometry": {"type": "Polygon", "coordinates": [[[-76.4734648115849, 3.414195244776997], [-76.47456778952046, 3.4127043635840715], [-76.47377160041712, 3.4109840903303437], [-76.47187243133772, 3.4107547233242985], [-76.47076947279712, 3.4122456213233834], [-76.47156566393987, 3.4139658695223645], [-76.4734648115849, 3.414195244776997]]]}}, {"type": "Feature", "properties": {"h3_index": "8966f1ce983ffff", "lat": 3.408458611584947, "lng": -76.53357504406753, "nivel_admin_1": "Comuna 17", "nivel_admin_2": "Primero de Mayo", "estrato_promedio_200m": 4.0, "dist_sitp": 500, "dist_tm": 1500, "dist_ciclo": 800}, "geometry": {"type": "Polygon", "coordinates": [[[-76.53437113554664, 3.4101791009398332], [-76.53547471563569, 3.408687883778434], [-76.53467862239398, 3.406967372410309], [-76.53277894692873, 3.4067381031878514], [-76.53167538613017, 3.4082293371892782], [-76.53247148150528, 3.409949823573143], [-76.53437113554664, 3.4101791009398332]]]}}, {"type": "Feature", "properties": {"h3_index": "8966f1ceb0fffff", "lat": 3.388724768173059, "lng": -76.55852629501733, "nivel_admin_1": "Comuna 18", "nivel_admin_2": "Mario Correa Rengifo", "estrato_promedio_200m": 2.0, "dist_sitp": 500, "dist_tm": 1500, "dist_ciclo": 800}, "geometry": {"type": "Polygon", "coordinates": [[[-76.55932239153184, 3.3904455803865763], [-76.5604262797841, 3.388953957144073], [-76.55963018152119, 3.3872331229404415], [-76.55773019283275, 3.387003936929963], [-76.55662632383032, 3.3884955770138583], [-76.5574224242654, 3.390216386266847], [-76.55932239153184, 3.3904455803865763]]]}}, {"type": "Feature", "properties": {"h3_index": "8966f1c5a17ffff", "lat": 3.410868477351689, "lng": -76.513168446982, "nivel_admin_1": "Comuna 16", "nivel_admin_2": "Unión de Vivienda Popular", "estrato_promedio_200m": 2.0, "dist_sitp": 500, "dist_tm": 1500, "dist_ciclo": 800}, "geometry": {"type": "Polygon", "coordinates": [[[-76.51396456813812, 3.412588873841802], [-76.51506794308474, 3.4110977848935984], [-76.51427182015425, 3.40937736638537], [-76.51237232017411, 3.4091480618335184], [-76.51126896455288, 3.4106391676111287], [-76.51206508958528, 3.4123595611111983], [-76.51396456813812, 3.412588873841802]]]}}, {"type": "Feature", "properties": {"h3_index": "8966f1c5a0bffff", "lat": 3.408344820355005, "lng": -76.51917428516543, "nivel_admin_1": "Comuna 16", "nivel_admin_2": "Mariano Ramos", "estrato_promedio_200m": 2.0, "dist_sitp": 500, "dist_tm": 1500, "dist_ciclo": 800}, "geometry": {"type": "Polygon", "coordinates": [[[-76.51997040210726, 3.410065266853465], [-76.52107384369117, 3.4085741131287515], [-76.5202777249784, 3.406853644615459], [-76.51837816256943, 3.4066243548275437], [-76.51727474030089, 3.408115525383535], [-76.51807086112484, 3.4098359688961697], [-76.51997040210726, 3.410065266853465]]]}}, {"type": "Feature", "properties": {"h3_index": "8966f1c5d13ffff", "lat": 3.4304790765284077, "lng": -76.47383002014506, "nivel_admin_1": "Comuna 14", "nivel_admin_2": "Puerta del Sol", "estrato_promedio_200m": 3.0, "dist_sitp": 500, "dist_tm": 1500, "dist_ciclo": 800}, "geometry": {"type": "Polygon", "coordinates": [[[-76.47462616080776, 3.4321991065302093], [-76.47572908813771, 3.430708488597611], [-76.47493294567812, 3.4289884365530634], [-76.4730338738465, 3.42875902749917], [-76.47193096590736, 3.4302496622510703], [-76.47272711040793, 3.431969689237576], [-76.47462616080776, 3.4321991065302093]]]}}, {"type": "Feature", "properties": {"h3_index": "8966f1c526fffff", "lat": 3.448483719046932, "lng": -76.55568289273262, "nivel_admin_1": "Comuna 02", "nivel_admin_2": "Santa Teresita", "estrato_promedio_200m": 6.0, "dist_sitp": 500, "dist_tm": 1500, "dist_ciclo": 800}, "geometry": {"type": "Polygon", "coordinates": [[[-76.55647884613924, 3.4502037752255994], [-76.55758250163242, 3.4487130544838633], [-76.5567865464764, 3.446992976253832], [-76.55488693365912, 3.446763643734875], [-76.5537832974135, 3.4482543813575077], [-76.5545792547365, 3.449974434618214], [-76.55647884613924, 3.4502037752255994]]]}}, {"type": "Feature", "properties": {"h3_index": "8966f1c55d7ffff", "lat": 3.4853976237161457, "lng": -76.51180068660965, "nivel_admin_1": "Comuna 02", "nivel_admin_2": "Ciudad Los Álamos", "estrato_promedio_200m": 3.0, "dist_sitp": 500, "dist_tm": 1500, "dist_ciclo": 800}, "geometry": {"type": "Polygon", "coordinates": [[[-76.5125966253649, 3.487117082580137], [-76.51369973101023, 3.485627112267659], [-76.51290379048064, 3.4839076313095765], [-76.5110047422058, 3.48367814569275], [-76.50990165587926, 3.485168132885178], [-76.51069759850766, 3.486887588814494], [-76.5125966253649, 3.487117082580137]]]}}, {"type": "Feature", "properties": {"h3_index": "8966f1cec97ffff", "lat": 3.4458462911633854, "lng": -76.54728861825583, "nivel_admin_1": "Comuna 19", "nivel_admin_2": "Bellavista", "estrato_promedio_200m": 2.0, "dist_sitp": 500, "dist_tm": 1500, "dist_ciclo": 800}, "geometry": {"type": "Polygon", "coordinates": [[[-76.54808459298086, 3.447566354782437], [-76.54918817671872, 3.4460756326789532], [-76.54839220023942, 3.444355547010234], [-76.5464926378671, 3.4441262084232145], [-76.54538907339162, 3.445616947400731], [-76.54618505202497, 3.4473370080912336], [-76.54808459298086, 3.447566354782437]]]}}, {"type": "Feature", "properties": {"h3_index": "8966f1c5327ffff", "lat": 3.436672424638762, "lng": -76.52510967075264, "nivel_admin_1": "Comuna 09", "nivel_admin_2": "Guayaquil", "estrato_promedio_200m": 3.0, "dist_sitp": 500, "dist_tm": 1500, "dist_ciclo": 800}, "geometry": {"type": "Polygon", "coordinates": [[[-76.525905707103, 3.438392535254096], [-76.52700910860777, 3.436901776776599], [-76.52621307049024, 3.435181644118282], [-76.52431362874685, 3.434952294938636], [-76.5232102465438, 3.436443070270521], [-76.5240062867813, 3.4381631779276725], [-76.525905707103, 3.438392535254096]]]}}, {"type": "Feature", "properties": {"h3_index": "8966f1c53d3ffff", "lat": 3.45605135773437, "lng": -76.53766456319741, "nivel_admin_1": "Comuna 02", "nivel_admin_2": "Juanambú", "estrato_promedio_200m": 5.0, "dist_sitp": 500, "dist_tm": 1500, "dist_ciclo": 800}, "geometry": {"type": "Polygon", "coordinates": [[[-76.53846052952576, 3.457771264031039], [-76.53956398547406, 3.4562807377624867], [-76.53876801738599, 3.454560809404621], [-76.53686859120944, 3.454331432307119], [-76.5357651545389, 3.4558219754509487], [-76.53656112476605, 3.4575418788170023], [-76.53846052952576, 3.457771264031039]]]}}, {"type": "Feature", "properties": {"h3_index": "8966f11b21bffff", "lat": 3.3577468979427953, "lng": -76.5441955884164, "nivel_admin_1": "Comuna 22", "nivel_admin_2": "Urbanización Ciudad Jardín", "estrato_promedio_200m": 6.0, "dist_sitp": 500, "dist_tm": 1500, "dist_ciclo": 800}, "geometry": {"type": "Polygon", "coordinates": [[[-76.54499178695406, 3.359468052109113], [-76.54609564366187, 3.3579760332990154], [-76.54529944336717, 3.3562548571725315], [-76.5433993842131, 3.3560257248150975], [-76.54229554678358, 3.3575177604365165], [-76.54309174922874, 3.3592389116040535], [-76.54499178695406, 3.359468052109113]]]}}, {"type": "Feature", "properties": {"h3_index": "8966f11b3d3ffff", "lat": 3.3524714206971336, "lng": -76.52740316037554, "nivel_admin_1": "Comuna 22", "nivel_admin_2": "Parcelaciones Pance", "estrato_promedio_200m": 3.0, "dist_sitp": 500, "dist_tm": 1500, "dist_ciclo": 800}, "geometry": {"type": "Polygon", "coordinates": [[[-76.52819940144126, 3.3541925886988744], [-76.52930311439395, 3.3527005671972026], [-76.52850687156145, 3.350979377238677], [-76.52660691365054, 3.350750233758588], [-76.52550322000572, 3.3522422720578113], [-76.52629946496283, 3.3539634370395865], [-76.52819940144126, 3.3541925886988744]]]}}, {"type": "Feature", "properties": {"h3_index": "8966f1c4607ffff", "lat": 3.483903962613915, "lng": -76.48601149501661, "nivel_admin_1": "Comuna 06", "nivel_admin_2": "San Luis", "estrato_promedio_200m": 2.0, "dist_sitp": 500, "dist_tm": 1500, "dist_ciclo": 800}, "geometry": {"type": "Polygon", "coordinates": [[[-76.4868074821912, 3.485623361066578], [-76.4879103438188, 3.484133485964844], [-76.48711435485495, 3.4824140654165654], [-76.48521550220335, 3.482184545027792], [-76.48411265993911, 3.48367443699297], [-76.48490865096203, 3.4853938324834832], [-76.4868074821912, 3.485623361066578]]]}}, {"type": "Feature", "properties": {"h3_index": "8966f1c5887ffff", "lat": 3.424172511871121, "lng": -76.48884072282058, "nivel_admin_1": "Comuna 13", "nivel_admin_2": "Omar Torrijos", "estrato_promedio_200m": 2.0, "dist_sitp": 500, "dist_tm": 1500, "dist_ciclo": 800}, "geometry": {"type": "Polygon", "coordinates": [[[-76.48963685321733, 3.4258926671151584], [-76.49073994742031, 3.424401886821528], [-76.48994381523528, 3.422681709542926], [-76.48804458678197, 3.4224523375972855], [-76.4869415119447, 3.4239431347148894], [-76.48773764619393, 3.4256632869541686], [-76.48963685321733, 3.4258926671151584]]]}}, {"type": "Feature", "properties": {"h3_index": "8966f11b203ffff", "lat": 3.355796590309719, "lng": -76.54149933867356, "nivel_admin_1": "Comuna 22", "nivel_admin_2": "Parcelaciones Pance", "estrato_promedio_200m": 3.0, "dist_sitp": 500, "dist_tm": 1500, "dist_ciclo": 800}, "geometry": {"type": "Polygon", "coordinates": [[[-76.54229554678358, 3.3575177604365165], [-76.5433993842131, 3.3560257248150975], [-76.54260317434446, 3.354304532729803], [-76.54070312489888, 3.3540754012274516], [-76.53959930675252, 3.355567453657226], [-76.54039551876748, 3.357288620780998], [-76.54229554678358, 3.3575177604365165]]]}}, {"type": "Feature", "properties": {"h3_index": "8966f11b22bffff", "lat": 3.347419574888527, "lng": -76.53941827822128, "nivel_admin_1": "Comuna 22", "nivel_admin_2": "Parcelaciones Pance", "estrato_promedio_200m": 3.0, "dist_sitp": 500, "dist_tm": 1500, "dist_ciclo": 800}, "geometry": {"type": "Polygon", "coordinates": [[[-76.54021451074888, 3.349140842766277], [-76.54131835690735, 3.3476486922201545], [-76.54052212261986, 3.3459274023922303], [-76.53862204002954, 3.34569828807214], [-76.5375182131588, 3.3471904554195553], [-76.53831444958955, 3.3489117202857765], [-76.54021451074888, 3.349140842766277]]]}}, {"type": "Feature", "properties": {"h3_index": "8966f1c518bffff", "lat": 3.460980075847097, "lng": -76.51125574753983, "nivel_admin_1": "Comuna 04", "nivel_admin_2": "Las Delicias", "estrato_promedio_200m": 3.0, "dist_sitp": 500, "dist_tm": 1500, "dist_ciclo": 800}, "geometry": {"type": "Polygon", "coordinates": [[[-76.51205174778607, 3.4626998394604414], [-76.51315493207886, 3.4612095066516413], [-76.51235893005769, 3.4594897209689415], [-76.51045974164433, 3.459260293118234], [-76.50935657667421, 3.4607506427898573], [-76.51015258079367, 3.4624704034493683], [-76.51205174778607, 3.4626998394604414]]]}}, {"type": "Feature", "properties": {"h3_index": "8966f1cebbbffff", "lat": 3.3944618659188666, "lng": -76.5522110053558, "nivel_admin_1": "Comuna 18", "nivel_admin_2": "Caldas", "estrato_promedio_200m": 3.0, "dist_sitp": 500, "dist_tm": 1500, "dist_ciclo": 800}, "geometry": {"type": "Polygon", "coordinates": [[[-76.55300709878667, 3.3961825871948763], [-76.55411090652603, 3.3946910776858226], [-76.55331481134318, 3.3929703344130844], [-76.55141490625752, 3.3927411256087585], [-76.5503111177782, 3.3942326519593666], [-76.55110721512338, 3.395953370272757], [-76.55300709878667, 3.3961825871948763]]]}}, {"type": "Feature", "properties": {"h3_index": "8966f1ced83ffff", "lat": 3.430938470593171, "lng": -76.5314228722734, "nivel_admin_1": "Comuna 19", "nivel_admin_2": "Urbanización Colseguros", "estrato_promedio_200m": 4.0, "dist_sitp": 500, "dist_tm": 1500, "dist_ciclo": 800}, "geometry": {"type": "Polygon", "coordinates": [[[-76.53221891179538, 3.4326586723266477], [-76.53332239388463, 3.4311677997634824], [-76.53252635259902, 3.4294475759936076], [-76.5306268270933, 3.429218249779409], [-76.52952336429557, 3.4307091391967997], [-76.53031940771096, 3.4324293379741806], [-76.53221891179538, 3.4326586723266477]]]}}, {"type": "Feature", "properties": {"h3_index": "8966f1c5a4fffff", "lat": 3.405821004305576, "lng": -76.52518038143421, "nivel_admin_1": "Comuna 17", "nivel_admin_2": "Cañaverales - Los Samanes", "estrato_promedio_200m": 3.0, "dist_sitp": 500, "dist_tm": 1500, "dist_ciclo": 800}, "geometry": {"type": "Polygon", "coordinates": [[[-76.52597649414318, 3.4075415007973846], [-76.5270800023448, 3.406050282323364], [-76.52628388786835, 3.404329763820011], [-76.52438426306868, 3.4041004887838437], [-76.52328077417235, 3.405591724091003], [-76.5240768907693, 3.407312217601204], [-76.52597649414318, 3.4075415007973846]]]}}, {"type": "Feature", "properties": {"h3_index": "8966f1ce92fffff", "lat": 3.3904489172281553, "lng": -76.53241660376139, "nivel_admin_1": "Comuna 17", "nivel_admin_2": "Prados del Limonar", "estrato_promedio_200m": 3.0, "dist_sitp": 500, "dist_tm": 1500, "dist_ciclo": 800}, "geometry": {"type": "Polygon", "coordinates": [[[-76.5332127419134, 3.3921696277954885], [-76.53431637272105, 3.3906781478996555], [-76.53352023280556, 3.388957415337329], [-76.53162045994948, 3.388728187651763], [-76.53051684843652, 3.390219684374465], [-76.53131299048385, 3.3919403919558766], [-76.5332127419134, 3.3921696277954885]]]}}, {"type": "Feature", "properties": {"h3_index": "8966f1c5143ffff", "lat": 3.453986836091416, "lng": -76.52057037600659, "nivel_admin_1": "Comuna 03", "nivel_admin_2": "San Nicolás", "estrato_promedio_200m": 2.0, "dist_sitp": 500, "dist_tm": 1500, "dist_ciclo": 800}, "geometry": {"type": "Polygon", "coordinates": [[[-76.52136637735836, 3.4557067159364565], [-76.5224696755751, 3.4542162363876154], [-76.5216736724537, 3.4524963344814403], [-76.51977436900171, 3.452266937134885], [-76.51867109009244, 3.453757433547316], [-76.51946709532658, 3.455477310442716], [-76.52136637735836, 3.4557067159364565]]]}}, {"type": "Feature", "properties": {"h3_index": "8966f11b267ffff", "lat": 3.3461565145762666, "lng": -76.5424222188316, "nivel_admin_1": "Comuna 22", "nivel_admin_2": "Parcelaciones Pance", "estrato_promedio_200m": 3.0, "dist_sitp": 500, "dist_tm": 1500, "dist_ciclo": 800}, "geometry": {"type": "Polygon", "coordinates": [[[-76.54321844921306, 3.347877807413612], [-76.54432232866075, 3.346385624623436], [-76.54352609652113, 3.344664309837571], [-76.54162598278484, 3.344435202799831], [-76.54052212261986, 3.3459274023922303], [-76.54131835690735, 3.3476486922201545], [-76.54321844921306, 3.347877807413612]]]}}, {"type": "Feature", "properties": {"h3_index": "8966f1ce857ffff", "lat": 3.4151092638986693, "lng": -76.56176375240658, "nivel_admin_1": "Comuna 20", "nivel_admin_2": "Cañaveralejo", "estrato_promedio_200m": 3.0, "dist_sitp": 500, "dist_tm": 1500, "dist_ciclo": 800}, "geometry": {"type": "Polygon", "coordinates": [[[-76.56255977780928, 3.4168297564704244], [-76.5636636065351, 3.415338511051564], [-76.56286757938616, 3.413617996463162], [-76.5609677213335, 3.41338875224742], [-76.55986391184874, 3.414880014527828], [-76.56065994117448, 3.4166005041624383], [-76.56255977780928, 3.4168297564704244]]]}}, {"type": "Feature", "properties": {"h3_index": "8966f1c5307ffff", "lat": 3.4437821165030322, "lng": -76.53019320451374, "nivel_admin_1": "Comuna 03", "nivel_admin_2": "San Juan Bosco", "estrato_promedio_200m": 3.0, "dist_sitp": 500, "dist_tm": 1500, "dist_ciclo": 800}, "geometry": {"type": "Polygon", "coordinates": [[[-76.53098921434793, 3.445502153689023], [-76.5320926404435, 3.4440114782127624], [-76.53129662884511, 3.442291418977149], [-76.52939718902236, 3.4420620602150125], [-76.5282937822189, 3.4435527525536282], [-76.52908979594498, 3.4452727867920347], [-76.53098921434793, 3.445502153689023]]]}}, {"type": "Feature", "properties": {"h3_index": "8966f11b693ffff", "lat": 3.389186640842005, "lng": -76.53542001929422, "nivel_admin_1": "Comuna 17", "nivel_admin_2": "Las Quintas de Don Simón", "estrato_promedio_200m": 3.0, "dist_sitp": 500, "dist_tm": 1500, "dist_ciclo": 800}, "geometry": {"type": "Polygon", "coordinates": [[[-76.53621615531145, 3.390907376388139], [-76.53731981941138, 3.3894158641649517], [-76.5365236816324, 3.387695106625467], [-76.53462387761587, 3.3874658862863307], [-76.53352023280556, 3.388957415337329], [-76.53431637272105, 3.3906781478996555], [-76.53621615531145, 3.390907376388139]]]}}, {"type": "Feature", "properties": {"h3_index": "8966f1c717bffff", "lat": 3.5025867343352015, "lng": -76.49286825104961, "nivel_admin_1": "Comuna 06", "nivel_admin_2": "Ciudadela Floralia", "estrato_promedio_200m": 2.0, "dist_sitp": 500, "dist_tm": 1500, "dist_ciclo": 800}, "geometry": {"type": "Polygon", "coordinates": [[[-76.49366418003878, 3.5043059191320443], [-76.4947670437556, 3.5028162924230477], [-76.49397111298134, 3.501097085512449], [-76.49207231641977, 3.5008675303655283], [-76.49096947205227, 3.5023571739549295], [-76.49176540489593, 3.5040763558108456], [-76.49366418003878, 3.5043059191320443]]]}}, {"type": "Feature", "properties": {"h3_index": "8966f1c5ec3ffff", "lat": 3.439195172251408, "lng": -76.5191041539584, "nivel_admin_1": "Comuna 09", "nivel_admin_2": "Belalcázar", "estrato_promedio_200m": 3.0, "dist_sitp": 500, "dist_tm": 1500, "dist_ciclo": 800}, "geometry": {"type": "Polygon", "coordinates": [[[-76.51990019454058, 3.4409152328573804], [-76.52100352944018, 3.4394245392328306], [-76.52020748708735, 3.4377044565805948], [-76.51830810772314, 3.4374750925615936], [-76.5172047921353, 3.438965803038678], [-76.51800083659882, 3.440685860682237], [-76.51990019454058, 3.4409152328573804]]]}}, {"type": "Feature", "properties": {"h3_index": "8966f1c5407ffff", "lat": 3.4887234750096128, "lng": -76.5258901958547, "nivel_admin_1": "Comuna 02", "nivel_admin_2": "Menga", "estrato_promedio_200m": 6.0, "dist_sitp": 500, "dist_tm": 1500, "dist_ciclo": 800}, "geometry": {"type": "Polygon", "coordinates": [[[-76.52668610179289, 3.490442935179176], [-76.52778933194622, 3.4889529504996255], [-76.52699342424187, 3.4872334682342676], [-76.52509428426256, 3.4870039956620227], [-76.52399107340337, 3.4884939972322537], [-76.52478698322821, 3.4902134544840555], [-76.52668610179289, 3.490442935179176]]]}}, {"type": "Feature", "properties": {"h3_index": "8966f1c55c3ffff", "lat": 3.484137114648241, "lng": -76.51480285242349, "nivel_admin_1": "Comuna 02", "nivel_admin_2": "Urbanización La Flora", "estrato_promedio_200m": 3.0, "dist_sitp": 500, "dist_tm": 1500, "dist_ciclo": 800}, "geometry": {"type": "Polygon", "coordinates": [[[-76.51559878907702, 3.4858565985388905], [-76.51670192803029, 3.484366595707905], [-76.51590598960415, 3.482647089724794], [-76.51400691012016, 3.482417611597714], [-76.51290379048064, 3.4839076313095765], [-76.51369973101023, 3.485627112267659], [-76.51559878907702, 3.4858565985388905]]]}}, {"type": "Feature", "properties": {"h3_index": "8966f1ce923ffff", "lat": 3.393661080526572, "lng": -76.53210912687177, "nivel_admin_1": "Comuna 17", "nivel_admin_2": "La Hacienda", "estrato_promedio_200m": 3.0, "dist_sitp": 500, "dist_tm": 1500, "dist_ciclo": 800}, "geometry": {"type": "Polygon", "coordinates": [[[-76.5329052576, 3.3953817500827435], [-76.53400887440526, 3.393890319349977], [-76.5332127419134, 3.3921696277954885], [-76.53131299048385, 3.3919403919558766], [-76.5302093929734, 3.3934318395175533], [-76.53100552759659, 3.395152506089945], [-76.5329052576, 3.3953817500827435]]]}}, {"type": "Feature", "properties": {"h3_index": "8966f1c5027ffff", "lat": 3.4591464182769815, "lng": -76.52295836310168, "nivel_admin_1": "Comuna 03", "nivel_admin_2": "San Nicolás", "estrato_promedio_200m": 2.0, "dist_sitp": 500, "dist_tm": 1500, "dist_ciclo": 800}, "geometry": {"type": "Polygon", "coordinates": [[[-76.52375434749271, 3.4608662407649065], [-76.52485765101545, 3.459375827409404], [-76.52406166485622, 3.457655982855374], [-76.52216237305682, 3.457426576666237], [-76.5210590888368, 3.45891700689032], [-76.52185507711239, 3.4606368264349725], [-76.52375434749271, 3.4608662407649065]]]}}, {"type": "Feature", "properties": {"h3_index": "8966f11b2a7ffff", "lat": 3.354421738216799, "lng": -76.53009935156643, "nivel_admin_1": "Comuna 22", "nivel_admin_2": "Parcelaciones Pance", "estrato_promedio_200m": 3.0, "dist_sitp": 500, "dist_tm": 1500, "dist_ciclo": 800}, "geometry": {"type": "Polygon", "coordinates": [[[-76.53089558307862, 3.356142890293687], [-76.53199931533433, 3.354650885592539], [-76.53120308205692, 3.3529297115572025], [-76.52930311439395, 3.3527005671972026], [-76.52819940144126, 3.3541925886988744], [-76.52899563684741, 3.355913737760036], [-76.53089558307862, 3.356142890293687]]]}}, {"type": "Feature", "properties": {"h3_index": "8966f1c555bffff", "lat": 3.4784063113858505, "lng": -76.52111464150191, "nivel_admin_1": "Comuna 02", "nivel_admin_2": "Vipasa", "estrato_promedio_200m": 3.0, "dist_sitp": 500, "dist_tm": 1500, "dist_ciclo": 800}, "geometry": {"type": "Polygon", "coordinates": [[[-76.52191058135989, 3.480125886566941], [-76.52301380090906, 3.478635769337405], [-76.52221785928202, 3.4769161720704256], [-76.52031869599149, 3.476686717049368], [-76.51921549574591, 3.4781768511596276], [-76.5200114394862, 3.4798964234102248], [-76.52191058135989, 3.480125886566941]]]}}, {"type": "Feature", "properties": {"h3_index": "8966f1c5d47ffff", "lat": 3.4247457442474354, "lng": -76.48014095540105, "nivel_admin_1": "Comuna 14", "nivel_admin_2": "José Manuel Marroquín Primera Etapa", "estrato_promedio_200m": 2.0, "dist_sitp": 500, "dist_tm": 1500, "dist_ciclo": 800}, "geometry": {"type": "Polygon", "coordinates": [[[-76.48093709940346, 3.426465865423561], [-76.48204010749612, 3.424975133231892], [-76.48124396170039, 3.4232549900195957], [-76.47934480576015, 3.423025604048372], [-76.47824181704813, 3.424516353059182], [-76.47903796489463, 3.426236471222085], [-76.48093709940346, 3.426465865423561]]]}}, {"type": "Feature", "properties": {"h3_index": "8966f11b6bbffff", "lat": 3.3808118864267485, "lng": -76.53333907390308, "nivel_admin_1": "Comuna 17", "nivel_admin_2": "El Ingenio", "estrato_promedio_200m": 3.0, "dist_sitp": 500, "dist_tm": 1500, "dist_ciclo": 800}, "geometry": {"type": "Polygon", "coordinates": [[[-76.53413523432693, 3.3825327199749653], [-76.53523890714341, 3.3810410926373984], [-76.53444274495652, 3.3793202371041375], [-76.53254290781864, 3.379091033885805], [-76.53143925429639, 3.380582678044137], [-76.53223541861668, 3.3823035086000472], [-76.53413523432693, 3.3825327199749653]]]}}, {"type": "Feature", "properties": {"h3_index": "8966f119483ffff", "lat": 3.3409925224448407, "lng": -76.54003349369627, "nivel_admin_1": "Comuna 22", "nivel_admin_2": "Parcelaciones Pance", "estrato_promedio_200m": 3.0, "dist_sitp": 500, "dist_tm": 1500, "dist_ciclo": 800}, "geometry": {"type": "Polygon", "coordinates": [[[-76.54082974107297, 3.3427138720880825], [-76.5419336152447, 3.3412216234573457], [-76.5411373661084, 3.3395002518705748], [-76.53923724065497, 3.3392711538738684], [-76.53813338577072, 3.3407634193018114], [-76.53892963705128, 3.3424847659292665], [-76.54082974107297, 3.3427138720880825]]]}}, {"type": "Feature", "properties": {"h3_index": "8966f1c5157ffff", "lat": 3.4552479026997895, "lng": -76.51756782695138, "nivel_admin_1": "Comuna 04", "nivel_admin_2": "Jorge Isaacs", "estrato_promedio_200m": 2.0, "dist_sitp": 500, "dist_tm": 1500, "dist_ciclo": 800}, "geometry": {"type": "Polygon", "coordinates": [[[-76.51836383041416, 3.456967757532422], [-76.51946709532658, 3.455477310442716], [-76.51867109009244, 3.453757433547316], [-76.5167718178367, 3.4535280287561556], [-76.51566857223676, 3.4550184927085303], [-76.51646457957901, 3.4567383445893975], [-76.51836383041416, 3.456967757532422]]]}}, {"type": "Feature", "properties": {"h3_index": "8966f1c5c53ffff", "lat": 3.4435519855816255, "lng": -76.50139622485216, "nivel_admin_1": "Comuna 08", "nivel_admin_2": "Chapinero", "estrato_promedio_200m": 3.0, "dist_sitp": 500, "dist_tm": 1500, "dist_ciclo": 800}, "geometry": {"type": "Polygon", "coordinates": [[[-76.50219228544562, 3.4452719372050358], [-76.50329543440996, 3.4437813889837807], [-76.50249937203569, 3.4420614153075695], [-76.50060015861266, 3.4418320148825976], [-76.49949702899006, 3.4433225799487364], [-76.50029309344765, 3.4450425285949753], [-76.50219228544562, 3.4452719372050358]]]}}, {"type": "Feature", "properties": {"h3_index": "8966f1c5a8bffff", "lat": 3.416029609722717, "lng": -76.51555679349416, "nivel_admin_1": "Comuna 11", "nivel_admin_2": "La Independencia", "estrato_promedio_200m": 3.0, "dist_sitp": 500, "dist_tm": 1500, "dist_ciclo": 800}, "geometry": {"type": "Polygon", "coordinates": [[[-76.51635289769357, 3.417749949105944], [-76.51745627796046, 3.4162589262220373], [-76.5166601719881, 3.41453856481571], [-76.51476068364224, 3.414309251300075], [-76.51365732269603, 3.415800291018381], [-76.5144534307739, 3.4175206274179475], [-76.51635289769357, 3.417749949105944]]]}}, {"type": "Feature", "properties": {"h3_index": "8966f11b013ffff", "lat": 3.3678487575630798, "lng": -76.52016648692619, "nivel_admin_1": "Comuna 17", "nivel_admin_2": "Lili", "estrato_promedio_200m": 3.0, "dist_sitp": 500, "dist_tm": 1500, "dist_ciclo": 800}, "geometry": {"type": "Polygon", "coordinates": [[[-76.5209627025235, 3.369569711939303], [-76.5220662928242, 3.3680779514064407], [-76.52127007545607, 3.3663569750568474], [-76.51937026567289, 3.3661277842291644], [-76.51826669469071, 3.367619561565876], [-76.5190629141721, 3.369340512926432], [-76.5209627025235, 3.369569711939303]]]}}, {"type": "Feature", "properties": {"h3_index": "8966f1c42cfffff", "lat": 3.4672841229207365, "lng": -76.49624479290857, "nivel_admin_1": "Comuna 05", "nivel_admin_2": "Los Andes B - La Riviera", "estrato_promedio_200m": 3.0, "dist_sitp": 500, "dist_tm": 1500, "dist_ciclo": 800}, "geometry": {"type": "Polygon", "coordinates": [[[-76.4970408035912, 3.4690037613725635], [-76.49814382124102, 3.467513591058157], [-76.49734780877486, 3.4657939305287973], [-76.49544877658272, 3.4655644653557416], [-76.49434577828066, 3.4670546525282897], [-76.49514179282188, 3.468774288015762], [-76.4970408035912, 3.4690037613725635]]]}}, {"type": "Feature", "properties": {"h3_index": "8966f1c5cafffff", "lat": 3.4382767654619566, "lng": -76.48461084194226, "nivel_admin_1": "Comuna 13", "nivel_admin_2": "Sector Laguna del Pondaje", "estrato_promedio_200m": 3.0, "dist_sitp": 500, "dist_tm": 1500, "dist_ciclo": 800}, "geometry": {"type": "Polygon", "coordinates": [[[-76.48540694467782, 3.439996731322213], [-76.4865099495222, 3.4385061806964803], [-76.48571384499607, 3.43678619278681], [-76.48381473356697, 3.436556780550637], [-76.48271174809389, 3.438047348007543], [-76.48350785467753, 3.439767310869459], [-76.48540694467782, 3.439996731322213]]]}}, {"type": "Feature", "properties": {"h3_index": "8966f1c58bbffff", "lat": 3.4209615132362092, "lng": -76.48914767740791, "nivel_admin_1": "Comuna 13", "nivel_admin_2": "El Poblado II", "estrato_promedio_200m": 2.0, "dist_sitp": 500, "dist_tm": 1500, "dist_ciclo": 800}, "geometry": {"type": "Polygon", "coordinates": [[[-76.48994381523528, 3.422681709542926], [-76.49104692343755, 3.421190879972539], [-76.49025078382203, 3.419470661634575], [-76.48835153393844, 3.4192412979051503], [-76.48724844510174, 3.420732144297465], [-76.48804458678197, 3.4224523375972855], [-76.48994381523528, 3.422681709542926]]]}}, {"type": "Feature", "properties": {"h3_index": "8966f1c5177ffff", "lat": 3.4481388941338604, "lng": -76.51248448635879, "nivel_admin_1": "Comuna 08", "nivel_admin_2": "Municipal", "estrato_promedio_200m": 3.0, "dist_sitp": 500, "dist_tm": 1500, "dist_ciclo": 800}, "geometry": {"type": "Polygon", "coordinates": [[[-76.51328051630414, 3.4498588224276445], [-76.51438375658387, 3.4483682922969017], [-76.51358772486415, 3.4466483419469665], [-76.51168845076324, 3.4464189467462867], [-76.51058522980561, 3.4479094937317463], [-76.51138126362568, 3.449629419063177], [-76.51328051630414, 3.4498588224276445]]]}}, {"type": "Feature", "properties": {"h3_index": "8966f1c59abffff", "lat": 3.4041028074265163, "lng": -76.47058678764124, "nivel_admin_1": "Comuna 21", "nivel_admin_2": "Nuevo Amanecer", "estrato_promedio_200m": 3.0, "dist_sitp": 500, "dist_tm": 1500, "dist_ciclo": 800}, "geometry": {"type": "Polygon", "coordinates": [[[-76.47138299928909, 3.405823156628249], [-76.47248598583052, 3.404332160112038], [-76.47168977238361, 3.4026117888940552], [-76.46979057035787, 3.402382439247254], [-76.46868760321601, 3.403873452562571], [-76.46948381869923, 3.405593798725583], [-76.47138299928909, 3.405823156628249]]]}}, {"type": "Feature", "properties": {"h3_index": "8966f1c5a2bffff", "lat": 3.401233561102172, "lng": -76.51409020047326, "nivel_admin_1": "Comuna 16", "nivel_admin_2": "Mariano Ramos", "estrato_promedio_200m": 2.0, "dist_sitp": 500, "dist_tm": 1500, "dist_ciclo": 800}, "geometry": {"type": "Polygon", "coordinates": [[[-76.51488634390944, 3.4029540806995624], [-76.51598976085901, 3.4014628441090755], [-76.51519361564888, 3.399742302503496], [-76.51329405138465, 3.3995130224930388], [-76.51219065376003, 3.401004275906831], [-76.51298680107361, 3.402724792507782], [-76.51488634390944, 3.4029540806995624]]]}}, {"type": "Feature", "properties": {"h3_index": "8966f11b6c7ffff", "lat": 3.383449543725721, "lng": -76.54173463344573, "nivel_admin_1": "Comuna 17", "nivel_admin_2": "Mayapan - Las Vegas", "estrato_promedio_200m": 3.0, "dist_sitp": 500, "dist_tm": 1500, "dist_ciclo": 800}, "geometry": {"type": "Polygon", "coordinates": [[[-76.54253077260175, 3.385170370217035], [-76.54363451727473, 3.383678744222048], [-76.54283837636054, 3.3819578957439944], [-76.54093848862595, 3.381728698229396], [-76.53983476323242, 3.3832203410520174], [-76.54063090629293, 3.3849411645616136], [-76.54253077260175, 3.385170370217035]]]}}, {"type": "Feature", "properties": {"h3_index": "8966f1ced2bffff", "lat": 3.414881879969631, "lng": -76.5329601049527, "nivel_admin_1": "Comuna 10", "nivel_admin_2": "Panamericano", "estrato_promedio_200m": 3.0, "dist_sitp": 500, "dist_tm": 1500, "dist_ciclo": 800}, "geometry": {"type": "Polygon", "coordinates": [[[-76.53375618158645, 3.416602287190734], [-76.53485973367415, 3.4151111684464737], [-76.5340636552775, 3.4133907392055263], [-76.5321640226597, 3.4131614536954498], [-76.5310604898628, 3.414652589283779], [-76.53185657039181, 3.416372993538115], [-76.53375618158645, 3.416602287190734]]]}}, {"type": "Feature", "properties": {"h3_index": "8966f1ce823ffff", "lat": 3.4073101392017593, "lng": -76.55098025063212, "nivel_admin_1": "Comuna 19", "nivel_admin_2": "Cuarto de Legua - Guadalupe", "estrato_promedio_200m": 5.0, "dist_sitp": 500, "dist_tm": 1500, "dist_ciclo": 800}, "geometry": {"type": "Polygon", "coordinates": [[[-76.55177631438438, 3.409030696273555], [-76.55288006611659, 3.4075393834262733], [-76.55208400061177, 3.405818804344494], [-76.55018418121337, 3.405589563074087], [-76.5490804487418, 3.407080892771055], [-76.54987651640688, 3.4088014468887433], [-76.55177631438438, 3.409030696273555]]]}}, {"type": "Feature", "properties": {"h3_index": "8966f1c55d3ffff", "lat": 3.4873465740642287, "lng": -76.51449566589052, "nivel_admin_1": "Comuna 02", "nivel_admin_2": "Urbanización La Flora", "estrato_promedio_200m": 3.0, "dist_sitp": 500, "dist_tm": 1500, "dist_ciclo": 800}, "geometry": {"type": "Polygon", "coordinates": [[[-76.51529159512125, 3.4890660166954994], [-76.5163947200805, 3.4875760632659163], [-76.51559878907702, 3.4858565985388905], [-76.51369973101023, 3.485627112267659], [-76.5125966253649, 3.487117082580137], [-76.51339255847134, 3.488836522280968], [-76.51529159512125, 3.4890660166954994]]]}}, {"type": "Feature", "properties": {"h3_index": "8966f1c5587ffff", "lat": 3.4827601804603194, "lng": -76.50340868586694, "nivel_admin_1": "Comuna 04", "nivel_admin_2": "Flora Industrial", "estrato_promedio_200m": 3.0, "dist_sitp": 500, "dist_tm": 1500, "dist_ciclo": 800}, "geometry": {"type": "Polygon", "coordinates": [[[-76.50420464574952, 3.4844796467238055], [-76.50530767942954, 3.4829896751815466], [-76.50451171776773, 3.4812701868256495], [-76.50261272033892, 3.481040695049689], [-76.50150970599248, 3.4825306834650385], [-76.50230566974018, 3.4842501467832774], [-76.50420464574952, 3.4844796467238055]]]}}, {"type": "Feature", "properties": {"h3_index": "8966f1c5e37ffff", "lat": 3.426236806916855, "lng": -76.50593423779355, "nivel_admin_1": "Comuna 11", "nivel_admin_2": "Los Conquistadores", "estrato_promedio_200m": 2.0, "dist_sitp": 500, "dist_tm": 1500, "dist_ciclo": 800}, "geometry": {"type": "Polygon", "coordinates": [[[-76.50673033343575, 3.4279569891086212], [-76.50783358572674, 3.4264661619779124], [-76.50703748830614, 3.4247459577515094], [-76.50513813650294, 3.4245166056761853], [-76.50403490354796, 3.4260074496425674], [-76.5048310030591, 3.4277276288486065], [-76.50673033343575, 3.4279569891086212]]]}}, {"type": "Feature", "properties": {"h3_index": "8966f1ceb2bffff", "lat": 3.383562217370218, "lng": -76.55613797145445, "nivel_admin_1": "Comuna 18", "nivel_admin_2": "Sector Cuarteles de Nápoles", "estrato_promedio_200m": 1.0, "dist_sitp": 500, "dist_tm": 1500, "dist_ciclo": 800}, "geometry": {"type": "Polygon", "coordinates": [[[-76.55693408497838, 3.3852830866610852], [-76.558037967984, 3.3837913974532325], [-76.55724185271023, 3.3820705061772376], [-76.5553418522612, 3.3818413290611287], [-76.55423798851012, 3.38333303510537], [-76.55503410595243, 3.3850539014293335], [-76.55693408497838, 3.3852830866610852]]]}}, {"type": "Feature", "properties": {"h3_index": "8966f1c5553ffff", "lat": 3.4796669579775727, "lng": -76.51811231126585, "nivel_admin_1": "Comuna 02", "nivel_admin_2": "Vipasa", "estrato_promedio_200m": 3.0, "dist_sitp": 500, "dist_tm": 1500, "dist_ciclo": 800}, "geometry": {"type": "Polygon", "coordinates": [[[-76.51890825323537, 3.4813865081406514], [-76.5200114394862, 3.4798964234102248], [-76.51921549574591, 3.4781768511596276], [-76.51731636364508, 3.4779473886595778], [-76.51621319670285, 3.479437490269792], [-76.51700914255176, 3.4811570375002705], [-76.51890825323537, 3.4813865081406514]]]}}, {"type": "Feature", "properties": {"h3_index": "8966f1c5ac3ffff", "lat": 3.4167175526023743, "lng": -76.52125528788149, "nivel_admin_1": "Comuna 11", "nivel_admin_2": "La Independencia", "estrato_promedio_200m": 3.0, "dist_sitp": 500, "dist_tm": 1500, "dist_ciclo": 800}, "geometry": {"type": "Polygon", "coordinates": [[[-76.5220513804346, 3.4184379009239314], [-76.52315481332818, 3.4169468624817525], [-76.52235871900541, 3.4152264921370823], [-76.5204591896737, 3.4149971852350403], [-76.5193557760909, 3.4164882405155312], [-76.52015187252796, 3.4182085858597535], [-76.5220513804346, 3.4184379009239314]]]}}, {"type": "Feature", "properties": {"h3_index": "8966f1c5b5bffff", "lat": 3.3973339043004316, "lng": -76.50869880139243, "nivel_admin_1": "Comuna 15", "nivel_admin_2": "El Morichal", "estrato_promedio_200m": 3.0, "dist_sitp": 500, "dist_tm": 1500, "dist_ciclo": 800}, "geometry": {"type": "Polygon", "coordinates": [[[-76.50949496388327, 3.399054455914009], [-76.51059834217803, 3.397563185679887], [-76.50980217791007, 3.395842612061475], [-76.50790263325108, 3.3956133336869554], [-76.50679927429107, 3.3971046207384363], [-76.5075954406542, 3.3988251693470826], [-76.50949496388327, 3.399054455914009]]]}}, {"type": "Feature", "properties": {"h3_index": "8966f119493ffff", "lat": 3.344206093627345, "lng": -76.53972588266775, "nivel_admin_1": "Comuna 22", "nivel_admin_2": "Parcelaciones Pance", "estrato_promedio_200m": 3.0, "dist_sitp": 500, "dist_tm": 1500, "dist_ciclo": 800}, "geometry": {"type": "Polygon", "coordinates": [[[-76.54052212261986, 3.3459274023922303], [-76.54162598278484, 3.344435202799831], [-76.54082974107297, 3.3427138720880825], [-76.53892963705128, 3.3424847659292665], [-76.53782579617393, 3.3439769823209122], [-76.53862204002954, 3.34569828807214], [-76.54052212261986, 3.3459274023922303]]]}}, {"type": "Feature", "properties": {"h3_index": "8966f1c733bffff", "lat": 3.4943370045806463, "lng": -76.50518239454965, "nivel_admin_1": "Comuna 02", "nivel_admin_2": "Brisas de los Álamos", "estrato_promedio_200m": 3.0, "dist_sitp": 500, "dist_tm": 1500, "dist_ciclo": 800}, "geometry": {"type": "Polygon", "coordinates": [[[-76.50597832264582, 3.4960563308456494], [-76.50708133367364, 3.4945665244361694], [-76.5062854037994, 3.49284717606723], [-76.50438646080775, 3.4926176591463487], [-76.50328346910904, 3.4941074824379386], [-76.50407940107178, 3.495826805768307], [-76.50597832264582, 3.4960563308456494]]]}}, {"type": "Feature", "properties": {"h3_index": "8966f1c5a57ffff", "lat": 3.4102945626109324, "lng": -76.52186995674907, "nivel_admin_1": "Comuna 11", "nivel_admin_2": "Villa del Sur", "estrato_promedio_200m": 3.0, "dist_sitp": 500, "dist_tm": 1500, "dist_ciclo": 800}, "geometry": {"type": "Polygon", "coordinates": [[[-76.52266606415184, 3.4120149930582078], [-76.5237695250462, 3.410523856167744], [-76.52297341587409, 3.4088034037039683], [-76.52107384369117, 3.4085741131287515], [-76.51997040210726, 3.410065266853465], [-76.5207665133947, 3.411785694319158], [-76.52266606415184, 3.4120149930582078]]]}}, {"type": "Feature", "properties": {"h3_index": "8966f11b283ffff", "lat": 3.3634856317897923, "lng": -76.53788035471263, "nivel_admin_1": "Comuna 22", "nivel_admin_2": "Urbanización Ciudad Jardín", "estrato_promedio_200m": 6.0, "dist_sitp": 500, "dist_tm": 1500, "dist_ciclo": 800}, "geometry": {"type": "Polygon", "coordinates": [[[-76.53867655011908, 3.3652066951001], [-76.53978032624937, 3.363714789904334], [-76.53898412908232, 3.361993704627223], [-76.53708415364322, 3.361764549513565], [-76.53598039680139, 3.3632564715208346], [-76.53677659610908, 3.3649775318302764], [-76.53867655011908, 3.3652066951001]]]}}, {"type": "Feature", "properties": {"h3_index": "8966f1c588bffff", "lat": 3.4248606301016338, "lng": -76.4945384377752, "nivel_admin_1": "Comuna 13", "nivel_admin_2": "Los Comuneros II Etapa", "estrato_promedio_200m": 2.0, "dist_sitp": 500, "dist_tm": 1500, "dist_ciclo": 800}, "geometry": {"type": "Polygon", "coordinates": [[[-76.49533455660352, 3.4265807943472932], [-76.49643770352232, 3.4250899984296725], [-76.49564158290899, 3.423369812149438], [-76.49374231330282, 3.423140446819827], [-76.49263918573986, 3.4246312595653046], [-76.49343530842616, 3.42635142081255], [-76.49533455660352, 3.4265807943472932]]]}}, {"type": "Feature", "properties": {"h3_index": "8966f1ced2fffff", "lat": 3.412932165978487, "lng": -76.53026440367525, "nivel_admin_1": "Comuna 10", "nivel_admin_2": "Jorge Zawadsky", "estrato_promedio_200m": 3.0, "dist_sitp": 500, "dist_tm": 1500, "dist_ciclo": 800}, "geometry": {"type": "Polygon", "coordinates": [[[-76.5310604898628, 3.414652589283779], [-76.5321640226597, 3.4131614536954498], [-76.53136793470769, 3.4114410083719693], [-76.52946831182943, 3.4112117236260127], [-76.52836479832823, 3.412702876055454], [-76.52916088840846, 3.4144232963897525], [-76.5310604898628, 3.414652589283779]]]}}, {"type": "Feature", "properties": {"h3_index": "8966f1cedbbffff", "lat": 3.425777750926167, "lng": -76.52903471975985, "nivel_admin_1": "Comuna 10", "nivel_admin_2": "Colseguros Andes", "estrato_promedio_200m": 4.0, "dist_sitp": 500, "dist_tm": 1500, "dist_ciclo": 800}, "geometry": {"type": "Polygon", "coordinates": [[[-76.52983077625538, 3.427498009889152], [-76.53093425305237, 3.4260070712217776], [-76.53013819479179, 3.424286790227374], [-76.52823865760698, 3.424057472894248], [-76.52713520010623, 3.425548428410863], [-76.52793126049298, 3.427268684411359], [-76.52983077625538, 3.427498009889152]]]}}, {"type": "Feature", "properties": {"h3_index": "8966f11941bffff", "lat": 3.335252358078461, "lng": -76.54634926958725, "nivel_admin_1": "Comuna 22", "nivel_admin_2": "Parcelaciones Pance", "estrato_promedio_200m": 3.0, "dist_sitp": 500, "dist_tm": 1500, "dist_ciclo": 800}, "geometry": {"type": "Polygon", "coordinates": [[[-76.54714552008855, 3.336973798499535], [-76.5482494748417, 3.3354814363924783], [-76.54745322258437, 3.333759974034506], [-76.54555301341871, 3.3335308987342076], [-76.54444907794282, 3.335023277638295], [-76.54524533235424, 3.336744715045666], [-76.54714552008855, 3.336973798499535]]]}}, {"type": "Feature", "properties": {"h3_index": "8966f1c428fffff", "lat": 3.4678563720337543, "lng": -76.48754588685237, "nivel_admin_1": "Comuna 05", "nivel_admin_2": "Villa del Prado - El Guabito", "estrato_promedio_200m": 3.0, "dist_sitp": 500, "dist_tm": 1500, "dist_ciclo": 800}, "geometry": {"type": "Polygon", "coordinates": [[[-76.48834191116987, 3.469575976536326], [-76.48944484277054, 3.468085854410834], [-76.48864881666451, 3.4663662278291216], [-76.48674985689503, 3.4661367484248733], [-76.48564694465702, 3.46762688740368], [-76.4864429728247, 3.469346488933438], [-76.48834191116987, 3.469575976536326]]]}}, {"type": "Feature", "properties": {"h3_index": "8966f1c5ccbffff", "lat": 3.446762458163942, "lng": -76.50108915225968, "nivel_admin_1": "Comuna 08", "nivel_admin_2": "Villa Colombia", "estrato_promedio_200m": 3.0, "dist_sitp": 500, "dist_tm": 1500, "dist_ciclo": 800}, "geometry": {"type": "Polygon", "coordinates": [[[-76.50188520542589, 3.448482368651874], [-76.50298834039279, 3.4469918697490556], [-76.50219228544562, 3.4452719372050358], [-76.50029309344765, 3.4450425285949753], [-76.49918997782264, 3.446533044344716], [-76.49998603485261, 3.448252951857593], [-76.50188520542589, 3.448482368651874]]]}}, {"type": "Feature", "properties": {"h3_index": "8966f11b4c3ffff", "lat": 3.3942355082579967, "lng": -76.52340674399679, "nivel_admin_1": "Comuna 16", "nivel_admin_2": "Ciudad 2000", "estrato_promedio_200m": 3.0, "dist_sitp": 500, "dist_tm": 1500, "dist_ciclo": 800}, "geometry": {"type": "Polygon", "coordinates": [[[-76.52420288852522, 3.395956143866376], [-76.5253064194266, 3.3944647609934493], [-76.52451027312952, 3.3927441033851373], [-76.52261059381205, 3.3925148536419316], [-76.52150708222042, 3.394006253338932], [-76.52230323063542, 3.3957268859550696], [-76.52420288852522, 3.395956143866376]]]}}, {"type": "Feature", "properties": {"h3_index": "8966f1c50a7ffff", "lat": 3.4668276215051006, "lng": -76.5193412910529, "nivel_admin_1": "Comuna 02", "nivel_admin_2": "Prados del Norte", "estrato_promedio_200m": 5.0, "dist_sitp": 500, "dist_tm": 1500, "dist_ciclo": 800}, "geometry": {"type": "Polygon", "coordinates": [[[-76.52013726271284, 3.468547336578962], [-76.52124050494436, 3.467057054376379], [-76.52044453151423, 3.465337317228174], [-76.51854531374082, 3.465107887298025], [-76.51744209081731, 3.4665981863723077], [-76.51823806635812, 3.4683178985050565], [-76.52013726271284, 3.468547336578962]]]}}, {"type": "Feature", "properties": {"h3_index": "8966f1c5427ffff", "lat": 3.4816159765037957, "lng": -76.52080737757451, "nivel_admin_1": "Comuna 02", "nivel_admin_2": "Vipasa", "estrato_promedio_200m": 3.0, "dist_sitp": 500, "dist_tm": 1500, "dist_ciclo": 800}, "geometry": {"type": "Polygon", "coordinates": [[[-76.52160331001065, 3.4833355104365555], [-76.5227065155652, 3.48184544258888], [-76.52191058135989, 3.480125886566941], [-76.5200114394862, 3.4798964234102248], [-76.51890825323537, 3.4813865081406514], [-76.51970418955342, 3.48310603914504], [-76.52160331001065, 3.4833355104365555]]]}}, {"type": "Feature", "properties": {"h3_index": "8966f1c4283ffff", "lat": 3.4710660713552253, "lng": -76.48723899535304, "nivel_admin_1": "Comuna 05", "nivel_admin_2": "Los Guayacanes", "estrato_promedio_200m": 3.0, "dist_sitp": 500, "dist_tm": 1500, "dist_ciclo": 800}, "geometry": {"type": "Polygon", "coordinates": [[[-76.48803501224178, 3.472785634665253], [-76.48913792984727, 3.471295561928795], [-76.48834191116987, 3.469575976536326], [-76.4864429728247, 3.469346488933438], [-76.48534007458201, 3.4708365785252533], [-76.48613609532057, 3.4725561388646042], [-76.48803501224178, 3.472785634665253]]]}}, {"type": "Feature", "properties": {"h3_index": "8966f1cec07ffff", "lat": 3.434951893166493, "lng": -76.55121470171301, "nivel_admin_1": "Comuna 19", "nivel_admin_2": "Altos de Santa Isabel", "estrato_promedio_200m": 5.0, "dist_sitp": 500, "dist_tm": 1500, "dist_ciclo": 800}, "geometry": {"type": "Polygon", "coordinates": [[[-76.5520106965351, 3.4366721052393543], [-76.55311435552345, 3.4351812029638666], [-76.55231835894924, 3.4334609688528737], [-76.55041870122531, 3.433231661988327], [-76.54931506149386, 3.4347225811327076], [-76.55011106022833, 3.4364427902727552], [-76.5520106965351, 3.4366721052393543]]]}}, {"type": "Feature", "properties": {"h3_index": "8966f1c5a23ffff", "lat": 3.402495502126284, "lng": -76.51108727191253, "nivel_admin_1": "Comuna 16", "nivel_admin_2": "República de Israel", "estrato_promedio_200m": 2.0, "dist_sitp": 500, "dist_tm": 1500, "dist_ciclo": 800}, "geometry": {"type": "Polygon", "coordinates": [[[-76.5118834174504, 3.404215996717414], [-76.51298680107361, 3.402724792507782], [-76.51219065376003, 3.401004275906831], [-76.5102911207234, 3.4007749885238843], [-76.5091877564302, 3.4022662095558793], [-76.50998390584255, 3.403986701148463], [-76.5118834174504, 3.404215996717414]]]}}, {"type": "Feature", "properties": {"h3_index": "8966f1c554fffff", "lat": 3.4732474709253633, "lng": -76.51872678801432, "nivel_admin_1": "Comuna 02", "nivel_admin_2": "Prados del Norte", "estrato_promedio_200m": 5.0, "dist_sitp": 500, "dist_tm": 1500, "dist_ciclo": 800}, "geometry": {"type": "Polygon", "coordinates": [[[-76.51952274482886, 3.474967103561281], [-76.52062595906948, 3.473476920079049], [-76.51983000048445, 3.471757265362203], [-76.51793082554808, 3.471527819145384], [-76.51682763061578, 3.4730180195033724], [-76.51762359131045, 3.4747376492024236], [-76.51952274482886, 3.474967103561281]]]}}, {"type": "Feature", "properties": {"h3_index": "8966f1ced97ffff", "lat": 3.4322000013943743, "lng": -76.52841991726218, "nivel_admin_1": "Comuna 09", "nivel_admin_2": "Junín", "estrato_promedio_200m": 3.0, "dist_sitp": 500, "dist_tm": 1500, "dist_ciclo": 800}, "geometry": {"type": "Polygon", "coordinates": [[[-76.52921595891223, 3.4339201781337065], [-76.53031940771096, 3.4324293379741806], [-76.52952336429557, 3.4307091391967997], [-76.52762386995522, 3.4304798055752177], [-76.52652044045306, 3.4319706625880455], [-76.52731648599357, 3.4336908363691734], [-76.52921595891223, 3.4339201781337065]]]}}, {"type": "Feature", "properties": {"h3_index": "8966f1c5173ffff", "lat": 3.4500882235509285, "lng": -76.5151797826527, "nivel_admin_1": "Comuna 08", "nivel_admin_2": "Industrial", "estrato_promedio_200m": 2.0, "dist_sitp": 500, "dist_tm": 1500, "dist_ciclo": 800}, "geometry": {"type": "Polygon", "coordinates": [[[-76.51597580307039, 3.4518081357052712], [-76.51707906266734, 3.450317622432204], [-76.51628304047685, 3.448597688220051], [-76.51438375658387, 3.4483682922969017], [-76.51328051630414, 3.4498588224276445], [-76.51407654059909, 3.451578731623867], [-76.51597580307039, 3.4518081357052712]]]}}, {"type": "Feature", "properties": {"h3_index": "8966f1ce9afffff", "lat": 3.3981352757018297, "lng": -76.52879837634767, "nivel_admin_1": "Comuna 17", "nivel_admin_2": "El Limonar", "estrato_promedio_200m": 3.0, "dist_sitp": 500, "dist_tm": 1500, "dist_ciclo": 800}, "geometry": {"type": "Polygon", "coordinates": [[[-76.52959450178132, 3.399855879253164], [-76.53069807128755, 3.39836453003728], [-76.52990194408841, 3.3966439044826777], [-76.52800224525575, 3.396414653131001], [-76.5268986950495, 3.3979060191769], [-76.52769482437482, 3.3996266197444607], [-76.52959450178132, 3.399855879253164]]]}}, {"type": "Feature", "properties": {"h3_index": "8966f11b44fffff", "lat": 3.3833366640172966, "lng": -76.52733222365788, "nivel_admin_1": "Comuna 17", "nivel_admin_2": "El Ingenio", "estrato_promedio_200m": 3.0, "dist_sitp": 500, "dist_tm": 1500, "dist_ciclo": 800}, "geometry": {"type": "Polygon", "coordinates": [[[-76.52812838834043, 3.385057447603737], [-76.5292319945568, 3.3835658849060444], [-76.52843582810776, 3.381845079331261], [-76.52653605331714, 3.3816158614390472], [-76.52543246640506, 3.383107440955628], [-76.52622863497822, 3.3848282215455447], [-76.52812838834043, 3.385057447603737]]]}}, {"type": "Feature", "properties": {"h3_index": "8966f11b357ffff", "lat": 3.3428313938085994, "lng": -76.52832556819487, "nivel_admin_1": "Comuna 22", "nivel_admin_2": "Parcelaciones Pance", "estrato_promedio_200m": 3.0, "dist_sitp": 500, "dist_tm": 1500, "dist_ciclo": 800}, "geometry": {"type": "Polygon", "coordinates": [[[-76.52912183154056, 3.344552684459733], [-76.53022558651192, 3.343060515772345], [-76.52942932139985, 3.3413392031744156], [-76.5275292991892, 3.341110084237042], [-76.5264255635253, 3.3426022697158464], [-76.52722183076352, 3.3443235573406], [-76.52912183154056, 3.344552684459733]]]}}, {"type": "Feature", "properties": {"h3_index": "8966f1c5147ffff", "lat": 3.4520375375425516, "lng": -76.51787507920595, "nivel_admin_1": "Comuna 08", "nivel_admin_2": "Industrial", "estrato_promedio_200m": 2.0, "dist_sitp": 500, "dist_tm": 1500, "dist_ciclo": 800}, "geometry": {"type": "Polygon", "coordinates": [[[-76.51867109009244, 3.453757433547316], [-76.51977436900171, 3.452266937134885], [-76.51897835634402, 3.450547019070644], [-76.51707906266734, 3.450317622432204], [-76.51597580307039, 3.4518081357052712], [-76.5167718178367, 3.4535280287561556], [-76.51867109009244, 3.453757433547316]]]}}, {"type": "Feature", "properties": {"h3_index": "8966f1c5c5bffff", "lat": 3.4422908135031056, "lng": -76.50439859915222, "nivel_admin_1": "Comuna 08", "nivel_admin_2": "Santa Fé", "estrato_promedio_200m": 3.0, "dist_sitp": 500, "dist_tm": 1500, "dist_ciclo": 800}, "geometry": {"type": "Polygon", "coordinates": [[[-76.50519465765946, 3.444010790154388], [-76.50629783995826, 3.4425202094683955], [-76.50550177967195, 3.4408002107659605], [-76.50360253499777, 3.440570817775752], [-76.50249937203569, 3.4420614153075695], [-76.50329543440996, 3.4437813889837807], [-76.50519465765946, 3.444010790154388]]]}}, {"type": "Feature", "properties": {"h3_index": "8966f1c5eb7ffff", "lat": 3.433920025249792, "lng": -76.50231748205191, "nivel_admin_1": "Comuna 12", "nivel_admin_2": "El Rodeo", "estrato_promedio_200m": 2.0, "dist_sitp": 500, "dist_tm": 1500, "dist_ciclo": 800}, "geometry": {"type": "Polygon", "coordinates": [[[-76.50311356492762, 3.4356401002272374], [-76.504216755886, 3.4341494040979397], [-76.50342067122989, 3.432429307077609], [-76.50152139352943, 3.432199931213044], [-76.50041822191237, 3.433690644181127], [-76.50121430865335, 3.4354107161750034], [-76.50311356492762, 3.4356401002272374]]]}}, {"type": "Feature", "properties": {"h3_index": "8966f11b01bffff", "lat": 3.366586163731991, "lng": -76.5231698988996, "nivel_admin_1": "Comuna 17", "nivel_admin_2": "Lili", "estrato_promedio_200m": 3.0, "dist_sitp": 500, "dist_tm": 1500, "dist_ciclo": 800}, "geometry": {"type": "Polygon", "coordinates": [[[-76.52396611238075, 3.3683071430951372], [-76.52506973599944, 3.3668153502537552], [-76.52427352074922, 3.3650943489188947], [-76.52237367976127, 3.3648651654106865], [-76.52127007545607, 3.3663569750568474], [-76.5220662928242, 3.3680779514064407], [-76.52396611238075, 3.3683071430951372]]]}}, {"type": "Feature", "properties": {"h3_index": "8966f1c55afffff", "lat": 3.4743920419849883, "lng": -76.50132781466381, "nivel_admin_1": "Comuna 05", "nivel_admin_2": "Torres de Comfandi", "estrato_promedio_200m": 3.0, "dist_sitp": 500, "dist_tm": 1500, "dist_ciclo": 800}, "geometry": {"type": "Polygon", "coordinates": [[[-76.50212379890779, 3.4761116069001696], [-76.50322684124346, 3.474621519694363], [-76.50243085521896, 3.472901932695039], [-76.50053182477488, 3.4726724579394244], [-76.49942880177736, 3.474162562011316], [-76.50022478988468, 3.475882123972733], [-76.50212379890779, 3.4761116069001696]]]}}, {"type": "Feature", "properties": {"h3_index": "8966f1c5d7bffff", "lat": 3.421534827786028, "lng": -76.4804478102657, "nivel_admin_1": "Comuna 14", "nivel_admin_2": "Alfonso Bonilla Aragón", "estrato_promedio_200m": 1.0, "dist_sitp": 500, "dist_tm": 1500, "dist_ciclo": 800}, "geometry": {"type": "Polygon", "coordinates": [[[-76.48124396170039, 3.4232549900195957], [-76.48234698379218, 3.421764208541497], [-76.48155083056433, 3.42004402427507], [-76.4796516531923, 3.4198146465349564], [-76.47854865048102, 3.421305444830153], [-76.47934480576015, 3.423025604048372], [-76.48124396170039, 3.4232549900195957]]]}}, {"type": "Feature", "properties": {"h3_index": "8966f1c461bffff", "lat": 3.4878017966446957, "lng": -76.49140115964622, "nivel_admin_1": "Comuna 06", "nivel_admin_2": "Los Alcázares Tercera Etapa", "estrato_promedio_200m": 3.0, "dist_sitp": 500, "dist_tm": 1500, "dist_ciclo": 800}, "geometry": {"type": "Polygon", "coordinates": [[[-76.49219712783768, 3.4895211627285936], [-76.49330002817742, 3.4880313213626133], [-76.49250405819986, 3.4863119331797847], [-76.49060518581412, 3.4860824114155538], [-76.48950230482801, 3.4875722696508937], [-76.49029827687292, 3.4892916327811045], [-76.49219712783768, 3.4895211627285936]]]}}, {"type": "Feature", "properties": {"h3_index": "8966f1ced73ffff", "lat": 3.4187812619489257, "lng": -76.53835150803772, "nivel_admin_1": "Comuna 19", "nivel_admin_2": "Los Cámbulos", "estrato_promedio_200m": 4.0, "dist_sitp": 500, "dist_tm": 1500, "dist_ciclo": 800}, "geometry": {"type": "Polygon", "coordinates": [[[-76.53914756555334, 3.4205016369711814], [-76.54025115620799, 3.419010551923984], [-76.53945509693264, 3.4172901548785455], [-76.5375554448609, 3.4170608678617644], [-76.5364518734873, 3.4185519697589695], [-76.53724793490328, 3.4202723418229453], [-76.53914756555334, 3.4205016369711814]]]}}, {"type": "Feature", "properties": {"h3_index": "8966f11b4cfffff", "lat": 3.3910234267708037, "lng": -76.52371412117566, "nivel_admin_1": "Comuna 16", "nivel_admin_2": "Ciudad 2000", "estrato_promedio_200m": 3.0, "dist_sitp": 500, "dist_tm": 1500, "dist_ciclo": 800}, "geometry": {"type": "Polygon", "coordinates": [[[-76.52451027312952, 3.3927441033851373], [-76.52561381803314, 3.3912526713394207], [-76.52481766431079, 3.389531972728469], [-76.52291796356529, 3.389302731154245], [-76.52181443797127, 3.390794180021986], [-76.52261059381205, 3.3925148536419316], [-76.52451027312952, 3.3927441033851373]]]}}, {"type": "Feature", "properties": {"h3_index": "8966f1c407bffff", "lat": 3.4664794304870914, "lng": -76.47615243966379, "nivel_admin_1": "Comuna 07", "nivel_admin_2": "Alfonso Lopez Pumarejo 1a Etapa", "estrato_promedio_200m": 2.0, "dist_sitp": 500, "dist_tm": 1500, "dist_ciclo": 800}, "geometry": {"type": "Polygon", "coordinates": [[[-76.47694848705503, 3.4681990171211146], [-76.47805131318457, 3.4667089263698223], [-76.47725526399819, 3.464989317656708], [-76.47535638663706, 3.4647598247594797], [-76.47425357988998, 3.4662499323563014], [-76.47504963112046, 3.467969516004841], [-76.47694848705503, 3.4681990171211146]]]}}, {"type": "Feature", "properties": {"h3_index": "8966f1c503bffff", "lat": 3.463044871892203, "lng": -76.52834890015154, "nivel_admin_1": "Comuna 02", "nivel_admin_2": "San Vicente", "estrato_promedio_200m": 4.0, "dist_sitp": 500, "dist_tm": 1500, "dist_ciclo": 800}, "geometry": {"type": "Polygon", "coordinates": [[[-76.52914486545674, 3.464764661994884], [-76.53024820757028, 3.4632742823854263], [-76.52945224050005, 3.461554470213317], [-76.52755292919058, 3.4613250626549035], [-76.52644960637001, 3.4628154591388656], [-76.52724557556485, 3.464535246306749], [-76.52914486545674, 3.464764661994884]]]}}, {"type": "Feature", "properties": {"h3_index": "8966f1c50a3ffff", "lat": 3.4687767723892557, "lng": -76.5220364727216, "nivel_admin_1": "Comuna 02", "nivel_admin_2": "Prados del Norte", "estrato_promedio_200m": 5.0, "dist_sitp": 500, "dist_tm": 1500, "dist_ciclo": 800}, "geometry": {"type": "Polygon", "coordinates": [[[-76.52283243484571, 3.470496471263028], [-76.52393569638039, 3.4690062059350977], [-76.52313973248766, 3.4672864849853284], [-76.52124050494436, 3.467057054376379], [-76.52013726271284, 3.468547336578962], [-76.52093322872037, 3.4702670325158573], [-76.52283243484571, 3.470496471263028]]]}}, {"type": "Feature", "properties": {"h3_index": "8966f1c5383ffff", "lat": 3.4534139013934415, "lng": -76.52927102274307, "nivel_admin_1": "Comuna 03", "nivel_admin_2": "San Nicolás", "estrato_promedio_200m": 2.0, "dist_sitp": 500, "dist_tm": 1500, "dist_ciclo": 800}, "geometry": {"type": "Polygon", "coordinates": [[[-76.53006701031237, 3.455133815077075], [-76.53117039441564, 3.453643287498757], [-76.53037440508174, 3.4519233517556005], [-76.5284750295173, 3.451693968591475], [-76.52737166470656, 3.4531845130382193], [-76.52816765616663, 3.454904423780666], [-76.53006701031237, 3.455133815077075]]]}}, {"type": "Feature", "properties": {"h3_index": "8966f1ce943ffff", "lat": 3.400198485800644, "lng": -76.5458961214264, "nivel_admin_1": "Comuna 17", "nivel_admin_2": "El Gran Limonar", "estrato_promedio_200m": 3.0, "dist_sitp": 500, "dist_tm": 1500, "dist_ciclo": 800}, "geometry": {"type": "Polygon", "coordinates": [[[-76.54669221175301, 3.4019191161106193], [-76.54779593896073, 3.4004277203936977], [-76.54699984687856, 3.3987070680803795], [-76.54510002543502, 3.3984778364520496], [-76.54399631749753, 3.3999692490107027], [-76.54479241173223, 3.4016898763559635], [-76.54669221175301, 3.4019191161106193]]]}}, {"type": "Feature", "properties": {"h3_index": "8966f11b643ffff", "lat": 3.377711968826216, "lng": -76.54804965357087, "nivel_admin_1": "Comuna 18", "nivel_admin_2": "Sector Cuarteles de Nápoles", "estrato_promedio_200m": 1.0, "dist_sitp": 500, "dist_tm": 1500, "dist_ciclo": 800}, "geometry": {"type": "Polygon", "coordinates": [[[-76.54884579584511, 3.3794328862341616], [-76.54994962107237, 3.3779411465260645], [-76.54915347704356, 3.3762202071379934], [-76.54725350563025, 3.3759910324177755], [-76.54614969967221, 3.377482788953351], [-76.54694584585717, 3.379203703381672], [-76.54884579584511, 3.3794328862341616]]]}}, {"type": "Feature", "properties": {"h3_index": "8966f1c5cc3ffff", "lat": 3.448023532827902, "lng": -76.49808687797763, "nivel_admin_1": "Comuna 08", "nivel_admin_2": "Villa Colombia", "estrato_promedio_200m": 3.0, "dist_sitp": 500, "dist_tm": 1500, "dist_ciclo": 800}, "geometry": {"type": "Polygon", "coordinates": [[[-76.49888293322492, 3.4497434182830435], [-76.49998603485261, 3.448252951857593], [-76.49918997782264, 3.446533044344716], [-76.49729081708573, 3.446303628292173], [-76.49618773480493, 3.4477941115636073], [-76.49698379391306, 3.449513994041603], [-76.49888293322492, 3.4497434182830435]]]}}, {"type": "Feature", "properties": {"h3_index": "8966f1ced0fffff", "lat": 3.4200430444585344, "lng": -76.53534831787525, "nivel_admin_1": "Comuna 10", "nivel_admin_2": "Departamental", "estrato_promedio_200m": 4.0, "dist_sitp": 500, "dist_tm": 1500, "dist_ciclo": 800}, "geometry": {"type": "Polygon", "coordinates": [[[-76.53614437752977, 3.421763394497689], [-76.53724793490328, 3.4202723418229453], [-76.5364518734873, 3.4185519697589695], [-76.53455225256072, 3.418322675354956], [-76.53344871447328, 3.4198137448787786], [-76.53424477802525, 3.4215340919575423], [-76.53614437752977, 3.421763394497689]]]}}, {"type": "Feature", "properties": {"h3_index": "8966f1c548bffff", "lat": 3.4970910916568427, "lng": -76.52797056599077, "nivel_admin_1": "Comuna 02", "nivel_admin_2": "Menga", "estrato_promedio_200m": 6.0, "dist_sitp": 500, "dist_tm": 1500, "dist_ciclo": 800}, "geometry": {"type": "Polygon", "coordinates": [[[-76.52876644754595, 3.498810452972581], [-76.52986966900158, 3.4973205840018005], [-76.52907378568152, 3.49560120058203], [-76.52717467878114, 3.495371711146352], [-76.52607147661502, 3.4968615970147967], [-76.52686736205867, 3.498580955421259], [-76.52876644754595, 3.498810452972581]]]}}, {"type": "Feature", "properties": {"h3_index": "8966f1c518fffff", "lat": 3.459030863016953, "lng": -76.50856056690623, "nivel_admin_1": "Comuna 04", "nivel_admin_2": "La Esmeralda", "estrato_promedio_200m": 2.0, "dist_sitp": 500, "dist_tm": 1500, "dist_ciclo": 800}, "geometry": {"type": "Polygon", "coordinates": [[[-76.50935657667421, 3.4607506427898573], [-76.51045974164433, 3.459260293118234], [-76.50966373009985, 3.4575404912776406], [-76.50776455148997, 3.4573110641344407], [-76.50666140584741, 3.4588014306659196], [-76.50745741948604, 3.460521207480751], [-76.50935657667421, 3.4607506427898573]]]}}, {"type": "Feature", "properties": {"h3_index": "8966f1c426fffff", "lat": 3.452494834648874, "lng": -76.49477767312723, "nivel_admin_1": "Comuna 08", "nivel_admin_2": "La Base", "estrato_promedio_200m": 3.0, "dist_sitp": 500, "dist_tm": 1500, "dist_ciclo": 800}, "geometry": {"type": "Polygon", "coordinates": [[[-76.49557372302277, 3.4542146539209315], [-76.49667677730952, 3.4527242693176374], [-76.49588072562943, 3.4510044279829057], [-76.49398161758852, 3.450774996291268], [-76.49287858265384, 3.452265397741645], [-76.49367463640694, 3.4539852140365785], [-76.49557372302277, 3.4542146539209315]]]}}, {"type": "Feature", "properties": {"h3_index": "8966f1cecbbffff", "lat": 3.43942450285152, "lng": -76.54790382451561, "nivel_admin_1": "Comuna 19", "nivel_admin_2": "Tejares - Cristales", "estrato_promedio_200m": 3.0, "dist_sitp": 500, "dist_tm": 1500, "dist_ciclo": 800}, "geometry": {"type": "Polygon", "coordinates": [[[-76.54869981407764, 3.4411446488001327], [-76.54980342581172, 3.439653828160425], [-76.54900743449572, 3.437933660168746], [-76.54710782928944, 3.43770433779265], [-76.54600423681744, 3.4391951753023364], [-76.54680023028853, 3.4409153183181527], [-76.54869981407764, 3.4411446488001327]]]}}, {"type": "Feature", "properties": {"h3_index": "8966f11b63bffff", "lat": 3.37312418580531, "lng": -76.53695767957947, "nivel_admin_1": "Comuna 17", "nivel_admin_2": "Sector Ciudad Universitaria", "estrato_promedio_200m": 3.0, "dist_sitp": 500, "dist_tm": 1500, "dist_ciclo": 800}, "geometry": {"type": "Polygon", "coordinates": [[[-76.5377538527143, 3.374845126269827], [-76.5388575868311, 3.3733533683793833], [-76.53806141193525, 3.3716324059381058], [-76.5361615007824, 3.371403226358506], [-76.5350577859545, 3.372895001066568], [-76.53585396298945, 3.374615938536623], [-76.5377538527143, 3.374845126269827]]]}}, {"type": "Feature", "properties": {"h3_index": "8966f1c4627ffff", "lat": 3.476796663755289, "lng": -76.4809286394705, "nivel_admin_1": "Comuna 06", "nivel_admin_2": "Petecuy Tercera Etapa", "estrato_promedio_200m": 2.0, "dist_sitp": 500, "dist_tm": 1500, "dist_ciclo": 800}, "geometry": {"type": "Polygon", "coordinates": [[[-76.48172465304371, 3.4785161357485017], [-76.48282748993401, 3.477026177506417], [-76.48203147456854, 3.4753066834242006], [-76.48013262026032, 3.4750771726458294], [-76.479029802743, 3.476567147743423], [-76.4798258201598, 3.4782866167638833], [-76.48172465304371, 3.4785161357485017]]]}}, {"type": "Feature", "properties": {"h3_index": "8966f1c5c43ffff", "lat": 3.4403414225574025, "lng": -76.5017033040149, "nivel_admin_1": "Comuna 08", "nivel_admin_2": "Santa Fé", "estrato_promedio_200m": 3.0, "dist_sitp": 500, "dist_tm": 1500, "dist_ciclo": 800}, "geometry": {"type": "Polygon", "coordinates": [[[-76.50249937203569, 3.4420614153075695], [-76.50360253499777, 3.440570817775752], [-76.5028064651963, 3.4388508029760954], [-76.50090723034783, 3.438621410737064], [-76.49980408672737, 3.440112025111735], [-76.50060015861266, 3.4418320148825976], [-76.50249937203569, 3.4420614153075695]]]}}, {"type": "Feature", "properties": {"h3_index": "8966f1c558fffff", "lat": 3.4814996763288644, "lng": -76.50641072888246, "nivel_admin_1": "Comuna 04", "nivel_admin_2": "Flora Industrial", "estrato_promedio_200m": 3.0, "dist_sitp": 500, "dist_tm": 1500, "dist_ciclo": 800}, "geometry": {"type": "Polygon", "coordinates": [[[-76.50720668667623, 3.483219167627912], [-76.5083097536791, 3.4817291635585046], [-76.50751379410784, 3.4800096501686877], [-76.50561476544206, 3.4797801658822163], [-76.50451171776773, 3.4812701868256495], [-76.50530767942954, 3.4829896751815466], [-76.50720668667623, 3.483219167627912]]]}}, {"type": "Feature", "properties": {"h3_index": "8966f1c436bffff", "lat": 3.4407989709952074, "lng": -76.47860677957506, "nivel_admin_1": "Comuna 21", "nivel_admin_2": "Ciudadela Río Cauca", "estrato_promedio_200m": 3.0, "dist_sitp": 500, "dist_tm": 1500, "dist_ciclo": 800}, "geometry": {"type": "Polygon", "coordinates": [[[-76.47940288641753, 3.4425188867529415], [-76.48050582451869, 3.4410284011116197], [-76.47970971588221, 3.4393084633011957], [-76.47781066709524, 3.4390790361873353], [-76.4767077483754, 3.4405695386579604], [-76.47750385906009, 3.4422894514131364], [-76.47940288641753, 3.4425188867529415]]]}}, {"type": "Feature", "properties": {"h3_index": "8966f1c434bffff", "lat": 3.447907961792992, "lng": -76.48369020268166, "nivel_admin_1": "Comuna 07", "nivel_admin_2": "Siete de Agosto", "estrato_promedio_200m": 3.0, "dist_sitp": 500, "dist_tm": 1500, "dist_ciclo": 800}, "geometry": {"type": "Polygon", "coordinates": [[[-76.4844862831254, 3.4496278043043587], [-76.48558924597744, 3.448137401668298], [-76.48479316374268, 3.4464175370976045], [-76.48289411659884, 3.446188100214251], [-76.48179117311852, 3.4476785196875777], [-76.48258725740924, 3.4493983592069974], [-76.4844862831254, 3.4496278043043587]]]}}, {"type": "Feature", "properties": {"h3_index": "8966f1c540bffff", "lat": 3.4894118946143187, "lng": -76.53158764503378, "nivel_admin_1": "Comuna 02", "nivel_admin_2": "Sector Altos de Menga", "estrato_promedio_200m": 3.0, "dist_sitp": 500, "dist_tm": 1500, "dist_ciclo": 800}, "geometry": {"type": "Polygon", "coordinates": [[[-76.53238353930108, 3.4911313635244925], [-76.53348682202174, 3.489641363237359], [-76.53269092599159, 3.487921872231367], [-76.53079174511039, 3.487692406519766], [-76.52968848167394, 3.4891824237014673], [-76.53048437983334, 3.490901889700221], [-76.53238353930108, 3.4911313635244925]]]}}, {"type": "Feature", "properties": {"h3_index": "8966f1c502bffff", "lat": 3.4598346389082644, "lng": -76.52865626777358, "nivel_admin_1": "Comuna 02", "nivel_admin_2": "Versalles", "estrato_promedio_200m": 5.0, "dist_sitp": 500, "dist_tm": 1500, "dist_ciclo": 800}, "geometry": {"type": "Polygon", "coordinates": [[[-76.52945224050005, 3.461554470213317], [-76.53055559660989, 3.4600640412730357], [-76.52975962211853, 3.4583441879018464], [-76.52786028939111, 3.458114788474005], [-76.5267569525741, 3.459605234286779], [-76.52755292919058, 3.4613250626549035], [-76.52945224050005, 3.461554470213317]]]}}, {"type": "Feature", "properties": {"h3_index": "8966f1c5c87ffff", "lat": 3.4466469717521404, "lng": -76.486692224617, "nivel_admin_1": "Comuna 07", "nivel_admin_2": "Siete de Agosto", "estrato_promedio_200m": 3.0, "dist_sitp": 500, "dist_tm": 1500, "dist_ciclo": 800}, "geometry": {"type": "Polygon", "coordinates": [[[-76.48748830300188, 3.448366839312659], [-76.48859129921779, 3.4468764041770195], [-76.48779521904363, 3.4451565145588123], [-76.48589614059189, 3.444927085123774], [-76.48479316374268, 3.4464175370976045], [-76.48558924597744, 3.448137401668298], [-76.48748830300188, 3.448366839312659]]]}}, {"type": "Feature", "properties": {"h3_index": "8966f1c552fffff", "lat": 3.466711768675521, "lng": -76.50494407452668, "nivel_admin_1": "Comuna 04", "nivel_admin_2": "Salomia", "estrato_promedio_200m": 3.0, "dist_sitp": 500, "dist_tm": 1500, "dist_ciclo": 800}, "geometry": {"type": "Polygon", "coordinates": [[[-76.50574007153583, 3.4684314410412114], [-76.50684317519031, 3.4669412225716933], [-76.50604717640265, 3.4652215281300767], [-76.50414807187092, 3.4649920771898173], [-76.50304498754927, 3.466482312522312], [-76.50384098842542, 3.468201981932094], [-76.50574007153583, 3.4684314410412114]]]}}, {"type": "Feature", "properties": {"h3_index": "8966f1c4617ffff", "lat": 3.487113208838904, "lng": -76.48570463634675, "nivel_admin_1": "Comuna 06", "nivel_admin_2": "San Luis II", "estrato_promedio_200m": 3.0, "dist_sitp": 500, "dist_tm": 1500, "dist_ciclo": 800}, "geometry": {"type": "Polygon", "coordinates": [[[-76.48650061609301, 3.488832566055423], [-76.48760346372684, 3.4873427403820174], [-76.4868074821912, 3.485623361066578], [-76.48490865096203, 3.4853938324834832], [-76.4838058226917, 3.4868836750223644], [-76.48460180628592, 3.488603029278875], [-76.48650061609301, 3.488832566055423]]]}}, {"type": "Feature", "properties": {"h3_index": "8966f1c5dd3ffff", "lat": 3.4375885064423053, "lng": -76.47891360160794, "nivel_admin_1": "Comuna 14", "nivel_admin_2": "Alirio Mora Beltrán", "estrato_promedio_200m": 2.0, "dist_sitp": 500, "dist_tm": 1500, "dist_ciclo": 800}, "geometry": {"type": "Polygon", "coordinates": [[[-76.47970971588221, 3.4393084633011957], [-76.4808126679811, 3.437817928334048], [-76.48001655191295, 3.4360979494257675], [-76.47811748169609, 3.4358685305387144], [-76.47701454897837, 3.437359082333134], [-76.47781066709524, 3.4390790361873353], [-76.47970971588221, 3.4393084633011957]]]}}, {"type": "Feature", "properties": {"h3_index": "8966f1c5563ffff", "lat": 3.469349254878032, "lng": -76.5133365407815, "nivel_admin_1": "Comuna 04", "nivel_admin_2": "Popular", "estrato_promedio_200m": 3.0, "dist_sitp": 500, "dist_tm": 1500, "dist_ciclo": 800}, "geometry": {"type": "Polygon", "coordinates": [[[-76.51413251665468, 3.4710689199139724], [-76.51523569227378, 3.4695787026832052], [-76.51443971462695, 3.4678590155696627], [-76.51254055925854, 3.467629570709824], [-76.51143740295753, 3.469119804810421], [-76.51223338270573, 3.4708394669010296], [-76.51413251665468, 3.4710689199139724]]]}}, {"type": "Feature", "properties": {"h3_index": "8966f1c58cbffff", "lat": 3.424287251389764, "lng": -76.50323879838916, "nivel_admin_1": "Comuna 11", "nivel_admin_2": "San Pedro Claver", "estrato_promedio_200m": 2.0, "dist_sitp": 500, "dist_tm": 1500, "dist_ciclo": 800}, "geometry": {"type": "Polygon", "coordinates": [[[-76.50403490354796, 3.4260074496425674], [-76.50513813650294, 3.4245166056761853], [-76.50434202956416, 3.422796385390412], [-76.50244268758291, 3.4225670340939627], [-76.50133947396884, 3.42405789489305], [-76.50213558299401, 3.4257780901558874], [-76.50403490354796, 3.4260074496425674]]]}}, {"type": "Feature", "properties": {"h3_index": "8966f1ce953ffff", "lat": 3.40341048466096, "lng": -76.54558850030266, "nivel_admin_1": "Comuna 19", "nivel_admin_2": "Cañaveralejo - Seguros Patria", "estrato_promedio_200m": 3.0, "dist_sitp": 500, "dist_tm": 1500, "dist_ciclo": 800}, "geometry": {"type": "Polygon", "coordinates": [[[-76.54638458320854, 3.4051310739218907], [-76.54748829641461, 3.403639727378204], [-76.54669221175301, 3.4019191161106193], [-76.54479241173223, 3.4016898763559635], [-76.54368871779656, 3.4031812397434047], [-76.54448480461016, 3.4049018260417574], [-76.54638458320854, 3.4051310739218907]]]}}, {"type": "Feature", "properties": {"h3_index": "8966f1c42b7ffff", "lat": 3.4652188083071813, "lng": -76.47915415510408, "nivel_admin_1": "Comuna 07", "nivel_admin_2": "Alfonso Lopez Pumarejo 1a Etapa", "estrato_promedio_200m": 2.0, "dist_sitp": 500, "dist_tm": 1500, "dist_ciclo": 800}, "geometry": {"type": "Polygon", "coordinates": [[[-76.47995020044831, 3.466938420003673], [-76.48105305995074, 3.4654482967100497], [-76.48025701281311, 3.4637286629361044], [-76.47835810412319, 3.4634991775166246], [-76.47725526399819, 3.464989317656708], [-76.47805131318457, 3.4667089263698223], [-76.47995020044831, 3.466938420003673]]]}}, {"type": "Feature", "properties": {"h3_index": "8966f11b663ffff", "lat": 3.370598941294437, "lng": -76.54296505827823, "nivel_admin_1": "Comuna 22", "nivel_admin_2": "Club Campestre", "estrato_promedio_200m": 3.0, "dist_sitp": 500, "dist_tm": 1500, "dist_ciclo": 800}, "geometry": {"type": "Polygon", "coordinates": [[[-76.54376122712435, 3.372319931693432], [-76.54486502781249, 3.3708281092275114], [-76.54406885720874, 3.3691070968550565], [-76.5421688837674, 3.3688779319122344], [-76.54106510235813, 3.3703697711976446], [-76.54186127511026, 3.372090758606382], [-76.54376122712435, 3.372319931693432]]]}}, {"type": "Feature", "properties": {"h3_index": "8966f1c5333ffff", "lat": 3.441832699215314, "lng": -76.52749776283639, "nivel_admin_1": "Comuna 09", "nivel_admin_2": "Guayaquil", "estrato_promedio_200m": 3.0, "dist_sitp": 500, "dist_tm": 1500, "dist_ciclo": 800}, "geometry": {"type": "Polygon", "coordinates": [[[-76.5282937822189, 3.4435527525536282], [-76.52939718902236, 3.4420620602150125], [-76.52860116787407, 3.440341984828749], [-76.52670173779765, 3.440112626780876], [-76.52559835029118, 3.4416033359788707], [-76.52639437356304, 3.4433233863653654], [-76.5282937822189, 3.4435527525536282]]]}}, {"type": "Feature", "properties": {"h3_index": "8966f1ced1bffff", "lat": 3.425204037367576, "lng": -76.53773647985787, "nivel_admin_1": "Comuna 19", "nivel_admin_2": "Sector Unidad Deportiva Jaime Aparicio", "estrato_promedio_200m": 3.0, "dist_sitp": 500, "dist_tm": 1500, "dist_ciclo": 800}, "geometry": {"type": "Polygon", "coordinates": [[[-76.53853252253094, 3.426924330190744], [-76.53963608518593, 3.425433343600431], [-76.53884004075283, 3.4237130287474606], [-76.53694043152406, 3.423483725468632], [-76.53583688815038, 3.4249747289130217], [-76.53663293472307, 3.4266950187821728], [-76.53853252253094, 3.426924330190744]]]}}, {"type": "Feature", "properties": {"h3_index": "8966f11b37bffff", "lat": 3.336404259607371, "lng": -76.52894053963976, "nivel_admin_1": "Comuna 22", "nivel_admin_2": "Parcelaciones Pance", "estrato_promedio_200m": 3.0, "dist_sitp": 500, "dist_tm": 1500, "dist_ciclo": 800}, "geometry": {"type": "Polygon", "coordinates": [[[-76.52973681783922, 3.338125631980842], [-76.5308406008244, 3.3366333652093214], [-76.53004432085888, 3.334911970895713], [-76.52814425577985, 3.334682868324411], [-76.52704049210183, 3.3361751518832556], [-76.52783677419457, 3.3378965212260763], [-76.52973681783922, 3.338125631980842]]]}}, {"type": "Feature", "properties": {"h3_index": "8966f1c5863ffff", "lat": 3.410754310444537, "lng": -76.49876912286517, "nivel_admin_1": "Comuna 15", "nivel_admin_2": "El Retiro", "estrato_promedio_200m": 1.0, "dist_sitp": 500, "dist_tm": 1500, "dist_ciclo": 800}, "geometry": {"type": "Polygon", "coordinates": [[[-76.4995652693341, 3.412474663940199], [-76.50066850560238, 3.410983638557487], [-76.49987235735074, 3.4092632630421233], [-76.49797297075004, 3.4090339379340313], [-76.49686975383199, 3.4105249801374087], [-76.49766590416331, 3.4122453306282203], [-76.4995652693341, 3.412474663940199]]]}}, {"type": "Feature", "properties": {"h3_index": "8966f1c512bffff", "lat": 3.446189549308659, "lng": -76.50978919033611, "nivel_admin_1": "Comuna 08", "nivel_admin_2": "Atanasio Girardot", "estrato_promedio_200m": 3.0, "dist_sitp": 500, "dist_tm": 1500, "dist_ciclo": 800}, "geometry": {"type": "Polygon", "coordinates": [[[-76.51058522980561, 3.4479094937317463], [-76.51168845076324, 3.4464189467462867], [-76.51089240951781, 3.4446989802687136], [-76.5089931452174, 3.4444695857976795], [-76.50788994358675, 3.4459601496348853], [-76.5086859869284, 3.447680091091387], [-76.51058522980561, 3.4479094937317463]]]}}, {"type": "Feature", "properties": {"h3_index": "8966f1c5e17ffff", "lat": 3.4333467883355384, "lng": -76.51101791891536, "nivel_admin_1": "Comuna 12", "nivel_admin_2": "Villanueva", "estrato_promedio_200m": 2.0, "dist_sitp": 500, "dist_tm": 1500, "dist_ciclo": 800}, "geometry": {"type": "Polygon", "coordinates": [[[-76.51181398808784, 3.4350668972690457], [-76.51291726503752, 3.433576153095805], [-76.51212119408966, 3.431856022121034], [-76.51022184409277, 3.431626660335885], [-76.5091185864695, 3.433117421352758], [-76.50991465951563, 3.434837527311145], [-76.51181398808784, 3.4350668972690457]]]}}, {"type": "Feature", "properties": {"h3_index": "8966f1ce807ffff", "lat": 3.41247175323441, "lng": -76.55336842488848, "nivel_admin_1": "Comuna 19", "nivel_admin_2": "Sector Unidad Deportiva Alberto Galindo Plaza de Toros", "estrato_promedio_200m": 3.0, "dist_sitp": 500, "dist_tm": 1500, "dist_ciclo": 800}, "geometry": {"type": "Polygon", "coordinates": [[[-76.55416447163981, 3.41419225311589], [-76.5552682286268, 3.4127010063085184], [-76.55447218012436, 3.410980484412063], [-76.55257237246991, 3.410751234285698], [-76.5514686347388, 3.4122424979477604], [-76.55226468540513, 3.4139629948815244], [-76.55416447163981, 3.41419225311589]]]}}, {"type": "Feature", "properties": {"h3_index": "8966f1c53c3ffff", "lat": 3.452840861917822, "lng": -76.53797204363781, "nivel_admin_1": "Comuna 02", "nivel_admin_2": "Centenario", "estrato_promedio_200m": 5.0, "dist_sitp": 500, "dist_tm": 1500, "dist_ciclo": 800}, "geometry": {"type": "Polygon", "coordinates": [[[-76.53876801738599, 3.454560809404621], [-76.53987148733128, 3.4530702338306787], [-76.53907551182353, 3.45135026428597], [-76.53717606422978, 3.4511208953058543], [-76.5360726135621, 3.4526114877530487], [-76.53686859120944, 3.454331432307119], [-76.53876801738599, 3.454560809404621]]]}}, {"type": "Feature", "properties": {"h3_index": "8966f1c535bffff", "lat": 3.4471076591516496, "lng": -76.54428552466997, "nivel_admin_1": "Comuna 03", "nivel_admin_2": "San Antonio", "estrato_promedio_200m": 3.0, "dist_sitp": 500, "dist_tm": 1500, "dist_ciclo": 800}, "geometry": {"type": "Polygon", "coordinates": [[[-76.54508150154733, 3.4488276977908257], [-76.54618505202497, 3.4473370080912336], [-76.54538907339162, 3.445616947400731], [-76.54348954213012, 3.4453876013918063], [-76.54238601091986, 3.446878307964505], [-76.54318199170261, 3.4485983436730363], [-76.54508150154733, 3.4488276977908257]]]}}, {"type": "Feature", "properties": {"h3_index": "8966f1c5247ffff", "lat": 3.456854456272775, "lng": -76.55776302736236, "nivel_admin_1": "Comuna 01", "nivel_admin_2": "Aguacatal", "estrato_promedio_200m": 3.0, "dist_sitp": 500, "dist_tm": 1500, "dist_ciclo": 800}, "geometry": {"type": "Polygon", "coordinates": [[[-76.55855895635105, 3.458574413820462], [-76.55966260309243, 3.457083808530769], [-76.55886667235562, 3.4553638289234563], [-76.5569670927063, 3.4551344795749297], [-76.5558634652079, 3.456625101752513], [-76.55665939811476, 3.458345056390744], [-76.55855895635105, 3.458574413820462]]]}}, {"type": "Feature", "properties": {"h3_index": "8966f1c5e27ffff", "lat": 3.423025734477874, "lng": -76.50624138523666, "nivel_admin_1": "Comuna 11", "nivel_admin_2": "La Gran Colombia", "estrato_promedio_200m": 2.0, "dist_sitp": 500, "dist_tm": 1500, "dist_ciclo": 800}, "geometry": {"type": "Polygon", "coordinates": [[[-76.50703748830614, 3.4247459577515094], [-76.50814075459641, 3.4232550813555127], [-76.50734464974869, 3.421534836050543], [-76.50544527651854, 3.4213054921607817], [-76.50434202956416, 3.422796385390412], [-76.50513813650294, 3.4245166056761853], [-76.50703748830614, 3.4247459577515094]]]}}, {"type": "Feature", "properties": {"h3_index": "8966f11b0abffff", "lat": 3.3639484098735246, "lng": -76.51477445243133, "nivel_admin_1": "Comuna 17", "nivel_admin_2": "Lili", "estrato_promedio_200m": 3.0, "dist_sitp": 500, "dist_tm": 1500, "dist_ciclo": 800}, "geometry": {"type": "Polygon", "coordinates": [[[-76.5155706871037, 3.3656693961194137], [-76.51667423876249, 3.364177601981827], [-76.51587800231614, 3.3624565937659097], [-76.51397821210492, 3.3622274046817666], [-76.51287467977443, 3.363719215617262], [-76.51367091832576, 3.3654401988390026], [-76.5155706871037, 3.3656693961194137]]]}}, {"type": "Feature", "properties": {"h3_index": "8966f1c5cdbffff", "lat": 3.4499728402877747, "lng": -76.50078208623727, "nivel_admin_1": "Comuna 08", "nivel_admin_2": "Villa Colombia", "estrato_promedio_200m": 3.0, "dist_sitp": 500, "dist_tm": 1500, "dist_ciclo": 800}, "geometry": {"type": "Polygon", "coordinates": [[[-76.50157813197633, 3.4516927096314736], [-76.50268125294608, 3.4502022600549758], [-76.50188520542589, 3.448482368651874], [-76.49998603485261, 3.448252951857593], [-76.49888293322492, 3.4497434182830435], [-76.49967898282736, 3.4514632846538325], [-76.50157813197633, 3.4516927096314736]]]}}, {"type": "Feature", "properties": {"h3_index": "8966f1c5ecbffff", "lat": 3.4379338183695674, "lng": -76.52210688010808, "nivel_admin_1": "Comuna 09", "nivel_admin_2": "Manuel María Buenaventura", "estrato_promedio_200m": 3.0, "dist_sitp": 500, "dist_tm": 1500, "dist_ciclo": 800}, "geometry": {"type": "Polygon", "coordinates": [[[-76.52290291857668, 3.439653903982087], [-76.5240062867813, 3.4381631779276725], [-76.5232102465438, 3.436443070270521], [-76.52131083598523, 3.4362137136727253], [-76.52020748708735, 3.4377044565805948], [-76.52100352944018, 3.4394245392328306], [-76.52290291857668, 3.439653903982087]]]}}, {"type": "Feature", "properties": {"h3_index": "8966f1c5ec7ffff", "lat": 3.437245726313389, "lng": -76.5164087420195, "nivel_admin_1": "Comuna 08", "nivel_admin_2": "Primitivo Crespo", "estrato_promedio_200m": 2.0, "dist_sitp": 500, "dist_tm": 1500, "dist_ciclo": 800}, "geometry": {"type": "Polygon", "coordinates": [[[-76.5172047921353, 3.438965803038678], [-76.51830810772314, 3.4374750925615936], [-76.51751205583511, 3.4357549937917127], [-76.51561268625161, 3.435525630510151], [-76.51450938998042, 3.4370163578367903], [-76.51530544397498, 3.438736431595434], [-76.5172047921353, 3.438965803038678]]]}}, {"type": "Feature", "properties": {"h3_index": "8966f1c5913ffff", "lat": 3.408002202178349, "lng": -76.47597760008594, "nivel_admin_1": "Comuna 21", "nivel_admin_2": "Pizamos III - Las Dalias", "estrato_promedio_200m": 3.0, "dist_sitp": 500, "dist_tm": 1500, "dist_ciclo": 800}, "geometry": {"type": "Polygon", "coordinates": [[[-76.47677379278291, 3.4097225194762184], [-76.47787681810884, 3.4082315565671486], [-76.47708062361596, 3.40651121724968], [-76.47518140175147, 3.4062818658911187], [-76.47407839581537, 3.407772845605233], [-76.47487459235282, 3.4094931598728797], [-76.47677379278291, 3.4097225194762184]]]}}, {"type": "Feature", "properties": {"h3_index": "8966f11b653ffff", "lat": 3.380924598807849, "lng": -76.54774198637621, "nivel_admin_1": "Comuna 18", "nivel_admin_2": "Sector Cuarteles de Nápoles", "estrato_promedio_200m": 1.0, "dist_sitp": 500, "dist_tm": 1500, "dist_ciclo": 800}, "geometry": {"type": "Polygon", "coordinates": [[[-76.54853812122909, 3.3826454752280988], [-76.54964193245272, 3.381153784637846], [-76.54884579584511, 3.3794328862341616], [-76.54694584585717, 3.379203703381672], [-76.54584205390292, 3.3806954108014198], [-76.54663819266614, 3.3824162842441687], [-76.54853812122909, 3.3826454752280988]]]}}, {"type": "Feature", "properties": {"h3_index": "8966f1c5acbffff", "lat": 3.4154557968329415, "lng": -76.52425826199102, "nivel_admin_1": "Comuna 10", "nivel_admin_2": "San Judas Tadeo II", "estrato_promedio_200m": 3.0, "dist_sitp": 500, "dist_tm": 1500, "dist_ciclo": 800}, "geometry": {"type": "Polygon", "coordinates": [[[-76.52505435242693, 3.417176170152825], [-76.52615781862649, 3.4156850993217946], [-76.52536172642266, 3.4139647039804393], [-76.52346216589923, 3.4137354044668107], [-76.52235871900541, 3.4152264921370823], [-76.52315481332818, 3.4169468624817525], [-76.52505435242693, 3.417176170152825]]]}}, {"type": "Feature", "properties": {"h3_index": "8966f1c51cbffff", "lat": 3.460407409849514, "lng": -76.51995582038313, "nivel_admin_1": "Comuna 04", "nivel_admin_2": "Santander", "estrato_promedio_200m": 2.0, "dist_sitp": 500, "dist_tm": 1500, "dist_ciclo": 800}, "geometry": {"type": "Polygon", "coordinates": [[[-76.52075180688881, 3.462127207326428], [-76.52185507711239, 3.4606368264349725], [-76.5210590888368, 3.45891700689032], [-76.51915982822484, 3.458687593250246], [-76.51805657730903, 3.4601779910093544], [-76.51885256769631, 3.46189778554089], [-76.52075180688881, 3.462127207326428]]]}}, {"type": "Feature", "properties": {"h3_index": "8966f1c4643ffff", "lat": 3.485281068640398, "lng": -76.49740479355951, "nivel_admin_1": "Comuna 04", "nivel_admin_2": "Calima", "estrato_promedio_200m": 3.0, "dist_sitp": 500, "dist_tm": 1500, "dist_ciclo": 800}, "geometry": {"type": "Polygon", "coordinates": [[[-76.49820075760583, 3.4870004848215586], [-76.49930372462545, 3.4855105783539013], [-76.49850775879648, 3.4837911400770643], [-76.49660882387018, 3.4835616333130313], [-76.49550587619414, 3.4850515566519116], [-76.49630184409973, 3.4867709698836182], [-76.49820075760583, 3.4870004848215586]]]}}, {"type": "Feature", "properties": {"h3_index": "8966f1ce92bffff", "lat": 3.392398861450803, "lng": -76.5351125069759, "nivel_admin_1": "Comuna 17", "nivel_admin_2": "La Hacienda", "estrato_promedio_200m": 3.0, "dist_sitp": 500, "dist_tm": 1500, "dist_ciclo": 800}, "geometry": {"type": "Polygon", "coordinates": [[[-76.53590863556988, 3.39411955598696], [-76.53701228566732, 3.392628092920961], [-76.53621615531145, 3.390907376388139], [-76.53431637272105, 3.3906781478996555], [-76.5332127419134, 3.3921696277954885], [-76.53400887440526, 3.393890319349977], [-76.53590863556988, 3.39411955598696]]]}}, {"type": "Feature", "properties": {"h3_index": "8966f1ccd13ffff", "lat": 3.3726613746998475, "lng": -76.56006527371315, "nivel_admin_1": "Comuna 18", "nivel_admin_2": "Sector Polvorines", "estrato_promedio_200m": 3.0, "dist_sitp": 500, "dist_tm": 1500, "dist_ciclo": 800}, "geometry": {"type": "Polygon", "coordinates": [[[-76.5608614073232, 3.374382391915788], [-76.56196536559355, 3.3728905231225177], [-76.56116923023582, 3.371169483933048], [-76.55926913443189, 3.3709403384815726], [-76.55816519541062, 3.372432224106055], [-76.5589613329431, 3.3741532383508166], [-76.5608614073232, 3.374382391915788]]]}}, {"type": "Feature", "properties": {"h3_index": "8966f1ced5bffff", "lat": 3.4246302196504677, "lng": -76.54643861381153, "nivel_admin_1": "Comuna 19", "nivel_admin_2": "San Fernando Nuevo", "estrato_promedio_200m": 4.0, "dist_sitp": 500, "dist_tm": 1500, "dist_ciclo": 800}, "geometry": {"type": "Polygon", "coordinates": [[[-76.5472346426235, 3.4263505462983743], [-76.54833829109194, 3.4248595118190153], [-76.54754226052496, 3.423139163142921], [-76.54564257933545, 3.422909873919935], [-76.54453895013337, 3.424400925258207], [-76.54533498285338, 3.4261212489605577], [-76.5472346426235, 3.4263505462983743]]]}}, {"type": "Feature", "properties": {"h3_index": "8966f1ce90fffff", "lat": 3.3975608879992287, "lng": -76.53750087577426, "nivel_admin_1": "Comuna 17", "nivel_admin_2": "Bosques del Limonar", "estrato_promedio_200m": 3.0, "dist_sitp": 500, "dist_tm": 1500, "dist_ciclo": 800}, "geometry": {"type": "Polygon", "coordinates": [[[-76.53829698738413, 3.3992815254677518], [-76.53940064276436, 3.397790128401711], [-76.53860452939404, 3.3960694689315356], [-76.53670475850275, 3.395840231504368], [-76.53560112240756, 3.3973316454052562], [-76.5363972379175, 3.39905227989847], [-76.53829698738413, 3.3992815254677518]]]}}, {"type": "Feature", "properties": {"h3_index": "8966f1ceca7ffff", "lat": 3.4355255080376743, "lng": -76.54251265097669, "nivel_admin_1": "Comuna 19", "nivel_admin_2": "San Fernando Viejo", "estrato_promedio_200m": 4.0, "dist_sitp": 500, "dist_tm": 1500, "dist_ciclo": 800}, "geometry": {"type": "Polygon", "coordinates": [[[-76.54330865968018, 3.4372456863268117], [-76.54441223288522, 3.435754831950097], [-76.54361622242457, 3.434034631621216], [-76.54171663661097, 3.433805310650074], [-76.54061308267777, 3.4352961818908483], [-76.54140909528525, 3.437016357238707], [-76.54330865968018, 3.4372456863268117]]]}}, {"type": "Feature", "properties": {"h3_index": "8966f1c5993ffff", "lat": 3.4156860987253466, "lng": -76.4723618494471, "nivel_admin_1": "Comuna 14", "nivel_admin_2": "Manuela Beltrán", "estrato_promedio_200m": 1.0, "dist_sitp": 500, "dist_tm": 1500, "dist_ciclo": 800}, "geometry": {"type": "Polygon", "coordinates": [[[-76.47315802931851, 3.4174063089285522], [-76.47426099325423, 3.415915477008065], [-76.4734648115849, 3.414195244776997], [-76.47156566393987, 3.4139658695223645], [-76.47046271939926, 3.415456718251048], [-76.4712589031075, 3.4171769254261837], [-76.47315802931851, 3.4174063089285522]]]}}, {"type": "Feature", "properties": {"h3_index": "8966f1c5207ffff", "lat": 3.457427604044626, "lng": -76.54906130098817, "nivel_admin_1": "Comuna 01", "nivel_admin_2": "Aguacatal", "estrato_promedio_200m": 3.0, "dist_sitp": 500, "dist_tm": 1500, "dist_ciclo": 800}, "geometry": {"type": "Polygon", "coordinates": [[[-76.54985724388543, 3.459147527880526], [-76.55096080488896, 3.457656970523596], [-76.55016486023861, 3.455937024626449], [-76.54826535242695, 3.4557076610654027], [-76.54716181068133, 3.4571982353054094], [-76.54795775748833, 3.4589181562233837], [-76.54985724388543, 3.459147527880526]]]}}, {"type": "Feature", "properties": {"h3_index": "8966f11b6dbffff", "lat": 3.387349588423982, "lng": -76.54712667173311, "nivel_admin_1": "Comuna 18", "nivel_admin_2": "Francisco Eladio Ramírez", "estrato_promedio_200m": 3.0, "dist_sitp": 500, "dist_tm": 1500, "dist_ciclo": 800}, "geometry": {"type": "Polygon", "coordinates": [[[-76.54792279174353, 3.3890703828425264], [-76.54902657496072, 3.3875787905117383], [-76.54823045319529, 3.385857974103113], [-76.54633054605696, 3.385628774988604], [-76.54522678210944, 3.3871203841529822], [-76.54602290602946, 3.388841175598291], [-76.54792279174353, 3.3890703828425264]]]}}, {"type": "Feature", "properties": {"h3_index": "8966f1c736bffff", "lat": 3.4905559428148623, "lng": -76.51418848592867, "nivel_admin_1": "Comuna 02", "nivel_admin_2": "Urbanización La Flora", "estrato_promedio_200m": 3.0, "dist_sitp": 500, "dist_tm": 1500, "dist_ciclo": 800}, "geometry": {"type": "Polygon", "coordinates": [[[-76.51498440773668, 3.492275344178038], [-76.51608751870215, 3.490785440157716], [-76.51529159512125, 3.4890660166954994], [-76.51339255847134, 3.488836522280968], [-76.5122894668199, 3.490326443186212], [-76.51308539250323, 3.4920458416210747], [-76.51498440773668, 3.492275344178038]]]}}, {"type": "Feature", "properties": {"h3_index": "8966f1ce907ffff", "lat": 3.398823032136425, "lng": -76.53449750207652, "nivel_admin_1": "Comuna 17", "nivel_admin_2": "Bosques del Limonar", "estrato_promedio_200m": 3.0, "dist_sitp": 500, "dist_tm": 1500, "dist_ciclo": 800}, "geometry": {"type": "Polygon", "coordinates": [[[-76.53529361582426, 3.400543644626357], [-76.5363972379175, 3.39905227989847], [-76.53560112240756, 3.3973316454052562], [-76.53370138266835, 3.3971024006206205], [-76.53259777986518, 3.398593782182413], [-76.53339389751007, 3.4003143916949305], [-76.53529361582426, 3.400543644626357]]]}}, {"type": "Feature", "properties": {"h3_index": "8966f1ccdafffff", "lat": 3.366810777559833, "lng": -76.55197660942656, "nivel_admin_1": "Comuna 18", "nivel_admin_2": "Altos del Madrigal", "estrato_promedio_200m": 3.0, "dist_sitp": 500, "dist_tm": 1500, "dist_ciclo": 800}, "geometry": {"type": "Polygon", "coordinates": [[[-76.55277277180478, 3.3685318428323368], [-76.55387667231318, 3.3670399235543473], [-76.55308050818255, 3.3653188363133344], [-76.55118044138004, 3.3650896933027443], [-76.55007656013541, 3.3665816294030253], [-76.5508727264284, 3.3683026916916123], [-76.55277277180478, 3.3685318428323368]]]}}, {"type": "Feature", "properties": {"h3_index": "8966f1cec87ffff", "lat": 3.442635442222043, "lng": -76.54759621809593, "nivel_admin_1": "Comuna 19", "nivel_admin_2": "Santa Bárbara", "estrato_promedio_200m": 3.0, "dist_sitp": 500, "dist_tm": 1500, "dist_ciclo": 800}, "geometry": {"type": "Polygon", "coordinates": [[[-76.54839220023942, 3.444355547010234], [-76.54949579797524, 3.4428647756346966], [-76.54869981407764, 3.4411446488001327], [-76.54680023028853, 3.4409153183181527], [-76.54569665181492, 3.4424061065656977], [-76.5464926378671, 3.4441262084232145], [-76.54839220023942, 3.444355547010234]]]}}, {"type": "Feature", "properties": {"h3_index": "8966f11b0d7ffff", "lat": 3.373011563803499, "lng": -76.5225551167493, "nivel_admin_1": "Comuna 17", "nivel_admin_2": "Lili", "estrato_promedio_200m": 3.0, "dist_sitp": 500, "dist_tm": 1500, "dist_ciclo": 800}, "geometry": {"type": "Polygon", "coordinates": [[[-76.52335131537727, 3.3747324612838887], [-76.52445491098749, 3.373240766681117], [-76.52365871059015, 3.37151984722236], [-76.52175891246465, 3.3712906473540354], [-76.52065533616818, 3.3727823587656767], [-76.52145153868237, 3.37450325323679], [-76.52335131537727, 3.3747324612838887]]]}}, {"type": "Feature", "properties": {"h3_index": "8966f1c5423ffff", "lat": 3.4835649794478947, "lng": -76.5235024441176, "nivel_admin_1": "Comuna 02", "nivel_admin_2": "La Flora", "estrato_promedio_200m": 5.0, "dist_sitp": 500, "dist_tm": 1500, "dist_ciclo": 800}, "geometry": {"type": "Polygon", "coordinates": [[[-76.5242983670168, 3.4852844971401944], [-76.52540159187019, 3.4837944461782233], [-76.52460566720339, 3.4820749063950767], [-76.5227065155652, 3.48184544258888], [-76.52160331001065, 3.4833355104365555], [-76.52239923679434, 3.4850550252047263], [-76.5242983670168, 3.4852844971401944]]]}}, {"type": "Feature", "properties": {"h3_index": "8966f1c42bbffff", "lat": 3.465907266769723, "lng": -76.48485091085026, "nivel_admin_1": "Comuna 05", "nivel_admin_2": "Villa del Prado - El Guabito", "estrato_promedio_200m": 3.0, "dist_sitp": 500, "dist_tm": 1500, "dist_ciclo": 800}, "geometry": {"type": "Polygon", "coordinates": [[[-76.48564694465702, 3.46762688740368], [-76.48674985689503, 3.4661367484248733], [-76.48595382129814, 3.464417105713428], [-76.48405487140461, 3.464187627035332], [-76.48295197853413, 3.4656777828645007], [-76.48374801618857, 3.467397400521422], [-76.48564694465702, 3.46762688740368]]]}}, {"type": "Feature", "properties": {"h3_index": "8966f1c73a7ffff", "lat": 3.4981177058373025, "lng": -76.49617688417707, "nivel_admin_1": "Comuna 06", "nivel_admin_2": "Ciudadela Floralia", "estrato_promedio_200m": 2.0, "dist_sitp": 500, "dist_tm": 1500, "dist_ciclo": 800}, "geometry": {"type": "Polygon", "coordinates": [[[-76.49697281851962, 3.4998369569704946], [-76.49807572956588, 3.498347248232771], [-76.4972797934401, 3.496627974990748], [-76.49538094419242, 3.4963984355362414], [-76.49427805249032, 3.4978881611532695], [-76.49507399069066, 3.4996074093455163], [-76.49697281851962, 3.4998369569704946]]]}}, {"type": "Feature", "properties": {"h3_index": "8966f1c586fffff", "lat": 3.407542868513567, "lng": -76.49907620345246, "nivel_admin_1": "Comuna 15", "nivel_admin_2": "El Retiro", "estrato_promedio_200m": 1.0, "dist_sitp": 500, "dist_tm": 1500, "dist_ciclo": 800}, "geometry": {"type": "Polygon", "coordinates": [[[-76.49987235735074, 3.4092632630421233], [-76.5009756076196, 3.4077721884239005], [-76.50017945193873, 3.406051771878944], [-76.49828004390776, 3.4058224549756044], [-76.497176812989, 3.407313546412454], [-76.49797297075004, 3.4090339379340313], [-76.49987235735074, 3.4092632630421233]]]}}, {"type": "Feature", "properties": {"h3_index": "8966f1c5a47ffff", "lat": 3.407082932206953, "lng": -76.52217730104637, "nivel_admin_1": "Comuna 11", "nivel_admin_2": "José Holguín Garcés", "estrato_promedio_200m": 3.0, "dist_sitp": 500, "dist_tm": 1500, "dist_ciclo": 800}, "geometry": {"type": "Polygon", "coordinates": [[[-76.52297341587409, 3.4088034037039683], [-76.5240768907693, 3.407312217601204], [-76.52328077417235, 3.405591724091003], [-76.52138118056327, 3.405362441680487], [-76.5202777249784, 3.406853644615459], [-76.52107384369117, 3.4085741131287515], [-76.52297341587409, 3.4088034037039683]]]}}, {"type": "Feature", "properties": {"h3_index": "8966f1ccd17ffff", "lat": 3.3707111908610985, "lng": -76.55736905220766, "nivel_admin_1": "Comuna 18", "nivel_admin_2": "Altos de Santa Elena", "estrato_promedio_200m": 3.0, "dist_sitp": 500, "dist_tm": 1500, "dist_ciclo": 800}, "geometry": {"type": "Polygon", "coordinates": [[[-76.55816519541062, 3.372432224106055], [-76.55926913443189, 3.3709403384815726], [-76.55847298947967, 3.3692192832647714], [-76.55657290333446, 3.3689901386197345], [-76.55546898356718, 3.3704820410724583], [-76.55626513069001, 3.3722030713419904], [-76.55816519541062, 3.372432224106055]]]}}, {"type": "Feature", "properties": {"h3_index": "8966f1c5077ffff", "lat": 3.461783875512916, "lng": -76.53135156544451, "nivel_admin_1": "Comuna 02", "nivel_admin_2": "Santa Mónica", "estrato_promedio_200m": 5.0, "dist_sitp": 500, "dist_tm": 1500, "dist_ciclo": 800}, "geometry": {"type": "Polygon", "coordinates": [[[-76.53214752862216, 3.4635036906177237], [-76.53325090401994, 3.4620132785528672], [-76.53245493907897, 3.4602934413802835], [-76.53055559660989, 3.4600640412730357], [-76.52945224050005, 3.461554470213317], [-76.53024820757028, 3.4632742823854263], [-76.53214752862216, 3.4635036906177237]]]}}, {"type": "Feature", "properties": {"h3_index": "8966f1c58a7ffff", "lat": 3.4170623355190495, "lng": -76.48375691853887, "nivel_admin_1": "Comuna 15", "nivel_admin_2": "Mojica", "estrato_promedio_200m": 3.0, "dist_sitp": 500, "dist_tm": 1500, "dist_ciclo": 800}, "geometry": {"type": "Polygon", "coordinates": [[[-76.48455307535117, 3.418782563846254], [-76.48565614481743, 3.417291700634968], [-76.48485998621382, 3.4155714502798467], [-76.48296075608643, 3.4153420881793193], [-76.4818577059955, 3.4168329682066063], [-76.48265386665555, 3.4185531935184272], [-76.48455307535117, 3.418782563846254]]]}}, {"type": "Feature", "properties": {"h3_index": "8966f11b417ffff", "lat": 3.3883857430847684, "lng": -76.5153192971728, "nivel_admin_1": "Comuna 17", "nivel_admin_2": "Caney", "estrato_promedio_200m": 3.0, "dist_sitp": 500, "dist_tm": 1500, "dist_ciclo": 800}, "geometry": {"type": "Polygon", "coordinates": [[[-76.51611547031696, 3.3901064267025975], [-76.51721894327443, 3.3886149933663776], [-76.51642276835688, 3.386894287753623], [-76.51452311837525, 3.386665040476987], [-76.51341966474219, 3.3881564906283765], [-76.51421584176525, 3.3898771712412326], [-76.51611547031696, 3.3901064267025975]]]}}, {"type": "Feature", "properties": {"h3_index": "8966f1ce80bffff", "lat": 3.41315950581585, "lng": -76.55906787685336, "nivel_admin_1": "Comuna 19", "nivel_admin_2": "Cañaveralejo Guadalupe", "estrato_promedio_200m": 3.0, "dist_sitp": 500, "dist_tm": 1500, "dist_ciclo": 800}, "geometry": {"type": "Polygon", "coordinates": [[[-76.55986391184874, 3.414880014527828], [-76.5609677213335, 3.41338875224742], [-76.5601716845903, 3.41166822152045], [-76.55827183618858, 3.411438978030269], [-76.55716804594978, 3.4129302571692675], [-76.55796408486565, 3.4146507629398704], [-76.55986391184874, 3.414880014527828]]]}}, {"type": "Feature", "properties": {"h3_index": "8966f1c5d73ffff", "lat": 3.422796215875463, "lng": -76.47744566356387, "nivel_admin_1": "Comuna 14", "nivel_admin_2": "José Manuel Marroquín Primera Etapa", "estrato_promedio_200m": 2.0, "dist_sitp": 500, "dist_tm": 1500, "dist_ciclo": 800}, "geometry": {"type": "Polygon", "coordinates": [[[-76.47824181704813, 3.424516353059182], [-76.47934480576015, 3.423025604048372], [-76.47854865048102, 3.421305444830153], [-76.4766495044421, 3.421076059674704], [-76.47554653511557, 3.4225668255016792], [-76.47634269244138, 3.4242869596679397], [-76.47824181704813, 3.424516353059182]]]}}, {"type": "Feature", "properties": {"h3_index": "8966f11b403ffff", "lat": 3.3871235328567533, "lng": -76.51832243200734, "nivel_admin_1": "Comuna 17", "nivel_admin_2": "Caney", "estrato_promedio_200m": 3.0, "dist_sitp": 500, "dist_tm": 1500, "dist_ciclo": 800}, "geometry": {"type": "Polygon", "coordinates": [[[-76.51911860304307, 3.3888442414723765], [-76.5202221093226, 3.387352775785569], [-76.51942593651519, 3.385632045176675], [-76.51752625531702, 3.38540280525073], [-76.51642276835688, 3.386894287753623], [-76.51721894327443, 3.3886149933663776], [-76.51911860304307, 3.3888442414723765]]]}}, {"type": "Feature", "properties": {"h3_index": "8966f1c587bffff", "lat": 3.4127039950558773, "lng": -76.50146464820712, "nivel_admin_1": "Comuna 13", "nivel_admin_2": "El Vergel", "estrato_promedio_200m": 1.0, "dist_sitp": 500, "dist_tm": 1500, "dist_ciclo": 800}, "geometry": {"type": "Polygon", "coordinates": [[[-76.50226078516468, 3.4144243325335077], [-76.50336404077832, 3.4129333239744324], [-76.50256790203962, 3.411212964475427], [-76.50066850560238, 3.410983638557487], [-76.4995652693341, 3.412474663940199], [-76.50036141015661, 3.4141949984172237], [-76.50226078516468, 3.4144243325335077]]]}}, {"type": "Feature", "properties": {"h3_index": "8966f11b6d7ffff", "lat": 3.386661969064546, "lng": -76.54142704369018, "nivel_admin_1": "Comuna 17", "nivel_admin_2": "Ciudad Capri", "estrato_promedio_200m": 3.0, "dist_sitp": 500, "dist_tm": 1500, "dist_ciclo": 800}, "geometry": {"type": "Polygon", "coordinates": [[[-76.5422231754239, 3.388382754557019], [-76.5433269060938, 3.386891177699563], [-76.54253077260175, 3.385170370217035], [-76.54063090629293, 3.3849411645616136], [-76.53952719490262, 3.386432758248744], [-76.54032333054045, 3.3881535407616354], [-76.5422231754239, 3.388382754557019]]]}}, {"type": "Feature", "properties": {"h3_index": "8966f1c5547ffff", "lat": 3.4745081925739605, "lng": -76.51572445145086, "nivel_admin_1": "Comuna 02", "nivel_admin_2": "Vipasa", "estrato_promedio_200m": 3.0, "dist_sitp": 500, "dist_tm": 1500, "dist_ciclo": 800}, "geometry": {"type": "Polygon", "coordinates": [[[-76.51652041037333, 3.4762278001904505], [-76.51762359131045, 3.4747376492024236], [-76.51682763061578, 3.4730180195033724], [-76.51492848687789, 3.4727885658138744], [-76.51382532525413, 3.474278733676708], [-76.51462128805379, 3.475998338354242], [-76.51652041037333, 3.4762278001904505]]]}}, {"type": "Feature", "properties": {"h3_index": "8966f1c4637ffff", "lat": 3.480006066666466, "lng": -76.48062183194013, "nivel_admin_1": "Comuna 06", "nivel_admin_2": "Petecuy Segunda Etapa", "estrato_promedio_200m": 2.0, "dist_sitp": 500, "dist_tm": 1500, "dist_ciclo": 800}, "geometry": {"type": "Polygon", "coordinates": [[[-76.48141783808373, 3.4817254974473717], [-76.48252066097972, 3.480235588621702], [-76.48172465304371, 3.4785161357485017], [-76.4798258201598, 3.4782866167638833], [-76.47872301663696, 3.479776542447072], [-76.47951902662378, 3.4814959702573662], [-76.48141783808373, 3.4817254974473717]]]}}, {"type": "Feature", "properties": {"h3_index": "8966f1c4353ffff", "lat": 3.4523790721792076, "lng": -76.48038141423224, "nivel_admin_1": "Comuna 07", "nivel_admin_2": "Alfonso Lopez Pumarejo 3a Etapa", "estrato_promedio_200m": 3.0, "dist_sitp": 500, "dist_tm": 1500, "dist_ciclo": 800}, "geometry": {"type": "Polygon", "coordinates": [[[-76.4811774892993, 3.45409884850274], [-76.48228040478585, 3.452608527724513], [-76.48148432792594, 3.450888729336715], [-76.47958533352758, 3.4506592767833295], [-76.4784824374179, 3.452149614399915], [-76.4792785163286, 3.4538693877315407], [-76.4811774892993, 3.45409884850274]]]}}, {"type": "Feature", "properties": {"h3_index": "8966f1c55dbffff", "lat": 3.48608608252903, "lng": -76.51749786080593, "nivel_admin_1": "Comuna 02", "nivel_admin_2": "Urbanización La Flora", "estrato_promedio_200m": 3.0, "dist_sitp": 500, "dist_tm": 1500, "dist_ciclo": 800}, "geometry": {"type": "Polygon", "coordinates": [[[-76.51829378793079, 3.4878055501843854], [-76.51939694619296, 3.486315564237235], [-76.51860101729706, 3.4845960744877638], [-76.51670192803029, 3.484366595707905], [-76.51559878907702, 3.4858565985388905], [-76.5163947200805, 3.4875760632659163], [-76.51829378793079, 3.4878055501843854]]]}}, {"type": "Feature", "properties": {"h3_index": "8966f1ce9dbffff", "lat": 3.4098342116843, "lng": -76.54497327779735, "nivel_admin_1": "Comuna 19", "nivel_admin_2": "Nueva Tequendama", "estrato_promedio_200m": 3.0, "dist_sitp": 500, "dist_tm": 1500, "dist_ciclo": 800}, "geometry": {"type": "Polygon", "coordinates": [[[-76.54576934586206, 3.4115547188208715], [-76.54687303106564, 3.410063470647388], [-76.54607696124495, 3.408342941497531], [-76.54417720406859, 3.4081136854927627], [-76.54307353813566, 3.4096049505140735], [-76.54386961010734, 3.411325454692329], [-76.54576934586206, 3.4115547188208715]]]}}, {"type": "Feature", "properties": {"h3_index": "8966f11b6afffff", "lat": 3.375649271840933, "lng": -76.53095055866895, "nivel_admin_1": "Comuna 17", "nivel_admin_2": "Sector Ciudad Universitaria", "estrato_promedio_200m": 3.0, "dist_sitp": 500, "dist_tm": 1500, "dist_ciclo": 800}, "geometry": {"type": "Polygon", "coordinates": [[[-76.53174673607384, 3.37737016235594], [-76.53285040359975, 3.375878469068233], [-76.53205422443037, 3.3741575565731576], [-76.5301543756042, 3.3739283623445573], [-76.52905072737727, 3.3754200724480135], [-76.52984690867643, 3.3771409599643367], [-76.53174673607384, 3.37737016235594]]]}}, {"type": "Feature", "properties": {"h3_index": "8966f1ccdb7ffff", "lat": 3.371286438599245, "lng": -76.54866500770741, "nivel_admin_1": "Comuna 18", "nivel_admin_2": "Bajo Meléndez", "estrato_promedio_200m": 3.0, "dist_sitp": 500, "dist_tm": 1500, "dist_ciclo": 800}, "geometry": {"type": "Polygon", "coordinates": [[[-76.54946116482463, 3.373007437956293], [-76.55056501806003, 3.371515600036258], [-76.5497688591885, 3.369794578705734], [-76.54786884492334, 3.369565420252625], [-76.54676501095689, 3.371057274996059], [-76.54756117198558, 3.3727782713692003], [-76.54946116482463, 3.373007437956293]]]}}, {"type": "Feature", "properties": {"h3_index": "8966f1c42abffff", "lat": 3.462697443903219, "lng": -76.4851577800619, "nivel_admin_1": "Comuna 07", "nivel_admin_2": "Fepicol", "estrato_promedio_200m": 3.0, "dist_sitp": 500, "dist_tm": 1500, "dist_ciclo": 800}, "geometry": {"type": "Polygon", "coordinates": [[[-76.48595382129814, 3.464417105713428], [-76.48705674753175, 3.4629269173554693], [-76.48626070450553, 3.461207233471077], [-76.48436173318656, 3.460977762998007], [-76.48325882632035, 3.4624679682042943], [-76.48405487140461, 3.464187627035332], [-76.48595382129814, 3.464417105713428]]]}}, {"type": "Feature", "properties": {"h3_index": "8966f1ce94fffff", "lat": 3.3969863967301164, "lng": -76.54620374913111, "nivel_admin_1": "Comuna 17", "nivel_admin_2": "El Gran Limonar", "estrato_promedio_200m": 3.0, "dist_sitp": 500, "dist_tm": 1500, "dist_ciclo": 800}, "geometry": {"type": "Polygon", "coordinates": [[[-76.54699984687856, 3.3987070680803795], [-76.54810358808822, 3.3972156231981194], [-76.54730748858536, 3.395494929847839], [-76.54540764571868, 3.3952657063466862], [-76.54430392377911, 3.3967571680686395], [-76.54510002543502, 3.3984778364520496], [-76.54699984687856, 3.3987070680803795]]]}}, {"type": "Feature", "properties": {"h3_index": "8966f1c5ad3ffff", "lat": 3.419928912156543, "lng": -76.52094796331083, "nivel_admin_1": "Comuna 11", "nivel_admin_2": "La Esperanza", "estrato_promedio_200m": 3.0, "dist_sitp": 500, "dist_tm": 1500, "dist_ciclo": 800}, "geometry": {"type": "Polygon", "coordinates": [[[-76.52174404843927, 3.4216492194021098], [-76.52284746733284, 3.420158230195914], [-76.5220513804346, 3.4184379009239314], [-76.52015187252796, 3.4182085858597535], [-76.51904847294529, 3.4196995919062947], [-76.51984456195729, 3.4214198961766593], [-76.52174404843927, 3.4216492194021098]]]}}, {"type": "Feature", "properties": {"h3_index": "8966f1c5ab3ffff", "lat": 3.4133919752168813, "lng": -76.50716286699924, "nivel_admin_1": "Comuna 16", "nivel_admin_2": "Antonio Nariño", "estrato_promedio_200m": 2.0, "dist_sitp": 500, "dist_tm": 1500, "dist_ciclo": 800}, "geometry": {"type": "Polygon", "coordinates": [[[-76.50795899235105, 3.415112321683635], [-76.50906230064088, 3.4136212975391222], [-76.50826617351125, 3.411900929050966], [-76.50636673599809, 3.4116716097229904], [-76.5052634470437, 3.4131626506950394], [-76.50605957626593, 3.4148829941675403], [-76.50795899235105, 3.415112321683635]]]}}, {"type": "Feature", "properties": {"h3_index": "8966f1c50afffff", "lat": 3.465566744898114, "lng": -76.52234376294135, "nivel_admin_1": "Comuna 02", "nivel_admin_2": "San Vicente", "estrato_promedio_200m": 4.0, "dist_sitp": 500, "dist_tm": 1500, "dist_ciclo": 800}, "geometry": {"type": "Polygon", "coordinates": [[[-76.52313973248766, 3.4672864849853284], [-76.52424300801808, 3.4657961703069993], [-76.52344703670327, 3.4640764081470863], [-76.52154778774164, 3.463846985677214], [-76.52044453151423, 3.465337317228174], [-76.52124050494436, 3.467057054376379], [-76.52313973248766, 3.4672864849853284]]]}}, {"type": "Feature", "properties": {"h3_index": "8966f1c5a3bffff", "lat": 3.404445290095353, "lng": -76.51378294273523, "nivel_admin_1": "Comuna 16", "nivel_admin_2": "Mariano Ramos", "estrato_promedio_200m": 2.0, "dist_sitp": 500, "dist_tm": 1500, "dist_ciclo": 800}, "geometry": {"type": "Polygon", "coordinates": [[[-76.51457907874462, 3.406165768665739], [-76.51568248169293, 3.4046745812814487], [-76.51488634390944, 3.4029540806995624], [-76.51298680107361, 3.402724792507782], [-76.5118834174504, 3.404215996717414], [-76.51267955733684, 3.4059364722934946], [-76.51457907874462, 3.406165768665739]]]}}, {"type": "Feature", "properties": {"h3_index": "8966f1c4227ffff", "lat": 3.4543283070378488, "lng": -76.48307647600745, "nivel_admin_1": "Comuna 07", "nivel_admin_2": "Alfonso Lopez Pumarejo 3a Etapa", "estrato_promedio_200m": 3.0, "dist_sitp": 500, "dist_tm": 1500, "dist_ciclo": 800}, "geometry": {"type": "Polygon", "coordinates": [[[-76.48387254159046, 3.4560480672729454], [-76.48497547644901, 3.4545577633360365], [-76.48417940907473, 3.4528379810350063], [-76.48228040478585, 3.452608527724513], [-76.4811774892993, 3.45409884850274], [-76.48197355872851, 3.4558186057501676], [-76.48387254159046, 3.4560480672729454]]]}}, {"type": "Feature", "properties": {"h3_index": "8966f1ced63ffff", "lat": 3.4155697387698667, "lng": -76.5386590319956, "nivel_admin_1": "Comuna 19", "nivel_admin_2": "Urbanización Militar", "estrato_promedio_200m": 4.0, "dist_sitp": 500, "dist_tm": 1500, "dist_ciclo": 800}, "geometry": {"type": "Polygon", "coordinates": [[[-76.53945509693264, 3.4172901548785455], [-76.54055870158753, 3.415799020614759], [-76.53976263489092, 3.4140785824862045], [-76.53786296139714, 3.413849303601736], [-76.53675937602314, 3.4153404547134967], [-76.5375554448609, 3.4170608678617644], [-76.53945509693264, 3.4172901548785455]]]}}, {"type": "Feature", "properties": {"h3_index": "8966f1ce1b3ffff", "lat": 3.4543318559220455, "lng": -76.56376956809, "nivel_admin_1": "Comuna 01", "nivel_admin_2": "Aguacatal", "estrato_promedio_200m": 3.0, "dist_sitp": 500, "dist_tm": 1500, "dist_ciclo": 800}, "geometry": {"type": "Polygon", "coordinates": [[[-76.56456549272806, 3.4560518633999475], [-76.56566920593467, 3.4545611933186393], [-76.56487327955193, 3.452841163784397], [-76.56297363778214, 3.452611829293065], [-76.56186994380846, 3.4541025162641303], [-76.56266587237056, 3.4558225208367896], [-76.56456549272806, 3.4560518633999475]]]}}, {"type": "Feature", "properties": {"h3_index": "8966f1c5e4bffff", "lat": 3.4302504697292355, "lng": -76.52572438925638, "nivel_admin_1": "Comuna 10", "nivel_admin_2": "Santa Elena", "estrato_promedio_200m": 3.0, "dist_sitp": 500, "dist_tm": 1500, "dist_ciclo": 800}, "geometry": {"type": "Polygon", "coordinates": [[[-76.52652044045306, 3.4319706625880455], [-76.52762386995522, 3.4304798055752177], [-76.52682781699166, 3.4287595906800292], [-76.52492833240379, 3.4285302577965036], [-76.52382492220303, 3.4300211316596725], [-76.52462097728761, 3.431741321556037], [-76.52652044045306, 3.4319706625880455]]]}}, {"type": "Feature", "properties": {"h3_index": "8966f1c5ecfffff", "lat": 3.435984354846179, "lng": -76.519411439081, "nivel_admin_1": "Comuna 09", "nivel_admin_2": "Santa Mónica Belalcázar", "estrato_promedio_200m": 3.0, "dist_sitp": 500, "dist_tm": 1500, "dist_ciclo": 800}, "geometry": {"type": "Polygon", "coordinates": [[[-76.52020748708735, 3.4377044565805948], [-76.52131083598523, 3.4362137136727253], [-76.52051478620841, 3.434493589895337], [-76.51861538542138, 3.434264234033336], [-76.51751205583511, 3.4357549937917127], [-76.51830810772314, 3.4374750925615936], [-76.52020748708735, 3.4377044565805948]]]}}, {"type": "Feature", "properties": {"h3_index": "8966f1c5473ffff", "lat": 3.4862023620426568, "lng": -76.53189502430486, "nivel_admin_1": "Comuna 02", "nivel_admin_2": "El Bosque", "estrato_promedio_200m": 5.0, "dist_sitp": 500, "dist_tm": 1500, "dist_ciclo": 800}, "geometry": {"type": "Polygon", "coordinates": [[[-76.53269092599159, 3.487921872231367], [-76.53379422270628, 3.48643182255429], [-76.53299831925682, 3.4847122902730505], [-76.53109911696178, 3.484482832674966], [-76.52999583953115, 3.4859728992445906], [-76.53079174511039, 3.487692406519766], [-76.53269092599159, 3.487921872231367]]]}}, {"type": "Feature", "properties": {"h3_index": "8966f1c524fffff", "lat": 3.4555931760110177, "lng": -76.5607662655784, "nivel_admin_1": "Comuna 01", "nivel_admin_2": "Aguacatal", "estrato_promedio_200m": 3.0, "dist_sitp": 500, "dist_tm": 1500, "dist_ciclo": 800}, "geometry": {"type": "Polygon", "coordinates": [[[-76.5615621923941, 3.4573131585256838], [-76.56266587237056, 3.4558225208367896], [-76.56186994380846, 3.4541025162641303], [-76.55997033309413, 3.4538731743457194], [-76.55886667235562, 3.4553638289234563], [-76.55966260309243, 3.457083808530769], [-76.5615621923941, 3.4573131585256838]]]}}, {"type": "Feature", "properties": {"h3_index": "8966f11b42bffff", "lat": 3.3787489328915257, "lng": -76.51624118873758, "nivel_admin_1": "Comuna 17", "nivel_admin_2": "Lili", "estrato_promedio_200m": 3.0, "dist_sitp": 500, "dist_tm": 1500, "dist_ciclo": 800}, "geometry": {"type": "Polygon", "coordinates": [[[-76.51703738416369, 3.3804697394326677], [-76.51814089913006, 3.378978158620175], [-76.51734470193098, 3.377257330094056], [-76.51544498765742, 3.3770281073767876], [-76.51434149201503, 3.3785197049983124], [-76.51513769132114, 3.380240508528086], [-76.51703738416369, 3.3804697394326677]]]}}, {"type": "Feature", "properties": {"h3_index": "8966f1c5013ffff", "lat": 3.4714142035778663, "lng": -76.5304293957888, "nivel_admin_1": "Comuna 02", "nivel_admin_2": "Santa Mónica", "estrato_promedio_200m": 5.0, "dist_sitp": 500, "dist_tm": 1500, "dist_ciclo": 800}, "geometry": {"type": "Polygon", "coordinates": [[[-76.53122533670471, 3.4731338950266655], [-76.53232867011486, 3.4716436309839884], [-76.53153272743522, 3.4699239174575136], [-76.52963344921662, 3.4696944929776996], [-76.52853013509483, 3.471184773901882], [-76.52932607990218, 3.4729044624243812], [-76.53122533670471, 3.4731338950266655]]]}}, {"type": "Feature", "properties": {"h3_index": "8966f1ce96fffff", "lat": 3.389874304262406, "lng": -76.54111946051525, "nivel_admin_1": "Comuna 17", "nivel_admin_2": "Ciudad Capri", "estrato_promedio_200m": 3.0, "dist_sitp": 500, "dist_tm": 1500, "dist_ciclo": 800}, "geometry": {"type": "Polygon", "coordinates": [[[-76.54191558482675, 3.3915950487472712], [-76.54301930149386, 3.3901035210352553], [-76.5422231754239, 3.388382754557019], [-76.54032333054045, 3.3881535407616354], [-76.53921963315308, 3.3896450853053555], [-76.54001576136832, 3.39136582681277], [-76.54191558482675, 3.3915950487472712]]]}}, {"type": "Feature", "properties": {"h3_index": "8966f1c540fffff", "lat": 3.4874629385204536, "lng": -76.52889257785915, "nivel_admin_1": "Comuna 02", "nivel_admin_2": "El Bosque", "estrato_promedio_200m": 5.0, "dist_sitp": 500, "dist_tm": 1500, "dist_ciclo": 800}, "geometry": {"type": "Polygon", "coordinates": [[[-76.52968848167394, 3.4891824237014673], [-76.53079174511039, 3.487692406519766], [-76.52999583953115, 3.4859728992445906], [-76.52809666838922, 3.485743434160953], [-76.52699342424187, 3.4872334682342676], [-76.52778933194622, 3.4889529504996255], [-76.52968848167394, 3.4891824237014673]]]}}, {"type": "Feature", "properties": {"h3_index": "8966f1c59d7ffff", "lat": 3.413163097088759, "lng": -76.47836616126351, "nivel_admin_1": "Comuna 14", "nivel_admin_2": "Las Orquídeas", "estrato_promedio_200m": 1.0, "dist_sitp": 500, "dist_tm": 1500, "dist_ciclo": 800}, "geometry": {"type": "Polygon", "coordinates": [[[-76.47916233704665, 3.4148833573958575], [-76.48026536775737, 3.413392460555541], [-76.4794691901798, 3.411672178223863], [-76.47756997984219, 3.4114428177809484], [-76.47646696851655, 3.412933731431332], [-76.47726314814231, 3.414653988714574], [-76.47916233704665, 3.4148833573958575]]]}}, {"type": "Feature", "properties": {"h3_index": "8966f1c5253ffff", "lat": 3.462014271450262, "lng": -76.56015079732542, "nivel_admin_1": "Comuna 01", "nivel_admin_2": "Aguacatal", "estrato_promedio_200m": 3.0, "dist_sitp": 500, "dist_tm": 1500, "dist_ciclo": 800}, "geometry": {"type": "Polygon", "coordinates": [[[-76.56094670931058, 3.4637341715248167], [-76.56205036129337, 3.462243632423922], [-76.56125444756155, 3.460523710284783], [-76.55935487967216, 3.4602943522142167], [-76.55825124692761, 3.461784908207982], [-76.5590471628331, 3.4635048053794457], [-76.56094670931058, 3.4637341715248167]]]}}, {"type": "Feature", "properties": {"h3_index": "8966f1c51a7ffff", "lat": 3.4531831319364894, "lng": -76.50047502678471, "nivel_admin_1": "Comuna 07", "nivel_admin_2": "Sector Base Aérea", "estrato_promedio_200m": 3.0, "dist_sitp": 500, "dist_tm": 1500, "dist_ciclo": 800}, "geometry": {"type": "Polygon", "coordinates": [[[-76.50127106509672, 3.454902960127235], [-76.50237417206957, 3.4534125598849226], [-76.50157813197633, 3.4516927096314736], [-76.49967898282736, 3.4514632846538325], [-76.49857589519668, 3.4529537017471243], [-76.49937193737169, 3.4546735269670843], [-76.50127106509672, 3.454902960127235]]]}}, {"type": "Feature", "properties": {"h3_index": "8966f1c5aa3ffff", "lat": 3.4101805415373385, "lng": -76.5074700407318, "nivel_admin_1": "Comuna 16", "nivel_admin_2": "Unión de Vivienda Popular", "estrato_promedio_200m": 2.0, "dist_sitp": 500, "dist_tm": 1500, "dist_ciclo": 800}, "geometry": {"type": "Polygon", "coordinates": [[[-76.50826617351125, 3.411900929050966], [-76.5093694958015, 3.4104098556727425], [-76.50857336124436, 3.4086894461410115], [-76.50667390230278, 3.4084601350020196], [-76.50557059934785, 3.4099512252057487], [-76.50636673599809, 3.4116716097229904], [-76.50826617351125, 3.411900929050966]]]}}, {"type": "Feature", "properties": {"h3_index": "8966f1c53b3ffff", "lat": 3.4495152494972023, "lng": -76.52388031264735, "nivel_admin_1": "Comuna 09", "nivel_admin_2": "Sucre", "estrato_promedio_200m": 1.0, "dist_sitp": 500, "dist_tm": 1500, "dist_ciclo": 800}, "geometry": {"type": "Polygon", "coordinates": [[[-76.52467631930612, 3.4512351955207192], [-76.52577966481947, 3.449744634208511], [-76.52498365639293, 3.448024666128802], [-76.52308430033405, 3.4477952843671695], [-76.521980974123, 3.449285862541879], [-76.52277698466744, 3.4510058056157233], [-76.52467631930612, 3.4512351955207192]]]}}, {"type": "Feature", "properties": {"h3_index": "8966f1c59dbffff", "lat": 3.413851180913861, "lng": -76.4840638219696, "nivel_admin_1": "Comuna 15", "nivel_admin_2": "Mojica", "estrato_promedio_200m": 3.0, "dist_sitp": 500, "dist_tm": 1500, "dist_ciclo": 800}, "geometry": {"type": "Polygon", "coordinates": [[[-76.48485998621382, 3.4155714502798467], [-76.48596306967993, 3.4140805378037653], [-76.48516690364455, 3.4123602464131775], [-76.48326765208499, 3.4121308925408007], [-76.48216458799406, 3.4136218218308496], [-76.48296075608643, 3.4153420881793193], [-76.48485998621382, 3.4155714502798467]]]}}, {"type": "Feature", "properties": {"h3_index": "8966f1c5367ffff", "lat": 3.4360990185376448, "lng": -76.53381097386412, "nivel_admin_1": "Comuna 09", "nivel_admin_2": "Alameda", "estrato_promedio_200m": 3.0, "dist_sitp": 500, "dist_tm": 1500, "dist_ciclo": 800}, "geometry": {"type": "Polygon", "coordinates": [[[-76.53460699641037, 3.437819163007605], [-76.53571048378755, 3.4363283565635556], [-76.53491445947914, 3.4346081900522396], [-76.53301494565905, 3.4343788549760617], [-76.53191147756866, 3.435869678279335], [-76.53270750401046, 3.43758981979956], [-76.53460699641037, 3.437819163007605]]]}}, {"type": "Feature", "properties": {"h3_index": "8966f1c427bffff", "lat": 3.457654235193317, "lng": -76.49716580588338, "nivel_admin_1": "Comuna 07", "nivel_admin_2": "Sector Base Aérea", "estrato_promedio_200m": 3.0, "dist_sitp": 500, "dist_tm": 1500, "dist_ciclo": 800}, "geometry": {"type": "Polygon", "coordinates": [[[-76.49796183884794, 3.459373997186089], [-76.49906489848543, 3.4578836787807457], [-76.49826886373776, 3.4561638947203375], [-76.4963697672749, 3.4559344541036703], [-76.49526672698477, 3.4574247893610828], [-76.49606276380904, 3.4591445483830987], [-76.49796183884794, 3.459373997186089]]]}}, {"type": "Feature", "properties": {"h3_index": "8966f1c5c97ffff", "lat": 3.449857247169491, "lng": -76.48638532257242, "nivel_admin_1": "Comuna 07", "nivel_admin_2": "Siete de Agosto", "estrato_promedio_200m": 3.0, "dist_sitp": 500, "dist_tm": 1500, "dist_ciclo": 800}, "geometry": {"type": "Polygon", "coordinates": [[[-76.48718139352738, 3.4515770735974196], [-76.48828437574626, 3.450086687801571], [-76.48748830300188, 3.448366839312659], [-76.48558924597744, 3.448137401668298], [-76.4844862831254, 3.4496278043043587], [-76.48528235792988, 3.4513476277445876], [-76.48718139352738, 3.4515770735974196]]]}}, {"type": "Feature", "properties": {"h3_index": "8966f1ce913ffff", "lat": 3.4039848125134795, "lng": -76.53688582633758, "nivel_admin_1": "Comuna 17", "nivel_admin_2": "Santa Anita - La Selva", "estrato_promedio_200m": 3.0, "dist_sitp": 500, "dist_tm": 1500, "dist_ciclo": 800}, "geometry": {"type": "Polygon", "coordinates": [[[-76.53768192310261, 3.4057053679031015], [-76.53878555047952, 3.404214069195066], [-76.53798945195372, 3.402493491797165], [-76.53608972391137, 3.4022642380866377], [-76.5349861158198, 3.403755553633594], [-76.53578221648417, 3.405476106052176], [-76.53768192310261, 3.4057053679031015]]]}}, {"type": "Feature", "properties": {"h3_index": "8966f1ce8c7ffff", "lat": 3.4195829031630556, "lng": -76.55845236595472, "nivel_admin_1": "Comuna 20", "nivel_admin_2": "Tierra Blanca", "estrato_promedio_200m": 1.0, "dist_sitp": 500, "dist_tm": 1500, "dist_ciclo": 800}, "geometry": {"type": "Polygon", "coordinates": [[[-76.55924838611499, 3.421303329674967], [-76.56035216759874, 3.4198121657850593], [-76.55955614569037, 3.418091717251543], [-76.55765634012553, 3.417862457566674], [-76.55655257788804, 3.419353638319222], [-76.55734860196803, 3.421074061894008], [-76.55924838611499, 3.421303329674967]]]}}, {"type": "Feature", "properties": {"h3_index": "8966f1c716bffff", "lat": 3.4993778594306804, "lng": -76.49317517656596, "nivel_admin_1": "Comuna 06", "nivel_admin_2": "Ciudadela Floralia", "estrato_promedio_200m": 2.0, "dist_sitp": 500, "dist_tm": 1500, "dist_ciclo": 800}, "geometry": {"type": "Polygon", "coordinates": [[[-76.49397111298134, 3.501097085512449], [-76.49507399069066, 3.4996074093455163], [-76.49427805249032, 3.4978881611532695], [-76.49237923450966, 3.49765861418149], [-76.49127637614951, 3.4991483072268057], [-76.49207231641977, 3.5008675303655283], [-76.49397111298134, 3.501097085512449]]]}}, {"type": "Feature", "properties": {"h3_index": "8966f1c5867ffff", "lat": 3.408804610633877, "lng": -76.49607359785523, "nivel_admin_1": "Comuna 15", "nivel_admin_2": "Laureano Gómez", "estrato_promedio_200m": 1.0, "dist_sitp": 500, "dist_tm": 1500, "dist_ciclo": 800}, "geometry": {"type": "Polygon", "coordinates": [[[-76.49686975383199, 3.4105249801374087], [-76.49797297075004, 3.4090339379340313], [-76.497176812989, 3.407313546412454], [-76.49527743623325, 3.4070842221213873], [-76.4941742386703, 3.408575281142469], [-76.49497039850691, 3.41029564763692], [-76.49686975383199, 3.4105249801374087]]]}}, {"type": "Feature", "properties": {"h3_index": "8966f1c5567ffff", "lat": 3.467400123589676, "lng": -76.51064141756028, "nivel_admin_1": "Comuna 04", "nivel_admin_2": "Manzanares", "estrato_promedio_200m": 3.0, "dist_sitp": 500, "dist_tm": 1500, "dist_ciclo": 800}, "geometry": {"type": "Polygon", "coordinates": [[[-76.51143740295753, 3.469119804810421], [-76.51254055925854, 3.467629570709824], [-76.51174457208609, 3.46590986741313], [-76.50984542651426, 3.465680423242558], [-76.5087422895362, 3.4671706742100206], [-76.5095382788059, 3.468890352481203], [-76.51143740295753, 3.469119804810421]]]}}, {"type": "Feature", "properties": {"h3_index": "8966f1c534bffff", "lat": 3.4438968675912256, "lng": -76.54459308909529, "nivel_admin_1": "Comuna 03", "nivel_admin_2": "El Nacional", "estrato_promedio_200m": 2.0, "dist_sitp": 500, "dist_tm": 1500, "dist_ciclo": 800}, "geometry": {"type": "Polygon", "coordinates": [[[-76.54538907339162, 3.445616947400731], [-76.5464926378671, 3.4441262084232145], [-76.54569665181492, 3.4424061065656977], [-76.54379709913624, 3.4421767686664864], [-76.542693553928, 3.4436675245150776], [-76.54348954213012, 3.4453876013918063], [-76.54538907339162, 3.445616947400731]]]}}, {"type": "Feature", "properties": {"h3_index": "8966f1cec27ffff", "lat": 3.427841553578652, "lng": -76.54613100990971, "nivel_admin_1": "Comuna 19", "nivel_admin_2": "Santa Isabel", "estrato_promedio_200m": 4.0, "dist_sitp": 500, "dist_tm": 1500, "dist_ciclo": 800}, "geometry": {"type": "Polygon", "coordinates": [[[-76.5469270313022, 3.4295618391086844], [-76.54803066577111, 3.4280708538599005], [-76.5472346426235, 3.4263505462983743], [-76.54533498285338, 3.4261212489605577], [-76.54423136765098, 3.427612251070277], [-76.54502739295111, 3.4293325336568854], [-76.5469270313022, 3.4295618391086844]]]}}, {"type": "Feature", "properties": {"h3_index": "8966f1c5187ffff", "lat": 3.4602917699206035, "lng": -76.50555827597937, "nivel_admin_1": "Comuna 04", "nivel_admin_2": "La Esmeralda", "estrato_promedio_200m": 2.0, "dist_sitp": 500, "dist_tm": 1500, "dist_ciclo": 800}, "geometry": {"type": "Polygon", "coordinates": [[[-76.50635428783978, 3.46201152466611], [-76.50745741948604, 3.460521207480751], [-76.50666140584741, 3.4588014306659196], [-76.50476225847189, 3.458571996065954], [-76.5036591461582, 3.4600623301102393], [-76.50445516188634, 3.4617820818955694], [-76.50635428783978, 3.46201152466611]]]}}, {"type": "Feature", "properties": {"h3_index": "8966f1ced7bffff", "lat": 3.417519439681731, "lng": -76.54135476262199, "nivel_admin_1": "Comuna 19", "nivel_admin_2": "Los Cámbulos", "estrato_promedio_200m": 4.0, "dist_sitp": 500, "dist_tm": 1500, "dist_ciclo": 800}, "geometry": {"type": "Polygon", "coordinates": [[[-76.54215081799406, 3.4192398396833497], [-76.54325444192497, 3.4177487222705127], [-76.54245838479488, 3.4160283002473593], [-76.54055870158753, 3.415799020614759], [-76.53945509693264, 3.4172901548785455], [-76.54025115620799, 3.419010551923984], [-76.54215081799406, 3.4192398396833497]]]}}, {"type": "Feature", "properties": {"h3_index": "8966f1c5e57ffff", "lat": 3.4327734470411997, "lng": -76.51971873077783, "nivel_admin_1": "Comuna 10", "nivel_admin_2": "Las Acacias", "estrato_promedio_200m": 3.0, "dist_sitp": 500, "dist_tm": 1500, "dist_ciclo": 800}, "geometry": {"type": "Polygon", "coordinates": [[[-76.52051478620841, 3.434493589895337], [-76.52161814910485, 3.433002797712021], [-76.52082209190392, 3.43128263281823], [-76.51892266969372, 3.4310532851140834], [-76.51781932610875, 3.4325440941458676], [-76.51861538542138, 3.434264234033336], [-76.52051478620841, 3.434493589895337]]]}}, {"type": "Feature", "properties": {"h3_index": "8966f1c511bffff", "lat": 3.4565089293967355, "lng": -76.51456534240664, "nivel_admin_1": "Comuna 04", "nivel_admin_2": "Porvenir", "estrato_promedio_200m": 2.0, "dist_sitp": 500, "dist_tm": 1500, "dist_ciclo": 800}, "geometry": {"type": "Polygon", "coordinates": [[[-76.51536134797581, 3.4582287592131875], [-76.51646457957901, 3.4567383445893975], [-76.51566857223676, 3.4550184927085303], [-76.5137693311868, 3.4547890804697166], [-76.5126661189011, 3.45627951195524], [-76.51346212834677, 3.457999338817844], [-76.51536134797581, 3.4582287592131875]]]}}, {"type": "Feature", "properties": {"h3_index": "8966f1ce98fffff", "lat": 3.405246842001648, "lng": -76.53388252349211, "nivel_admin_1": "Comuna 17", "nivel_admin_2": "Primero de Mayo", "estrato_promedio_200m": 4.0, "dist_sitp": 500, "dist_tm": 1500, "dist_ciclo": 800}, "geometry": {"type": "Polygon", "coordinates": [[[-76.53467862239398, 3.406967372410309], [-76.53578221648417, 3.405476106052176], [-76.5349861158198, 3.403755553633594], [-76.53308641893027, 3.403526292556222], [-76.53198284413045, 3.405017575752343], [-76.53277894692873, 3.4067381031878514], [-76.53467862239398, 3.406967372410309]]]}}, {"type": "Feature", "properties": {"h3_index": "8966f1ceb07ffff", "lat": 3.389987189957644, "lng": -76.55552247058093, "nivel_admin_1": "Comuna 18", "nivel_admin_2": "Prados del Sur", "estrato_promedio_200m": 2.0, "dist_sitp": 500, "dist_tm": 1500, "dist_ciclo": 800}, "geometry": {"type": "Polygon", "coordinates": [[[-76.55631856926588, 3.391707977218868], [-76.5574224242654, 3.390216386266847], [-76.55662632383032, 3.3884955770138583], [-76.55472636622713, 3.388266383667301], [-76.55362253048247, 3.3897579914597857], [-76.55441863308505, 3.39147877575836], [-76.55631856926588, 3.391707977218868]]]}}, {"type": "Feature", "properties": {"h3_index": "8966f1c464fffff", "lat": 3.482071682655689, "lng": -76.49771178732401, "nivel_admin_1": "Comuna 05", "nivel_admin_2": "Villa del Sol", "estrato_promedio_200m": 3.0, "dist_sitp": 500, "dist_tm": 1500, "dist_ciclo": 800}, "geometry": {"type": "Polygon", "coordinates": [[[-76.49850775879648, 3.4837911400770643], [-76.49961073981015, 3.482301184196558], [-76.49881476655516, 3.480581704682804], [-76.49691581020825, 3.4803522060935417], [-76.49581284853804, 3.4818421788432503], [-76.49660882387018, 3.4835616333130313], [-76.49850775879648, 3.4837911400770643]]]}}, {"type": "Feature", "properties": {"h3_index": "8966f1c5363ffff", "lat": 3.438048503981141, "lng": -76.53650650243641, "nivel_admin_1": "Comuna 09", "nivel_admin_2": "Alameda", "estrato_promedio_200m": 3.0, "dist_sitp": 500, "dist_tm": 1500, "dist_ciclo": 800}, "geometry": {"type": "Polygon", "coordinates": [[[-76.53730251542545, 3.4397686323011945], [-76.53840602208453, 3.438277842719344], [-76.53761000733489, 3.4365576923562577], [-76.53571048378755, 3.4363283565635556], [-76.53460699641037, 3.437819163007605], [-76.53540301329753, 3.439539288382159], [-76.53730251542545, 3.4397686323011945]]]}}, {"type": "Feature", "properties": {"h3_index": "8966f1c5cb3ffff", "lat": 3.444697653461203, "lng": -76.48399707586842, "nivel_admin_1": "Comuna 07", "nivel_admin_2": "Urbanización El Ángel del Hogar", "estrato_promedio_200m": 2.0, "dist_sitp": 500, "dist_tm": 1500, "dist_ciclo": 800}, "geometry": {"type": "Polygon", "coordinates": [[[-76.48479316374268, 3.4464175370976045], [-76.48589614059189, 3.444927085123774], [-76.48510005092676, 3.443207179431357], [-76.48320098235487, 3.442977750762868], [-76.48209802487726, 3.4444682195719243], [-76.48289411659884, 3.446188100214251], [-76.48479316374268, 3.4464175370976045]]]}}, {"type": "Feature", "properties": {"h3_index": "8966f1c58c7ffff", "lat": 3.4235991752720683, "lng": -76.49754086622474, "nivel_admin_1": "Comuna 13", "nivel_admin_2": "Calipso", "estrato_promedio_200m": 3.0, "dist_sitp": 500, "dist_tm": 1500, "dist_ciclo": 800}, "geometry": {"type": "Polygon", "coordinates": [[[-76.49833698297718, 3.425319364548616], [-76.49944016324602, 3.4238285361868703], [-76.49864404471033, 3.4221083248773754], [-76.49674474382707, 3.421878966958887], [-76.49564158290899, 3.423369812149438], [-76.49643770352232, 3.4250899984296725], [-76.49833698297718, 3.425319364548616]]]}}, {"type": "Feature", "properties": {"h3_index": "8966f1ce837ffff", "lat": 3.4085721952964674, "lng": -76.54797673202573, "nivel_admin_1": "Comuna 19", "nivel_admin_2": "Cuarto de Legua - Guadalupe", "estrato_promedio_200m": 5.0, "dist_sitp": 500, "dist_tm": 1500, "dist_ciclo": 800}, "geometry": {"type": "Polygon", "coordinates": [[[-76.54877279793654, 3.4102927274025308], [-76.54987651640688, 3.4088014468887433], [-76.5490804487418, 3.407080892771055], [-76.54718066044965, 3.4068516441349908], [-76.54607696124495, 3.408342941497531], [-76.54687303106564, 3.410063470647388], [-76.54877279793654, 3.4102927274025308]]]}}, {"type": "Feature", "properties": {"h3_index": "8966f11b637ffff", "lat": 3.3724366250984095, "lng": -76.53125803960066, "nivel_admin_1": "Comuna 17", "nivel_admin_2": "Sector Ciudad Universitaria", "estrato_promedio_200m": 3.0, "dist_sitp": 500, "dist_tm": 1500, "dist_ciclo": 800}, "geometry": {"type": "Polygon", "coordinates": [[[-76.53205422443037, 3.3741575565731576], [-76.53315790596022, 3.3726658141639962], [-76.53236171936618, 3.3709448607125077], [-76.53046184911086, 3.3707156746477485], [-76.52935818687983, 3.3722074338706327], [-76.5301543756042, 3.3739283623445573], [-76.53205422443037, 3.3741575565731576]]]}}, {"type": "Feature", "properties": {"h3_index": "8966f1c7367ffff", "lat": 3.4898674370748393, "lng": -76.50849146961265, "nivel_admin_1": "Comuna 02", "nivel_admin_2": "Ciudad Los Álamos", "estrato_promedio_200m": 3.0, "dist_sitp": 500, "dist_tm": 1500, "dist_ciclo": 800}, "geometry": {"type": "Polygon", "coordinates": [[[-76.50928740304116, 3.491586829646721], [-76.51039046137988, 3.490096941272599], [-76.50959452617518, 3.488377526601695], [-76.50769553053698, 3.4881480253386], [-76.5065924915222, 3.4896379305937595], [-76.50738842882055, 3.4913573202309918], [-76.50928740304116, 3.491586829646721]]]}}, {"type": "Feature", "properties": {"h3_index": "8966f1c5c6bffff", "lat": 3.4319705531300744, "lng": -76.49962212952539, "nivel_admin_1": "Comuna 12", "nivel_admin_2": "Nueva Floresta", "estrato_promedio_200m": 3.0, "dist_sitp": 500, "dist_tm": 1500, "dist_ciclo": 800}, "geometry": {"type": "Polygon", "coordinates": [[[-76.50041822191237, 3.433690644181127], [-76.50152139352943, 3.432199931213044], [-76.50072529936048, 3.4304798181207614], [-76.49882603149264, 3.4302504430256233], [-76.49772287922178, 3.4317411728295513], [-76.49851897547147, 3.4334612608927917], [-76.50041822191237, 3.433690644181127]]]}}, {"type": "Feature", "properties": {"h3_index": "8966f1ce817ffff", "lat": 3.4156834727463927, "lng": -76.55306073040474, "nivel_admin_1": "Comuna 19", "nivel_admin_2": "El Lido", "estrato_promedio_200m": 5.0, "dist_sitp": 500, "dist_tm": 1500, "dist_ciclo": 800}, "geometry": {"type": "Polygon", "coordinates": [[[-76.55385676973734, 3.4174039315386175], [-76.55496051272368, 3.41591273392638], [-76.55416447163981, 3.41419225311589], [-76.55226468540513, 3.4139629948815244], [-76.55116096167482, 3.415454209350473], [-76.55195700492204, 3.417174665197086], [-76.55385676973734, 3.4174039315386175]]]}}, {"type": "Feature", "properties": {"h3_index": "8966f11b217ffff", "lat": 3.3570594789770825, "lng": -76.53849550437211, "nivel_admin_1": "Comuna 22", "nivel_admin_2": "Urbanización Ciudad Jardín", "estrato_promedio_200m": 6.0, "dist_sitp": 500, "dist_tm": 1500, "dist_ciclo": 800}, "geometry": {"type": "Polygon", "coordinates": [[[-76.53929171462674, 3.3587806241407048], [-76.54039551876748, 3.357288620780998], [-76.53959930675252, 3.355567453657226], [-76.53769928845404, 3.3553383148584386], [-76.5365955036015, 3.3568303350255597], [-76.53739171775814, 3.3585514771840503], [-76.53929171462674, 3.3587806241407048]]]}}, {"type": "Feature", "properties": {"h3_index": "8966f11b6cfffff", "lat": 3.3821870910825322, "lng": -76.54473827770862, "nivel_admin_1": "Comuna 18", "nivel_admin_2": "Sector Cuarteles de Nápoles", "estrato_promedio_200m": 1.0, "dist_sitp": 500, "dist_tm": 1500, "dist_ciclo": 800}, "geometry": {"type": "Polygon", "coordinates": [[[-76.54553441471539, 3.3839079425401914], [-76.54663819266614, 3.3824162842441687], [-76.54584205390292, 3.3806954108014198], [-76.54394213503687, 3.380466220619402], [-76.54283837636054, 3.3819578957439944], [-76.54363451727473, 3.383678744222048], [-76.54553441471539, 3.3839079425401914]]]}}, {"type": "Feature", "properties": {"h3_index": "8966f1c5bcbffff", "lat": 3.4018076178516896, "lng": -76.50538876651795, "nivel_admin_1": "Comuna 15", "nivel_admin_2": "Ciudad Córdoba", "estrato_promedio_200m": 3.0, "dist_sitp": 500, "dist_tm": 1500, "dist_ciclo": 800}, "geometry": {"type": "Polygon", "coordinates": [[[-76.50618492367376, 3.4035281034408245], [-76.50728825463065, 3.4020369147974066], [-76.50649209569589, 3.400316407198477], [-76.50459260371309, 3.4000871132576624], [-76.50348929209609, 3.4015783187195296], [-76.50428545312086, 3.403298801303771], [-76.50618492367376, 3.4035281034408245]]]}}, {"type": "Feature", "properties": {"h3_index": "8966f1ce1a3ffff", "lat": 3.4511211151007295, "lng": -76.56407734749897, "nivel_admin_1": "Comuna 01", "nivel_admin_2": "Terrón Colorado", "estrato_promedio_200m": 2.0, "dist_sitp": 500, "dist_tm": 1500, "dist_ciclo": 800}, "geometry": {"type": "Polygon", "coordinates": [[[-76.56487327955193, 3.452841163784397], [-76.56597700675592, 3.451350444426773], [-76.56518107295842, 3.449630373690058], [-76.563281409776, 3.4494010472713796], [-76.56217770180477, 3.4508917835167554], [-76.56297363778214, 3.452611829293065], [-76.56487327955193, 3.452841163784397]]]}}, {"type": "Feature", "properties": {"h3_index": "8966f1c548fffff", "lat": 3.495142219415696, "lng": -76.52527558551768, "nivel_admin_1": "Comuna 02", "nivel_admin_2": "Menga", "estrato_promedio_200m": 6.0, "dist_sitp": 500, "dist_tm": 1500, "dist_ciclo": 800}, "geometry": {"type": "Polygon", "coordinates": [[[-76.52607147661502, 3.4968615970147967], [-76.52717467878114, 3.495371711146352], [-76.52637878591734, 3.493652311444876], [-76.52447968876687, 3.493422822627737], [-76.52337650589516, 3.4949127253908996], [-76.52417240087841, 3.4966321000764924], [-76.52607147661502, 3.4968615970147967]]]}}, {"type": "Feature", "properties": {"h3_index": "8966f1c42cbffff", "lat": 3.4692332324722357, "lng": -76.49893982806324, "nivel_admin_1": "Comuna 05", "nivel_admin_2": "Los Andes", "estrato_promedio_200m": 3.0, "dist_sitp": 500, "dist_tm": 1500, "dist_ciclo": 800}, "geometry": {"type": "Polygon", "coordinates": [[[-76.49973582924129, 3.4709528547672415], [-76.50083886623398, 3.469462701313948], [-76.50004286327399, 3.4677430569397445], [-76.49814382124102, 3.467513591058157], [-76.4970408035912, 3.4690037613725635], [-76.49783680863038, 3.4707233807074473], [-76.49973582924129, 3.4709528547672415]]]}}, {"type": "Feature", "properties": {"h3_index": "8966f1cecabffff", "lat": 3.436213473068464, "lng": -76.54821143751509, "nivel_admin_1": "Comuna 19", "nivel_admin_2": "Tejares - Cristales", "estrato_promedio_200m": 3.0, "dist_sitp": 500, "dist_tm": 1500, "dist_ciclo": 800}, "geometry": {"type": "Polygon", "coordinates": [[[-76.54900743449572, 3.437933660168746], [-76.55011106022833, 3.4364427902727552], [-76.54931506149386, 3.4347225811327076], [-76.54741543487006, 3.4344932668633534], [-76.54631182839937, 3.435984153627305], [-76.54710782928944, 3.43770433779265], [-76.54900743449572, 3.437933660168746]]]}}, {"type": "Feature", "properties": {"h3_index": "8966f1c5803ffff", "lat": 3.418438493237829, "lng": -76.49515248209694, "nivel_admin_1": "Comuna 13", "nivel_admin_2": "El Poblado I", "estrato_promedio_200m": 2.0, "dist_sitp": 500, "dist_tm": 1500, "dist_ciclo": 800}, "geometry": {"type": "Polygon", "coordinates": [[[-76.49594861578437, 3.4201587396128854], [-76.49705179070202, 3.418667845157295], [-76.49625565522987, 3.416947576754272], [-76.49435634276499, 3.4167182278375052], [-76.49325318720288, 3.418209139116899], [-76.49404932474903, 3.4199293824892663], [-76.49594861578437, 3.4201587396128854]]]}}, {"type": "Feature", "properties": {"h3_index": "8966f1c5d5bffff", "lat": 3.42864475537317, "lng": -76.4855315403067, "nivel_admin_1": "Comuna 13", "nivel_admin_2": "Los Lagos", "estrato_promedio_200m": 3.0, "dist_sitp": 500, "dist_tm": 1500, "dist_ciclo": 800}, "geometry": {"type": "Polygon", "coordinates": [[[-76.48632766533487, 3.430364844503665], [-76.48743071217412, 3.4288741459591616], [-76.4866345853558, 3.427154034789159], [-76.48473540963809, 3.4269246472079233], [-76.4836323821697, 3.428415362577494], [-76.48442851104707, 3.430135448703253], [-76.48632766533487, 3.430364844503665]]]}}, {"type": "Feature", "properties": {"h3_index": "8966f1c5997ffff", "lat": 3.4137364920782542, "lng": -76.46966653005599, "nivel_admin_1": "Comuna 21", "nivel_admin_2": "Calimio Desepaz", "estrato_promedio_200m": 1.0, "dist_sitp": 500, "dist_tm": 1500, "dist_ciclo": 800}, "geometry": {"type": "Polygon", "coordinates": [[[-76.47046271939926, 3.415456718251048], [-76.47156566393987, 3.4139658695223645], [-76.47076947279712, 3.4122456213233834], [-76.46887033507788, 3.412016246911599], [-76.46776740993727, 3.4135071124455094], [-76.4685636031148, 3.4152273355859863], [-76.47046271939926, 3.415456718251048]]]}}, {"type": "Feature", "properties": {"h3_index": "8966f1c580bffff", "lat": 3.4171769234708678, "lng": -76.4981549814036, "nivel_admin_1": "Comuna 13", "nivel_admin_2": "El Poblado I", "estrato_promedio_200m": 2.0, "dist_sitp": 500, "dist_tm": 1500, "dist_ciclo": 800}, "geometry": {"type": "Polygon", "coordinates": [[[-76.49895111301409, 3.418897194874462], [-76.5000543212821, 3.4174062679864563], [-76.49925818788861, 3.4156859745565304], [-76.49735884414737, 3.415456633041526], [-76.49625565522987, 3.416947576754272], [-76.49705179070202, 3.418667845157295], [-76.49895111301409, 3.418897194874462]]]}}, {"type": "Feature", "properties": {"h3_index": "8966f1c462bffff", "lat": 3.4774851982231736, "lng": -76.48662523205306, "nivel_admin_1": "Comuna 06", "nivel_admin_2": "San Luis", "estrato_promedio_200m": 2.0, "dist_sitp": 500, "dist_tm": 1500, "dist_ciclo": 800}, "geometry": {"type": "Polygon", "coordinates": [[[-76.48742123408452, 3.4792046791219553], [-76.4885241237005, 3.477714705187138], [-76.48772811988006, 3.4759952021993232], [-76.48582922438243, 3.475765698201776], [-76.48472635412953, 3.477255688995991], [-76.48552236001008, 3.4789751669283615], [-76.48742123408452, 3.4792046791219553]]]}}, {"type": "Feature", "properties": {"h3_index": "8966f1cedabffff", "lat": 3.4225664901656954, "lng": -76.5293421308734, "nivel_admin_1": "Comuna 10", "nivel_admin_2": "El Dorado", "estrato_promedio_200m": 3.0, "dist_sitp": 500, "dist_tm": 1500, "dist_ciclo": 800}, "geometry": {"type": "Polygon", "coordinates": [[[-76.53013819479179, 3.424286790227374], [-76.53124168558834, 3.4227958023179244], [-76.53044561990505, 3.421075480228132], [-76.52854606129742, 3.4208461710405147], [-76.52744258979699, 3.4223371757971752], [-76.52823865760698, 3.424057472894248], [-76.53013819479179, 3.424286790227374]]]}}, {"type": "Feature", "properties": {"h3_index": "8966f1c5adbffff", "lat": 3.4186672137785075, "lng": -76.52395090199556, "nivel_admin_1": "Comuna 10", "nivel_admin_2": "El Guabal", "estrato_promedio_200m": 3.0, "dist_sitp": 500, "dist_tm": 1500, "dist_ciclo": 800}, "geometry": {"type": "Polygon", "coordinates": [[[-76.52474698500728, 3.420387546023584], [-76.52585043720671, 3.41889652442268], [-76.52505435242693, 3.417176170152825], [-76.52315481332818, 3.4169468624817525], [-76.5220513804346, 3.4184379009239314], [-76.52284746733284, 3.420158230195914], [-76.52474698500728, 3.420387546023584]]]}}, {"type": "Feature", "properties": {"h3_index": "8966f1ce847ffff", "lat": 3.4118974627969254, "lng": -76.56207154656639, "nivel_admin_1": "Comuna 19", "nivel_admin_2": "Cañaveralejo Guadalupe", "estrato_promedio_200m": 3.0, "dist_sitp": 500, "dist_tm": 1500, "dist_ciclo": 800}, "geometry": {"type": "Polygon", "coordinates": [[[-76.56286757938616, 3.413617996463162], [-76.56397142211279, 3.4121267018588717], [-76.56317538754689, 3.410406146179303], [-76.56127550807598, 3.410176910056643], [-76.5601716845903, 3.41166822152045], [-76.5609677213335, 3.41338875224742], [-76.56286757938616, 3.413617996463162]]]}}, {"type": "Feature", "properties": {"h3_index": "8966f1ced9bffff", "lat": 3.4328880044509584, "lng": -76.53411842951141, "nivel_admin_1": "Comuna 19", "nivel_admin_2": "Urbanización Colseguros", "estrato_promedio_200m": 4.0, "dist_sitp": 500, "dist_tm": 1500, "dist_ciclo": 800}, "geometry": {"type": "Polygon", "coordinates": [[[-76.53491445947914, 3.4346081900522396], [-76.536017960855, 3.4331173343462735], [-76.53522192912527, 3.431397126706928], [-76.53332239388463, 3.4311677997634824], [-76.53221891179538, 3.4326586723266477], [-76.53301494565905, 3.4343788549760617], [-76.53491445947914, 3.4346081900522396]]]}}, {"type": "Feature", "properties": {"h3_index": "8966f1c5127ffff", "lat": 3.445501343582256, "lng": -76.50409149113749, "nivel_admin_1": "Comuna 08", "nivel_admin_2": "Chapinero", "estrato_promedio_200m": 3.0, "dist_sitp": 500, "dist_tm": 1500, "dist_ciclo": 800}, "geometry": {"type": "Polygon", "coordinates": [[[-76.50488754221797, 3.447221279099215], [-76.5059907105192, 3.445730747725814], [-76.50519465765946, 3.444010790154388], [-76.50329543440996, 3.4437813889837807], [-76.50219228544562, 3.4452719372050358], [-76.50298834039279, 3.4469918697490556], [-76.50488754221797, 3.447221279099215]]]}}, {"type": "Feature", "properties": {"h3_index": "8966f11b353ffff", "lat": 3.344781809447737, "lng": -76.53102184596325, "nivel_admin_1": "Comuna 22", "nivel_admin_2": "Parcelaciones Pance", "estrato_promedio_200m": 3.0, "dist_sitp": 500, "dist_tm": 1500, "dist_ciclo": 800}, "geometry": {"type": "Polygon", "coordinates": [[[-76.5318180997536, 3.3465030841967787], [-76.53292187402751, 3.3450109323037998], [-76.53212561847238, 3.343289635606273], [-76.53022558651192, 3.343060515772345], [-76.52912183154056, 3.344552684459733], [-76.52991808922602, 3.346273956186644], [-76.5318180997536, 3.3465030841967787]]]}}, {"type": "Feature", "properties": {"h3_index": "8966f1c5cb7ffff", "lat": 3.4427483198697835, "lng": -76.48130192751712, "nivel_admin_1": "Comuna 21", "nivel_admin_2": "Sector Planta de Tratamiento", "estrato_promedio_200m": 3.0, "dist_sitp": 500, "dist_tm": 1500, "dist_ciclo": 800}, "geometry": {"type": "Polygon", "coordinates": [[[-76.48209802487726, 3.4444682195719243], [-76.48320098235487, 3.442977750762868], [-76.48240488320232, 3.441257829006377], [-76.48050582451869, 3.4410284011116197], [-76.47940288641753, 3.4425188867529415], [-76.48019898762244, 3.4442387834567585], [-76.48209802487726, 3.4444682195719243]]]}}, {"type": "Feature", "properties": {"h3_index": "8966f1c5d83ffff", "lat": 3.434950832845629, "lng": -76.4705213383234, "nivel_admin_1": "Comuna 21", "nivel_admin_2": "Valle Grande", "estrato_promedio_200m": 3.0, "dist_sitp": 500, "dist_tm": 1500, "dist_ciclo": 800}, "geometry": {"type": "Polygon", "coordinates": [[[-76.47131747359174, 3.4366707967092975], [-76.47242035353429, 3.435180260588986], [-76.47162421646722, 3.433460274677629], [-76.46972519742064, 3.4332308499495388], [-76.46862233687403, 3.434721402890254], [-76.46941847597694, 3.4364413637386644], [-76.47131747359174, 3.4366707967092975]]]}}, {"type": "Feature", "properties": {"h3_index": "8966f1c5d33ffff", "lat": 3.42336936408965, "lng": -76.46874633155647, "nivel_admin_1": "Comuna 14", "nivel_admin_2": "Manuela Beltrán", "estrato_promedio_200m": 1.0, "dist_sitp": 500, "dist_tm": 1500, "dist_ciclo": 800}, "geometry": {"type": "Polygon", "coordinates": [[[-76.46954249859598, 3.425089467154752], [-76.47064540113831, 3.423598766284575], [-76.4698492322989, 3.421878641183363], [-76.46795015888281, 3.4216492420143547], [-76.46684727574089, 3.4231399596958587], [-76.46764344661354, 3.4248600597350554], [-76.46954249859598, 3.425089467154752]]]}}, {"type": "Feature", "properties": {"h3_index": "8966f1c5a87ffff", "lat": 3.415341646998022, "lng": -76.50985842212046, "nivel_admin_1": "Comuna 16", "nivel_admin_2": "Antonio Nariño", "estrato_promedio_200m": 2.0, "dist_sitp": 500, "dist_tm": 1500, "dist_ciclo": 800}, "geometry": {"type": "Polygon", "coordinates": [[[-76.51065453794972, 3.417061977423891], [-76.51175786557012, 3.4155709701098833], [-76.51096174796461, 3.413850617660952], [-76.50906230064088, 3.4136212975391222], [-76.50795899235105, 3.415112321683635], [-76.50875511205328, 3.4168326491194745], [-76.51065453794972, 3.417061977423891]]]}}, {"type": "Feature", "properties": {"h3_index": "8966f1c5a07ffff", "lat": 3.407656928850747, "lng": -76.51347569157153, "nivel_admin_1": "Comuna 16", "nivel_admin_2": "República de Israel", "estrato_promedio_200m": 2.0, "dist_sitp": 500, "dist_tm": 1500, "dist_ciclo": 800}, "geometry": {"type": "Polygon", "coordinates": [[[-76.51427182015425, 3.40937736638537], [-76.51537520910158, 3.4078862282151707], [-76.51457907874462, 3.406165768665739], [-76.51267955733684, 3.4059364722934946], [-76.51157618771475, 3.407427627291065], [-76.51237232017411, 3.4091480618335184], [-76.51427182015425, 3.40937736638537]]]}}, {"type": "Feature", "properties": {"h3_index": "8966f1c5a73ffff", "lat": 3.405133157074846, "lng": -76.51948160061099, "nivel_admin_1": "Comuna 16", "nivel_admin_2": "Mariano Ramos", "estrato_promedio_200m": 2.0, "dist_sitp": 500, "dist_tm": 1500, "dist_ciclo": 800}, "geometry": {"type": "Polygon", "coordinates": [[[-76.5202777249784, 3.406853644615459], [-76.52138118056327, 3.405362441680487], [-76.52058505442507, 3.403641932128346], [-76.5186854705892, 3.4034126505106674], [-76.51758203431955, 3.4049038702748877], [-76.51837816256943, 3.4066243548275437], [-76.5202777249784, 3.406853644615459]]]}}, {"type": "Feature", "properties": {"h3_index": "8966f11b373ffff", "lat": 3.337667408347851, "lng": -76.52593674419882, "nivel_admin_1": "Comuna 22", "nivel_admin_2": "Parcelaciones Pance", "estrato_promedio_200m": 3.0, "dist_sitp": 500, "dist_tm": 1500, "dist_ciclo": 800}, "geometry": {"type": "Polygon", "coordinates": [[[-76.52673302452375, 3.3393887557488617], [-76.52783677419457, 3.3378965212260763], [-76.52704049210183, 3.3361751518832556], [-76.52514045821462, 3.3359460420377918], [-76.524036727856, 3.337438293346978], [-76.52483301207128, 3.339159637715241], [-76.52673302452375, 3.3393887557488617]]]}}, {"type": "Feature", "properties": {"h3_index": "8966f1ce977ffff", "lat": 3.394348790436691, "lng": -76.5378084103616, "nivel_admin_1": "Comuna 17", "nivel_admin_2": "Los Portales - Nuevo Rey", "estrato_promedio_200m": 3.0, "dist_sitp": 500, "dist_tm": 1500, "dist_ciclo": 800}, "geometry": {"type": "Polygon", "coordinates": [[[-76.53860452939404, 3.3960694689315356], [-76.53970819877637, 3.3945780226983553], [-76.53891207798362, 3.3928573222051837], [-76.53701228566732, 3.392628092920961], [-76.53590863556988, 3.39411955598696], [-76.53670475850275, 3.395840231504368], [-76.53860452939404, 3.3960694689315356]]]}}, {"type": "Feature", "properties": {"h3_index": "8966f1c5c93ffff", "lat": 3.451806517215092, "lng": -76.48908044284991, "nivel_admin_1": "Comuna 08", "nivel_admin_2": "Urbanización La Nueva Base", "estrato_promedio_200m": 3.0, "dist_sitp": 500, "dist_tm": 1500, "dist_ciclo": 800}, "geometry": {"type": "Polygon", "coordinates": [[[-76.48987650431256, 3.4535263275494343], [-76.4909795058934, 3.4520359585967695], [-76.4901834426429, 3.4503161261997795], [-76.48828437574626, 3.450086687801571], [-76.48718139352738, 3.4515770735974196], [-76.4879774588421, 3.453296880948296], [-76.48987650431256, 3.4535263275494343]]]}}, {"type": "Feature", "properties": {"h3_index": "8966f1c5cabffff", "lat": 3.4402261495529696, "lng": -76.48730604840787, "nivel_admin_1": "Comuna 13", "nivel_admin_2": "Charco Azul", "estrato_promedio_200m": 1.0, "dist_sitp": 500, "dist_tm": 1500, "dist_ciclo": 800}, "geometry": {"type": "Polygon", "coordinates": [[[-76.48810214165282, 3.4419460993524806], [-76.48920516586361, 3.440455565560873], [-76.48840907082966, 3.4387355937102773], [-76.4865099495222, 3.4385061806964803], [-76.48540694467782, 3.439996731322213], [-76.48620304177341, 3.4417166781276287], [-76.48810214165282, 3.4419460993524806]]]}}, {"type": "Feature", "properties": {"h3_index": "8966f1c5397ffff", "lat": 3.454675030233069, "lng": -76.52626831565915, "nivel_admin_1": "Comuna 03", "nivel_admin_2": "San Nicolás", "estrato_promedio_200m": 2.0, "dist_sitp": 500, "dist_tm": 1500, "dist_ciclo": 800}, "geometry": {"type": "Polygon", "coordinates": [[[-76.52706430535288, 3.4563949189143552], [-76.52816765616663, 3.454904423780666], [-76.52737166470656, 3.4531845130382193], [-76.52547232031014, 3.452955122433927], [-76.52436898879397, 3.4544456344351073], [-76.52516498237554, 3.4561655201730956], [-76.52706430535288, 3.4563949189143552]]]}}, {"type": "Feature", "properties": {"h3_index": "8966f1c5117ffff", "lat": 3.4558206703290977, "lng": -76.50886771290662, "nivel_admin_1": "Comuna 07", "nivel_admin_2": "Sector Parque de la Caña", "estrato_promedio_200m": 3.0, "dist_sitp": 500, "dist_tm": 1500, "dist_ciclo": 800}, "geometry": {"type": "Polygon", "coordinates": [[[-76.50966373009985, 3.4575404912776406], [-76.51076690906642, 3.4560500922657584], [-76.50997089009684, 3.4543302492528194], [-76.5080716900649, 3.4541008302763676], [-76.50696853042572, 3.4555912461460907], [-76.50776455148997, 3.4573110641344407], [-76.50966373009985, 3.4575404912776406]]]}}, {"type": "Feature", "properties": {"h3_index": "8966f11b487ffff", "lat": 3.3928599460183557, "lng": -76.51200897828168, "nivel_admin_1": "Comuna 15", "nivel_admin_2": "El Morichal", "estrato_promedio_200m": 3.0, "dist_sitp": 500, "dist_tm": 1500, "dist_ciclo": 800}, "geometry": {"type": "Polygon", "coordinates": [[[-76.51280514610201, 3.3945805636414907], [-76.51390857173027, 3.393089211843096], [-76.51311240213472, 3.391368572220072], [-76.51121280480946, 3.3911393094002857], [-76.51010939851076, 3.392630678014941], [-76.51090557020665, 3.394351292633136], [-76.51280514610201, 3.3945805636414907]]]}}, {"type": "Feature", "properties": {"h3_index": "8966f1c4207ffff", "lat": 3.46143670169878, "lng": -76.48815968955061, "nivel_admin_1": "Comuna 07", "nivel_admin_2": "San Marino", "estrato_promedio_200m": 2.0, "dist_sitp": 500, "dist_tm": 1500, "dist_ciclo": 800}, "geometry": {"type": "Polygon", "coordinates": [[[-76.48895572872591, 3.463156388560235], [-76.4900586883178, 3.461666167680277], [-76.48926264735425, 3.4599464587462663], [-76.48736364473504, 3.4597169957418417], [-76.48626070450553, 3.461207233471077], [-76.48705674753175, 3.4629269173554693], [-76.48895572872591, 3.463156388560235]]]}}, {"type": "Feature", "properties": {"h3_index": "8966f1c5353ffff", "lat": 3.448368987306386, "lng": -76.54128249546503, "nivel_admin_1": "Comuna 03", "nivel_admin_2": "San Antonio", "estrato_promedio_200m": 3.0, "dist_sitp": 500, "dist_tm": 1500, "dist_ciclo": 800}, "geometry": {"type": "Polygon", "coordinates": [[[-76.54207847449007, 3.4500890009619525], [-76.54318199170261, 3.4485983436730363], [-76.54238601091986, 3.446878307964505], [-76.54048651077869, 3.4466489545306134], [-76.53938301283857, 3.448139628691705], [-76.54017899576608, 3.4498596394145182], [-76.54207847449007, 3.4500890009619525]]]}}, {"type": "Feature", "properties": {"h3_index": "8966f1cec93ffff", "lat": 3.447795699224431, "lng": -76.5499841475336, "nivel_admin_1": "Comuna 02", "nivel_admin_2": "Arboledas", "estrato_promedio_200m": 6.0, "dist_sitp": 500, "dist_tm": 1500, "dist_ciclo": 800}, "geometry": {"type": "Polygon", "coordinates": [[[-76.55078011268382, 3.4495157466428776], [-76.55188371567915, 3.448025041416397], [-76.55108774877625, 3.446304971946611], [-76.54918817671872, 3.4460756326789532], [-76.54808459298086, 3.447566354782437], [-76.54888056204196, 3.449286399276575], [-76.55078011268382, 3.4495157466428776]]]}}, {"type": "Feature", "properties": {"h3_index": "8966f1c5d23ffff", "lat": 3.420158497073621, "lng": -76.46905305782488, "nivel_admin_1": "Comuna 14", "nivel_admin_2": "Manuela Beltrán", "estrato_promedio_200m": 1.0, "dist_sitp": 500, "dist_tm": 1500, "dist_ciclo": 800}, "geometry": {"type": "Polygon", "coordinates": [[[-76.4698492322989, 3.421878641183363], [-76.47095214884038, 3.420387891019131], [-76.47015597256659, 3.418667724876587], [-76.46825687771651, 3.418438333959121], [-76.46715398057529, 3.4199291009326473], [-76.46795015888281, 3.4216492420143547], [-76.4698492322989, 3.421878641183363]]]}}, {"type": "Feature", "properties": {"h3_index": "8966f1c5b57ffff", "lat": 3.3966460470700857, "lng": -76.50300026115723, "nivel_admin_1": "Comuna 15", "nivel_admin_2": "El Morichal", "estrato_promedio_200m": 3.0, "dist_sitp": 500, "dist_tm": 1500, "dist_ciclo": 800}, "geometry": {"type": "Polygon", "coordinates": [[[-76.50379643525945, 3.3983665896625332], [-76.50489976087799, 3.3968753349947045], [-76.50410358499538, 3.3951547703974385], [-76.5022040814067, 3.394925485484091], [-76.50110077513277, 3.39641675696537], [-76.50189695310179, 3.398137296546551], [-76.50379643525945, 3.3983665896625332]]]}}, {"type": "Feature", "properties": {"h3_index": "8966f1c5c07ffff", "lat": 3.4389650045025326, "lng": -76.49030820586064, "nivel_admin_1": "Comuna 13", "nivel_admin_2": "Lleras Restrepo II", "estrato_promedio_200m": 3.0, "dist_sitp": 500, "dist_tm": 1500, "dist_ciclo": 800}, "geometry": {"type": "Polygon", "coordinates": [[[-76.49110429704105, 3.4406849793451215], [-76.49220735461111, 3.4391944130724124], [-76.49141126164344, 3.4374744161803847], [-76.48951210903833, 3.437245010602508], [-76.48840907082966, 3.4387355937102773], [-76.48920516586361, 3.440455565560873], [-76.49110429704105, 3.4406849793451215]]]}}, {"type": "Feature", "properties": {"h3_index": "8966f1ce9cbffff", "lat": 3.4066223932943998, "lng": -76.54528088575972, "nivel_admin_1": "Comuna 19", "nivel_admin_2": "Camino Real - Joaquín Borrero Sinisterra", "estrato_promedio_200m": 5.0, "dist_sitp": 500, "dist_tm": 1500, "dist_ciclo": 800}, "geometry": {"type": "Polygon", "coordinates": [[[-76.54607696124495, 3.408342941497531], [-76.54718066044965, 3.4068516441349908], [-76.54638458320854, 3.4051310739218907], [-76.54448480461016, 3.4049018260417574], [-76.543381124676, 3.4063931402500836], [-76.54417720406859, 3.4081136854927627], [-76.54607696124495, 3.408342941497531]]]}}, {"type": "Feature", "properties": {"h3_index": "8966f1c42a7ffff", "lat": 3.4620090100697682, "lng": -76.47946096003831, "nivel_admin_1": "Comuna 07", "nivel_admin_2": "Alfonso Lopez Pumarejo 1a Etapa", "estrato_promedio_200m": 2.0, "dist_sitp": 500, "dist_tm": 1500, "dist_ciclo": 800}, "geometry": {"type": "Polygon", "coordinates": [[[-76.48025701281311, 3.4637286629361044], [-76.48135988631114, 3.462238490259535], [-76.48056383174308, 3.46051881531903], [-76.4786649016266, 3.4602893381147792], [-76.47756204750586, 3.461779527635794], [-76.47835810412319, 3.4634991775166246], [-76.48025701281311, 3.4637286629361044]]]}}, {"type": "Feature", "properties": {"h3_index": "8966f1ce8cfffff", "lat": 3.4183209747159045, "lng": -76.56145596483033, "nivel_admin_1": "Comuna 20", "nivel_admin_2": "Lleras Camargo", "estrato_promedio_200m": 1.0, "dist_sitp": 500, "dist_tm": 1500, "dist_ciclo": 800}, "geometry": {"type": "Polygon", "coordinates": [[[-76.56225198281604, 3.420041426184423], [-76.56335579754136, 3.4185502299588952], [-76.56255977780928, 3.4168297564704244], [-76.56065994117448, 3.4166005041624383], [-76.55955614569037, 3.418091717251543], [-76.56035216759874, 3.4198121657850593], [-76.56225198281604, 3.420041426184423]]]}}, {"type": "Feature", "properties": {"h3_index": "8966f1c4663ffff", "lat": 3.478173712322151, "lng": -76.49232194815123, "nivel_admin_1": "Comuna 05", "nivel_admin_2": "Chiminangos Segunda Etapa", "estrato_promedio_200m": 3.0, "dist_sitp": 500, "dist_tm": 1500, "dist_ciclo": 800}, "geometry": {"type": "Polygon", "coordinates": [[[-76.49311793862455, 3.479893202107482], [-76.49422088094643, 3.478403212491532], [-76.49342488868744, 3.4766837006171385], [-76.4915259520366, 3.47645420340783], [-76.49042302906791, 3.4779442098870774], [-76.49121902339576, 3.479663696712344], [-76.49311793862455, 3.479893202107482]]]}}, {"type": "Feature", "properties": {"h3_index": "8966f1c5e33ffff", "lat": 3.428186347153302, "lng": -76.5086296774982, "nivel_admin_1": "Comuna 11", "nivel_admin_2": "San Benito", "estrato_promedio_200m": 2.0, "dist_sitp": 500, "dist_tm": 1500, "dist_ciclo": 800}, "geometry": {"type": "Polygon", "coordinates": [[[-76.50942576362029, 3.429906513273891], [-76.51052903524243, 3.4284157029818063], [-76.50973294734352, 3.426695514824919], [-76.50783358572674, 3.4264661619779124], [-76.50673033343575, 3.4279569891086212], [-76.50752642342933, 3.4296771522477196], [-76.50942576362029, 3.429906513273891]]]}}, {"type": "Feature", "properties": {"h3_index": "8966f1c517bffff", "lat": 3.44882708190248, "lng": -76.51818233803372, "nivel_admin_1": "Comuna 09", "nivel_admin_2": "Barrio Obrero", "estrato_promedio_200m": 2.0, "dist_sitp": 500, "dist_tm": 1500, "dist_ciclo": 800}, "geometry": {"type": "Polygon", "coordinates": [[[-76.51897835634402, 3.450547019070644], [-76.52008164925046, 3.4490564733433633], [-76.51928562916912, 3.447336514119016], [-76.5173863140711, 3.44710712563416], [-76.51628304047685, 3.448597688220051], [-76.51707906266734, 3.450317622432204], [-76.51897835634402, 3.450547019070644]]]}}, {"type": "Feature", "properties": {"h3_index": "8966f1c557bffff", "lat": 3.471298370662364, "lng": -76.51603166427014, "nivel_admin_1": "Comuna 02", "nivel_admin_2": "Prados del Norte", "estrato_promedio_200m": 5.0, "dist_sitp": 500, "dist_tm": 1500, "dist_ciclo": 800}, "geometry": {"type": "Polygon", "coordinates": [[[-76.51682763061578, 3.4730180195033724], [-76.51793082554808, 3.471527819145384], [-76.51713485743036, 3.4698081482251215], [-76.51523569227378, 3.4695787026832052], [-76.51413251665468, 3.4710689199139724], [-76.51492848687789, 3.4727885658138744], [-76.51682763061578, 3.4730180195033724]]]}}, {"type": "Feature", "properties": {"h3_index": "8966f1c59c7ffff", "lat": 3.409951876893143, "lng": -76.47867300696355, "nivel_admin_1": "Comuna 21", "nivel_admin_2": "Sector Villamercedes I - Villa Luz - Las Garzas", "estrato_promedio_200m": 3.0, "dist_sitp": 500, "dist_tm": 1500, "dist_ciclo": 800}, "geometry": {"type": "Polygon", "coordinates": [[[-76.4794691901798, 3.411672178223863], [-76.48057223489064, 3.4101812321228255], [-76.47977604988007, 3.4084609087708317], [-76.47787681810884, 3.4082315565671486], [-76.47677379278291, 3.4097225194762184], [-76.47756997984219, 3.4114428177809484], [-76.4794691901798, 3.411672178223863]]]}}, {"type": "Feature", "properties": {"h3_index": "8966f1c51c7ffff", "lat": 3.4597191465682506, "lng": -76.51425813214227, "nivel_admin_1": "Comuna 04", "nivel_admin_2": "Porvenir", "estrato_promedio_200m": 2.0, "dist_sitp": 500, "dist_tm": 1500, "dist_ciclo": 800}, "geometry": {"type": "Polygon", "coordinates": [[[-76.51505413028731, 3.4614389352026746], [-76.51615734789407, 3.4599485699153294], [-76.51536134797581, 3.4582287592131875], [-76.51346212834677, 3.457999338817844], [-76.51235893005769, 3.4594897209689415], [-76.51315493207886, 3.4612095066516413], [-76.51505413028731, 3.4614389352026746]]]}}, {"type": "Feature", "properties": {"h3_index": "8966f1c59a3ffff", "lat": 3.405364438643216, "lng": -76.46758465187563, "nivel_admin_1": "Comuna 21", "nivel_admin_2": "Nuevo Amanecer", "estrato_promedio_200m": 3.0, "dist_sitp": 500, "dist_tm": 1500, "dist_ciclo": 800}, "geometry": {"type": "Polygon", "coordinates": [[[-76.46838086555806, 3.4070847627883323], [-76.46948381869923, 3.405593798725583], [-76.46868760321601, 3.403873452562571], [-76.46678843255887, 3.4036440955210288], [-76.46568549882228, 3.405135076381946], [-76.46648171633717, 3.4068553974862374], [-76.46838086555806, 3.4070847627883323]]]}}, {"type": "Feature", "properties": {"h3_index": "8966f11b46fffff", "lat": 3.3762241287371655, "lng": -76.52224773554036, "nivel_admin_1": "Comuna 17", "nivel_admin_2": "Lili", "estrato_promedio_200m": 3.0, "dist_sitp": 500, "dist_tm": 1500, "dist_ciclo": 800}, "geometry": {"type": "Polygon", "coordinates": [[[-76.52304392674185, 3.3779449852630306], [-76.52414750834826, 3.376453339791433], [-76.52335131537727, 3.3747324612838887], [-76.52145153868237, 3.37450325323679], [-76.52034797638987, 3.3759949155192928], [-76.52114417147725, 3.3777157690380006], [-76.52304392674185, 3.3779449852630306]]]}}, {"type": "Feature", "properties": {"h3_index": "8966f1c4233ffff", "lat": 3.4594875304933446, "lng": -76.48546465583975, "nivel_admin_1": "Comuna 07", "nivel_admin_2": "Los Pinos", "estrato_promedio_200m": 2.0, "dist_sitp": 500, "dist_tm": 1500, "dist_ciclo": 800}, "geometry": {"type": "Polygon", "coordinates": [[[-76.48626070450553, 3.461207233471077], [-76.48736364473504, 3.4597169957418417], [-76.4865675942794, 3.4579972706932307], [-76.48466860153462, 3.457767808426045], [-76.48356568067238, 3.459258063001576], [-76.48436173318656, 3.460977762998007], [-76.48626070450553, 3.461207233471077]]]}}, {"type": "Feature", "properties": {"h3_index": "8966f11b477ffff", "lat": 3.380698968170583, "lng": -76.51893709067434, "nivel_admin_1": "Comuna 17", "nivel_admin_2": "Caney", "estrato_promedio_200m": 3.0, "dist_sitp": 500, "dist_tm": 1500, "dist_ciclo": 800}, "geometry": {"type": "Polygon", "coordinates": [[[-76.51973327656358, 3.382419758741472], [-76.52083681084903, 3.380928194740989], [-76.5200406231884, 3.3792073821834543], [-76.51814089913006, 3.378978158620175], [-76.51703738416369, 3.3804697394326677], [-76.5178335739355, 3.3821905269964283], [-76.51973327656358, 3.382419758741472]]]}}, {"type": "Feature", "properties": {"h3_index": "8966f11b6a7ffff", "lat": 3.3769117554058434, "lng": -76.52794709492035, "nivel_admin_1": "Comuna 17", "nivel_admin_2": "Urbanización San Joaquín", "estrato_promedio_200m": 3.0, "dist_sitp": 500, "dist_tm": 1500, "dist_ciclo": 800}, "geometry": {"type": "Polygon", "coordinates": [[[-76.52874327445329, 3.378632620940463], [-76.52984690867643, 3.3771409599643367], [-76.52905072737727, 3.3754200724480135], [-76.52715090972873, 3.375190870890324], [-76.52604729480962, 3.3766825486812593], [-76.52684347823393, 3.3784034112150776], [-76.52874327445329, 3.378632620940463]]]}}, {"type": "Feature", "properties": {"h3_index": "8966f11b64bffff", "lat": 3.376449379686504, "lng": -76.55105346205751, "nivel_admin_1": "Comuna 18", "nivel_admin_2": "El Jordán", "estrato_promedio_200m": 2.0, "dist_sitp": 500, "dist_tm": 1500, "dist_ciclo": 800}, "geometry": {"type": "Polygon", "coordinates": [[[-76.55184960217268, 3.3781703220520916], [-76.55295346066806, 3.376678550062475], [-76.55215731880004, 3.3749575857184104], [-76.55025731627475, 3.3747284183199686], [-76.54915347704356, 3.3762202071379934], [-76.54994962107237, 3.3779411465260645], [-76.55184960217268, 3.3781703220520916]]]}}, {"type": "Feature", "properties": {"h3_index": "8966f119413ffff", "lat": 3.336515629464353, "lng": -76.54334515823216, "nivel_admin_1": "Comuna 22", "nivel_admin_2": "Parcelaciones Pance", "estrato_promedio_200m": 3.0, "dist_sitp": 500, "dist_tm": 1500, "dist_ciclo": 800}, "geometry": {"type": "Polygon", "coordinates": [[[-76.54414141088581, 3.338237044933185], [-76.54524533235424, 3.336744715045666], [-76.54444907794282, 3.335023277638295], [-76.54254889991245, 3.3347941950728033], [-76.54144499772633, 3.3362865417564125], [-76.54224125428718, 3.338007954209429], [-76.54414141088581, 3.338237044933185]]]}}, {"type": "Feature", "properties": {"h3_index": "8966f1ce927ffff", "lat": 3.3917111539327887, "lng": -76.52941325269127, "nivel_admin_1": "Comuna 17", "nivel_admin_2": "Prados del Limonar", "estrato_promedio_200m": 3.0, "dist_sitp": 500, "dist_tm": 1500, "dist_ciclo": 800}, "geometry": {"type": "Polygon", "coordinates": [[[-76.5302093929734, 3.3934318395175533], [-76.53131299048385, 3.3919403919558766], [-76.53051684843652, 3.390219684374465], [-76.52861710675042, 3.3899904493394093], [-76.52751352853969, 3.391481913727021], [-76.52830967271423, 3.3932025963237606], [-76.5302093929734, 3.3934318395175533]]]}}, {"type": "Feature", "properties": {"h3_index": "8966f11b0cfffff", "lat": 3.368536332628343, "lng": -76.52586594559179, "nivel_admin_1": "Comuna 17", "nivel_admin_2": "Urbanización San Joaquín", "estrato_promedio_200m": 3.0, "dist_sitp": 500, "dist_tm": 1500, "dist_ciclo": 800}, "geometry": {"type": "Polygon", "coordinates": [[[-76.52666214952599, 3.3702572960388357], [-76.52776579245328, 3.3687655200052258], [-76.52696958675158, 3.3670445346213307], [-76.52506973599944, 3.3668153502537552], [-76.52396611238075, 3.3683071430951372], [-76.52476232020447, 3.370028103496328], [-76.52666214952599, 3.3702572960388357]]]}}, {"type": "Feature", "properties": {"h3_index": "8966f1c4213ffff", "lat": 3.4665957049816623, "lng": -76.49054779015462, "nivel_admin_1": "Comuna 05", "nivel_admin_2": "Villa del Prado - El Guabito", "estrato_promedio_200m": 3.0, "dist_sitp": 500, "dist_tm": 1500, "dist_ciclo": 800}, "geometry": {"type": "Polygon", "coordinates": [[[-76.49134381240754, 3.468315334534073], [-76.49244677736135, 3.466825179881661], [-76.4916507533216, 3.4651055282517556], [-76.48975176226065, 3.4648760563224643], [-76.48864881666451, 3.4663662278291216], [-76.48944484277054, 3.468085854410834], [-76.49134381240754, 3.468315334534073]]]}}, {"type": "Feature", "properties": {"h3_index": "8966f1c53afffff", "lat": 3.443094017939083, "lng": -76.52449497855017, "nivel_admin_1": "Comuna 09", "nivel_admin_2": "Sucre", "estrato_promedio_200m": 1.0, "dist_sitp": 500, "dist_tm": 1500, "dist_ciclo": 800}, "geometry": {"type": "Polygon", "coordinates": [[[-76.52529100005454, 3.44481404627598], [-76.52639437356304, 3.4433233863653654], [-76.52559835029118, 3.4416033359788707], [-76.52369895139078, 3.4413739705065214], [-76.5225955971843, 3.4428646472755875], [-76.5233916225751, 3.4445846726585607], [-76.52529100005454, 3.44481404627598]]]}}, {"type": "Feature", "properties": {"h3_index": "8966f11b2afffff", "lat": 3.3531588537763195, "lng": -76.5331030633604, "nivel_admin_1": "Comuna 22", "nivel_admin_2": "Parcelaciones Pance", "estrato_promedio_200m": 3.0, "dist_sitp": 500, "dist_tm": 1500, "dist_ciclo": 800}, "geometry": {"type": "Polygon", "coordinates": [[[-76.53389929274093, 3.3548800308252775], [-76.53500305830036, 3.353387993853723], [-76.53420682715637, 3.3516667948479615], [-76.53230682831841, 3.351437657784176], [-76.53120308205692, 3.3529297115572025], [-76.53199931533433, 3.354650885592539], [-76.53389929274093, 3.3548800308252775]]]}}, {"type": "Feature", "properties": {"h3_index": "8966f1c42b3ffff", "lat": 3.4671679113878033, "lng": -76.48184910145099, "nivel_admin_1": "Comuna 06", "nivel_admin_2": "Jorge Eliécer Gaitán", "estrato_promedio_200m": 2.0, "dist_sitp": 500, "dist_tm": 1500, "dist_ciclo": 800}, "geometry": {"type": "Polygon", "coordinates": [[[-76.48264513731357, 3.4688875069656144], [-76.48374801618857, 3.467397400521422], [-76.48295197853413, 3.4656777828645007], [-76.48105305995074, 3.4654482967100497], [-76.47995020044831, 3.466938420003673], [-76.48074624015561, 3.4686580126023294], [-76.48264513731357, 3.4688875069656144]]]}}, {"type": "Feature", "properties": {"h3_index": "8966f1c516fffff", "lat": 3.4436671558121756, "lng": -76.5157942491898, "nivel_admin_1": "Comuna 08", "nivel_admin_2": "Saavedra Galindo", "estrato_promedio_200m": 2.0, "dist_sitp": 500, "dist_tm": 1500, "dist_ciclo": 800}, "geometry": {"type": "Polygon", "coordinates": [[[-76.51659028445637, 3.445387150269461], [-76.5176935720482, 3.44389653837863], [-76.51689753500912, 3.4421765218701332], [-76.51499820827162, 3.4419471422660695], [-76.51389493999673, 3.4434377710105233], [-76.5146909791413, 3.44515776250543], [-76.51659028445637, 3.445387150269461]]]}}, {"type": "Feature", "properties": {"h3_index": "8966f1c4adbffff", "lat": 3.4226811443149865, "lng": -76.46304920542467, "nivel_admin_1": "Comuna 21", "nivel_admin_2": "Desepaz Invicali", "estrato_promedio_200m": 1.0, "dist_sitp": 500, "dist_tm": 1500, "dist_ciclo": 800}, "geometry": {"type": "Polygon", "coordinates": [[[-76.4638453839581, 3.424401238296031], [-76.46494823369562, 3.4229105531040287], [-76.46415205335899, 3.4211904370869073], [-76.4622530212593, 3.4209610313301235], [-76.46115019093207, 3.4224517333295554], [-76.46194637329316, 3.424171824278346], [-76.4638453839581, 3.424401238296031]]]}}, {"type": "Feature", "properties": {"h3_index": "8966f1c5dd7ffff", "lat": 3.435639109436357, "lng": -76.47621842522467, "nivel_admin_1": "Comuna 14", "nivel_admin_2": "Alirio Mora Beltrán", "estrato_promedio_200m": 2.0, "dist_sitp": 500, "dist_tm": 1500, "dist_ciclo": 800}, "geometry": {"type": "Polygon", "coordinates": [[[-76.47701454897837, 3.437359082333134], [-76.47811748169609, 3.4358685305387144], [-76.47732135614693, 3.4341485355942254], [-76.47542229583439, 3.433919117500784], [-76.47431938250274, 3.435409686119494], [-76.47511551009647, 3.4371296560073583], [-76.47701454897837, 3.437359082333134]]]}}, {"type": "Feature", "properties": {"h3_index": "8966f1c5517ffff", "lat": 3.478290117632919, "lng": -76.50671782888946, "nivel_admin_1": "Comuna 04", "nivel_admin_2": "Olaya Herrera", "estrato_promedio_200m": 2.0, "dist_sitp": 500, "dist_tm": 1500, "dist_ciclo": 800}, "geometry": {"type": "Polygon", "coordinates": [[[-76.50751379410784, 3.4800096501686877], [-76.50861687510519, 3.4785195967039395], [-76.50782090810947, 3.4768000420807046], [-76.50592185802421, 3.4765705659549755], [-76.50481879635527, 3.47806063629173], [-76.50561476544206, 3.4797801658822163], [-76.50751379410784, 3.4800096501686877]]]}}, {"type": "Feature", "properties": {"h3_index": "8966f1c556fffff", "lat": 3.4661393093255004, "lng": -76.5136437313299, "nivel_admin_1": "Comuna 04", "nivel_admin_2": "Bolivariano", "estrato_promedio_200m": 2.0, "dist_sitp": 500, "dist_tm": 1500, "dist_ciclo": 800}, "geometry": {"type": "Polygon", "coordinates": [[[-76.51443971462695, 3.4678590155696627], [-76.51554290424164, 3.4663687489788346], [-76.51474691917109, 3.464649020660361], [-76.51284774238285, 3.4644195839545064], [-76.51174457208609, 3.46590986741313], [-76.51254055925854, 3.467629570709824], [-76.51443971462695, 3.4678590155696627]]]}}, {"type": "Feature", "properties": {"h3_index": "8966f1c5a53ffff", "lat": 3.4122442895944936, "lng": -76.52456562856248, "nivel_admin_1": "Comuna 10", "nivel_admin_2": "San Judas Tadeo II", "estrato_promedio_200m": 3.0, "dist_sitp": 500, "dist_tm": 1500, "dist_ciclo": 800}, "geometry": {"type": "Polygon", "coordinates": [[[-76.52536172642266, 3.4139647039804393], [-76.52646520662262, 3.412473583927184], [-76.52566910699467, 3.410753147523075], [-76.5237695250462, 3.410523856167744], [-76.52266606415184, 3.4120149930582078], [-76.52346216589923, 3.4137354044668107], [-76.52536172642266, 3.4139647039804393]]]}}, {"type": "Feature", "properties": {"h3_index": "8966f1c5847ffff", "lat": 3.4159153138718295, "lng": -76.50115754533246, "nivel_admin_1": "Comuna 13", "nivel_admin_2": "El Vergel", "estrato_promedio_200m": 1.0, "dist_sitp": 500, "dist_tm": 1500, "dist_ciclo": 800}, "geometry": {"type": "Polygon", "coordinates": [[[-76.50195367486138, 3.4176356103002288], [-76.50305691647488, 3.416144650986595], [-76.50226078516468, 3.4144243325335077], [-76.50036141015661, 3.4141949984172237], [-76.49925818788861, 3.4156859745565304], [-76.5000543212821, 3.4174062679864563], [-76.50195367486138, 3.4176356103002288]]]}}, {"type": "Feature", "properties": {"h3_index": "8966f1c5bd3ffff", "lat": 3.4062810865928186, "lng": -76.50207887367122, "nivel_admin_1": "Comuna 15", "nivel_admin_2": "El Vallado", "estrato_promedio_200m": 2.0, "dist_sitp": 500, "dist_tm": 1500, "dist_ciclo": 800}, "geometry": {"type": "Polygon", "coordinates": [[[-76.50287502548638, 3.4080015061426314], [-76.50397830910111, 3.4065103991163723], [-76.50318215550513, 3.404789957551785], [-76.50128271620842, 3.4045606480331188], [-76.50017945193873, 3.406051771878944], [-76.5009756076196, 3.4077721884239005], [-76.50287502548638, 3.4080015061426314]]]}}, {"type": "Feature", "properties": {"h3_index": "8966f11b497ffff", "lat": 3.3960718882547396, "lng": -76.5117017362511, "nivel_admin_1": "Comuna 15", "nivel_admin_2": "Ciudad Córdoba", "estrato_promedio_200m": 3.0, "dist_sitp": 500, "dist_tm": 1500, "dist_ciclo": 800}, "geometry": {"type": "Polygon", "coordinates": [[[-76.51249789664384, 3.3977924648759643], [-76.51360130827014, 3.396301162265921], [-76.51280514610201, 3.3945805636414907], [-76.51090557020665, 3.394351292633136], [-76.50980217791007, 3.395842612061475], [-76.51059834217803, 3.397563185679887], [-76.51249789664384, 3.3977924648759643]]]}}, {"type": "Feature", "properties": {"h3_index": "8966f1c5eabffff", "lat": 3.4313972963303563, "lng": -76.508322507774, "nivel_admin_1": "Comuna 12", "nivel_admin_2": "El Paraíso", "estrato_promedio_200m": 3.0, "dist_sitp": 500, "dist_tm": 1500, "dist_ciclo": 800}, "geometry": {"type": "Polygon", "coordinates": [[[-76.5091185864695, 3.433117421352758], [-76.51022184409277, 3.431626660335885], [-76.50942576362029, 3.429906513273891], [-76.50752642342933, 3.4296771522477196], [-76.50642318513734, 3.4311679301052544], [-76.50721926770395, 3.432888052148296], [-76.5091185864695, 3.433117421352758]]]}}, {"type": "Feature", "properties": {"h3_index": "8966f1c5227ffff", "lat": 3.4503183602592484, "lng": -76.54397796682338, "nivel_admin_1": "Comuna 03", "nivel_admin_2": "El Peñón", "estrato_promedio_200m": 5.0, "dist_sitp": 500, "dist_tm": 1500, "dist_ciclo": 800}, "geometry": {"type": "Polygon", "coordinates": [[[-76.54477393628187, 3.4520383577193696], [-76.54587747276196, 3.4505477173055765], [-76.54508150154733, 3.4488276977908257], [-76.54318199170261, 3.4485983436730363], [-76.54207847449007, 3.4500890009619525], [-76.54287444785359, 3.4518089954935536], [-76.54477393628187, 3.4520383577193696]]]}}, {"type": "Feature", "properties": {"h3_index": "8966f1c5aa7ffff", "lat": 3.408230821668951, "lng": -76.50477445704878, "nivel_admin_1": "Comuna 16", "nivel_admin_2": "Unión de Vivienda Popular", "estrato_promedio_200m": 2.0, "dist_sitp": 500, "dist_tm": 1500, "dist_ciclo": 800}, "geometry": {"type": "Polygon", "coordinates": [[[-76.50557059934785, 3.4099512252057487], [-76.50667390230278, 3.4084601350020196], [-76.50587775822446, 3.406739709448799], [-76.50397830910111, 3.4065103991163723], [-76.50287502548638, 3.4080015061426314], [-76.50367117165366, 3.4097219066788034], [-76.50557059934785, 3.4099512252057487]]]}}, {"type": "Feature", "properties": {"h3_index": "8966f1ce9a3ffff", "lat": 3.4013472012908723, "lng": -76.52849094804237, "nivel_admin_1": "Comuna 17", "nivel_admin_2": "El Limonar", "estrato_promedio_200m": 3.0, "dist_sitp": 500, "dist_tm": 1500, "dist_ciclo": 800}, "geometry": {"type": "Polygon", "coordinates": [[[-76.52928706605195, 3.4030677638123423], [-76.5303906215565, 3.4015764637812147], [-76.52959450178132, 3.399855879253164], [-76.52769482437482, 3.3996266197444607], [-76.5265912881704, 3.4011179366076316], [-76.52738741007124, 3.4028384961474667], [-76.52928706605195, 3.4030677638123423]]]}}, {"type": "Feature", "properties": {"h3_index": "8966f11b31bffff", "lat": 3.34409442809118, "lng": -76.52532184363614, "nivel_admin_1": "Comuna 22", "nivel_admin_2": "Parcelaciones Pance", "estrato_promedio_200m": 3.0, "dist_sitp": 500, "dist_tm": 1500, "dist_ciclo": 800}, "geometry": {"type": "Polygon", "coordinates": [[[-76.52611810910628, 3.3458156937674737], [-76.52722183076352, 3.3443235573406], [-76.5264255635253, 3.3426022697158464], [-76.52452557250722, 3.3423731434949127], [-76.52342187016244, 3.3438652967122784], [-76.52421813952218, 3.345586559360086], [-76.52611810910628, 3.3458156937674737]]]}}, {"type": "Feature", "properties": {"h3_index": "8966f1c54bbffff", "lat": 3.4931933315185635, "lng": -76.52258060525921, "nivel_admin_1": "Comuna 02", "nivel_admin_2": "Senderos de La Flora", "estrato_promedio_200m": 3.0, "dist_sitp": 500, "dist_tm": 1500, "dist_ciclo": 800}, "geometry": {"type": "Polygon", "coordinates": [[[-76.52337650589516, 3.4949127253908996], [-76.52447968876687, 3.493422822627737], [-76.52368378636288, 3.491703406654681], [-76.52178469897073, 3.4914739184632553], [-76.5206815353983, 3.4929638381181825], [-76.52147743991763, 3.4946832290727725], [-76.52337650589516, 3.4949127253908996]]]}}, {"type": "Feature", "properties": {"h3_index": "8966f1ccda3ffff", "lat": 3.370023734993958, "lng": -76.55166888705357, "nivel_admin_1": "Comuna 18", "nivel_admin_2": "Altos del Madrigal", "estrato_promedio_200m": 3.0, "dist_sitp": 500, "dist_tm": 1500, "dist_ciclo": 800}, "geometry": {"type": "Polygon", "coordinates": [[[-76.55246504201068, 3.371744759306261], [-76.55356892851447, 3.3702528891164727], [-76.55277277180478, 3.3685318428323368], [-76.5508727264284, 3.3683026916916123], [-76.5497688591885, 3.369794578705734], [-76.55056501806003, 3.371515600036258], [-76.55246504201068, 3.371744759306261]]]}}, {"type": "Feature", "properties": {"h3_index": "8966f1ce95bffff", "lat": 3.4021483536662744, "lng": -76.54859202537746, "nivel_admin_1": "Comuna 19", "nivel_admin_2": "Pampa Linda", "estrato_promedio_200m": 3.0, "dist_sitp": 500, "dist_tm": 1500, "dist_ciclo": 800}, "geometry": {"type": "Polygon", "coordinates": [[[-76.54938810612842, 3.403868967894326], [-76.5504918526015, 3.402377589022089], [-76.54969577009655, 3.4006569527890336], [-76.54779593896073, 3.4004277203936977], [-76.54669221175301, 3.4019191161106193], [-76.54748829641461, 3.403639727378204], [-76.54938810612842, 3.403868967894326]]]}}, {"type": "Feature", "properties": {"h3_index": "8966f1c58a3ffff", "lat": 3.419011931975431, "lng": -76.48645229778015, "nivel_admin_1": "Comuna 14", "nivel_admin_2": "Alfonso Bonilla Aragón", "estrato_promedio_200m": 1.0, "dist_sitp": 500, "dist_tm": 1500, "dist_ciclo": 800}, "geometry": {"type": "Polygon", "coordinates": [[[-76.48724844510174, 3.420732144297465], [-76.48835153393844, 3.4192412979051503], [-76.48755538482713, 3.417521063553525], [-76.48565614481743, 3.417291700634968], [-76.48455307535117, 3.418782563846254], [-76.48534922652308, 3.420502773157151], [-76.48724844510174, 3.420732144297465]]]}}, {"type": "Feature", "properties": {"h3_index": "8966f1ceba3ffff", "lat": 3.392511914614015, "lng": -76.54951501476634, "nivel_admin_1": "Comuna 18", "nivel_admin_2": "Buenos Aires", "estrato_promedio_200m": 3.0, "dist_sitp": 500, "dist_tm": 1500, "dist_ciclo": 800}, "geometry": {"type": "Polygon", "coordinates": [[[-76.5503111177782, 3.3942326519593666], [-76.55141490625752, 3.3927411256087585], [-76.55061880149209, 3.391020366268341], [-76.54871890608803, 3.390791158240469], [-76.54761513687363, 3.3922827014296577], [-76.54841124379726, 3.3940034358081506], [-76.5503111177782, 3.3942326519593666]]]}}, {"type": "Feature", "properties": {"h3_index": "8966f1c532fffff", "lat": 3.435410991068829, "lng": -76.52811252587769, "nivel_admin_1": "Comuna 09", "nivel_admin_2": "Junín", "estrato_promedio_200m": 3.0, "dist_sitp": 500, "dist_tm": 1500, "dist_ciclo": 800}, "geometry": {"type": "Polygon", "coordinates": [[[-76.52890856010514, 3.4371311266832367], [-76.53001199490517, 3.435640335789453], [-76.52921595891223, 3.4339201781337065], [-76.52731648599357, 3.4336908363691734], [-76.52621307049024, 3.435181644118282], [-76.52700910860777, 3.436901776776599], [-76.52890856010514, 3.4371311266832367]]]}}, {"type": "Feature", "properties": {"h3_index": "8966f1c5e6fffff", "lat": 3.4211905707390433, "lng": -76.51794508913397, "nivel_admin_1": "Comuna 11", "nivel_admin_2": "El Jardín", "estrato_promedio_200m": 3.0, "dist_sitp": 500, "dist_tm": 1500, "dist_ciclo": 800}, "geometry": {"type": "Polygon", "coordinates": [[[-76.51874117637446, 3.4229108529813406], [-76.51984456195729, 3.4214198961766593], [-76.51904847294529, 3.4196995919062947], [-76.51714899624027, 3.4194702694459767], [-76.51604562997338, 3.420961243090067], [-76.51684172109448, 3.4226815223550697], [-76.51874117637446, 3.4229108529813406]]]}}, {"type": "Feature", "properties": {"h3_index": "8966f1c531bffff", "lat": 3.447680904721574, "lng": -76.53558408843519, "nivel_admin_1": "Comuna 03", "nivel_admin_2": "Santa Rosa", "estrato_promedio_200m": 3.0, "dist_sitp": 500, "dist_tm": 1500, "dist_ciclo": 800}, "geometry": {"type": "Polygon", "coordinates": [[[-76.53638007916217, 3.4494009095725153], [-76.53748354382728, 3.4479102678298292], [-76.53668755133928, 3.4461902409259473], [-76.53478809204911, 3.4459608807568016], [-76.53368464666633, 3.447451539367763], [-76.53448064129029, 3.4491715412795982], [-76.53638007916217, 3.4494009095725153]]]}}, {"type": "Feature", "properties": {"h3_index": "8966f1c5a8fffff", "lat": 3.4140799355815465, "lng": -76.51286120896641, "nivel_admin_1": "Comuna 16", "nivel_admin_2": "Unión de Vivienda Popular", "estrato_promedio_200m": 2.0, "dist_sitp": 500, "dist_tm": 1500, "dist_ciclo": 800}, "geometry": {"type": "Polygon", "coordinates": [[[-76.51365732269603, 3.415800291018381], [-76.51476068364224, 3.414309251300075], [-76.51396456813812, 3.412588873841802], [-76.51206508958528, 3.4123595611111983], [-76.51096174796461, 3.413850617660952], [-76.51175786557012, 3.4155709701098833], [-76.51365732269603, 3.415800291018381]]]}}, {"type": "Feature", "properties": {"h3_index": "8966f11b443ffff", "lat": 3.3865489831420046, "lng": -76.52702479789366, "nivel_admin_1": "Comuna 17", "nivel_admin_2": "El Ingenio", "estrato_promedio_200m": 3.0, "dist_sitp": 500, "dist_tm": 1500, "dist_ciclo": 800}, "geometry": {"type": "Polygon", "coordinates": [[[-76.52782095515114, 3.3882697257412224], [-76.52892454736455, 3.3867782121946077], [-76.52812838834043, 3.385057447603737], [-76.52622863497822, 3.3848282215455447], [-76.52512506206924, 3.3863197519130823], [-76.52592122321695, 3.3880404915178923], [-76.52782095515114, 3.3882697257412224]]]}}, {"type": "Feature", "properties": {"h3_index": "8966f1cec2fffff", "lat": 3.426579841410382, "lng": -76.54913431599407, "nivel_admin_1": "Comuna 19", "nivel_admin_2": "Santa Isabel", "estrato_promedio_200m": 4.0, "dist_sitp": 500, "dist_tm": 1500, "dist_ciclo": 800}, "geometry": {"type": "Polygon", "coordinates": [[[-76.5499303352311, 3.4283001519132204], [-76.55103400296103, 3.4268091342957305], [-76.5502379819706, 3.4250888017630428], [-76.54833829109194, 3.4248595118190153], [-76.5472346426235, 3.4263505462983743], [-76.54803066577111, 3.4280708538599005], [-76.5499303352311, 3.4283001519132204]]]}}, {"type": "Feature", "properties": {"h3_index": "8966f119497ffff", "lat": 3.342255657638632, "lng": -76.5370295466547, "nivel_admin_1": "Comuna 22", "nivel_admin_2": "Parcelaciones Pance", "estrato_promedio_200m": 3.0, "dist_sitp": 500, "dist_tm": 1500, "dist_ciclo": 800}, "geometry": {"type": "Polygon", "coordinates": [[[-76.53782579617393, 3.3439769823209122], [-76.53892963705128, 3.3424847659292665], [-76.53813338577072, 3.3407634193018114], [-76.53623329147207, 3.3405343140290995], [-76.53512946988722, 3.342026547217006], [-76.53592572330741, 3.343747868881382], [-76.53782579617393, 3.3439769823209122]]]}}, {"type": "Feature", "properties": {"h3_index": "8966f1ce9c3ffff", "lat": 3.4078844272829976, "lng": -76.54227746050067, "nivel_admin_1": "Comuna 19", "nivel_admin_2": "Camino Real - Los Fundadores", "estrato_promedio_200m": 5.0, "dist_sitp": 500, "dist_tm": 1500, "dist_ciclo": 800}, "geometry": {"type": "Polygon", "coordinates": [[[-76.54307353813566, 3.4096049505140735], [-76.54417720406859, 3.4081136854927627], [-76.543381124676, 3.4063931402500836], [-76.54148137720256, 3.406163885002888], [-76.54037773054522, 3.407655166869041], [-76.54117381208464, 3.409375687137557], [-76.54307353813566, 3.4096049505140735]]]}}, {"type": "Feature", "properties": {"h3_index": "8966f1c5aafffff", "lat": 3.4069690175892653, "lng": -76.5077772210372, "nivel_admin_1": "Comuna 16", "nivel_admin_2": "Unión de Vivienda Popular", "estrato_promedio_200m": 2.0, "dist_sitp": 500, "dist_tm": 1500, "dist_ciclo": 800}, "geometry": {"type": "Polygon", "coordinates": [[[-76.50857336124436, 3.4086894461410115], [-76.50967669753531, 3.407198323536974], [-76.50888055555062, 3.4054778729704442], [-76.50698107518025, 3.4052485700212753], [-76.50587775822446, 3.406739709448799], [-76.50667390230278, 3.4084601350020196], [-76.50857336124436, 3.4086894461410115]]]}}, {"type": "Feature", "properties": {"h3_index": "8966f1c5a7bffff", "lat": 3.4038712115530187, "lng": -76.52248465191958, "nivel_admin_1": "Comuna 17", "nivel_admin_2": "Cañaverales - Los Samanes", "estrato_promedio_200m": 3.0, "dist_sitp": 500, "dist_tm": 1500, "dist_ciclo": 800}, "geometry": {"type": "Polygon", "coordinates": [[[-76.52328077417235, 3.405591724091003], [-76.52438426306868, 3.4041004887838437], [-76.52358813904684, 3.402379954235982], [-76.52168852401122, 3.402150679991008], [-76.52058505442507, 3.403641932128346], [-76.52138118056327, 3.405362441680487], [-76.52328077417235, 3.405591724091003]]]}}, {"type": "Feature", "properties": {"h3_index": "8966f1ceb73ffff", "lat": 3.387462306764032, "lng": -76.56153018378718, "nivel_admin_1": "Comuna 18", "nivel_admin_2": "Sector Alto de los Chorros", "estrato_promedio_200m": 3.0, "dist_sitp": 500, "dist_tm": 1500, "dist_ciclo": 800}, "geometry": {"type": "Polygon", "coordinates": [[[-76.56232627812663, 3.389183143926086], [-76.56343019962674, 3.3876914883999145], [-76.56263410354062, 3.385970629249395], [-76.5607340837765, 3.3857414505719428], [-76.55963018152119, 3.3872331229404415], [-76.5604262797841, 3.388953957144073], [-76.56232627812663, 3.389183143926086]]]}}, {"type": "Feature", "properties": {"h3_index": "8966f11b237ffff", "lat": 3.3499455769006827, "lng": -76.53341059035043, "nivel_admin_1": "Comuna 22", "nivel_admin_2": "Parcelaciones Pance", "estrato_promedio_200m": 3.0, "dist_sitp": 500, "dist_tm": 1500, "dist_ciclo": 800}, "geometry": {"type": "Polygon", "coordinates": [[[-76.53420682715637, 3.3516667948479615], [-76.53531060672175, 3.350174708810411], [-76.53451436815244, 3.3484534689096597], [-76.53261434788274, 3.3482243400156944], [-76.53151058761517, 3.3497164428526602], [-76.53230682831841, 3.351437657784176], [-76.53420682715637, 3.3516667948479615]]]}}, {"type": "Feature", "properties": {"h3_index": "8966f1c425bffff", "lat": 3.4647626239946527, "lng": -76.50224898102726, "nivel_admin_1": "Comuna 05", "nivel_admin_2": "El Sena", "estrato_promedio_200m": 3.0, "dist_sitp": 500, "dist_tm": 1500, "dist_ciclo": 800}, "geometry": {"type": "Polygon", "coordinates": [[[-76.50304498754927, 3.466482312522312], [-76.50414807187092, 3.4649920771898173], [-76.50335206356881, 3.463272366587899], [-76.50145296885961, 3.4630429163528893], [-76.50034990387572, 3.4645331685453975], [-76.50114591426215, 3.4662528541129056], [-76.50304498754927, 3.466482312522312]]]}}, {"type": "Feature", "properties": {"h3_index": "8966f119487ffff", "lat": 3.339042053748771, "lng": -76.53733712882628, "nivel_admin_1": "Comuna 22", "nivel_admin_2": "Parcelaciones Pance", "estrato_promedio_200m": 3.0, "dist_sitp": 500, "dist_tm": 1500, "dist_ciclo": 800}, "geometry": {"type": "Polygon", "coordinates": [[[-76.53813338577072, 3.3407634193018114], [-76.53923724065497, 3.3392711538738684], [-76.53844098194935, 3.337549766378976], [-76.53654086621822, 3.337320669273926], [-76.53543703062633, 3.338812951496093], [-76.53623329147207, 3.3405343140290995], [-76.53813338577072, 3.3407634193018114]]]}}, {"type": "Feature", "properties": {"h3_index": "8966f1c5cbbffff", "lat": 3.443436605874423, "lng": -76.48699913322876, "nivel_admin_1": "Comuna 07", "nivel_admin_2": "Siete de Agosto", "estrato_promedio_200m": 3.0, "dist_sitp": 500, "dist_tm": 1500, "dist_ciclo": 800}, "geometry": {"type": "Polygon", "coordinates": [[[-76.48779521904363, 3.4451565145588123], [-76.48889822925683, 3.4436660300912516], [-76.48810214165282, 3.4419460993524806], [-76.48620304177341, 3.4417166781276287], [-76.48510005092676, 3.443207179431357], [-76.48589614059189, 3.444927085123774], [-76.48779521904363, 3.4451565145588123]]]}}, {"type": "Feature", "properties": {"h3_index": "8966f1c55a7ffff", "lat": 3.475652638779725, "lng": -76.49832579455698, "nivel_admin_1": "Comuna 05", "nivel_admin_2": "Torres de Comfandi", "estrato_promedio_200m": 3.0, "dist_sitp": 500, "dist_tm": 1500, "dist_ciclo": 800}, "geometry": {"type": "Polygon", "coordinates": [[[-76.49912178088205, 3.477372178655363], [-76.50022478988468, 3.475882123972733], [-76.49942880177736, 3.474162562011316], [-76.49752980258818, 3.4739330797741697], [-76.49642681292872, 3.475423151321951], [-76.49722280311418, 3.477142688241732], [-76.49912178088205, 3.477372178655363]]]}}, {"type": "Feature", "properties": {"h3_index": "8966f1c5c17ffff", "lat": 3.4421755183523803, "lng": -76.49000125525613, "nivel_admin_1": "Comuna 13", "nivel_admin_2": "Ulpiano Lloreda", "estrato_promedio_200m": 2.0, "dist_sitp": 500, "dist_tm": 1500, "dist_ciclo": 800}, "geometry": {"type": "Polygon", "coordinates": [[[-76.49079733900696, 3.4438954520810157], [-76.4919003825793, 3.442404935126501], [-76.49110429704105, 3.4406849793451215], [-76.48920516586361, 3.440455565560873], [-76.48810214165282, 3.4419460993524806], [-76.48889822925683, 3.4436660300912516], [-76.49079733900696, 3.4438954520810157]]]}}, {"type": "Feature", "properties": {"h3_index": "8966f1c59bbffff", "lat": 3.4073141259094037, "lng": -76.47028002854742, "nivel_admin_1": "Comuna 21", "nivel_admin_2": "Nuevo Amanecer", "estrato_promedio_200m": 3.0, "dist_sitp": 500, "dist_tm": 1500, "dist_ciclo": 800}, "geometry": {"type": "Polygon", "coordinates": [[[-76.47107623276032, 3.409034434110232], [-76.4721792053012, 3.407543486848644], [-76.47138299928909, 3.405823156628249], [-76.46948381869923, 3.405593798725583], [-76.46838086555806, 3.4070847627883323], [-76.46917707360596, 3.408805067952582], [-76.47107623276032, 3.409034434110232]]]}}, {"type": "Feature", "properties": {"h3_index": "8966f11b34bffff", "lat": 3.3403052066275096, "lng": -76.53433321080439, "nivel_admin_1": "Comuna 22", "nivel_admin_2": "Parcelaciones Pance", "estrato_promedio_200m": 3.0, "dist_sitp": 500, "dist_tm": 1500, "dist_ciclo": 800}, "geometry": {"type": "Polygon", "coordinates": [[[-76.53512946988722, 3.342026547217006], [-76.53623329147207, 3.3405343140290995], [-76.53543703062633, 3.338812951496093], [-76.53353694605914, 3.338583847116663], [-76.53243314377168, 3.340076097097864], [-76.5332294067529, 3.34179743466522], [-76.53512946988722, 3.342026547217006]]]}}, {"type": "Feature", "properties": {"h3_index": "8966f11b04fffff", "lat": 3.360847907544134, "lng": -76.52948438820063, "nivel_admin_1": "Comuna 22", "nivel_admin_2": "Parcelaciones Pance", "estrato_promedio_200m": 3.0, "dist_sitp": 500, "dist_tm": 1500, "dist_ciclo": 800}, "geometry": {"type": "Polygon", "coordinates": [[[-76.53028060486115, 3.362568977795676], [-76.53138430910614, 3.361077071262064], [-76.5305880906801, 3.3593559790454126], [-76.52868816588027, 3.3591268183389564], [-76.52758448093859, 3.3606187416771753], [-76.52838070149232, 3.362339808917263], [-76.53028060486115, 3.362568977795676]]]}}, {"type": "Feature", "properties": {"h3_index": "8966f11b00bffff", "lat": 3.363373328627533, "lng": -76.52347729984135, "nivel_admin_1": "Comuna 17", "nivel_admin_2": "Lili", "estrato_promedio_200m": 3.0, "dist_sitp": 500, "dist_tm": 1500, "dist_ciclo": 800}, "geometry": {"type": "Polygon", "coordinates": [[[-76.52427352074922, 3.3650943489188947], [-76.52537715837256, 3.3636025069700985], [-76.52458093569574, 3.361881464710338], [-76.52268107327605, 3.3616522893834713], [-76.52157745496605, 3.3631441481350093], [-76.52237367976127, 3.3648651654106865], [-76.52427352074922, 3.3650943489188947]]]}}, {"type": "Feature", "properties": {"h3_index": "8966f11b28bffff", "lat": 3.362222857587769, "lng": -76.54088411814475, "nivel_admin_1": "Comuna 22", "nivel_admin_2": "Urbanización Ciudad Jardín", "estrato_promedio_200m": 6.0, "dist_sitp": 500, "dist_tm": 1500, "dist_ciclo": 800}, "geometry": {"type": "Polygon", "coordinates": [[[-76.54168031140762, 3.363943945863636], [-76.54278412082647, 3.3624520083943654], [-76.54198792580469, 3.3607308981533626], [-76.5400879192177, 3.3605017503455272], [-76.53898412908232, 3.361993704627223], [-76.53978032624937, 3.363714789904334], [-76.54168031140762, 3.363943945863636]]]}}, {"type": "Feature", "properties": {"h3_index": "8966f1c5377ffff", "lat": 3.4393099422265077, "lng": -76.53350352479391, "nivel_admin_1": "Comuna 09", "nivel_admin_2": "Bretaña", "estrato_promedio_200m": 3.0, "dist_sitp": 500, "dist_tm": 1500, "dist_ciclo": 800}, "geometry": {"type": "Polygon", "coordinates": [[[-76.53429953991878, 3.441030045556395], [-76.53540301329753, 3.439539288382159], [-76.53460699641037, 3.437819163007605], [-76.53270750401046, 3.43758981979956], [-76.53160404991863, 3.439080593835043], [-76.53240006893867, 3.440800694217331], [-76.53429953991878, 3.441030045556395]]]}}, {"type": "Feature", "properties": {"h3_index": "8966f1c5e43ffff", "lat": 3.431511978299152, "lng": -76.5227215277699, "nivel_admin_1": "Comuna 10", "nivel_admin_2": "San Cristóbal", "estrato_promedio_200m": 3.0, "dist_sitp": 500, "dist_tm": 1500, "dist_ciclo": 800}, "geometry": {"type": "Polygon", "coordinates": [[[-76.52351758108585, 3.4332321461575037], [-76.52462097728761, 3.431741321556037], [-76.52382492220303, 3.4300211316596725], [-76.52192546879924, 3.4297917913673555], [-76.52082209190392, 3.43128263281823], [-76.52161814910485, 3.433002797712021], [-76.52351758108585, 3.4332321461575037]]]}}, {"type": "Feature", "properties": {"h3_index": "8966f1ceb13ffff", "lat": 3.39514949463886, "lng": -76.55791074962826, "nivel_admin_1": "Comuna 19", "nivel_admin_2": "Cañaveralejo Guadalupe", "estrato_promedio_200m": 3.0, "dist_sitp": 500, "dist_tm": 1500, "dist_ciclo": 800}, "geometry": {"type": "Polygon", "coordinates": [[[-76.5587068313052, 3.3968702247900393], [-76.55981069155219, 3.3953786998232722], [-76.55901460812657, 3.3936579476753344], [-76.55711466228173, 3.393428745447203], [-76.55601082128486, 3.3949202872594286], [-76.5568069068816, 3.3966410144543415], [-76.5587068313052, 3.3968702247900393]]]}}, {"type": "Feature", "properties": {"h3_index": "8966f1c550bffff", "lat": 3.4757688742479522, "lng": -76.5127221793993, "nivel_admin_1": "Comuna 02", "nivel_admin_2": "Vipasa", "estrato_promedio_200m": 3.0, "dist_sitp": 500, "dist_tm": 1500, "dist_ciclo": 800}, "geometry": {"type": "Polygon", "coordinates": [[[-76.51351814042505, 3.477488456841281], [-76.51462128805379, 3.475998338354242], [-76.51382532525413, 3.474278733676708], [-76.51192621272426, 3.474049272511509], [-76.51082308441387, 3.4755394078724278], [-76.51161904931391, 3.47725898752468], [-76.51351814042505, 3.477488456841281]]]}}, {"type": "Feature", "properties": {"h3_index": "8966f1c5063ffff", "lat": 3.4605228392291862, "lng": -76.53435429517684, "nivel_admin_1": "Comuna 02", "nivel_admin_2": "Granada", "estrato_promedio_200m": 4.0, "dist_sitp": 500, "dist_tm": 1500, "dist_ciclo": 800}, "geometry": {"type": "Polygon", "coordinates": [[[-76.53515025622228, 3.46224267933235], [-76.5362536648994, 3.460752234818897], [-76.53545770209236, 3.4590323726495784], [-76.53355832847318, 3.4588029799904607], [-76.53245493907897, 3.4602934413802835], [-76.53325090401994, 3.4620132785528672], [-76.53515025622228, 3.46224267933235]]]}}, {"type": "Feature", "properties": {"h3_index": "8966f1c5e47ffff", "lat": 3.429562448853112, "lng": -76.520026029049, "nivel_admin_1": "Comuna 11", "nivel_admin_2": "Aguablanca", "estrato_promedio_200m": 3.0, "dist_sitp": 500, "dist_tm": 1500, "dist_ciclo": 800}, "geometry": {"type": "Polygon", "coordinates": [[[-76.52082209190392, 3.43128263281823], [-76.52192546879924, 3.4297917913673555], [-76.52112940417412, 3.4280715853658905], [-76.51922996054037, 3.4278422458204587], [-76.51812660295639, 3.4293331041177657], [-76.51892266969372, 3.4310532851140834], [-76.52082209190392, 3.43128263281823]]]}}, {"type": "Feature", "properties": {"h3_index": "8966f1c54b7ffff", "lat": 3.4925048444470894, "lng": -76.51688343663304, "nivel_admin_1": "Comuna 02", "nivel_admin_2": "Urbanización La Flora", "estrato_promedio_200m": 3.0, "dist_sitp": 500, "dist_tm": 1500, "dist_ciclo": 800}, "geometry": {"type": "Polygon", "coordinates": [[[-76.51767934891359, 3.494224229559865], [-76.51878247918823, 3.492734342427414], [-76.51798656513637, 3.4910149352139452], [-76.51608751870215, 3.490785440157716], [-76.51498440773668, 3.492275344178038], [-76.51578032389511, 3.4939947263667253], [-76.51767934891359, 3.494224229559865]]]}}, {"type": "Feature", "properties": {"h3_index": "8966f1cedcbffff", "lat": 3.429103225976683, "lng": -76.54312776820487, "nivel_admin_1": "Comuna 19", "nivel_admin_2": "San Fernando Nuevo", "estrato_promedio_200m": 4.0, "dist_sitp": 500, "dist_tm": 1500, "dist_ciclo": 800}, "geometry": {"type": "Polygon", "coordinates": [[[-76.54392379174813, 3.430823486530163], [-76.54502739295111, 3.4293325336568854], [-76.54423136765098, 3.427612251070277], [-76.54233173899893, 3.4273829463356282], [-76.5412281570675, 3.428873916068903], [-76.54202418451547, 3.4305941736768446], [-76.54392379174813, 3.430823486530163]]]}}, {"type": "Feature", "properties": {"h3_index": "8966f1c42afffff", "lat": 3.4607482902803817, "lng": -76.48246277559774, "nivel_admin_1": "Comuna 07", "nivel_admin_2": "Alfonso Lopez Pumarejo 2a Etapa", "estrato_promedio_200m": 3.0, "dist_sitp": 500, "dist_tm": 1500, "dist_ciclo": 800}, "geometry": {"type": "Polygon", "coordinates": [[[-76.48325882632035, 3.4624679682042943], [-76.48436173318656, 3.460977762998007], [-76.48356568067238, 3.459258063001576], [-76.48166671923701, 3.4590285932673726], [-76.48056383174308, 3.46051881531903], [-76.48135988631114, 3.462238490259535], [-76.48325882632035, 3.4624679682042943]]]}}, {"type": "Feature", "properties": {"h3_index": "8966f1c5d1bffff", "lat": 3.429217843400104, "lng": -76.47683203126248, "nivel_admin_1": "Comuna 14", "nivel_admin_2": "Promociones Populares B", "estrato_promedio_200m": 3.0, "dist_sitp": 500, "dist_tm": 1500, "dist_ciclo": 800}, "geometry": {"type": "Polygon", "coordinates": [[[-76.47762816988129, 3.430937898457843], [-76.47873113059558, 3.42944724803947], [-76.47793499018162, 3.427727170940621], [-76.47603588700663, 3.4274977693144515], [-76.47493294567812, 3.4289884365530634], [-76.47572908813771, 3.430708488597611], [-76.47762816988129, 3.430937898457843]]]}}, {"type": "Feature", "properties": {"h3_index": "8966f1ccd87ffff", "lat": 3.375186750945616, "lng": -76.55405733491973, "nivel_admin_1": "Comuna 18", "nivel_admin_2": "Sector Alto Jordán", "estrato_promedio_200m": 3.0, "dist_sitp": 500, "dist_tm": 1500, "dist_ciclo": 800}, "geometry": {"type": "Polygon", "coordinates": [[[-76.55485347287119, 3.376907718265096], [-76.55595736462978, 3.3754159140007625], [-76.5551612249272, 3.3736949247044747], [-76.55326119129948, 3.3734657646247443], [-76.55215731880004, 3.3749575857184104], [-76.55295346066806, 3.376678550062475], [-76.55485347287119, 3.376907718265096]]]}}, {"type": "Feature", "properties": {"h3_index": "8966f1c5b9bffff", "lat": 3.4055931358836, "lng": -76.49638064958228, "nivel_admin_1": "Comuna 15", "nivel_admin_2": "El Vallado", "estrato_promedio_200m": 2.0, "dist_sitp": 500, "dist_tm": 1500, "dist_ciclo": 800}, "geometry": {"type": "Polygon", "coordinates": [[[-76.497176812989, 3.407313546412454], [-76.49828004390776, 3.4058224549756044], [-76.49748387871689, 3.4041020224320166], [-76.49558448053011, 3.4038727063512315], [-76.49448126896631, 3.40536381460375], [-76.49527743623325, 3.4070842221213873], [-76.497176812989, 3.407313546412454]]]}}, {"type": "Feature", "properties": {"h3_index": "8966f1c5337ffff", "lat": 3.439883266498382, "lng": -76.52480232136385, "nivel_admin_1": "Comuna 09", "nivel_admin_2": "Guayaquil", "estrato_promedio_200m": 3.0, "dist_sitp": 500, "dist_tm": 1500, "dist_ciclo": 800}, "geometry": {"type": "Polygon", "coordinates": [[[-76.52559835029118, 3.4416033359788707], [-76.52670173779765, 3.440112626780876], [-76.525905707103, 3.438392535254096], [-76.5240062867813, 3.4381631779276725], [-76.52290291857668, 3.439653903982087], [-76.52369895139078, 3.4413739705065214], [-76.52559835029118, 3.4416033359788707]]]}}, {"type": "Feature", "properties": {"h3_index": "8966f1c460bffff", "lat": 3.484592525853362, "lng": -76.4917080825812, "nivel_admin_1": "Comuna 05", "nivel_admin_2": "Metropolitano del Norte", "estrato_promedio_200m": 3.0, "dist_sitp": 500, "dist_tm": 1500, "dist_ciclo": 800}, "geometry": {"type": "Polygon", "coordinates": [[[-76.49250405819986, 3.4863119331797847], [-76.49360697253336, 3.484822042389293], [-76.49281099512875, 3.4831026129672193], [-76.49091210132168, 3.482873099387108], [-76.48980920634166, 3.4843630070449376], [-76.49060518581412, 3.4860824114155538], [-76.49250405819986, 3.4863119331797847]]]}}, {"type": "Feature", "properties": {"h3_index": "8966f1c5e3bffff", "lat": 3.426924865457067, "lng": -76.51163232263988, "nivel_admin_1": "Comuna 11", "nivel_admin_2": "La Fortaleza", "estrato_promedio_200m": 3.0, "dist_sitp": 500, "dist_tm": 1500, "dist_ciclo": 800}, "geometry": {"type": "Polygon", "coordinates": [[[-76.51242840666438, 3.428645056593341], [-76.51353171161176, 3.4271542138735196], [-76.51273562581217, 3.4254340007025914], [-76.5108362329648, 3.425204655265534], [-76.50973294734352, 3.426695514824919], [-76.51052903524243, 3.4284157029818063], [-76.51242840666438, 3.428645056593341]]]}}, {"type": "Feature", "properties": {"h3_index": "8966f1cec33ffff", "lat": 3.4330023528894964, "lng": -76.54851905709452, "nivel_admin_1": "Comuna 19", "nivel_admin_2": "Santa Isabel", "estrato_promedio_200m": 4.0, "dist_sitp": 500, "dist_tm": 1500, "dist_ciclo": 800}, "geometry": {"type": "Polygon", "coordinates": [[[-76.54931506149386, 3.4347225811327076], [-76.55041870122531, 3.433231661988327], [-76.54962269507226, 3.431511411708657], [-76.54772304703054, 3.4312821055468947], [-76.5466194265609, 3.4327730415572093], [-76.54741543487006, 3.4344932668633534], [-76.54931506149386, 3.4347225811327076]]]}}, {"type": "Feature", "properties": {"h3_index": "8966f1c5c47ffff", "lat": 3.4383920162728385, "lng": -76.49900800919653, "nivel_admin_1": "Comuna 12", "nivel_admin_2": "Fenalco Kennedy", "estrato_promedio_200m": 3.0, "dist_sitp": 500, "dist_tm": 1500, "dist_ciclo": 800}, "geometry": {"type": "Polygon", "coordinates": [[[-76.49980408672737, 3.440112025111735], [-76.50090723034783, 3.438621410737064], [-76.50011115103474, 3.436901379850329], [-76.49821192602037, 3.4366719883696546], [-76.4971088017464, 3.4381626195842245], [-76.4979048831392, 3.439882625439584], [-76.49980408672737, 3.440112025111735]]]}}, {"type": "Feature", "properties": {"h3_index": "8966f1c520fffff", "lat": 3.456166385928536, "lng": -76.552064381642, "nivel_admin_1": "Comuna 01", "nivel_admin_2": "Aguacatal", "estrato_promedio_200m": 3.0, "dist_sitp": 500, "dist_tm": 1500, "dist_ciclo": 800}, "geometry": {"type": "Polygon", "coordinates": [[[-76.55286032237969, 3.4578863347414837], [-76.55396391663311, 3.456395744970829], [-76.55316797414402, 3.4546757740982725], [-76.55126843523912, 3.4544464179717873], [-76.55016486023861, 3.455937024626449], [-76.55096080488896, 3.457656970523596], [-76.55286032237969, 3.4578863347414837]]]}}, {"type": "Feature", "properties": {"h3_index": "8966f1c5303ffff", "lat": 3.445731518344229, "lng": -76.53288864638397, "nivel_admin_1": "Comuna 03", "nivel_admin_2": "Santa Rosa", "estrato_promedio_200m": 3.0, "dist_sitp": 500, "dist_tm": 1500, "dist_ciclo": 800}, "geometry": {"type": "Polygon", "coordinates": [[[-76.53368464666633, 3.447451539367763], [-76.53478809204911, 3.4459608807568016], [-76.53399209000416, 3.444240837681991], [-76.5320926404435, 3.4440114782127624], [-76.53098921434793, 3.445502153689023], [-76.53178521852472, 3.447222171769221], [-76.53368464666633, 3.447451539367763]]]}}]}